INSERT INTO USER(ID, USERNAME, EMAIL, FIRST_NAME, LAST_NAME, PASSWORD, ACCOUNT_EXPIRED, LOCKED, CREDENTIALS_EXPIRED,
                 ENABLED, FACEBOOK_ID)
VALUES (1, 'Hasatori', 'hradil.o@email.cz', 'Oldřich', 'Hradil',
        '$2a$10$JSqrJ4lIOCTyf1/GXSYiVOoyyiR.fVemo9EMU1qDkIzxZhyI4XrIa', FALSE, FALSE, FALSE, TRUE, null);
INSERT INTO USER(ID, USERNAME, EMAIL, FIRST_NAME, LAST_NAME, PASSWORD, ACCOUNT_EXPIRED, LOCKED, CREDENTIALS_EXPIRED,
                 ENABLED, FACEBOOK_ID)
VALUES (2, 'Sosok', 'hrao01@vse.cz', 'Oldřich', 'Hradil',
        '$2a$10$JSqrJ4lIOCTyf1/GXSYiVOoyyiR.fVemo9EMU1qDkIzxZhyI4XrIa', FALSE, FALSE, FALSE, TRUE, null);
INSERT INTO USER(ID, USERNAME, EMAIL, FIRST_NAME, LAST_NAME, PASSWORD, ACCOUNT_EXPIRED, LOCKED, CREDENTIALS_EXPIRED,
                 ENABLED, FACEBOOK_ID)
VALUES (3, 'Test', 'hrao02@vse.cz', 'Oldřich', 'Hradil',
        '$2a$10$JSqrJ4lIOCTyf1/GXSYiVOoyyiR.fVemo9EMU1qDkIzxZhyI4XrIa', FALSE, FALSE, FALSE, TRUE, null);
INSERT INTO USER(ID, USERNAME, EMAIL, FIRST_NAME, LAST_NAME, PASSWORD, ACCOUNT_EXPIRED, LOCKED, CREDENTIALS_EXPIRED,
                 ENABLED, FACEBOOK_ID)
VALUES (4, 'Test2', 'hrao03@vse.cz', 'Oldřich', 'Hradil',
        '$2a$10$JSqrJ4lIOCTyf1/GXSYiVOoyyiR.fVemo9EMU1qDkIzxZhyI4XrIa', FALSE, FALSE, FALSE, TRUE, null);
INSERT INTO USER(ID, USERNAME, EMAIL, FIRST_NAME, LAST_NAME, PASSWORD, ACCOUNT_EXPIRED, LOCKED, CREDENTIALS_EXPIRED,
                 ENABLED, FACEBOOK_ID)
VALUES (5, 'Test3', 'hrao04@vse.cz', 'Oldřich', 'Hradil',
        '$2a$10$JSqrJ4lIOCTyf1/GXSYiVOoyyiR.fVemo9EMU1qDkIzxZhyI4XrIa', FALSE, FALSE, FALSE, TRUE, null);
INSERT INTO USER(ID, USERNAME, EMAIL, FIRST_NAME, LAST_NAME, PASSWORD, ACCOUNT_EXPIRED, LOCKED, CREDENTIALS_EXPIRED,
                 ENABLED, FACEBOOK_ID)
VALUES (6, 'Test4', 'hrao05@vse.cz', 'Oldřich', 'Hradil',
        '$2a$10$JSqrJ4lIOCTyf1/GXSYiVOoyyiR.fVemo9EMU1qDkIzxZhyI4XrIa', FALSE, FALSE, FALSE, TRUE, null);
INSERT INTO USER(ID, USERNAME, EMAIL, FIRST_NAME, LAST_NAME, PASSWORD, ACCOUNT_EXPIRED, LOCKED, CREDENTIALS_EXPIRED,
                 ENABLED, FACEBOOK_ID)
VALUES (7, 'Test5', 'hrao06@vse.cz', 'Oldřich', 'Hradil',
        '$2a$10$JSqrJ4lIOCTyf1/GXSYiVOoyyiR.fVemo9EMU1qDkIzxZhyI4XrIa', FALSE, FALSE, FALSE, TRUE, null);

INSERT INTO SETTINGS(USER_ID, WORK_TIME, PAUSE_TIME, PHASE_CHANGED_SOUND, WORK_SOUND, PAUSE_SOUND)
VALUES (1, 1500, 300, 'Simple-alert-bells-tone.mp3', null, null);
INSERT INTO SETTINGS(USER_ID, WORK_TIME, PAUSE_TIME, PHASE_CHANGED_SOUND, WORK_SOUND, PAUSE_SOUND)
VALUES (2, 15, 15, 'Simple-alert-bells-tone.mp3', null, null);
INSERT INTO SETTINGS(USER_ID, WORK_TIME, PAUSE_TIME, PHASE_CHANGED_SOUND, WORK_SOUND, PAUSE_SOUND)
VALUES (3, 15, 15, null, null, null);
INSERT INTO SETTINGS(USER_ID, WORK_TIME, PAUSE_TIME, PHASE_CHANGED_SOUND, WORK_SOUND, PAUSE_SOUND)
VALUES (4, 15, 15, null, null, null);
INSERT INTO SETTINGS(USER_ID, WORK_TIME, PAUSE_TIME, PHASE_CHANGED_SOUND, WORK_SOUND, PAUSE_SOUND)
VALUES (5, 15, 15, null, null, null);
INSERT INTO SETTINGS(USER_ID, WORK_TIME, PAUSE_TIME, PHASE_CHANGED_SOUND, WORK_SOUND, PAUSE_SOUND)
VALUES (6, 15, 15, null, null, null);
INSERT INTO SETTINGS(USER_ID, WORK_TIME, PAUSE_TIME, PHASE_CHANGED_SOUND, WORK_SOUND, PAUSE_SOUND)
VALUES (7, 15, 15, null, null, null);

INSERT INTO USER_TO_DO(ID,PARENT_ID,AUTHOR_ID, STATUS, DEADLINE, DESCRIPTION)
VALUES (1,null,1,'IN PROGRESS','2020-02-03','Test');
INSERT INTO USER_TO_DO(ID,PARENT_ID, AUTHOR_ID, STATUS, DEADLINE, DESCRIPTION)
VALUES (2,1,1,'IN PROGRESS','2020-02-03','Test');

INSERT INTO POMODORO_GROUP(ID, NAME, OWNER_ID, IS_PUBLIC,CREATED)
VALUES (1, 'Škola', 2, false,'2019-02-03');
INSERT INTO USER_GROUP(GROUP_ID, USER_ID)
VALUES (1, 2);
INSERT INTO POMODORO_GROUP(ID, NAME, OWNER_ID, IS_PUBLIC,CREATED)
VALUES (2, 'Rodina', 1, false,'2019-08-03');
INSERT INTO USER_GROUP(GROUP_ID, USER_ID)
VALUES (2, 1);
INSERT INTO POMODORO_GROUP(ID, NAME, OWNER_ID, IS_PUBLIC,CREATED)
VALUES (3, 'Práce', 1, false,'2019-01-03');
INSERT INTO POMODORO_GROUP(ID, NAME, OWNER_ID, IS_PUBLIC,CREATED)
VALUES (4, 'Test', 1, false,'2020-01-03');
INSERT INTO USER_GROUP(GROUP_ID, USER_ID)
VALUES (4, 1);
INSERT INTO POMODORO_GROUP(ID, NAME, OWNER_ID, IS_PUBLIC,CREATED)
VALUES (5, 'Test2', 1, false,'2018-02-03');
INSERT INTO USER_GROUP(GROUP_ID, USER_ID)
VALUES (5, 2);
INSERT INTO POMODORO_GROUP(ID, NAME, OWNER_ID, IS_PUBLIC,CREATED)
VALUES (6, 'Test3', 1, false,'2020-01-27');
INSERT INTO USER_GROUP(GROUP_ID, USER_ID)
VALUES (6, 1);
INSERT INTO POMODORO_GROUP(ID, NAME, OWNER_ID, IS_PUBLIC,CREATED)
VALUES (7, 'Test4', 1, false,'2019-07-03');
INSERT INTO USER_GROUP(GROUP_ID, USER_ID)
VALUES (7, 1);
INSERT INTO USER_GROUP(GROUP_ID, USER_ID)
VALUES (1, 1);
INSERT INTO USER_GROUP(GROUP_ID, USER_ID)
VALUES (3, 1);
INSERT INTO USER_GROUP(GROUP_ID, USER_ID)
VALUES (2, 2);
INSERT INTO USER_GROUP(GROUP_ID, USER_ID)
VALUES (2, 3);
INSERT INTO USER_GROUP(GROUP_ID, USER_ID)
VALUES (2, 4);
INSERT INTO USER_GROUP(GROUP_ID, USER_ID)
VALUES (2, 5);
INSERT INTO USER_GROUP(GROUP_ID, USER_ID)
VALUES (2, 6);
INSERT INTO USER_GROUP(GROUP_ID, USER_ID)
VALUES (2, 7);
INSERT INTO GROUP_TO_DO (ID, GROUP_ID, PARENT_ID, AUTHOR_ID, STATUS, DEADLINE, DESCRIPTION)
VALUES (1, 2, NULL, 1, 'IN PROGRESS', '2020-02-03', 'Testing description of to do');
INSERT INTO GROUP_TO_DO (ID, GROUP_ID, PARENT_ID, AUTHOR_ID, STATUS, DEADLINE, DESCRIPTION)
VALUES (2, 2, 1, 1, 'IN PROGRESS', '2020-02-03', 'Subsection description');
INSERT INTO GROUP_TO_DO (ID, GROUP_ID, PARENT_ID, AUTHOR_ID, STATUS, DEADLINE, DESCRIPTION)
VALUES (6, 2, 1, 1, 'IN PROGRESS', '2020-02-03', 'Subsection description');
INSERT INTO GROUP_TO_DO (ID, GROUP_ID, PARENT_ID, AUTHOR_ID, STATUS, DEADLINE, DESCRIPTION)
VALUES (3, 2, 2, 1, 'IN PROGRESS', '2020-02-03', 'Subsection of subsection description');
INSERT INTO GROUP_TO_DO (ID, GROUP_ID, PARENT_ID, AUTHOR_ID, STATUS, DEADLINE, DESCRIPTION)
VALUES (4, 2, 3, 1, 'IN PROGRESS', '2020-02-03', 'Subsection of subsection description');
INSERT INTO GROUP_TO_DO (ID, GROUP_ID, PARENT_ID, AUTHOR_ID, STATUS, DEADLINE, DESCRIPTION)
VALUES (5, 2, null, 1, 'IN PROGRESS', '2020-02-03', 'Subsection of subsection description');
INSERT INTO GROUP_TO_DO (ID, GROUP_ID, PARENT_ID, AUTHOR_ID, STATUS, DEADLINE, DESCRIPTION)
VALUES (7, 1, NULL, 1, 'IN PROGRESS', '2020-02-03', 'Testing description of to do');
INSERT INTO GROUP_TO_DO (ID, GROUP_ID, PARENT_ID, AUTHOR_ID, STATUS, DEADLINE, DESCRIPTION)
VALUES (8, 3, null, 1, 'IN PROGRESS', '2020-02-03', 'Subsection description');
INSERT INTO USER_GROUP_TO_DO (TO_DO_ID, USER_ID)
VALUES (1, 1);
INSERT INTO USER_GROUP_TO_DO (TO_DO_ID, USER_ID)
VALUES (7, 1);
INSERT INTO USER_GROUP_TO_DO (TO_DO_ID, USER_ID)
VALUES (8, 1);


INSERT INTO USER_GROUP_TO_DO (TO_DO_ID, USER_ID)
VALUES (1, 2);
INSERT INTO GROUP_CHANGE (ID, GROUP_ID, CHANGE_TYPE, CHANGE_AUTHOR, CHANGE_DESCRIPTION, CHANGE_TIMESTAMP)
VALUES (1, 2,'CREATE', 1, 'User Sosok was invited', '2020-01-14');
INSERT INTO GROUP_CHANGE (ID, GROUP_ID, CHANGE_TYPE, CHANGE_AUTHOR, CHANGE_DESCRIPTION, CHANGE_TIMESTAMP)
VALUES (2, 2,'UPDATE', 2, 'User Sosok was invited', '2020-01-04');
INSERT INTO GROUP_CHANGE (ID, GROUP_ID, CHANGE_TYPE, CHANGE_AUTHOR, CHANGE_DESCRIPTION, CHANGE_TIMESTAMP)
VALUES (3, 2, 'CREATE',3, 'User Sosok was invited', '2020-01-03');
INSERT INTO GROUP_CHANGE (ID, GROUP_ID, CHANGE_TYPE, CHANGE_AUTHOR, CHANGE_DESCRIPTION, CHANGE_TIMESTAMP)
VALUES (4, 2,'CREATE', 4, 'User Sosok was invited', '2020-01-05');
INSERT INTO GROUP_CHANGE (ID, GROUP_ID, CHANGE_TYPE, CHANGE_AUTHOR, CHANGE_DESCRIPTION, CHANGE_TIMESTAMP)
VALUES (5, 2, 'CREATE',7, 'User Sosok was invited', '2020-01-03');
INSERT INTO GROUP_CHANGE (ID, GROUP_ID, CHANGE_TYPE, CHANGE_AUTHOR, CHANGE_DESCRIPTION, CHANGE_TIMESTAMP)
VALUES (6, 2,'CREATE', 1, 'User Sosok was invited', '2020-01-14');
INSERT INTO GROUP_CHANGE (ID, GROUP_ID, CHANGE_TYPE, CHANGE_AUTHOR, CHANGE_DESCRIPTION, CHANGE_TIMESTAMP)
VALUES (7, 2,'UPDATE', 2, 'User Sosok was invited', '2020-01-04');
INSERT INTO GROUP_CHANGE (ID, GROUP_ID, CHANGE_TYPE, CHANGE_AUTHOR, CHANGE_DESCRIPTION, CHANGE_TIMESTAMP)
VALUES (8, 2, 'CREATE',3, 'User Sosok was invited', '2020-01-03');
INSERT INTO GROUP_CHANGE (ID, GROUP_ID, CHANGE_TYPE, CHANGE_AUTHOR, CHANGE_DESCRIPTION, CHANGE_TIMESTAMP)
VALUES (9, 2,'CREATE', 4, 'User Sosok was invited', '2020-01-05');
INSERT INTO GROUP_CHANGE (ID, GROUP_ID, CHANGE_TYPE, CHANGE_AUTHOR, CHANGE_DESCRIPTION, CHANGE_TIMESTAMP)
VALUES (10, 2, 'CREATE',7, 'User Sosok was invited', '2020-01-03');
INSERT INTO GROUP_CHANGE (ID, GROUP_ID, CHANGE_TYPE, CHANGE_AUTHOR, CHANGE_DESCRIPTION, CHANGE_TIMESTAMP)
VALUES (11, 2, 'CREATE',7, 'User Sosok was invited', '2020-01-03');
INSERT INTO GROUP_INVITATION(ID, GROUP_ID, INVITED_USER_ID, ACCEPTED)
VALUES (1, 1, 3, FALSE);
INSERT INTO GROUP_INVITATION(ID, GROUP_ID, INVITED_USER_ID, ACCEPTED)
VALUES (2, 2, 3, FALSE);
INSERT INTO GROUP_INVITATION(ID, GROUP_ID, INVITED_USER_ID, ACCEPTED)
VALUES (3, 3, 3, FALSE);
INSERT INTO GROUP_INVITATION(ID, GROUP_ID, INVITED_USER_ID, ACCEPTED)
VALUES (4, 4, 3, FALSE);
INSERT INTO GROUP_INVITATION(ID, GROUP_ID, INVITED_USER_ID, ACCEPTED)
VALUES (5, 5, 3, FALSE);
INSERT INTO GROUP_INVITATION(ID, GROUP_ID, INVITED_USER_ID, ACCEPTED)
VALUES (6, 6, 3, FALSE);

INSERT INTO GROUP_MESSAGE(ID, VALUE, TIMESTAMP, AUTHOR_ID, GROUP_ID)
VALUES (0, 'New value', '2020-01-03', '1', 2);
INSERT INTO GROUP_MESSAGE_CHANGE(ID, GROUP_MESSAGE_ID, CREATION_TIMESTAMP, OLD_VALUE, NEW_VALUE)
VALUES (0, 0, '2020-01-04', 'Test', 'New value');
INSERT INTO USER_GROUP_MESSAGE(USER_ID, GROUP_MESSAGE_ID, READ_TIMESTAMP, REACTION)
VALUES (1, 0, NULL, NULL);
INSERT INTO USER_GROUP_MESSAGE(USER_ID, GROUP_MESSAGE_ID, READ_TIMESTAMP, REACTION)
VALUES (2, 0, NULL, 'happy');
INSERT INTO USER_GROUP_MESSAGE(USER_ID, GROUP_MESSAGE_ID, READ_TIMESTAMP, REACTION)
VALUES (3, 0, NULL, NULL);
INSERT INTO USER_GROUP_MESSAGE(USER_ID, GROUP_MESSAGE_ID, READ_TIMESTAMP, REACTION)
VALUES (4, 0, NULL, 'crying');
INSERT INTO USER_GROUP_MESSAGE(USER_ID, GROUP_MESSAGE_ID, READ_TIMESTAMP, REACTION)
VALUES (5, 0, NULL, 'angry');
INSERT INTO USER_GROUP_MESSAGE(USER_ID, GROUP_MESSAGE_ID, READ_TIMESTAMP, REACTION)
VALUES (6, 0, NULL, 'crying');
INSERT INTO USER_GROUP_MESSAGE(USER_ID, GROUP_MESSAGE_ID, READ_TIMESTAMP, REACTION)
VALUES (7, 0, NULL, 'crying');
INSERT INTO GROUP_MESSAGE(ID, VALUE, TIMESTAMP, AUTHOR_ID, GROUP_ID)
VALUES (1, 'Test', '2020-01-02', '4', 2);
INSERT INTO USER_GROUP_MESSAGE(USER_ID, GROUP_MESSAGE_ID, READ_TIMESTAMP, REACTION)
VALUES (1, 1, NULL, 'crying');
INSERT INTO USER_GROUP_MESSAGE(USER_ID, GROUP_MESSAGE_ID, READ_TIMESTAMP, REACTION)
VALUES (2, 1, NULL, 'angry');
INSERT INTO USER_GROUP_MESSAGE(USER_ID, GROUP_MESSAGE_ID, READ_TIMESTAMP, REACTION)
VALUES (3, 1, NULL, 'happy');
INSERT INTO USER_GROUP_MESSAGE(USER_ID, GROUP_MESSAGE_ID, READ_TIMESTAMP, REACTION)
VALUES (4, 1, NULL, 'angry');
INSERT INTO USER_GROUP_MESSAGE(USER_ID, GROUP_MESSAGE_ID, READ_TIMESTAMP, REACTION)
VALUES (5, 1, NULL, 'angry');
INSERT INTO USER_GROUP_MESSAGE(USER_ID, GROUP_MESSAGE_ID, READ_TIMESTAMP, REACTION)
VALUES (6, 1, NULL, 'angry');
INSERT INTO USER_GROUP_MESSAGE(USER_ID, GROUP_MESSAGE_ID, READ_TIMESTAMP, REACTION)
VALUES (7, 1, NULL, 'angry');
INSERT INTO GROUP_MESSAGE(ID, VALUE, TIMESTAMP, AUTHOR_ID, GROUP_ID)
VALUES (2, 'Test', '2020-01-01', '3', 2);
INSERT INTO USER_GROUP_MESSAGE(USER_ID, GROUP_MESSAGE_ID, READ_TIMESTAMP, REACTION)
VALUES (1, 2, NULL, NULL);
INSERT INTO USER_GROUP_MESSAGE(USER_ID, GROUP_MESSAGE_ID, READ_TIMESTAMP, REACTION)
VALUES (2, 2, NULL, 'angry');
INSERT INTO USER_GROUP_MESSAGE(USER_ID, GROUP_MESSAGE_ID, READ_TIMESTAMP, REACTION)
VALUES (3, 2, NULL, 'angry');
INSERT INTO USER_GROUP_MESSAGE(USER_ID, GROUP_MESSAGE_ID, READ_TIMESTAMP, REACTION)
VALUES (4, 2, NULL, 'angry');
INSERT INTO USER_GROUP_MESSAGE(USER_ID, GROUP_MESSAGE_ID, READ_TIMESTAMP, REACTION)
VALUES (5, 2, NULL, 'angry');
INSERT INTO USER_GROUP_MESSAGE(USER_ID, GROUP_MESSAGE_ID, READ_TIMESTAMP, REACTION)
VALUES (6, 2, NULL, 'happy');
INSERT INTO USER_GROUP_MESSAGE(USER_ID, GROUP_MESSAGE_ID, READ_TIMESTAMP, REACTION)
VALUES (7, 2, NULL, 'crying');
INSERT INTO GROUP_MESSAGE(ID, VALUE, TIMESTAMP, AUTHOR_ID, GROUP_ID)
VALUES (3, 'Test', '2019-12-31', '2', 2);
INSERT INTO USER_GROUP_MESSAGE(USER_ID, GROUP_MESSAGE_ID, READ_TIMESTAMP, REACTION)
VALUES (1, 3, NULL, 'happy');
INSERT INTO USER_GROUP_MESSAGE(USER_ID, GROUP_MESSAGE_ID, READ_TIMESTAMP, REACTION)
VALUES (2, 3, NULL, 'happy');
INSERT INTO USER_GROUP_MESSAGE(USER_ID, GROUP_MESSAGE_ID, READ_TIMESTAMP, REACTION)
VALUES (3, 3, NULL, 'happy');
INSERT INTO USER_GROUP_MESSAGE(USER_ID, GROUP_MESSAGE_ID, READ_TIMESTAMP, REACTION)
VALUES (4, 3, NULL, 'happy');
INSERT INTO USER_GROUP_MESSAGE(USER_ID, GROUP_MESSAGE_ID, READ_TIMESTAMP, REACTION)
VALUES (5, 3, NULL, 'angry');
INSERT INTO USER_GROUP_MESSAGE(USER_ID, GROUP_MESSAGE_ID, READ_TIMESTAMP, REACTION)
VALUES (6, 3, NULL, 'angry');
INSERT INTO USER_GROUP_MESSAGE(USER_ID, GROUP_MESSAGE_ID, READ_TIMESTAMP, REACTION)
VALUES (7, 3, NULL, 'happy');
INSERT INTO GROUP_MESSAGE(ID, VALUE, TIMESTAMP, AUTHOR_ID, GROUP_ID)
VALUES (4, 'Test', '2019-12-30', '4', 2);
INSERT INTO GROUP_MESSAGE_CHANGE(ID, GROUP_MESSAGE_ID, CREATION_TIMESTAMP, OLD_VALUE, NEW_VALUE)
VALUES (1, 4, '2020-01-01', 'Test', 'New value');
INSERT INTO GROUP_MESSAGE_CHANGE(ID, GROUP_MESSAGE_ID, CREATION_TIMESTAMP, OLD_VALUE, NEW_VALUE)
VALUES (2, 4, '2020-01-02', 'New value', 'New value1');
INSERT INTO GROUP_MESSAGE_CHANGE(ID, GROUP_MESSAGE_ID, CREATION_TIMESTAMP, OLD_VALUE, NEW_VALUE)
VALUES (3, 4, '2020-01-03', 'New value1', 'New value2');
INSERT INTO GROUP_MESSAGE_CHANGE(ID, GROUP_MESSAGE_ID, CREATION_TIMESTAMP, OLD_VALUE, NEW_VALUE)
VALUES (4, 4, '2020-01-04', 'New value2', 'New value3');
INSERT INTO USER_GROUP_MESSAGE(USER_ID, GROUP_MESSAGE_ID, READ_TIMESTAMP, REACTION)
VALUES (1, 4, NULL, 'happy');
INSERT INTO USER_GROUP_MESSAGE(USER_ID, GROUP_MESSAGE_ID, READ_TIMESTAMP, REACTION)
VALUES (2, 4, NULL, 'crying');
INSERT INTO USER_GROUP_MESSAGE(USER_ID, GROUP_MESSAGE_ID, READ_TIMESTAMP, REACTION)
VALUES (3, 4, NULL, 'angry');
INSERT INTO USER_GROUP_MESSAGE(USER_ID, GROUP_MESSAGE_ID, READ_TIMESTAMP, REACTION)
VALUES (4, 4, NULL, 'crying');
INSERT INTO USER_GROUP_MESSAGE(USER_ID, GROUP_MESSAGE_ID, READ_TIMESTAMP, REACTION)
VALUES (5, 4, NULL, 'happy');
INSERT INTO USER_GROUP_MESSAGE(USER_ID, GROUP_MESSAGE_ID, READ_TIMESTAMP, REACTION)
VALUES (6, 4, NULL, 'crying');
INSERT INTO USER_GROUP_MESSAGE(USER_ID, GROUP_MESSAGE_ID, READ_TIMESTAMP, REACTION)
VALUES (7, 4, NULL, NULL);
INSERT INTO GROUP_MESSAGE(ID, VALUE, TIMESTAMP, AUTHOR_ID, GROUP_ID)
VALUES (5, 'Test', '2019-12-29', '5', 2);
INSERT INTO USER_GROUP_MESSAGE(USER_ID, GROUP_MESSAGE_ID, READ_TIMESTAMP, REACTION)
VALUES (1, 5, NULL, 'crying');
INSERT INTO USER_GROUP_MESSAGE(USER_ID, GROUP_MESSAGE_ID, READ_TIMESTAMP, REACTION)
VALUES (2, 5, NULL, 'angry');
INSERT INTO USER_GROUP_MESSAGE(USER_ID, GROUP_MESSAGE_ID, READ_TIMESTAMP, REACTION)
VALUES (3, 5, NULL, 'angry');
INSERT INTO USER_GROUP_MESSAGE(USER_ID, GROUP_MESSAGE_ID, READ_TIMESTAMP, REACTION)
VALUES (4, 5, NULL, 'angry');
INSERT INTO USER_GROUP_MESSAGE(USER_ID, GROUP_MESSAGE_ID, READ_TIMESTAMP, REACTION)
VALUES (5, 5, NULL, 'crying');
INSERT INTO USER_GROUP_MESSAGE(USER_ID, GROUP_MESSAGE_ID, READ_TIMESTAMP, REACTION)
VALUES (6, 5, NULL, NULL);
INSERT INTO USER_GROUP_MESSAGE(USER_ID, GROUP_MESSAGE_ID, READ_TIMESTAMP, REACTION)
VALUES (7, 5, NULL, 'angry');
INSERT INTO GROUP_MESSAGE(ID, VALUE, TIMESTAMP, AUTHOR_ID, GROUP_ID)
VALUES (6, 'Test', '2019-12-28', '3', 2);
INSERT INTO USER_GROUP_MESSAGE(USER_ID, GROUP_MESSAGE_ID, READ_TIMESTAMP, REACTION)
VALUES (1, 6, NULL, 'crying');
INSERT INTO USER_GROUP_MESSAGE(USER_ID, GROUP_MESSAGE_ID, READ_TIMESTAMP, REACTION)
VALUES (2, 6, NULL, 'angry');
INSERT INTO USER_GROUP_MESSAGE(USER_ID, GROUP_MESSAGE_ID, READ_TIMESTAMP, REACTION)
VALUES (3, 6, NULL, 'crying');
INSERT INTO USER_GROUP_MESSAGE(USER_ID, GROUP_MESSAGE_ID, READ_TIMESTAMP, REACTION)
VALUES (4, 6, NULL, 'angry');
INSERT INTO USER_GROUP_MESSAGE(USER_ID, GROUP_MESSAGE_ID, READ_TIMESTAMP, REACTION)
VALUES (5, 6, NULL, NULL);
INSERT INTO USER_GROUP_MESSAGE(USER_ID, GROUP_MESSAGE_ID, READ_TIMESTAMP, REACTION)
VALUES (6, 6, NULL, 'happy');
INSERT INTO USER_GROUP_MESSAGE(USER_ID, GROUP_MESSAGE_ID, READ_TIMESTAMP, REACTION)
VALUES (7, 6, NULL, 'happy');
INSERT INTO GROUP_MESSAGE(ID, VALUE, TIMESTAMP, AUTHOR_ID, GROUP_ID)
VALUES (7, 'Test', '2019-12-27', '4', 2);
INSERT INTO USER_GROUP_MESSAGE(USER_ID, GROUP_MESSAGE_ID, READ_TIMESTAMP, REACTION)
VALUES (1, 7, NULL, 'happy');
INSERT INTO USER_GROUP_MESSAGE(USER_ID, GROUP_MESSAGE_ID, READ_TIMESTAMP, REACTION)
VALUES (2, 7, NULL, 'crying');
INSERT INTO USER_GROUP_MESSAGE(USER_ID, GROUP_MESSAGE_ID, READ_TIMESTAMP, REACTION)
VALUES (3, 7, NULL, NULL);
INSERT INTO USER_GROUP_MESSAGE(USER_ID, GROUP_MESSAGE_ID, READ_TIMESTAMP, REACTION)
VALUES (4, 7, NULL, 'crying');
INSERT INTO USER_GROUP_MESSAGE(USER_ID, GROUP_MESSAGE_ID, READ_TIMESTAMP, REACTION)
VALUES (5, 7, NULL, 'angry');
INSERT INTO USER_GROUP_MESSAGE(USER_ID, GROUP_MESSAGE_ID, READ_TIMESTAMP, REACTION)
VALUES (6, 7, NULL, 'angry');
INSERT INTO USER_GROUP_MESSAGE(USER_ID, GROUP_MESSAGE_ID, READ_TIMESTAMP, REACTION)
VALUES (7, 7, NULL, 'crying');
INSERT INTO GROUP_MESSAGE(ID, VALUE, TIMESTAMP, AUTHOR_ID, GROUP_ID)
VALUES (8, 'Test', '2019-12-26', '2', 2);
INSERT INTO USER_GROUP_MESSAGE(USER_ID, GROUP_MESSAGE_ID, READ_TIMESTAMP, REACTION)
VALUES (1, 8, NULL, NULL);
INSERT INTO USER_GROUP_MESSAGE(USER_ID, GROUP_MESSAGE_ID, READ_TIMESTAMP, REACTION)
VALUES (2, 8, NULL, 'angry');
INSERT INTO USER_GROUP_MESSAGE(USER_ID, GROUP_MESSAGE_ID, READ_TIMESTAMP, REACTION)
VALUES (3, 8, NULL, 'angry');
INSERT INTO USER_GROUP_MESSAGE(USER_ID, GROUP_MESSAGE_ID, READ_TIMESTAMP, REACTION)
VALUES (4, 8, NULL, 'crying');
INSERT INTO USER_GROUP_MESSAGE(USER_ID, GROUP_MESSAGE_ID, READ_TIMESTAMP, REACTION)
VALUES (5, 8, NULL, 'crying');
INSERT INTO USER_GROUP_MESSAGE(USER_ID, GROUP_MESSAGE_ID, READ_TIMESTAMP, REACTION)
VALUES (6, 8, NULL, 'crying');
INSERT INTO USER_GROUP_MESSAGE(USER_ID, GROUP_MESSAGE_ID, READ_TIMESTAMP, REACTION)
VALUES (7, 8, NULL, 'crying');
INSERT INTO GROUP_MESSAGE(ID, VALUE, TIMESTAMP, AUTHOR_ID, GROUP_ID)
VALUES (9, 'Test', '2019-12-25', '3', 2);
INSERT INTO USER_GROUP_MESSAGE(USER_ID, GROUP_MESSAGE_ID, READ_TIMESTAMP, REACTION)
VALUES (1, 9, NULL, NULL);
INSERT INTO USER_GROUP_MESSAGE(USER_ID, GROUP_MESSAGE_ID, READ_TIMESTAMP, REACTION)
VALUES (2, 9, NULL, 'happy');
INSERT INTO USER_GROUP_MESSAGE(USER_ID, GROUP_MESSAGE_ID, READ_TIMESTAMP, REACTION)
VALUES (3, 9, NULL, 'angry');
INSERT INTO USER_GROUP_MESSAGE(USER_ID, GROUP_MESSAGE_ID, READ_TIMESTAMP, REACTION)
VALUES (4, 9, NULL, 'happy');
INSERT INTO USER_GROUP_MESSAGE(USER_ID, GROUP_MESSAGE_ID, READ_TIMESTAMP, REACTION)
VALUES (5, 9, NULL, NULL);
INSERT INTO USER_GROUP_MESSAGE(USER_ID, GROUP_MESSAGE_ID, READ_TIMESTAMP, REACTION)
VALUES (6, 9, NULL, 'happy');
INSERT INTO USER_GROUP_MESSAGE(USER_ID, GROUP_MESSAGE_ID, READ_TIMESTAMP, REACTION)
VALUES (7, 9, NULL, 'crying');
INSERT INTO GROUP_MESSAGE(ID, VALUE, TIMESTAMP, AUTHOR_ID, GROUP_ID)
VALUES (10, 'Test', '2019-12-24', '4', 2);
INSERT INTO USER_GROUP_MESSAGE(USER_ID, GROUP_MESSAGE_ID, READ_TIMESTAMP, REACTION)
VALUES (1, 10, NULL, NULL);
INSERT INTO USER_GROUP_MESSAGE(USER_ID, GROUP_MESSAGE_ID, READ_TIMESTAMP, REACTION)
VALUES (2, 10, NULL, NULL);
INSERT INTO USER_GROUP_MESSAGE(USER_ID, GROUP_MESSAGE_ID, READ_TIMESTAMP, REACTION)
VALUES (3, 10, NULL, NULL);
INSERT INTO USER_GROUP_MESSAGE(USER_ID, GROUP_MESSAGE_ID, READ_TIMESTAMP, REACTION)
VALUES (4, 10, NULL, NULL);
INSERT INTO USER_GROUP_MESSAGE(USER_ID, GROUP_MESSAGE_ID, READ_TIMESTAMP, REACTION)
VALUES (5, 10, NULL, 'angry');
INSERT INTO USER_GROUP_MESSAGE(USER_ID, GROUP_MESSAGE_ID, READ_TIMESTAMP, REACTION)
VALUES (6, 10, NULL, NULL);
INSERT INTO USER_GROUP_MESSAGE(USER_ID, GROUP_MESSAGE_ID, READ_TIMESTAMP, REACTION)
VALUES (7, 10, NULL, 'crying');
INSERT INTO GROUP_MESSAGE(ID, VALUE, TIMESTAMP, AUTHOR_ID, GROUP_ID)
VALUES (11, 'Test', '2019-12-23', '2', 2);
INSERT INTO USER_GROUP_MESSAGE(USER_ID, GROUP_MESSAGE_ID, READ_TIMESTAMP, REACTION)
VALUES (1, 11, NULL, NULL);
INSERT INTO USER_GROUP_MESSAGE(USER_ID, GROUP_MESSAGE_ID, READ_TIMESTAMP, REACTION)
VALUES (2, 11, NULL, 'happy');
INSERT INTO USER_GROUP_MESSAGE(USER_ID, GROUP_MESSAGE_ID, READ_TIMESTAMP, REACTION)
VALUES (3, 11, NULL, 'crying');
INSERT INTO USER_GROUP_MESSAGE(USER_ID, GROUP_MESSAGE_ID, READ_TIMESTAMP, REACTION)
VALUES (4, 11, NULL, 'happy');
INSERT INTO USER_GROUP_MESSAGE(USER_ID, GROUP_MESSAGE_ID, READ_TIMESTAMP, REACTION)
VALUES (5, 11, NULL, 'angry');
INSERT INTO USER_GROUP_MESSAGE(USER_ID, GROUP_MESSAGE_ID, READ_TIMESTAMP, REACTION)
VALUES (6, 11, NULL, NULL);
INSERT INTO USER_GROUP_MESSAGE(USER_ID, GROUP_MESSAGE_ID, READ_TIMESTAMP, REACTION)
VALUES (7, 11, NULL, 'angry');
INSERT INTO GROUP_MESSAGE(ID, VALUE, TIMESTAMP, AUTHOR_ID, GROUP_ID)
VALUES (12, 'Test', '2019-12-22', '7', 2);
INSERT INTO USER_GROUP_MESSAGE(USER_ID, GROUP_MESSAGE_ID, READ_TIMESTAMP, REACTION)
VALUES (1, 12, NULL, 'angry');
INSERT INTO USER_GROUP_MESSAGE(USER_ID, GROUP_MESSAGE_ID, READ_TIMESTAMP, REACTION)
VALUES (2, 12, NULL, 'crying');
INSERT INTO USER_GROUP_MESSAGE(USER_ID, GROUP_MESSAGE_ID, READ_TIMESTAMP, REACTION)
VALUES (3, 12, NULL, 'crying');
INSERT INTO USER_GROUP_MESSAGE(USER_ID, GROUP_MESSAGE_ID, READ_TIMESTAMP, REACTION)
VALUES (4, 12, NULL, 'crying');
INSERT INTO USER_GROUP_MESSAGE(USER_ID, GROUP_MESSAGE_ID, READ_TIMESTAMP, REACTION)
VALUES (5, 12, NULL, 'happy');
INSERT INTO USER_GROUP_MESSAGE(USER_ID, GROUP_MESSAGE_ID, READ_TIMESTAMP, REACTION)
VALUES (6, 12, NULL, 'crying');
INSERT INTO USER_GROUP_MESSAGE(USER_ID, GROUP_MESSAGE_ID, READ_TIMESTAMP, REACTION)
VALUES (7, 12, NULL, 'crying');
INSERT INTO GROUP_MESSAGE(ID, VALUE, TIMESTAMP, AUTHOR_ID, GROUP_ID)
VALUES (13, 'Test', '2019-12-21', '5', 2);
INSERT INTO USER_GROUP_MESSAGE(USER_ID, GROUP_MESSAGE_ID, READ_TIMESTAMP, REACTION)
VALUES (1, 13, NULL, 'happy');
INSERT INTO USER_GROUP_MESSAGE(USER_ID, GROUP_MESSAGE_ID, READ_TIMESTAMP, REACTION)
VALUES (2, 13, NULL, 'happy');
INSERT INTO USER_GROUP_MESSAGE(USER_ID, GROUP_MESSAGE_ID, READ_TIMESTAMP, REACTION)
VALUES (3, 13, NULL, 'happy');
INSERT INTO USER_GROUP_MESSAGE(USER_ID, GROUP_MESSAGE_ID, READ_TIMESTAMP, REACTION)
VALUES (4, 13, NULL, 'happy');
INSERT INTO USER_GROUP_MESSAGE(USER_ID, GROUP_MESSAGE_ID, READ_TIMESTAMP, REACTION)
VALUES (5, 13, NULL, 'happy');
INSERT INTO USER_GROUP_MESSAGE(USER_ID, GROUP_MESSAGE_ID, READ_TIMESTAMP, REACTION)
VALUES (6, 13, NULL, NULL);
INSERT INTO USER_GROUP_MESSAGE(USER_ID, GROUP_MESSAGE_ID, READ_TIMESTAMP, REACTION)
VALUES (7, 13, NULL, 'angry');
INSERT INTO GROUP_MESSAGE(ID, VALUE, TIMESTAMP, AUTHOR_ID, GROUP_ID)
VALUES (14, 'Test', '2019-12-20', '4', 2);
INSERT INTO USER_GROUP_MESSAGE(USER_ID, GROUP_MESSAGE_ID, READ_TIMESTAMP, REACTION)
VALUES (1, 14, NULL, NULL);
INSERT INTO USER_GROUP_MESSAGE(USER_ID, GROUP_MESSAGE_ID, READ_TIMESTAMP, REACTION)
VALUES (2, 14, NULL, 'happy');
INSERT INTO USER_GROUP_MESSAGE(USER_ID, GROUP_MESSAGE_ID, READ_TIMESTAMP, REACTION)
VALUES (3, 14, NULL, NULL);
INSERT INTO USER_GROUP_MESSAGE(USER_ID, GROUP_MESSAGE_ID, READ_TIMESTAMP, REACTION)
VALUES (4, 14, NULL, NULL);
INSERT INTO USER_GROUP_MESSAGE(USER_ID, GROUP_MESSAGE_ID, READ_TIMESTAMP, REACTION)
VALUES (5, 14, NULL, NULL);
INSERT INTO USER_GROUP_MESSAGE(USER_ID, GROUP_MESSAGE_ID, READ_TIMESTAMP, REACTION)
VALUES (6, 14, NULL, 'happy');
INSERT INTO USER_GROUP_MESSAGE(USER_ID, GROUP_MESSAGE_ID, READ_TIMESTAMP, REACTION)
VALUES (7, 14, NULL, 'happy');
INSERT INTO GROUP_MESSAGE(ID, VALUE, TIMESTAMP, AUTHOR_ID, GROUP_ID)
VALUES (15, 'Test', '2019-12-19', '2', 2);
INSERT INTO USER_GROUP_MESSAGE(USER_ID, GROUP_MESSAGE_ID, READ_TIMESTAMP, REACTION)
VALUES (1, 15, NULL, 'happy');
INSERT INTO USER_GROUP_MESSAGE(USER_ID, GROUP_MESSAGE_ID, READ_TIMESTAMP, REACTION)
VALUES (2, 15, NULL, NULL);
INSERT INTO USER_GROUP_MESSAGE(USER_ID, GROUP_MESSAGE_ID, READ_TIMESTAMP, REACTION)
VALUES (3, 15, NULL, 'crying');
INSERT INTO USER_GROUP_MESSAGE(USER_ID, GROUP_MESSAGE_ID, READ_TIMESTAMP, REACTION)
VALUES (4, 15, NULL, 'happy');
INSERT INTO USER_GROUP_MESSAGE(USER_ID, GROUP_MESSAGE_ID, READ_TIMESTAMP, REACTION)
VALUES (5, 15, NULL, 'angry');
INSERT INTO USER_GROUP_MESSAGE(USER_ID, GROUP_MESSAGE_ID, READ_TIMESTAMP, REACTION)
VALUES (6, 15, NULL, 'happy');
INSERT INTO USER_GROUP_MESSAGE(USER_ID, GROUP_MESSAGE_ID, READ_TIMESTAMP, REACTION)
VALUES (7, 15, NULL, 'crying');
INSERT INTO GROUP_MESSAGE(ID, VALUE, TIMESTAMP, AUTHOR_ID, GROUP_ID)
VALUES (16, 'Test', '2019-12-18', '5', 2);
INSERT INTO USER_GROUP_MESSAGE(USER_ID, GROUP_MESSAGE_ID, READ_TIMESTAMP, REACTION)
VALUES (1, 16, NULL, NULL);
INSERT INTO USER_GROUP_MESSAGE(USER_ID, GROUP_MESSAGE_ID, READ_TIMESTAMP, REACTION)
VALUES (2, 16, NULL, 'happy');
INSERT INTO USER_GROUP_MESSAGE(USER_ID, GROUP_MESSAGE_ID, READ_TIMESTAMP, REACTION)
VALUES (3, 16, NULL, 'happy');
INSERT INTO USER_GROUP_MESSAGE(USER_ID, GROUP_MESSAGE_ID, READ_TIMESTAMP, REACTION)
VALUES (4, 16, NULL, 'angry');
INSERT INTO USER_GROUP_MESSAGE(USER_ID, GROUP_MESSAGE_ID, READ_TIMESTAMP, REACTION)
VALUES (5, 16, NULL, 'crying');
INSERT INTO USER_GROUP_MESSAGE(USER_ID, GROUP_MESSAGE_ID, READ_TIMESTAMP, REACTION)
VALUES (6, 16, NULL, 'crying');
INSERT INTO USER_GROUP_MESSAGE(USER_ID, GROUP_MESSAGE_ID, READ_TIMESTAMP, REACTION)
VALUES (7, 16, NULL, 'angry');
INSERT INTO GROUP_MESSAGE(ID, VALUE, TIMESTAMP, AUTHOR_ID, GROUP_ID)
VALUES (17, 'Test', '2019-12-17', '2', 2);
INSERT INTO USER_GROUP_MESSAGE(USER_ID, GROUP_MESSAGE_ID, READ_TIMESTAMP, REACTION)
VALUES (1, 17, NULL, 'happy');
INSERT INTO USER_GROUP_MESSAGE(USER_ID, GROUP_MESSAGE_ID, READ_TIMESTAMP, REACTION)
VALUES (2, 17, NULL, 'crying');
INSERT INTO USER_GROUP_MESSAGE(USER_ID, GROUP_MESSAGE_ID, READ_TIMESTAMP, REACTION)
VALUES (3, 17, NULL, NULL);
INSERT INTO USER_GROUP_MESSAGE(USER_ID, GROUP_MESSAGE_ID, READ_TIMESTAMP, REACTION)
VALUES (4, 17, NULL, 'angry');
INSERT INTO USER_GROUP_MESSAGE(USER_ID, GROUP_MESSAGE_ID, READ_TIMESTAMP, REACTION)
VALUES (5, 17, NULL, 'happy');
INSERT INTO USER_GROUP_MESSAGE(USER_ID, GROUP_MESSAGE_ID, READ_TIMESTAMP, REACTION)
VALUES (6, 17, NULL, NULL);
INSERT INTO USER_GROUP_MESSAGE(USER_ID, GROUP_MESSAGE_ID, READ_TIMESTAMP, REACTION)
VALUES (7, 17, NULL, 'angry');
INSERT INTO GROUP_MESSAGE(ID, VALUE, TIMESTAMP, AUTHOR_ID, GROUP_ID)
VALUES (18, 'Test', '2019-12-16', '4', 2);
INSERT INTO USER_GROUP_MESSAGE(USER_ID, GROUP_MESSAGE_ID, READ_TIMESTAMP, REACTION)
VALUES (1, 18, NULL, 'crying');
INSERT INTO USER_GROUP_MESSAGE(USER_ID, GROUP_MESSAGE_ID, READ_TIMESTAMP, REACTION)
VALUES (2, 18, NULL, 'crying');
INSERT INTO USER_GROUP_MESSAGE(USER_ID, GROUP_MESSAGE_ID, READ_TIMESTAMP, REACTION)
VALUES (3, 18, NULL, NULL);
INSERT INTO USER_GROUP_MESSAGE(USER_ID, GROUP_MESSAGE_ID, READ_TIMESTAMP, REACTION)
VALUES (4, 18, NULL, 'angry');
INSERT INTO USER_GROUP_MESSAGE(USER_ID, GROUP_MESSAGE_ID, READ_TIMESTAMP, REACTION)
VALUES (5, 18, NULL, 'angry');
INSERT INTO USER_GROUP_MESSAGE(USER_ID, GROUP_MESSAGE_ID, READ_TIMESTAMP, REACTION)
VALUES (6, 18, NULL, 'happy');
INSERT INTO USER_GROUP_MESSAGE(USER_ID, GROUP_MESSAGE_ID, READ_TIMESTAMP, REACTION)
VALUES (7, 18, NULL, 'angry');
INSERT INTO GROUP_MESSAGE(ID, VALUE, TIMESTAMP, AUTHOR_ID, GROUP_ID)
VALUES (19, 'Test', '2019-12-15', '7', 2);
INSERT INTO USER_GROUP_MESSAGE(USER_ID, GROUP_MESSAGE_ID, READ_TIMESTAMP, REACTION)
VALUES (1, 19, NULL, 'happy');
INSERT INTO USER_GROUP_MESSAGE(USER_ID, GROUP_MESSAGE_ID, READ_TIMESTAMP, REACTION)
VALUES (2, 19, NULL, 'angry');
INSERT INTO USER_GROUP_MESSAGE(USER_ID, GROUP_MESSAGE_ID, READ_TIMESTAMP, REACTION)
VALUES (3, 19, NULL, 'angry');
INSERT INTO USER_GROUP_MESSAGE(USER_ID, GROUP_MESSAGE_ID, READ_TIMESTAMP, REACTION)
VALUES (4, 19, NULL, 'happy');
INSERT INTO USER_GROUP_MESSAGE(USER_ID, GROUP_MESSAGE_ID, READ_TIMESTAMP, REACTION)
VALUES (5, 19, NULL, 'happy');
INSERT INTO USER_GROUP_MESSAGE(USER_ID, GROUP_MESSAGE_ID, READ_TIMESTAMP, REACTION)
VALUES (6, 19, NULL, 'crying');
INSERT INTO USER_GROUP_MESSAGE(USER_ID, GROUP_MESSAGE_ID, READ_TIMESTAMP, REACTION)
VALUES (7, 19, NULL, 'angry');
INSERT INTO GROUP_MESSAGE(ID, VALUE, TIMESTAMP, AUTHOR_ID, GROUP_ID)
VALUES (20, 'Test', '2019-12-14', '4', 2);
INSERT INTO USER_GROUP_MESSAGE(USER_ID, GROUP_MESSAGE_ID, READ_TIMESTAMP, REACTION)
VALUES (1, 20, NULL, 'happy');
INSERT INTO USER_GROUP_MESSAGE(USER_ID, GROUP_MESSAGE_ID, READ_TIMESTAMP, REACTION)
VALUES (2, 20, NULL, 'happy');
INSERT INTO USER_GROUP_MESSAGE(USER_ID, GROUP_MESSAGE_ID, READ_TIMESTAMP, REACTION)
VALUES (3, 20, NULL, 'happy');
INSERT INTO USER_GROUP_MESSAGE(USER_ID, GROUP_MESSAGE_ID, READ_TIMESTAMP, REACTION)
VALUES (4, 20, NULL, 'angry');
INSERT INTO USER_GROUP_MESSAGE(USER_ID, GROUP_MESSAGE_ID, READ_TIMESTAMP, REACTION)
VALUES (5, 20, NULL, 'crying');
INSERT INTO USER_GROUP_MESSAGE(USER_ID, GROUP_MESSAGE_ID, READ_TIMESTAMP, REACTION)
VALUES (6, 20, NULL, 'angry');
INSERT INTO USER_GROUP_MESSAGE(USER_ID, GROUP_MESSAGE_ID, READ_TIMESTAMP, REACTION)
VALUES (7, 20, NULL, 'angry');
INSERT INTO GROUP_MESSAGE(ID, VALUE, TIMESTAMP, AUTHOR_ID, GROUP_ID)
VALUES (21, 'Test', '2019-12-13', '2', 2);
INSERT INTO USER_GROUP_MESSAGE(USER_ID, GROUP_MESSAGE_ID, READ_TIMESTAMP, REACTION)
VALUES (1, 21, NULL, 'crying');
INSERT INTO USER_GROUP_MESSAGE(USER_ID, GROUP_MESSAGE_ID, READ_TIMESTAMP, REACTION)
VALUES (2, 21, NULL, NULL);
INSERT INTO USER_GROUP_MESSAGE(USER_ID, GROUP_MESSAGE_ID, READ_TIMESTAMP, REACTION)
VALUES (3, 21, NULL, 'happy');
INSERT INTO USER_GROUP_MESSAGE(USER_ID, GROUP_MESSAGE_ID, READ_TIMESTAMP, REACTION)
VALUES (4, 21, NULL, 'angry');
INSERT INTO USER_GROUP_MESSAGE(USER_ID, GROUP_MESSAGE_ID, READ_TIMESTAMP, REACTION)
VALUES (5, 21, NULL, 'crying');
INSERT INTO USER_GROUP_MESSAGE(USER_ID, GROUP_MESSAGE_ID, READ_TIMESTAMP, REACTION)
VALUES (6, 21, NULL, 'happy');
INSERT INTO USER_GROUP_MESSAGE(USER_ID, GROUP_MESSAGE_ID, READ_TIMESTAMP, REACTION)
VALUES (7, 21, NULL, 'angry');
INSERT INTO GROUP_MESSAGE(ID, VALUE, TIMESTAMP, AUTHOR_ID, GROUP_ID)
VALUES (22, 'Test', '2019-12-12', '6', 2);
INSERT INTO USER_GROUP_MESSAGE(USER_ID, GROUP_MESSAGE_ID, READ_TIMESTAMP, REACTION)
VALUES (1, 22, NULL, NULL);
INSERT INTO USER_GROUP_MESSAGE(USER_ID, GROUP_MESSAGE_ID, READ_TIMESTAMP, REACTION)
VALUES (2, 22, NULL, NULL);
INSERT INTO USER_GROUP_MESSAGE(USER_ID, GROUP_MESSAGE_ID, READ_TIMESTAMP, REACTION)
VALUES (3, 22, NULL, 'crying');
INSERT INTO USER_GROUP_MESSAGE(USER_ID, GROUP_MESSAGE_ID, READ_TIMESTAMP, REACTION)
VALUES (4, 22, NULL, 'crying');
INSERT INTO USER_GROUP_MESSAGE(USER_ID, GROUP_MESSAGE_ID, READ_TIMESTAMP, REACTION)
VALUES (5, 22, NULL, 'crying');
INSERT INTO USER_GROUP_MESSAGE(USER_ID, GROUP_MESSAGE_ID, READ_TIMESTAMP, REACTION)
VALUES (6, 22, NULL, 'happy');
INSERT INTO USER_GROUP_MESSAGE(USER_ID, GROUP_MESSAGE_ID, READ_TIMESTAMP, REACTION)
VALUES (7, 22, NULL, 'crying');
INSERT INTO GROUP_MESSAGE(ID, VALUE, TIMESTAMP, AUTHOR_ID, GROUP_ID)
VALUES (23, 'Test', '2019-12-11', '5', 2);
INSERT INTO USER_GROUP_MESSAGE(USER_ID, GROUP_MESSAGE_ID, READ_TIMESTAMP, REACTION)
VALUES (1, 23, NULL, 'crying');
INSERT INTO USER_GROUP_MESSAGE(USER_ID, GROUP_MESSAGE_ID, READ_TIMESTAMP, REACTION)
VALUES (2, 23, NULL, 'angry');
INSERT INTO USER_GROUP_MESSAGE(USER_ID, GROUP_MESSAGE_ID, READ_TIMESTAMP, REACTION)
VALUES (3, 23, NULL, 'crying');
INSERT INTO USER_GROUP_MESSAGE(USER_ID, GROUP_MESSAGE_ID, READ_TIMESTAMP, REACTION)
VALUES (4, 23, NULL, 'happy');
INSERT INTO USER_GROUP_MESSAGE(USER_ID, GROUP_MESSAGE_ID, READ_TIMESTAMP, REACTION)
VALUES (5, 23, NULL, 'angry');
INSERT INTO USER_GROUP_MESSAGE(USER_ID, GROUP_MESSAGE_ID, READ_TIMESTAMP, REACTION)
VALUES (6, 23, NULL, 'angry');
INSERT INTO USER_GROUP_MESSAGE(USER_ID, GROUP_MESSAGE_ID, READ_TIMESTAMP, REACTION)
VALUES (7, 23, NULL, NULL);
INSERT INTO GROUP_MESSAGE(ID, VALUE, TIMESTAMP, AUTHOR_ID, GROUP_ID)
VALUES (24, 'Test', '2019-12-10', '7', 2);
INSERT INTO USER_GROUP_MESSAGE(USER_ID, GROUP_MESSAGE_ID, READ_TIMESTAMP, REACTION)
VALUES (1, 24, NULL, 'crying');
INSERT INTO USER_GROUP_MESSAGE(USER_ID, GROUP_MESSAGE_ID, READ_TIMESTAMP, REACTION)
VALUES (2, 24, NULL, NULL);
INSERT INTO USER_GROUP_MESSAGE(USER_ID, GROUP_MESSAGE_ID, READ_TIMESTAMP, REACTION)
VALUES (3, 24, NULL, NULL);
INSERT INTO USER_GROUP_MESSAGE(USER_ID, GROUP_MESSAGE_ID, READ_TIMESTAMP, REACTION)
VALUES (4, 24, NULL, 'happy');
INSERT INTO USER_GROUP_MESSAGE(USER_ID, GROUP_MESSAGE_ID, READ_TIMESTAMP, REACTION)
VALUES (5, 24, NULL, 'angry');
INSERT INTO USER_GROUP_MESSAGE(USER_ID, GROUP_MESSAGE_ID, READ_TIMESTAMP, REACTION)
VALUES (6, 24, NULL, 'crying');
INSERT INTO USER_GROUP_MESSAGE(USER_ID, GROUP_MESSAGE_ID, READ_TIMESTAMP, REACTION)
VALUES (7, 24, NULL, 'happy');
INSERT INTO GROUP_MESSAGE(ID, VALUE, TIMESTAMP, AUTHOR_ID, GROUP_ID)
VALUES (25, 'Test', '2019-12-09', '1', 2);
INSERT INTO USER_GROUP_MESSAGE(USER_ID, GROUP_MESSAGE_ID, READ_TIMESTAMP, REACTION)
VALUES (1, 25, NULL, NULL);
INSERT INTO USER_GROUP_MESSAGE(USER_ID, GROUP_MESSAGE_ID, READ_TIMESTAMP, REACTION)
VALUES (2, 25, NULL, 'crying');
INSERT INTO USER_GROUP_MESSAGE(USER_ID, GROUP_MESSAGE_ID, READ_TIMESTAMP, REACTION)
VALUES (3, 25, NULL, 'happy');
INSERT INTO USER_GROUP_MESSAGE(USER_ID, GROUP_MESSAGE_ID, READ_TIMESTAMP, REACTION)
VALUES (4, 25, NULL, 'happy');
INSERT INTO USER_GROUP_MESSAGE(USER_ID, GROUP_MESSAGE_ID, READ_TIMESTAMP, REACTION)
VALUES (5, 25, NULL, 'angry');
INSERT INTO USER_GROUP_MESSAGE(USER_ID, GROUP_MESSAGE_ID, READ_TIMESTAMP, REACTION)
VALUES (6, 25, NULL, 'crying');
INSERT INTO USER_GROUP_MESSAGE(USER_ID, GROUP_MESSAGE_ID, READ_TIMESTAMP, REACTION)
VALUES (7, 25, NULL, 'happy');
INSERT INTO GROUP_MESSAGE(ID, VALUE, TIMESTAMP, AUTHOR_ID, GROUP_ID)
VALUES (26, 'Test', '2019-12-08', '6', 2);
INSERT INTO USER_GROUP_MESSAGE(USER_ID, GROUP_MESSAGE_ID, READ_TIMESTAMP, REACTION)
VALUES (1, 26, NULL, 'angry');
INSERT INTO USER_GROUP_MESSAGE(USER_ID, GROUP_MESSAGE_ID, READ_TIMESTAMP, REACTION)
VALUES (2, 26, NULL, 'angry');
INSERT INTO USER_GROUP_MESSAGE(USER_ID, GROUP_MESSAGE_ID, READ_TIMESTAMP, REACTION)
VALUES (3, 26, NULL, 'happy');
INSERT INTO USER_GROUP_MESSAGE(USER_ID, GROUP_MESSAGE_ID, READ_TIMESTAMP, REACTION)
VALUES (4, 26, NULL, 'happy');
INSERT INTO USER_GROUP_MESSAGE(USER_ID, GROUP_MESSAGE_ID, READ_TIMESTAMP, REACTION)
VALUES (5, 26, NULL, NULL);
INSERT INTO USER_GROUP_MESSAGE(USER_ID, GROUP_MESSAGE_ID, READ_TIMESTAMP, REACTION)
VALUES (6, 26, NULL, 'crying');
INSERT INTO USER_GROUP_MESSAGE(USER_ID, GROUP_MESSAGE_ID, READ_TIMESTAMP, REACTION)
VALUES (7, 26, NULL, 'happy');
INSERT INTO GROUP_MESSAGE(ID, VALUE, TIMESTAMP, AUTHOR_ID, GROUP_ID)
VALUES (27, 'Test', '2019-12-07', '7', 2);
INSERT INTO USER_GROUP_MESSAGE(USER_ID, GROUP_MESSAGE_ID, READ_TIMESTAMP, REACTION)
VALUES (1, 27, NULL, 'crying');
INSERT INTO USER_GROUP_MESSAGE(USER_ID, GROUP_MESSAGE_ID, READ_TIMESTAMP, REACTION)
VALUES (2, 27, NULL, 'angry');
INSERT INTO USER_GROUP_MESSAGE(USER_ID, GROUP_MESSAGE_ID, READ_TIMESTAMP, REACTION)
VALUES (3, 27, NULL, NULL);
INSERT INTO USER_GROUP_MESSAGE(USER_ID, GROUP_MESSAGE_ID, READ_TIMESTAMP, REACTION)
VALUES (4, 27, NULL, 'angry');
INSERT INTO USER_GROUP_MESSAGE(USER_ID, GROUP_MESSAGE_ID, READ_TIMESTAMP, REACTION)
VALUES (5, 27, NULL, 'angry');
INSERT INTO USER_GROUP_MESSAGE(USER_ID, GROUP_MESSAGE_ID, READ_TIMESTAMP, REACTION)
VALUES (6, 27, NULL, 'crying');
INSERT INTO USER_GROUP_MESSAGE(USER_ID, GROUP_MESSAGE_ID, READ_TIMESTAMP, REACTION)
VALUES (7, 27, NULL, 'crying');
INSERT INTO GROUP_MESSAGE(ID, VALUE, TIMESTAMP, AUTHOR_ID, GROUP_ID)
VALUES (28, 'Test', '2019-12-06', '7', 2);
INSERT INTO USER_GROUP_MESSAGE(USER_ID, GROUP_MESSAGE_ID, READ_TIMESTAMP, REACTION)
VALUES (1, 28, NULL, 'angry');
INSERT INTO USER_GROUP_MESSAGE(USER_ID, GROUP_MESSAGE_ID, READ_TIMESTAMP, REACTION)
VALUES (2, 28, NULL, 'angry');
INSERT INTO USER_GROUP_MESSAGE(USER_ID, GROUP_MESSAGE_ID, READ_TIMESTAMP, REACTION)
VALUES (3, 28, NULL, NULL);
INSERT INTO USER_GROUP_MESSAGE(USER_ID, GROUP_MESSAGE_ID, READ_TIMESTAMP, REACTION)
VALUES (4, 28, NULL, 'happy');
INSERT INTO USER_GROUP_MESSAGE(USER_ID, GROUP_MESSAGE_ID, READ_TIMESTAMP, REACTION)
VALUES (5, 28, NULL, 'crying');
INSERT INTO USER_GROUP_MESSAGE(USER_ID, GROUP_MESSAGE_ID, READ_TIMESTAMP, REACTION)
VALUES (6, 28, NULL, NULL);
INSERT INTO USER_GROUP_MESSAGE(USER_ID, GROUP_MESSAGE_ID, READ_TIMESTAMP, REACTION)
VALUES (7, 28, NULL, 'angry');
INSERT INTO GROUP_MESSAGE(ID, VALUE, TIMESTAMP, AUTHOR_ID, GROUP_ID)
VALUES (29, 'Test', '2019-12-05', '3', 2);
INSERT INTO USER_GROUP_MESSAGE(USER_ID, GROUP_MESSAGE_ID, READ_TIMESTAMP, REACTION)
VALUES (1, 29, NULL, NULL);
INSERT INTO USER_GROUP_MESSAGE(USER_ID, GROUP_MESSAGE_ID, READ_TIMESTAMP, REACTION)
VALUES (2, 29, NULL, NULL);
INSERT INTO USER_GROUP_MESSAGE(USER_ID, GROUP_MESSAGE_ID, READ_TIMESTAMP, REACTION)
VALUES (3, 29, NULL, NULL);
INSERT INTO USER_GROUP_MESSAGE(USER_ID, GROUP_MESSAGE_ID, READ_TIMESTAMP, REACTION)
VALUES (4, 29, NULL, 'angry');
INSERT INTO USER_GROUP_MESSAGE(USER_ID, GROUP_MESSAGE_ID, READ_TIMESTAMP, REACTION)
VALUES (5, 29, NULL, 'crying');
INSERT INTO USER_GROUP_MESSAGE(USER_ID, GROUP_MESSAGE_ID, READ_TIMESTAMP, REACTION)
VALUES (6, 29, NULL, NULL);
INSERT INTO USER_GROUP_MESSAGE(USER_ID, GROUP_MESSAGE_ID, READ_TIMESTAMP, REACTION)
VALUES (7, 29, NULL, 'happy');
INSERT INTO GROUP_MESSAGE(ID, VALUE, TIMESTAMP, AUTHOR_ID, GROUP_ID)
VALUES (30, 'Test', '2019-12-04', '4', 2);
INSERT INTO USER_GROUP_MESSAGE(USER_ID, GROUP_MESSAGE_ID, READ_TIMESTAMP, REACTION)
VALUES (1, 30, NULL, 'happy');
INSERT INTO USER_GROUP_MESSAGE(USER_ID, GROUP_MESSAGE_ID, READ_TIMESTAMP, REACTION)
VALUES (2, 30, NULL, 'happy');
INSERT INTO USER_GROUP_MESSAGE(USER_ID, GROUP_MESSAGE_ID, READ_TIMESTAMP, REACTION)
VALUES (3, 30, NULL, NULL);
INSERT INTO USER_GROUP_MESSAGE(USER_ID, GROUP_MESSAGE_ID, READ_TIMESTAMP, REACTION)
VALUES (4, 30, NULL, NULL);
INSERT INTO USER_GROUP_MESSAGE(USER_ID, GROUP_MESSAGE_ID, READ_TIMESTAMP, REACTION)
VALUES (5, 30, NULL, 'angry');
INSERT INTO USER_GROUP_MESSAGE(USER_ID, GROUP_MESSAGE_ID, READ_TIMESTAMP, REACTION)
VALUES (6, 30, NULL, 'crying');
INSERT INTO USER_GROUP_MESSAGE(USER_ID, GROUP_MESSAGE_ID, READ_TIMESTAMP, REACTION)
VALUES (7, 30, NULL, 'crying');
INSERT INTO GROUP_MESSAGE(ID, VALUE, TIMESTAMP, AUTHOR_ID, GROUP_ID)
VALUES (31, 'Test', '2019-12-03', '2', 2);
INSERT INTO USER_GROUP_MESSAGE(USER_ID, GROUP_MESSAGE_ID, READ_TIMESTAMP, REACTION)
VALUES (1, 31, NULL, 'happy');
INSERT INTO USER_GROUP_MESSAGE(USER_ID, GROUP_MESSAGE_ID, READ_TIMESTAMP, REACTION)
VALUES (2, 31, NULL, NULL);
INSERT INTO USER_GROUP_MESSAGE(USER_ID, GROUP_MESSAGE_ID, READ_TIMESTAMP, REACTION)
VALUES (3, 31, NULL, 'crying');
INSERT INTO USER_GROUP_MESSAGE(USER_ID, GROUP_MESSAGE_ID, READ_TIMESTAMP, REACTION)
VALUES (4, 31, NULL, 'crying');
INSERT INTO USER_GROUP_MESSAGE(USER_ID, GROUP_MESSAGE_ID, READ_TIMESTAMP, REACTION)
VALUES (5, 31, NULL, 'angry');
INSERT INTO USER_GROUP_MESSAGE(USER_ID, GROUP_MESSAGE_ID, READ_TIMESTAMP, REACTION)
VALUES (6, 31, NULL, 'happy');
INSERT INTO USER_GROUP_MESSAGE(USER_ID, GROUP_MESSAGE_ID, READ_TIMESTAMP, REACTION)
VALUES (7, 31, NULL, 'happy');
INSERT INTO GROUP_MESSAGE(ID, VALUE, TIMESTAMP, AUTHOR_ID, GROUP_ID)
VALUES (32, 'Test', '2019-12-02', '7', 2);
INSERT INTO USER_GROUP_MESSAGE(USER_ID, GROUP_MESSAGE_ID, READ_TIMESTAMP, REACTION)
VALUES (1, 32, NULL, NULL);
INSERT INTO USER_GROUP_MESSAGE(USER_ID, GROUP_MESSAGE_ID, READ_TIMESTAMP, REACTION)
VALUES (2, 32, NULL, 'crying');
INSERT INTO USER_GROUP_MESSAGE(USER_ID, GROUP_MESSAGE_ID, READ_TIMESTAMP, REACTION)
VALUES (3, 32, NULL, 'angry');
INSERT INTO USER_GROUP_MESSAGE(USER_ID, GROUP_MESSAGE_ID, READ_TIMESTAMP, REACTION)
VALUES (4, 32, NULL, 'angry');
INSERT INTO USER_GROUP_MESSAGE(USER_ID, GROUP_MESSAGE_ID, READ_TIMESTAMP, REACTION)
VALUES (5, 32, NULL, 'crying');
INSERT INTO USER_GROUP_MESSAGE(USER_ID, GROUP_MESSAGE_ID, READ_TIMESTAMP, REACTION)
VALUES (6, 32, NULL, NULL);
INSERT INTO USER_GROUP_MESSAGE(USER_ID, GROUP_MESSAGE_ID, READ_TIMESTAMP, REACTION)
VALUES (7, 32, NULL, 'angry');
INSERT INTO GROUP_MESSAGE(ID, VALUE, TIMESTAMP, AUTHOR_ID, GROUP_ID)
VALUES (33, 'Test', '2019-12-01', '6', 2);
INSERT INTO USER_GROUP_MESSAGE(USER_ID, GROUP_MESSAGE_ID, READ_TIMESTAMP, REACTION)
VALUES (1, 33, NULL, NULL);
INSERT INTO USER_GROUP_MESSAGE(USER_ID, GROUP_MESSAGE_ID, READ_TIMESTAMP, REACTION)
VALUES (2, 33, NULL, 'angry');
INSERT INTO USER_GROUP_MESSAGE(USER_ID, GROUP_MESSAGE_ID, READ_TIMESTAMP, REACTION)
VALUES (3, 33, NULL, 'crying');
INSERT INTO USER_GROUP_MESSAGE(USER_ID, GROUP_MESSAGE_ID, READ_TIMESTAMP, REACTION)
VALUES (4, 33, NULL, NULL);
INSERT INTO USER_GROUP_MESSAGE(USER_ID, GROUP_MESSAGE_ID, READ_TIMESTAMP, REACTION)
VALUES (5, 33, NULL, NULL);
INSERT INTO USER_GROUP_MESSAGE(USER_ID, GROUP_MESSAGE_ID, READ_TIMESTAMP, REACTION)
VALUES (6, 33, NULL, 'angry');
INSERT INTO USER_GROUP_MESSAGE(USER_ID, GROUP_MESSAGE_ID, READ_TIMESTAMP, REACTION)
VALUES (7, 33, NULL, 'crying');
INSERT INTO GROUP_MESSAGE(ID, VALUE, TIMESTAMP, AUTHOR_ID, GROUP_ID)
VALUES (34, 'Test', '2019-11-30', '6', 2);
INSERT INTO USER_GROUP_MESSAGE(USER_ID, GROUP_MESSAGE_ID, READ_TIMESTAMP, REACTION)
VALUES (1, 34, NULL, 'happy');
INSERT INTO USER_GROUP_MESSAGE(USER_ID, GROUP_MESSAGE_ID, READ_TIMESTAMP, REACTION)
VALUES (2, 34, NULL, 'happy');
INSERT INTO USER_GROUP_MESSAGE(USER_ID, GROUP_MESSAGE_ID, READ_TIMESTAMP, REACTION)
VALUES (3, 34, NULL, 'happy');
INSERT INTO USER_GROUP_MESSAGE(USER_ID, GROUP_MESSAGE_ID, READ_TIMESTAMP, REACTION)
VALUES (4, 34, NULL, NULL);
INSERT INTO USER_GROUP_MESSAGE(USER_ID, GROUP_MESSAGE_ID, READ_TIMESTAMP, REACTION)
VALUES (5, 34, NULL, NULL);
INSERT INTO USER_GROUP_MESSAGE(USER_ID, GROUP_MESSAGE_ID, READ_TIMESTAMP, REACTION)
VALUES (6, 34, NULL, 'angry');
INSERT INTO USER_GROUP_MESSAGE(USER_ID, GROUP_MESSAGE_ID, READ_TIMESTAMP, REACTION)
VALUES (7, 34, NULL, 'crying');
INSERT INTO GROUP_MESSAGE(ID, VALUE, TIMESTAMP, AUTHOR_ID, GROUP_ID)
VALUES (35, 'Test', '2019-11-29', '4', 2);
INSERT INTO USER_GROUP_MESSAGE(USER_ID, GROUP_MESSAGE_ID, READ_TIMESTAMP, REACTION)
VALUES (1, 35, NULL, 'happy');
INSERT INTO USER_GROUP_MESSAGE(USER_ID, GROUP_MESSAGE_ID, READ_TIMESTAMP, REACTION)
VALUES (2, 35, NULL, 'angry');
INSERT INTO USER_GROUP_MESSAGE(USER_ID, GROUP_MESSAGE_ID, READ_TIMESTAMP, REACTION)
VALUES (3, 35, NULL, 'happy');
INSERT INTO USER_GROUP_MESSAGE(USER_ID, GROUP_MESSAGE_ID, READ_TIMESTAMP, REACTION)
VALUES (4, 35, NULL, NULL);
INSERT INTO USER_GROUP_MESSAGE(USER_ID, GROUP_MESSAGE_ID, READ_TIMESTAMP, REACTION)
VALUES (5, 35, NULL, 'happy');
INSERT INTO USER_GROUP_MESSAGE(USER_ID, GROUP_MESSAGE_ID, READ_TIMESTAMP, REACTION)
VALUES (6, 35, NULL, 'happy');
INSERT INTO USER_GROUP_MESSAGE(USER_ID, GROUP_MESSAGE_ID, READ_TIMESTAMP, REACTION)
VALUES (7, 35, NULL, 'crying');
INSERT INTO GROUP_MESSAGE(ID, VALUE, TIMESTAMP, AUTHOR_ID, GROUP_ID)
VALUES (36, 'Test', '2019-11-28', '2', 2);
INSERT INTO USER_GROUP_MESSAGE(USER_ID, GROUP_MESSAGE_ID, READ_TIMESTAMP, REACTION)
VALUES (1, 36, NULL, 'angry');
INSERT INTO USER_GROUP_MESSAGE(USER_ID, GROUP_MESSAGE_ID, READ_TIMESTAMP, REACTION)
VALUES (2, 36, NULL, 'angry');
INSERT INTO USER_GROUP_MESSAGE(USER_ID, GROUP_MESSAGE_ID, READ_TIMESTAMP, REACTION)
VALUES (3, 36, NULL, 'crying');
INSERT INTO USER_GROUP_MESSAGE(USER_ID, GROUP_MESSAGE_ID, READ_TIMESTAMP, REACTION)
VALUES (4, 36, NULL, 'crying');
INSERT INTO USER_GROUP_MESSAGE(USER_ID, GROUP_MESSAGE_ID, READ_TIMESTAMP, REACTION)
VALUES (5, 36, NULL, 'happy');
INSERT INTO USER_GROUP_MESSAGE(USER_ID, GROUP_MESSAGE_ID, READ_TIMESTAMP, REACTION)
VALUES (6, 36, NULL, 'happy');
INSERT INTO USER_GROUP_MESSAGE(USER_ID, GROUP_MESSAGE_ID, READ_TIMESTAMP, REACTION)
VALUES (7, 36, NULL, 'crying');
INSERT INTO GROUP_MESSAGE(ID, VALUE, TIMESTAMP, AUTHOR_ID, GROUP_ID)
VALUES (37, 'Test', '2019-11-27', '4', 2);
INSERT INTO USER_GROUP_MESSAGE(USER_ID, GROUP_MESSAGE_ID, READ_TIMESTAMP, REACTION)
VALUES (1, 37, NULL, 'happy');
INSERT INTO USER_GROUP_MESSAGE(USER_ID, GROUP_MESSAGE_ID, READ_TIMESTAMP, REACTION)
VALUES (2, 37, NULL, 'happy');
INSERT INTO USER_GROUP_MESSAGE(USER_ID, GROUP_MESSAGE_ID, READ_TIMESTAMP, REACTION)
VALUES (3, 37, NULL, 'angry');
INSERT INTO USER_GROUP_MESSAGE(USER_ID, GROUP_MESSAGE_ID, READ_TIMESTAMP, REACTION)
VALUES (4, 37, NULL, NULL);
INSERT INTO USER_GROUP_MESSAGE(USER_ID, GROUP_MESSAGE_ID, READ_TIMESTAMP, REACTION)
VALUES (5, 37, NULL, 'crying');
INSERT INTO USER_GROUP_MESSAGE(USER_ID, GROUP_MESSAGE_ID, READ_TIMESTAMP, REACTION)
VALUES (6, 37, NULL, 'happy');
INSERT INTO USER_GROUP_MESSAGE(USER_ID, GROUP_MESSAGE_ID, READ_TIMESTAMP, REACTION)
VALUES (7, 37, NULL, 'happy');
INSERT INTO GROUP_MESSAGE(ID, VALUE, TIMESTAMP, AUTHOR_ID, GROUP_ID)
VALUES (38, 'Test', '2019-11-26', '4', 2);
INSERT INTO USER_GROUP_MESSAGE(USER_ID, GROUP_MESSAGE_ID, READ_TIMESTAMP, REACTION)
VALUES (1, 38, NULL, 'angry');
INSERT INTO USER_GROUP_MESSAGE(USER_ID, GROUP_MESSAGE_ID, READ_TIMESTAMP, REACTION)
VALUES (2, 38, NULL, 'crying');
INSERT INTO USER_GROUP_MESSAGE(USER_ID, GROUP_MESSAGE_ID, READ_TIMESTAMP, REACTION)
VALUES (3, 38, NULL, 'angry');
INSERT INTO USER_GROUP_MESSAGE(USER_ID, GROUP_MESSAGE_ID, READ_TIMESTAMP, REACTION)
VALUES (4, 38, NULL, 'crying');
INSERT INTO USER_GROUP_MESSAGE(USER_ID, GROUP_MESSAGE_ID, READ_TIMESTAMP, REACTION)
VALUES (5, 38, NULL, 'angry');
INSERT INTO USER_GROUP_MESSAGE(USER_ID, GROUP_MESSAGE_ID, READ_TIMESTAMP, REACTION)
VALUES (6, 38, NULL, 'angry');
INSERT INTO USER_GROUP_MESSAGE(USER_ID, GROUP_MESSAGE_ID, READ_TIMESTAMP, REACTION)
VALUES (7, 38, NULL, 'crying');
INSERT INTO GROUP_MESSAGE(ID, VALUE, TIMESTAMP, AUTHOR_ID, GROUP_ID)
VALUES (39, 'Test', '2019-11-25', '2', 2);
INSERT INTO USER_GROUP_MESSAGE(USER_ID, GROUP_MESSAGE_ID, READ_TIMESTAMP, REACTION)
VALUES (1, 39, NULL, 'crying');
INSERT INTO USER_GROUP_MESSAGE(USER_ID, GROUP_MESSAGE_ID, READ_TIMESTAMP, REACTION)
VALUES (2, 39, NULL, 'crying');
INSERT INTO USER_GROUP_MESSAGE(USER_ID, GROUP_MESSAGE_ID, READ_TIMESTAMP, REACTION)
VALUES (3, 39, NULL, 'crying');
INSERT INTO USER_GROUP_MESSAGE(USER_ID, GROUP_MESSAGE_ID, READ_TIMESTAMP, REACTION)
VALUES (4, 39, NULL, 'crying');
INSERT INTO USER_GROUP_MESSAGE(USER_ID, GROUP_MESSAGE_ID, READ_TIMESTAMP, REACTION)
VALUES (5, 39, NULL, 'angry');
INSERT INTO USER_GROUP_MESSAGE(USER_ID, GROUP_MESSAGE_ID, READ_TIMESTAMP, REACTION)
VALUES (6, 39, NULL, 'crying');
INSERT INTO USER_GROUP_MESSAGE(USER_ID, GROUP_MESSAGE_ID, READ_TIMESTAMP, REACTION)
VALUES (7, 39, NULL, NULL);
INSERT INTO GROUP_MESSAGE(ID, VALUE, TIMESTAMP, AUTHOR_ID, GROUP_ID)
VALUES (40, 'Test', '2019-11-24', '5', 2);
INSERT INTO USER_GROUP_MESSAGE(USER_ID, GROUP_MESSAGE_ID, READ_TIMESTAMP, REACTION)
VALUES (1, 40, NULL, 'happy');
INSERT INTO USER_GROUP_MESSAGE(USER_ID, GROUP_MESSAGE_ID, READ_TIMESTAMP, REACTION)
VALUES (2, 40, NULL, 'crying');
INSERT INTO USER_GROUP_MESSAGE(USER_ID, GROUP_MESSAGE_ID, READ_TIMESTAMP, REACTION)
VALUES (3, 40, NULL, 'happy');
INSERT INTO USER_GROUP_MESSAGE(USER_ID, GROUP_MESSAGE_ID, READ_TIMESTAMP, REACTION)
VALUES (4, 40, NULL, 'angry');
INSERT INTO USER_GROUP_MESSAGE(USER_ID, GROUP_MESSAGE_ID, READ_TIMESTAMP, REACTION)
VALUES (5, 40, NULL, NULL);
INSERT INTO USER_GROUP_MESSAGE(USER_ID, GROUP_MESSAGE_ID, READ_TIMESTAMP, REACTION)
VALUES (6, 40, NULL, NULL);
INSERT INTO USER_GROUP_MESSAGE(USER_ID, GROUP_MESSAGE_ID, READ_TIMESTAMP, REACTION)
VALUES (7, 40, NULL, NULL);
INSERT INTO GROUP_MESSAGE(ID, VALUE, TIMESTAMP, AUTHOR_ID, GROUP_ID)
VALUES (41, 'Test', '2019-11-23', '6', 2);
INSERT INTO USER_GROUP_MESSAGE(USER_ID, GROUP_MESSAGE_ID, READ_TIMESTAMP, REACTION)
VALUES (1, 41, NULL, NULL);
INSERT INTO USER_GROUP_MESSAGE(USER_ID, GROUP_MESSAGE_ID, READ_TIMESTAMP, REACTION)
VALUES (2, 41, NULL, NULL);
INSERT INTO USER_GROUP_MESSAGE(USER_ID, GROUP_MESSAGE_ID, READ_TIMESTAMP, REACTION)
VALUES (3, 41, NULL, 'happy');
INSERT INTO USER_GROUP_MESSAGE(USER_ID, GROUP_MESSAGE_ID, READ_TIMESTAMP, REACTION)
VALUES (4, 41, NULL, 'angry');
INSERT INTO USER_GROUP_MESSAGE(USER_ID, GROUP_MESSAGE_ID, READ_TIMESTAMP, REACTION)
VALUES (5, 41, NULL, 'angry');
INSERT INTO USER_GROUP_MESSAGE(USER_ID, GROUP_MESSAGE_ID, READ_TIMESTAMP, REACTION)
VALUES (6, 41, NULL, NULL);
INSERT INTO USER_GROUP_MESSAGE(USER_ID, GROUP_MESSAGE_ID, READ_TIMESTAMP, REACTION)
VALUES (7, 41, NULL, NULL);
INSERT INTO GROUP_MESSAGE(ID, VALUE, TIMESTAMP, AUTHOR_ID, GROUP_ID)
VALUES (42, 'Test', '2019-11-22', '7', 2);
INSERT INTO USER_GROUP_MESSAGE(USER_ID, GROUP_MESSAGE_ID, READ_TIMESTAMP, REACTION)
VALUES (1, 42, NULL, NULL);
INSERT INTO USER_GROUP_MESSAGE(USER_ID, GROUP_MESSAGE_ID, READ_TIMESTAMP, REACTION)
VALUES (2, 42, NULL, NULL);
INSERT INTO USER_GROUP_MESSAGE(USER_ID, GROUP_MESSAGE_ID, READ_TIMESTAMP, REACTION)
VALUES (3, 42, NULL, NULL);
INSERT INTO USER_GROUP_MESSAGE(USER_ID, GROUP_MESSAGE_ID, READ_TIMESTAMP, REACTION)
VALUES (4, 42, NULL, 'angry');
INSERT INTO USER_GROUP_MESSAGE(USER_ID, GROUP_MESSAGE_ID, READ_TIMESTAMP, REACTION)
VALUES (5, 42, NULL, NULL);
INSERT INTO USER_GROUP_MESSAGE(USER_ID, GROUP_MESSAGE_ID, READ_TIMESTAMP, REACTION)
VALUES (6, 42, NULL, 'crying');
INSERT INTO USER_GROUP_MESSAGE(USER_ID, GROUP_MESSAGE_ID, READ_TIMESTAMP, REACTION)
VALUES (7, 42, NULL, 'crying');
INSERT INTO GROUP_MESSAGE(ID, VALUE, TIMESTAMP, AUTHOR_ID, GROUP_ID)
VALUES (43, 'Test', '2019-11-21', '5', 2);
INSERT INTO USER_GROUP_MESSAGE(USER_ID, GROUP_MESSAGE_ID, READ_TIMESTAMP, REACTION)
VALUES (1, 43, NULL, 'angry');
INSERT INTO USER_GROUP_MESSAGE(USER_ID, GROUP_MESSAGE_ID, READ_TIMESTAMP, REACTION)
VALUES (2, 43, NULL, 'angry');
INSERT INTO USER_GROUP_MESSAGE(USER_ID, GROUP_MESSAGE_ID, READ_TIMESTAMP, REACTION)
VALUES (3, 43, NULL, 'happy');
INSERT INTO USER_GROUP_MESSAGE(USER_ID, GROUP_MESSAGE_ID, READ_TIMESTAMP, REACTION)
VALUES (4, 43, NULL, 'happy');
INSERT INTO USER_GROUP_MESSAGE(USER_ID, GROUP_MESSAGE_ID, READ_TIMESTAMP, REACTION)
VALUES (5, 43, NULL, 'happy');
INSERT INTO USER_GROUP_MESSAGE(USER_ID, GROUP_MESSAGE_ID, READ_TIMESTAMP, REACTION)
VALUES (6, 43, NULL, NULL);
INSERT INTO USER_GROUP_MESSAGE(USER_ID, GROUP_MESSAGE_ID, READ_TIMESTAMP, REACTION)
VALUES (7, 43, NULL, 'angry');
INSERT INTO GROUP_MESSAGE(ID, VALUE, TIMESTAMP, AUTHOR_ID, GROUP_ID)
VALUES (44, 'Test', '2019-11-20', '1', 2);
INSERT INTO USER_GROUP_MESSAGE(USER_ID, GROUP_MESSAGE_ID, READ_TIMESTAMP, REACTION)
VALUES (1, 44, NULL, 'happy');
INSERT INTO USER_GROUP_MESSAGE(USER_ID, GROUP_MESSAGE_ID, READ_TIMESTAMP, REACTION)
VALUES (2, 44, NULL, 'angry');
INSERT INTO USER_GROUP_MESSAGE(USER_ID, GROUP_MESSAGE_ID, READ_TIMESTAMP, REACTION)
VALUES (3, 44, NULL, 'crying');
INSERT INTO USER_GROUP_MESSAGE(USER_ID, GROUP_MESSAGE_ID, READ_TIMESTAMP, REACTION)
VALUES (4, 44, NULL, 'angry');
INSERT INTO USER_GROUP_MESSAGE(USER_ID, GROUP_MESSAGE_ID, READ_TIMESTAMP, REACTION)
VALUES (5, 44, NULL, 'happy');
INSERT INTO USER_GROUP_MESSAGE(USER_ID, GROUP_MESSAGE_ID, READ_TIMESTAMP, REACTION)
VALUES (6, 44, NULL, 'crying');
INSERT INTO USER_GROUP_MESSAGE(USER_ID, GROUP_MESSAGE_ID, READ_TIMESTAMP, REACTION)
VALUES (7, 44, NULL, 'crying');
INSERT INTO GROUP_MESSAGE(ID, VALUE, TIMESTAMP, AUTHOR_ID, GROUP_ID)
VALUES (45, 'Test', '2019-11-19', '5', 2);
INSERT INTO USER_GROUP_MESSAGE(USER_ID, GROUP_MESSAGE_ID, READ_TIMESTAMP, REACTION)
VALUES (1, 45, NULL, 'crying');
INSERT INTO USER_GROUP_MESSAGE(USER_ID, GROUP_MESSAGE_ID, READ_TIMESTAMP, REACTION)
VALUES (2, 45, NULL, 'crying');
INSERT INTO USER_GROUP_MESSAGE(USER_ID, GROUP_MESSAGE_ID, READ_TIMESTAMP, REACTION)
VALUES (3, 45, NULL, NULL);
INSERT INTO USER_GROUP_MESSAGE(USER_ID, GROUP_MESSAGE_ID, READ_TIMESTAMP, REACTION)
VALUES (4, 45, NULL, 'crying');
INSERT INTO USER_GROUP_MESSAGE(USER_ID, GROUP_MESSAGE_ID, READ_TIMESTAMP, REACTION)
VALUES (5, 45, NULL, 'angry');
INSERT INTO USER_GROUP_MESSAGE(USER_ID, GROUP_MESSAGE_ID, READ_TIMESTAMP, REACTION)
VALUES (6, 45, NULL, 'crying');
INSERT INTO USER_GROUP_MESSAGE(USER_ID, GROUP_MESSAGE_ID, READ_TIMESTAMP, REACTION)
VALUES (7, 45, NULL, 'happy');
INSERT INTO GROUP_MESSAGE(ID, VALUE, TIMESTAMP, AUTHOR_ID, GROUP_ID)
VALUES (46, 'Test', '2019-11-18', '5', 2);
INSERT INTO USER_GROUP_MESSAGE(USER_ID, GROUP_MESSAGE_ID, READ_TIMESTAMP, REACTION)
VALUES (1, 46, NULL, 'happy');
INSERT INTO USER_GROUP_MESSAGE(USER_ID, GROUP_MESSAGE_ID, READ_TIMESTAMP, REACTION)
VALUES (2, 46, NULL, NULL);
INSERT INTO USER_GROUP_MESSAGE(USER_ID, GROUP_MESSAGE_ID, READ_TIMESTAMP, REACTION)
VALUES (3, 46, NULL, 'happy');
INSERT INTO USER_GROUP_MESSAGE(USER_ID, GROUP_MESSAGE_ID, READ_TIMESTAMP, REACTION)
VALUES (4, 46, NULL, 'angry');
INSERT INTO USER_GROUP_MESSAGE(USER_ID, GROUP_MESSAGE_ID, READ_TIMESTAMP, REACTION)
VALUES (5, 46, NULL, 'happy');
INSERT INTO USER_GROUP_MESSAGE(USER_ID, GROUP_MESSAGE_ID, READ_TIMESTAMP, REACTION)
VALUES (6, 46, NULL, NULL);
INSERT INTO USER_GROUP_MESSAGE(USER_ID, GROUP_MESSAGE_ID, READ_TIMESTAMP, REACTION)
VALUES (7, 46, NULL, 'happy');
INSERT INTO GROUP_MESSAGE(ID, VALUE, TIMESTAMP, AUTHOR_ID, GROUP_ID)
VALUES (47, 'Test', '2019-11-17', '1', 2);
INSERT INTO USER_GROUP_MESSAGE(USER_ID, GROUP_MESSAGE_ID, READ_TIMESTAMP, REACTION)
VALUES (1, 47, NULL, 'happy');
INSERT INTO USER_GROUP_MESSAGE(USER_ID, GROUP_MESSAGE_ID, READ_TIMESTAMP, REACTION)
VALUES (2, 47, NULL, 'happy');
INSERT INTO USER_GROUP_MESSAGE(USER_ID, GROUP_MESSAGE_ID, READ_TIMESTAMP, REACTION)
VALUES (3, 47, NULL, 'angry');
INSERT INTO USER_GROUP_MESSAGE(USER_ID, GROUP_MESSAGE_ID, READ_TIMESTAMP, REACTION)
VALUES (4, 47, NULL, NULL);
INSERT INTO USER_GROUP_MESSAGE(USER_ID, GROUP_MESSAGE_ID, READ_TIMESTAMP, REACTION)
VALUES (5, 47, NULL, 'crying');
INSERT INTO USER_GROUP_MESSAGE(USER_ID, GROUP_MESSAGE_ID, READ_TIMESTAMP, REACTION)
VALUES (6, 47, NULL, 'angry');
INSERT INTO USER_GROUP_MESSAGE(USER_ID, GROUP_MESSAGE_ID, READ_TIMESTAMP, REACTION)
VALUES (7, 47, NULL, NULL);
INSERT INTO GROUP_MESSAGE(ID, VALUE, TIMESTAMP, AUTHOR_ID, GROUP_ID)
VALUES (48, 'Test', '2019-11-16', '4', 2);
INSERT INTO USER_GROUP_MESSAGE(USER_ID, GROUP_MESSAGE_ID, READ_TIMESTAMP, REACTION)
VALUES (1, 48, NULL, 'crying');
INSERT INTO USER_GROUP_MESSAGE(USER_ID, GROUP_MESSAGE_ID, READ_TIMESTAMP, REACTION)
VALUES (2, 48, NULL, 'angry');
INSERT INTO USER_GROUP_MESSAGE(USER_ID, GROUP_MESSAGE_ID, READ_TIMESTAMP, REACTION)
VALUES (3, 48, NULL, NULL);
INSERT INTO USER_GROUP_MESSAGE(USER_ID, GROUP_MESSAGE_ID, READ_TIMESTAMP, REACTION)
VALUES (4, 48, NULL, 'angry');
INSERT INTO USER_GROUP_MESSAGE(USER_ID, GROUP_MESSAGE_ID, READ_TIMESTAMP, REACTION)
VALUES (5, 48, NULL, 'crying');
INSERT INTO USER_GROUP_MESSAGE(USER_ID, GROUP_MESSAGE_ID, READ_TIMESTAMP, REACTION)
VALUES (6, 48, NULL, 'happy');
INSERT INTO USER_GROUP_MESSAGE(USER_ID, GROUP_MESSAGE_ID, READ_TIMESTAMP, REACTION)
VALUES (7, 48, NULL, 'crying');
INSERT INTO GROUP_MESSAGE(ID, VALUE, TIMESTAMP, AUTHOR_ID, GROUP_ID)
VALUES (49, 'Test', '2019-11-15', '2', 2);
INSERT INTO USER_GROUP_MESSAGE(USER_ID, GROUP_MESSAGE_ID, READ_TIMESTAMP, REACTION)
VALUES (1, 49, NULL, 'happy');
INSERT INTO USER_GROUP_MESSAGE(USER_ID, GROUP_MESSAGE_ID, READ_TIMESTAMP, REACTION)
VALUES (2, 49, NULL, NULL);
INSERT INTO USER_GROUP_MESSAGE(USER_ID, GROUP_MESSAGE_ID, READ_TIMESTAMP, REACTION)
VALUES (3, 49, NULL, 'happy');
INSERT INTO USER_GROUP_MESSAGE(USER_ID, GROUP_MESSAGE_ID, READ_TIMESTAMP, REACTION)
VALUES (4, 49, NULL, 'crying');
INSERT INTO USER_GROUP_MESSAGE(USER_ID, GROUP_MESSAGE_ID, READ_TIMESTAMP, REACTION)
VALUES (5, 49, NULL, 'angry');
INSERT INTO USER_GROUP_MESSAGE(USER_ID, GROUP_MESSAGE_ID, READ_TIMESTAMP, REACTION)
VALUES (6, 49, NULL, 'crying');
INSERT INTO USER_GROUP_MESSAGE(USER_ID, GROUP_MESSAGE_ID, READ_TIMESTAMP, REACTION)
VALUES (7, 49, NULL, 'crying');
INSERT INTO GROUP_MESSAGE(ID, VALUE, TIMESTAMP, AUTHOR_ID, GROUP_ID)
VALUES (50, 'Test', '2019-11-14', '2', 2);
INSERT INTO USER_GROUP_MESSAGE(USER_ID, GROUP_MESSAGE_ID, READ_TIMESTAMP, REACTION)
VALUES (1, 50, NULL, 'angry');
INSERT INTO USER_GROUP_MESSAGE(USER_ID, GROUP_MESSAGE_ID, READ_TIMESTAMP, REACTION)
VALUES (2, 50, NULL, NULL);
INSERT INTO USER_GROUP_MESSAGE(USER_ID, GROUP_MESSAGE_ID, READ_TIMESTAMP, REACTION)
VALUES (3, 50, NULL, 'happy');
INSERT INTO USER_GROUP_MESSAGE(USER_ID, GROUP_MESSAGE_ID, READ_TIMESTAMP, REACTION)
VALUES (4, 50, NULL, 'angry');
INSERT INTO USER_GROUP_MESSAGE(USER_ID, GROUP_MESSAGE_ID, READ_TIMESTAMP, REACTION)
VALUES (5, 50, NULL, 'happy');
INSERT INTO USER_GROUP_MESSAGE(USER_ID, GROUP_MESSAGE_ID, READ_TIMESTAMP, REACTION)
VALUES (6, 50, NULL, NULL);
INSERT INTO USER_GROUP_MESSAGE(USER_ID, GROUP_MESSAGE_ID, READ_TIMESTAMP, REACTION)
VALUES (7, 50, NULL, NULL);
INSERT INTO GROUP_MESSAGE(ID, VALUE, TIMESTAMP, AUTHOR_ID, GROUP_ID)
VALUES (51, 'Test', '2019-11-13', '4', 2);
INSERT INTO USER_GROUP_MESSAGE(USER_ID, GROUP_MESSAGE_ID, READ_TIMESTAMP, REACTION)
VALUES (1, 51, NULL, 'angry');
INSERT INTO USER_GROUP_MESSAGE(USER_ID, GROUP_MESSAGE_ID, READ_TIMESTAMP, REACTION)
VALUES (2, 51, NULL, 'angry');
INSERT INTO USER_GROUP_MESSAGE(USER_ID, GROUP_MESSAGE_ID, READ_TIMESTAMP, REACTION)
VALUES (3, 51, NULL, 'crying');
INSERT INTO USER_GROUP_MESSAGE(USER_ID, GROUP_MESSAGE_ID, READ_TIMESTAMP, REACTION)
VALUES (4, 51, NULL, 'crying');
INSERT INTO USER_GROUP_MESSAGE(USER_ID, GROUP_MESSAGE_ID, READ_TIMESTAMP, REACTION)
VALUES (5, 51, NULL, NULL);
INSERT INTO USER_GROUP_MESSAGE(USER_ID, GROUP_MESSAGE_ID, READ_TIMESTAMP, REACTION)
VALUES (6, 51, NULL, 'crying');
INSERT INTO USER_GROUP_MESSAGE(USER_ID, GROUP_MESSAGE_ID, READ_TIMESTAMP, REACTION)
VALUES (7, 51, NULL, 'angry');
INSERT INTO GROUP_MESSAGE(ID, VALUE, TIMESTAMP, AUTHOR_ID, GROUP_ID)
VALUES (52, 'Test', '2019-11-12', '1', 2);
INSERT INTO USER_GROUP_MESSAGE(USER_ID, GROUP_MESSAGE_ID, READ_TIMESTAMP, REACTION)
VALUES (1, 52, NULL, 'crying');
INSERT INTO USER_GROUP_MESSAGE(USER_ID, GROUP_MESSAGE_ID, READ_TIMESTAMP, REACTION)
VALUES (2, 52, NULL, 'crying');
INSERT INTO USER_GROUP_MESSAGE(USER_ID, GROUP_MESSAGE_ID, READ_TIMESTAMP, REACTION)
VALUES (3, 52, NULL, 'angry');
INSERT INTO USER_GROUP_MESSAGE(USER_ID, GROUP_MESSAGE_ID, READ_TIMESTAMP, REACTION)
VALUES (4, 52, NULL, 'crying');
INSERT INTO USER_GROUP_MESSAGE(USER_ID, GROUP_MESSAGE_ID, READ_TIMESTAMP, REACTION)
VALUES (5, 52, NULL, NULL);
INSERT INTO USER_GROUP_MESSAGE(USER_ID, GROUP_MESSAGE_ID, READ_TIMESTAMP, REACTION)
VALUES (6, 52, NULL, 'angry');
INSERT INTO USER_GROUP_MESSAGE(USER_ID, GROUP_MESSAGE_ID, READ_TIMESTAMP, REACTION)
VALUES (7, 52, NULL, 'angry');
INSERT INTO GROUP_MESSAGE(ID, VALUE, TIMESTAMP, AUTHOR_ID, GROUP_ID)
VALUES (53, 'Test', '2019-11-11', '5', 2);
INSERT INTO USER_GROUP_MESSAGE(USER_ID, GROUP_MESSAGE_ID, READ_TIMESTAMP, REACTION)
VALUES (1, 53, NULL, 'happy');
INSERT INTO USER_GROUP_MESSAGE(USER_ID, GROUP_MESSAGE_ID, READ_TIMESTAMP, REACTION)
VALUES (2, 53, NULL, 'angry');
INSERT INTO USER_GROUP_MESSAGE(USER_ID, GROUP_MESSAGE_ID, READ_TIMESTAMP, REACTION)
VALUES (3, 53, NULL, 'happy');
INSERT INTO USER_GROUP_MESSAGE(USER_ID, GROUP_MESSAGE_ID, READ_TIMESTAMP, REACTION)
VALUES (4, 53, NULL, 'crying');
INSERT INTO USER_GROUP_MESSAGE(USER_ID, GROUP_MESSAGE_ID, READ_TIMESTAMP, REACTION)
VALUES (5, 53, NULL, 'angry');
INSERT INTO USER_GROUP_MESSAGE(USER_ID, GROUP_MESSAGE_ID, READ_TIMESTAMP, REACTION)
VALUES (6, 53, NULL, 'happy');
INSERT INTO USER_GROUP_MESSAGE(USER_ID, GROUP_MESSAGE_ID, READ_TIMESTAMP, REACTION)
VALUES (7, 53, NULL, 'angry');
INSERT INTO GROUP_MESSAGE(ID, VALUE, TIMESTAMP, AUTHOR_ID, GROUP_ID)
VALUES (54, 'Test', '2019-11-10', '3', 2);
INSERT INTO USER_GROUP_MESSAGE(USER_ID, GROUP_MESSAGE_ID, READ_TIMESTAMP, REACTION)
VALUES (1, 54, NULL, 'happy');
INSERT INTO USER_GROUP_MESSAGE(USER_ID, GROUP_MESSAGE_ID, READ_TIMESTAMP, REACTION)
VALUES (2, 54, NULL, 'happy');
INSERT INTO USER_GROUP_MESSAGE(USER_ID, GROUP_MESSAGE_ID, READ_TIMESTAMP, REACTION)
VALUES (3, 54, NULL, 'crying');
INSERT INTO USER_GROUP_MESSAGE(USER_ID, GROUP_MESSAGE_ID, READ_TIMESTAMP, REACTION)
VALUES (4, 54, NULL, 'crying');
INSERT INTO USER_GROUP_MESSAGE(USER_ID, GROUP_MESSAGE_ID, READ_TIMESTAMP, REACTION)
VALUES (5, 54, NULL, 'crying');
INSERT INTO USER_GROUP_MESSAGE(USER_ID, GROUP_MESSAGE_ID, READ_TIMESTAMP, REACTION)
VALUES (6, 54, NULL, 'crying');
INSERT INTO USER_GROUP_MESSAGE(USER_ID, GROUP_MESSAGE_ID, READ_TIMESTAMP, REACTION)
VALUES (7, 54, NULL, NULL);
INSERT INTO GROUP_MESSAGE(ID, VALUE, TIMESTAMP, AUTHOR_ID, GROUP_ID)
VALUES (55, 'Test', '2019-11-09', '3', 2);
INSERT INTO USER_GROUP_MESSAGE(USER_ID, GROUP_MESSAGE_ID, READ_TIMESTAMP, REACTION)
VALUES (1, 55, NULL, 'crying');
INSERT INTO USER_GROUP_MESSAGE(USER_ID, GROUP_MESSAGE_ID, READ_TIMESTAMP, REACTION)
VALUES (2, 55, NULL, 'crying');
INSERT INTO USER_GROUP_MESSAGE(USER_ID, GROUP_MESSAGE_ID, READ_TIMESTAMP, REACTION)
VALUES (3, 55, NULL, 'happy');
INSERT INTO USER_GROUP_MESSAGE(USER_ID, GROUP_MESSAGE_ID, READ_TIMESTAMP, REACTION)
VALUES (4, 55, NULL, 'angry');
INSERT INTO USER_GROUP_MESSAGE(USER_ID, GROUP_MESSAGE_ID, READ_TIMESTAMP, REACTION)
VALUES (5, 55, NULL, 'crying');
INSERT INTO USER_GROUP_MESSAGE(USER_ID, GROUP_MESSAGE_ID, READ_TIMESTAMP, REACTION)
VALUES (6, 55, NULL, 'angry');
INSERT INTO USER_GROUP_MESSAGE(USER_ID, GROUP_MESSAGE_ID, READ_TIMESTAMP, REACTION)
VALUES (7, 55, NULL, 'angry');
INSERT INTO GROUP_MESSAGE(ID, VALUE, TIMESTAMP, AUTHOR_ID, GROUP_ID)
VALUES (56, 'Test', '2019-11-08', '5', 2);
INSERT INTO USER_GROUP_MESSAGE(USER_ID, GROUP_MESSAGE_ID, READ_TIMESTAMP, REACTION)
VALUES (1, 56, NULL, NULL);
INSERT INTO USER_GROUP_MESSAGE(USER_ID, GROUP_MESSAGE_ID, READ_TIMESTAMP, REACTION)
VALUES (2, 56, NULL, NULL);
INSERT INTO USER_GROUP_MESSAGE(USER_ID, GROUP_MESSAGE_ID, READ_TIMESTAMP, REACTION)
VALUES (3, 56, NULL, NULL);
INSERT INTO USER_GROUP_MESSAGE(USER_ID, GROUP_MESSAGE_ID, READ_TIMESTAMP, REACTION)
VALUES (4, 56, NULL, 'happy');
INSERT INTO USER_GROUP_MESSAGE(USER_ID, GROUP_MESSAGE_ID, READ_TIMESTAMP, REACTION)
VALUES (5, 56, NULL, 'crying');
INSERT INTO USER_GROUP_MESSAGE(USER_ID, GROUP_MESSAGE_ID, READ_TIMESTAMP, REACTION)
VALUES (6, 56, NULL, 'angry');
INSERT INTO USER_GROUP_MESSAGE(USER_ID, GROUP_MESSAGE_ID, READ_TIMESTAMP, REACTION)
VALUES (7, 56, NULL, 'happy');
INSERT INTO GROUP_MESSAGE(ID, VALUE, TIMESTAMP, AUTHOR_ID, GROUP_ID)
VALUES (57, 'Test', '2019-11-07', '3', 2);
INSERT INTO USER_GROUP_MESSAGE(USER_ID, GROUP_MESSAGE_ID, READ_TIMESTAMP, REACTION)
VALUES (1, 57, NULL, 'angry');
INSERT INTO USER_GROUP_MESSAGE(USER_ID, GROUP_MESSAGE_ID, READ_TIMESTAMP, REACTION)
VALUES (2, 57, NULL, 'crying');
INSERT INTO USER_GROUP_MESSAGE(USER_ID, GROUP_MESSAGE_ID, READ_TIMESTAMP, REACTION)
VALUES (3, 57, NULL, 'angry');
INSERT INTO USER_GROUP_MESSAGE(USER_ID, GROUP_MESSAGE_ID, READ_TIMESTAMP, REACTION)
VALUES (4, 57, NULL, NULL);
INSERT INTO USER_GROUP_MESSAGE(USER_ID, GROUP_MESSAGE_ID, READ_TIMESTAMP, REACTION)
VALUES (5, 57, NULL, 'angry');
INSERT INTO USER_GROUP_MESSAGE(USER_ID, GROUP_MESSAGE_ID, READ_TIMESTAMP, REACTION)
VALUES (6, 57, NULL, 'angry');
INSERT INTO USER_GROUP_MESSAGE(USER_ID, GROUP_MESSAGE_ID, READ_TIMESTAMP, REACTION)
VALUES (7, 57, NULL, 'crying');
INSERT INTO GROUP_MESSAGE(ID, VALUE, TIMESTAMP, AUTHOR_ID, GROUP_ID)
VALUES (58, 'Test', '2019-11-06', '6', 2);
INSERT INTO USER_GROUP_MESSAGE(USER_ID, GROUP_MESSAGE_ID, READ_TIMESTAMP, REACTION)
VALUES (1, 58, NULL, 'happy');
INSERT INTO USER_GROUP_MESSAGE(USER_ID, GROUP_MESSAGE_ID, READ_TIMESTAMP, REACTION)
VALUES (2, 58, NULL, 'angry');
INSERT INTO USER_GROUP_MESSAGE(USER_ID, GROUP_MESSAGE_ID, READ_TIMESTAMP, REACTION)
VALUES (3, 58, NULL, 'happy');
INSERT INTO USER_GROUP_MESSAGE(USER_ID, GROUP_MESSAGE_ID, READ_TIMESTAMP, REACTION)
VALUES (4, 58, NULL, 'angry');
INSERT INTO USER_GROUP_MESSAGE(USER_ID, GROUP_MESSAGE_ID, READ_TIMESTAMP, REACTION)
VALUES (5, 58, NULL, NULL);
INSERT INTO USER_GROUP_MESSAGE(USER_ID, GROUP_MESSAGE_ID, READ_TIMESTAMP, REACTION)
VALUES (6, 58, NULL, 'crying');
INSERT INTO USER_GROUP_MESSAGE(USER_ID, GROUP_MESSAGE_ID, READ_TIMESTAMP, REACTION)
VALUES (7, 58, NULL, NULL);
INSERT INTO GROUP_MESSAGE(ID, VALUE, TIMESTAMP, AUTHOR_ID, GROUP_ID)
VALUES (59, 'Test', '2019-11-05', '7', 2);
INSERT INTO USER_GROUP_MESSAGE(USER_ID, GROUP_MESSAGE_ID, READ_TIMESTAMP, REACTION)
VALUES (1, 59, NULL, 'crying');
INSERT INTO USER_GROUP_MESSAGE(USER_ID, GROUP_MESSAGE_ID, READ_TIMESTAMP, REACTION)
VALUES (2, 59, NULL, 'angry');
INSERT INTO USER_GROUP_MESSAGE(USER_ID, GROUP_MESSAGE_ID, READ_TIMESTAMP, REACTION)
VALUES (3, 59, NULL, 'happy');
INSERT INTO USER_GROUP_MESSAGE(USER_ID, GROUP_MESSAGE_ID, READ_TIMESTAMP, REACTION)
VALUES (4, 59, NULL, NULL);
INSERT INTO USER_GROUP_MESSAGE(USER_ID, GROUP_MESSAGE_ID, READ_TIMESTAMP, REACTION)
VALUES (5, 59, NULL, 'angry');
INSERT INTO USER_GROUP_MESSAGE(USER_ID, GROUP_MESSAGE_ID, READ_TIMESTAMP, REACTION)
VALUES (6, 59, NULL, NULL);
INSERT INTO USER_GROUP_MESSAGE(USER_ID, GROUP_MESSAGE_ID, READ_TIMESTAMP, REACTION)
VALUES (7, 59, NULL, 'happy');
INSERT INTO GROUP_MESSAGE(ID, VALUE, TIMESTAMP, AUTHOR_ID, GROUP_ID)
VALUES (60, 'Test', '2019-11-04', '2', 2);
INSERT INTO USER_GROUP_MESSAGE(USER_ID, GROUP_MESSAGE_ID, READ_TIMESTAMP, REACTION)
VALUES (1, 60, NULL, 'happy');
INSERT INTO USER_GROUP_MESSAGE(USER_ID, GROUP_MESSAGE_ID, READ_TIMESTAMP, REACTION)
VALUES (2, 60, NULL, 'angry');
INSERT INTO USER_GROUP_MESSAGE(USER_ID, GROUP_MESSAGE_ID, READ_TIMESTAMP, REACTION)
VALUES (3, 60, NULL, NULL);
INSERT INTO USER_GROUP_MESSAGE(USER_ID, GROUP_MESSAGE_ID, READ_TIMESTAMP, REACTION)
VALUES (4, 60, NULL, 'happy');
INSERT INTO USER_GROUP_MESSAGE(USER_ID, GROUP_MESSAGE_ID, READ_TIMESTAMP, REACTION)
VALUES (5, 60, NULL, NULL);
INSERT INTO USER_GROUP_MESSAGE(USER_ID, GROUP_MESSAGE_ID, READ_TIMESTAMP, REACTION)
VALUES (6, 60, NULL, 'angry');
INSERT INTO USER_GROUP_MESSAGE(USER_ID, GROUP_MESSAGE_ID, READ_TIMESTAMP, REACTION)
VALUES (7, 60, NULL, 'happy');
INSERT INTO GROUP_MESSAGE(ID, VALUE, TIMESTAMP, AUTHOR_ID, GROUP_ID)
VALUES (61, 'Test', '2019-11-03', '1', 2);
INSERT INTO USER_GROUP_MESSAGE(USER_ID, GROUP_MESSAGE_ID, READ_TIMESTAMP, REACTION)
VALUES (1, 61, NULL, 'happy');
INSERT INTO USER_GROUP_MESSAGE(USER_ID, GROUP_MESSAGE_ID, READ_TIMESTAMP, REACTION)
VALUES (2, 61, NULL, NULL);
INSERT INTO USER_GROUP_MESSAGE(USER_ID, GROUP_MESSAGE_ID, READ_TIMESTAMP, REACTION)
VALUES (3, 61, NULL, NULL);
INSERT INTO USER_GROUP_MESSAGE(USER_ID, GROUP_MESSAGE_ID, READ_TIMESTAMP, REACTION)
VALUES (4, 61, NULL, 'angry');
INSERT INTO USER_GROUP_MESSAGE(USER_ID, GROUP_MESSAGE_ID, READ_TIMESTAMP, REACTION)
VALUES (5, 61, NULL, NULL);
INSERT INTO USER_GROUP_MESSAGE(USER_ID, GROUP_MESSAGE_ID, READ_TIMESTAMP, REACTION)
VALUES (6, 61, NULL, 'angry');
INSERT INTO USER_GROUP_MESSAGE(USER_ID, GROUP_MESSAGE_ID, READ_TIMESTAMP, REACTION)
VALUES (7, 61, NULL, 'angry');
INSERT INTO GROUP_MESSAGE(ID, VALUE, TIMESTAMP, AUTHOR_ID, GROUP_ID)
VALUES (62, 'Test', '2019-11-02', '4', 2);
INSERT INTO USER_GROUP_MESSAGE(USER_ID, GROUP_MESSAGE_ID, READ_TIMESTAMP, REACTION)
VALUES (1, 62, NULL, 'happy');
INSERT INTO USER_GROUP_MESSAGE(USER_ID, GROUP_MESSAGE_ID, READ_TIMESTAMP, REACTION)
VALUES (2, 62, NULL, NULL);
INSERT INTO USER_GROUP_MESSAGE(USER_ID, GROUP_MESSAGE_ID, READ_TIMESTAMP, REACTION)
VALUES (3, 62, NULL, 'happy');
INSERT INTO USER_GROUP_MESSAGE(USER_ID, GROUP_MESSAGE_ID, READ_TIMESTAMP, REACTION)
VALUES (4, 62, NULL, 'angry');
INSERT INTO USER_GROUP_MESSAGE(USER_ID, GROUP_MESSAGE_ID, READ_TIMESTAMP, REACTION)
VALUES (5, 62, NULL, 'happy');
INSERT INTO USER_GROUP_MESSAGE(USER_ID, GROUP_MESSAGE_ID, READ_TIMESTAMP, REACTION)
VALUES (6, 62, NULL, 'angry');
INSERT INTO USER_GROUP_MESSAGE(USER_ID, GROUP_MESSAGE_ID, READ_TIMESTAMP, REACTION)
VALUES (7, 62, NULL, NULL);
INSERT INTO GROUP_MESSAGE(ID, VALUE, TIMESTAMP, AUTHOR_ID, GROUP_ID)
VALUES (63, 'Test', '2019-11-01', '7', 2);
INSERT INTO USER_GROUP_MESSAGE(USER_ID, GROUP_MESSAGE_ID, READ_TIMESTAMP, REACTION)
VALUES (1, 63, NULL, 'crying');
INSERT INTO USER_GROUP_MESSAGE(USER_ID, GROUP_MESSAGE_ID, READ_TIMESTAMP, REACTION)
VALUES (2, 63, NULL, 'angry');
INSERT INTO USER_GROUP_MESSAGE(USER_ID, GROUP_MESSAGE_ID, READ_TIMESTAMP, REACTION)
VALUES (3, 63, NULL, 'crying');
INSERT INTO USER_GROUP_MESSAGE(USER_ID, GROUP_MESSAGE_ID, READ_TIMESTAMP, REACTION)
VALUES (4, 63, NULL, 'crying');
INSERT INTO USER_GROUP_MESSAGE(USER_ID, GROUP_MESSAGE_ID, READ_TIMESTAMP, REACTION)
VALUES (5, 63, NULL, NULL);
INSERT INTO USER_GROUP_MESSAGE(USER_ID, GROUP_MESSAGE_ID, READ_TIMESTAMP, REACTION)
VALUES (6, 63, NULL, 'happy');
INSERT INTO USER_GROUP_MESSAGE(USER_ID, GROUP_MESSAGE_ID, READ_TIMESTAMP, REACTION)
VALUES (7, 63, NULL, 'happy');
INSERT INTO GROUP_MESSAGE(ID, VALUE, TIMESTAMP, AUTHOR_ID, GROUP_ID)
VALUES (64, 'Test', '2019-10-31', '3', 2);
INSERT INTO USER_GROUP_MESSAGE(USER_ID, GROUP_MESSAGE_ID, READ_TIMESTAMP, REACTION)
VALUES (1, 64, NULL, 'angry');
INSERT INTO USER_GROUP_MESSAGE(USER_ID, GROUP_MESSAGE_ID, READ_TIMESTAMP, REACTION)
VALUES (2, 64, NULL, NULL);
INSERT INTO USER_GROUP_MESSAGE(USER_ID, GROUP_MESSAGE_ID, READ_TIMESTAMP, REACTION)
VALUES (3, 64, NULL, 'happy');
INSERT INTO USER_GROUP_MESSAGE(USER_ID, GROUP_MESSAGE_ID, READ_TIMESTAMP, REACTION)
VALUES (4, 64, NULL, 'angry');
INSERT INTO USER_GROUP_MESSAGE(USER_ID, GROUP_MESSAGE_ID, READ_TIMESTAMP, REACTION)
VALUES (5, 64, NULL, 'angry');
INSERT INTO USER_GROUP_MESSAGE(USER_ID, GROUP_MESSAGE_ID, READ_TIMESTAMP, REACTION)
VALUES (6, 64, NULL, 'happy');
INSERT INTO USER_GROUP_MESSAGE(USER_ID, GROUP_MESSAGE_ID, READ_TIMESTAMP, REACTION)
VALUES (7, 64, NULL, 'happy');
INSERT INTO GROUP_MESSAGE(ID, VALUE, TIMESTAMP, AUTHOR_ID, GROUP_ID)
VALUES (65, 'Test', '2019-10-30', '6', 2);
INSERT INTO USER_GROUP_MESSAGE(USER_ID, GROUP_MESSAGE_ID, READ_TIMESTAMP, REACTION)
VALUES (1, 65, NULL, 'angry');
INSERT INTO USER_GROUP_MESSAGE(USER_ID, GROUP_MESSAGE_ID, READ_TIMESTAMP, REACTION)
VALUES (2, 65, NULL, 'crying');
INSERT INTO USER_GROUP_MESSAGE(USER_ID, GROUP_MESSAGE_ID, READ_TIMESTAMP, REACTION)
VALUES (3, 65, NULL, 'angry');
INSERT INTO USER_GROUP_MESSAGE(USER_ID, GROUP_MESSAGE_ID, READ_TIMESTAMP, REACTION)
VALUES (4, 65, NULL, 'happy');
INSERT INTO USER_GROUP_MESSAGE(USER_ID, GROUP_MESSAGE_ID, READ_TIMESTAMP, REACTION)
VALUES (5, 65, NULL, 'angry');
INSERT INTO USER_GROUP_MESSAGE(USER_ID, GROUP_MESSAGE_ID, READ_TIMESTAMP, REACTION)
VALUES (6, 65, NULL, 'happy');
INSERT INTO USER_GROUP_MESSAGE(USER_ID, GROUP_MESSAGE_ID, READ_TIMESTAMP, REACTION)
VALUES (7, 65, NULL, 'happy');
INSERT INTO GROUP_MESSAGE(ID, VALUE, TIMESTAMP, AUTHOR_ID, GROUP_ID)
VALUES (66, 'Test', '2019-10-29', '2', 2);
INSERT INTO USER_GROUP_MESSAGE(USER_ID, GROUP_MESSAGE_ID, READ_TIMESTAMP, REACTION)
VALUES (1, 66, NULL, NULL);
INSERT INTO USER_GROUP_MESSAGE(USER_ID, GROUP_MESSAGE_ID, READ_TIMESTAMP, REACTION)
VALUES (2, 66, NULL, NULL);
INSERT INTO USER_GROUP_MESSAGE(USER_ID, GROUP_MESSAGE_ID, READ_TIMESTAMP, REACTION)
VALUES (3, 66, NULL, 'crying');
INSERT INTO USER_GROUP_MESSAGE(USER_ID, GROUP_MESSAGE_ID, READ_TIMESTAMP, REACTION)
VALUES (4, 66, NULL, 'crying');
INSERT INTO USER_GROUP_MESSAGE(USER_ID, GROUP_MESSAGE_ID, READ_TIMESTAMP, REACTION)
VALUES (5, 66, NULL, 'angry');
INSERT INTO USER_GROUP_MESSAGE(USER_ID, GROUP_MESSAGE_ID, READ_TIMESTAMP, REACTION)
VALUES (6, 66, NULL, NULL);
INSERT INTO USER_GROUP_MESSAGE(USER_ID, GROUP_MESSAGE_ID, READ_TIMESTAMP, REACTION)
VALUES (7, 66, NULL, NULL);
INSERT INTO GROUP_MESSAGE(ID, VALUE, TIMESTAMP, AUTHOR_ID, GROUP_ID)
VALUES (67, 'Test', '2019-10-28', '6', 2);
INSERT INTO USER_GROUP_MESSAGE(USER_ID, GROUP_MESSAGE_ID, READ_TIMESTAMP, REACTION)
VALUES (1, 67, NULL, 'angry');
INSERT INTO USER_GROUP_MESSAGE(USER_ID, GROUP_MESSAGE_ID, READ_TIMESTAMP, REACTION)
VALUES (2, 67, NULL, 'happy');
INSERT INTO USER_GROUP_MESSAGE(USER_ID, GROUP_MESSAGE_ID, READ_TIMESTAMP, REACTION)
VALUES (3, 67, NULL, NULL);
INSERT INTO USER_GROUP_MESSAGE(USER_ID, GROUP_MESSAGE_ID, READ_TIMESTAMP, REACTION)
VALUES (4, 67, NULL, 'happy');
INSERT INTO USER_GROUP_MESSAGE(USER_ID, GROUP_MESSAGE_ID, READ_TIMESTAMP, REACTION)
VALUES (5, 67, NULL, 'angry');
INSERT INTO USER_GROUP_MESSAGE(USER_ID, GROUP_MESSAGE_ID, READ_TIMESTAMP, REACTION)
VALUES (6, 67, NULL, 'crying');
INSERT INTO USER_GROUP_MESSAGE(USER_ID, GROUP_MESSAGE_ID, READ_TIMESTAMP, REACTION)
VALUES (7, 67, NULL, 'happy');
INSERT INTO GROUP_MESSAGE(ID, VALUE, TIMESTAMP, AUTHOR_ID, GROUP_ID)
VALUES (68, 'Test', '2019-10-27', '4', 2);
INSERT INTO USER_GROUP_MESSAGE(USER_ID, GROUP_MESSAGE_ID, READ_TIMESTAMP, REACTION)
VALUES (1, 68, NULL, 'angry');
INSERT INTO USER_GROUP_MESSAGE(USER_ID, GROUP_MESSAGE_ID, READ_TIMESTAMP, REACTION)
VALUES (2, 68, NULL, NULL);
INSERT INTO USER_GROUP_MESSAGE(USER_ID, GROUP_MESSAGE_ID, READ_TIMESTAMP, REACTION)
VALUES (3, 68, NULL, 'angry');
INSERT INTO USER_GROUP_MESSAGE(USER_ID, GROUP_MESSAGE_ID, READ_TIMESTAMP, REACTION)
VALUES (4, 68, NULL, 'crying');
INSERT INTO USER_GROUP_MESSAGE(USER_ID, GROUP_MESSAGE_ID, READ_TIMESTAMP, REACTION)
VALUES (5, 68, NULL, 'crying');
INSERT INTO USER_GROUP_MESSAGE(USER_ID, GROUP_MESSAGE_ID, READ_TIMESTAMP, REACTION)
VALUES (6, 68, NULL, NULL);
INSERT INTO USER_GROUP_MESSAGE(USER_ID, GROUP_MESSAGE_ID, READ_TIMESTAMP, REACTION)
VALUES (7, 68, NULL, 'crying');
INSERT INTO GROUP_MESSAGE(ID, VALUE, TIMESTAMP, AUTHOR_ID, GROUP_ID)
VALUES (69, 'Test', '2019-10-26', '6', 2);
INSERT INTO USER_GROUP_MESSAGE(USER_ID, GROUP_MESSAGE_ID, READ_TIMESTAMP, REACTION)
VALUES (1, 69, NULL, 'happy');
INSERT INTO USER_GROUP_MESSAGE(USER_ID, GROUP_MESSAGE_ID, READ_TIMESTAMP, REACTION)
VALUES (2, 69, NULL, 'happy');
INSERT INTO USER_GROUP_MESSAGE(USER_ID, GROUP_MESSAGE_ID, READ_TIMESTAMP, REACTION)
VALUES (3, 69, NULL, 'happy');
INSERT INTO USER_GROUP_MESSAGE(USER_ID, GROUP_MESSAGE_ID, READ_TIMESTAMP, REACTION)
VALUES (4, 69, NULL, 'crying');
INSERT INTO USER_GROUP_MESSAGE(USER_ID, GROUP_MESSAGE_ID, READ_TIMESTAMP, REACTION)
VALUES (5, 69, NULL, 'happy');
INSERT INTO USER_GROUP_MESSAGE(USER_ID, GROUP_MESSAGE_ID, READ_TIMESTAMP, REACTION)
VALUES (6, 69, NULL, 'happy');
INSERT INTO USER_GROUP_MESSAGE(USER_ID, GROUP_MESSAGE_ID, READ_TIMESTAMP, REACTION)
VALUES (7, 69, NULL, NULL);
INSERT INTO GROUP_MESSAGE(ID, VALUE, TIMESTAMP, AUTHOR_ID, GROUP_ID)
VALUES (70, 'Test', '2019-10-25', '7', 2);
INSERT INTO USER_GROUP_MESSAGE(USER_ID, GROUP_MESSAGE_ID, READ_TIMESTAMP, REACTION)
VALUES (1, 70, NULL, 'angry');
INSERT INTO USER_GROUP_MESSAGE(USER_ID, GROUP_MESSAGE_ID, READ_TIMESTAMP, REACTION)
VALUES (2, 70, NULL, 'happy');
INSERT INTO USER_GROUP_MESSAGE(USER_ID, GROUP_MESSAGE_ID, READ_TIMESTAMP, REACTION)
VALUES (3, 70, NULL, NULL);
INSERT INTO USER_GROUP_MESSAGE(USER_ID, GROUP_MESSAGE_ID, READ_TIMESTAMP, REACTION)
VALUES (4, 70, NULL, 'happy');
INSERT INTO USER_GROUP_MESSAGE(USER_ID, GROUP_MESSAGE_ID, READ_TIMESTAMP, REACTION)
VALUES (5, 70, NULL, 'crying');
INSERT INTO USER_GROUP_MESSAGE(USER_ID, GROUP_MESSAGE_ID, READ_TIMESTAMP, REACTION)
VALUES (6, 70, NULL, NULL);
INSERT INTO USER_GROUP_MESSAGE(USER_ID, GROUP_MESSAGE_ID, READ_TIMESTAMP, REACTION)
VALUES (7, 70, NULL, 'angry');
INSERT INTO GROUP_MESSAGE(ID, VALUE, TIMESTAMP, AUTHOR_ID, GROUP_ID)
VALUES (71, 'Test', '2019-10-24', '6', 2);
INSERT INTO USER_GROUP_MESSAGE(USER_ID, GROUP_MESSAGE_ID, READ_TIMESTAMP, REACTION)
VALUES (1, 71, NULL, 'happy');
INSERT INTO USER_GROUP_MESSAGE(USER_ID, GROUP_MESSAGE_ID, READ_TIMESTAMP, REACTION)
VALUES (2, 71, NULL, NULL);
INSERT INTO USER_GROUP_MESSAGE(USER_ID, GROUP_MESSAGE_ID, READ_TIMESTAMP, REACTION)
VALUES (3, 71, NULL, 'happy');
INSERT INTO USER_GROUP_MESSAGE(USER_ID, GROUP_MESSAGE_ID, READ_TIMESTAMP, REACTION)
VALUES (4, 71, NULL, 'happy');
INSERT INTO USER_GROUP_MESSAGE(USER_ID, GROUP_MESSAGE_ID, READ_TIMESTAMP, REACTION)
VALUES (5, 71, NULL, 'happy');
INSERT INTO USER_GROUP_MESSAGE(USER_ID, GROUP_MESSAGE_ID, READ_TIMESTAMP, REACTION)
VALUES (6, 71, NULL, 'angry');
INSERT INTO USER_GROUP_MESSAGE(USER_ID, GROUP_MESSAGE_ID, READ_TIMESTAMP, REACTION)
VALUES (7, 71, NULL, 'happy');
INSERT INTO GROUP_MESSAGE(ID, VALUE, TIMESTAMP, AUTHOR_ID, GROUP_ID)
VALUES (72, 'Test', '2019-10-23', '7', 2);
INSERT INTO USER_GROUP_MESSAGE(USER_ID, GROUP_MESSAGE_ID, READ_TIMESTAMP, REACTION)
VALUES (1, 72, NULL, 'happy');
INSERT INTO USER_GROUP_MESSAGE(USER_ID, GROUP_MESSAGE_ID, READ_TIMESTAMP, REACTION)
VALUES (2, 72, NULL, 'crying');
INSERT INTO USER_GROUP_MESSAGE(USER_ID, GROUP_MESSAGE_ID, READ_TIMESTAMP, REACTION)
VALUES (3, 72, NULL, 'happy');
INSERT INTO USER_GROUP_MESSAGE(USER_ID, GROUP_MESSAGE_ID, READ_TIMESTAMP, REACTION)
VALUES (4, 72, NULL, 'crying');
INSERT INTO USER_GROUP_MESSAGE(USER_ID, GROUP_MESSAGE_ID, READ_TIMESTAMP, REACTION)
VALUES (5, 72, NULL, 'crying');
INSERT INTO USER_GROUP_MESSAGE(USER_ID, GROUP_MESSAGE_ID, READ_TIMESTAMP, REACTION)
VALUES (6, 72, NULL, 'happy');
INSERT INTO USER_GROUP_MESSAGE(USER_ID, GROUP_MESSAGE_ID, READ_TIMESTAMP, REACTION)
VALUES (7, 72, NULL, 'crying');
INSERT INTO GROUP_MESSAGE(ID, VALUE, TIMESTAMP, AUTHOR_ID, GROUP_ID)
VALUES (73, 'Test', '2019-10-22', '2', 2);
INSERT INTO USER_GROUP_MESSAGE(USER_ID, GROUP_MESSAGE_ID, READ_TIMESTAMP, REACTION)
VALUES (1, 73, NULL, 'angry');
INSERT INTO USER_GROUP_MESSAGE(USER_ID, GROUP_MESSAGE_ID, READ_TIMESTAMP, REACTION)
VALUES (2, 73, NULL, 'angry');
INSERT INTO USER_GROUP_MESSAGE(USER_ID, GROUP_MESSAGE_ID, READ_TIMESTAMP, REACTION)
VALUES (3, 73, NULL, 'happy');
INSERT INTO USER_GROUP_MESSAGE(USER_ID, GROUP_MESSAGE_ID, READ_TIMESTAMP, REACTION)
VALUES (4, 73, NULL, 'angry');
INSERT INTO USER_GROUP_MESSAGE(USER_ID, GROUP_MESSAGE_ID, READ_TIMESTAMP, REACTION)
VALUES (5, 73, NULL, 'happy');
INSERT INTO USER_GROUP_MESSAGE(USER_ID, GROUP_MESSAGE_ID, READ_TIMESTAMP, REACTION)
VALUES (6, 73, NULL, 'angry');
INSERT INTO USER_GROUP_MESSAGE(USER_ID, GROUP_MESSAGE_ID, READ_TIMESTAMP, REACTION)
VALUES (7, 73, NULL, 'crying');
INSERT INTO GROUP_MESSAGE(ID, VALUE, TIMESTAMP, AUTHOR_ID, GROUP_ID)
VALUES (74, 'Test', '2019-10-21', '4', 2);
INSERT INTO USER_GROUP_MESSAGE(USER_ID, GROUP_MESSAGE_ID, READ_TIMESTAMP, REACTION)
VALUES (1, 74, NULL, NULL);
INSERT INTO USER_GROUP_MESSAGE(USER_ID, GROUP_MESSAGE_ID, READ_TIMESTAMP, REACTION)
VALUES (2, 74, NULL, 'angry');
INSERT INTO USER_GROUP_MESSAGE(USER_ID, GROUP_MESSAGE_ID, READ_TIMESTAMP, REACTION)
VALUES (3, 74, NULL, 'angry');
INSERT INTO USER_GROUP_MESSAGE(USER_ID, GROUP_MESSAGE_ID, READ_TIMESTAMP, REACTION)
VALUES (4, 74, NULL, NULL);
INSERT INTO USER_GROUP_MESSAGE(USER_ID, GROUP_MESSAGE_ID, READ_TIMESTAMP, REACTION)
VALUES (5, 74, NULL, 'angry');
INSERT INTO USER_GROUP_MESSAGE(USER_ID, GROUP_MESSAGE_ID, READ_TIMESTAMP, REACTION)
VALUES (6, 74, NULL, 'crying');
INSERT INTO USER_GROUP_MESSAGE(USER_ID, GROUP_MESSAGE_ID, READ_TIMESTAMP, REACTION)
VALUES (7, 74, NULL, 'crying');
INSERT INTO GROUP_MESSAGE(ID, VALUE, TIMESTAMP, AUTHOR_ID, GROUP_ID)
VALUES (75, 'Test', '2019-10-20', '4', 2);
INSERT INTO USER_GROUP_MESSAGE(USER_ID, GROUP_MESSAGE_ID, READ_TIMESTAMP, REACTION)
VALUES (1, 75, NULL, 'happy');
INSERT INTO USER_GROUP_MESSAGE(USER_ID, GROUP_MESSAGE_ID, READ_TIMESTAMP, REACTION)
VALUES (2, 75, NULL, 'crying');
INSERT INTO USER_GROUP_MESSAGE(USER_ID, GROUP_MESSAGE_ID, READ_TIMESTAMP, REACTION)
VALUES (3, 75, NULL, 'happy');
INSERT INTO USER_GROUP_MESSAGE(USER_ID, GROUP_MESSAGE_ID, READ_TIMESTAMP, REACTION)
VALUES (4, 75, NULL, NULL);
INSERT INTO USER_GROUP_MESSAGE(USER_ID, GROUP_MESSAGE_ID, READ_TIMESTAMP, REACTION)
VALUES (5, 75, NULL, 'crying');
INSERT INTO USER_GROUP_MESSAGE(USER_ID, GROUP_MESSAGE_ID, READ_TIMESTAMP, REACTION)
VALUES (6, 75, NULL, 'happy');
INSERT INTO USER_GROUP_MESSAGE(USER_ID, GROUP_MESSAGE_ID, READ_TIMESTAMP, REACTION)
VALUES (7, 75, NULL, 'happy');
INSERT INTO GROUP_MESSAGE(ID, VALUE, TIMESTAMP, AUTHOR_ID, GROUP_ID)
VALUES (76, 'Test', '2019-10-19', '2', 2);
INSERT INTO USER_GROUP_MESSAGE(USER_ID, GROUP_MESSAGE_ID, READ_TIMESTAMP, REACTION)
VALUES (1, 76, NULL, NULL);
INSERT INTO USER_GROUP_MESSAGE(USER_ID, GROUP_MESSAGE_ID, READ_TIMESTAMP, REACTION)
VALUES (2, 76, NULL, 'crying');
INSERT INTO USER_GROUP_MESSAGE(USER_ID, GROUP_MESSAGE_ID, READ_TIMESTAMP, REACTION)
VALUES (3, 76, NULL, NULL);
INSERT INTO USER_GROUP_MESSAGE(USER_ID, GROUP_MESSAGE_ID, READ_TIMESTAMP, REACTION)
VALUES (4, 76, NULL, 'happy');
INSERT INTO USER_GROUP_MESSAGE(USER_ID, GROUP_MESSAGE_ID, READ_TIMESTAMP, REACTION)
VALUES (5, 76, NULL, 'happy');
INSERT INTO USER_GROUP_MESSAGE(USER_ID, GROUP_MESSAGE_ID, READ_TIMESTAMP, REACTION)
VALUES (6, 76, NULL, 'happy');
INSERT INTO USER_GROUP_MESSAGE(USER_ID, GROUP_MESSAGE_ID, READ_TIMESTAMP, REACTION)
VALUES (7, 76, NULL, 'angry');
INSERT INTO GROUP_MESSAGE(ID, VALUE, TIMESTAMP, AUTHOR_ID, GROUP_ID)
VALUES (77, 'Test', '2019-10-18', '7', 2);
INSERT INTO USER_GROUP_MESSAGE(USER_ID, GROUP_MESSAGE_ID, READ_TIMESTAMP, REACTION)
VALUES (1, 77, NULL, NULL);
INSERT INTO USER_GROUP_MESSAGE(USER_ID, GROUP_MESSAGE_ID, READ_TIMESTAMP, REACTION)
VALUES (2, 77, NULL, NULL);
INSERT INTO USER_GROUP_MESSAGE(USER_ID, GROUP_MESSAGE_ID, READ_TIMESTAMP, REACTION)
VALUES (3, 77, NULL, 'happy');
INSERT INTO USER_GROUP_MESSAGE(USER_ID, GROUP_MESSAGE_ID, READ_TIMESTAMP, REACTION)
VALUES (4, 77, NULL, 'crying');
INSERT INTO USER_GROUP_MESSAGE(USER_ID, GROUP_MESSAGE_ID, READ_TIMESTAMP, REACTION)
VALUES (5, 77, NULL, NULL);
INSERT INTO USER_GROUP_MESSAGE(USER_ID, GROUP_MESSAGE_ID, READ_TIMESTAMP, REACTION)
VALUES (6, 77, NULL, 'crying');
INSERT INTO USER_GROUP_MESSAGE(USER_ID, GROUP_MESSAGE_ID, READ_TIMESTAMP, REACTION)
VALUES (7, 77, NULL, 'angry');
INSERT INTO GROUP_MESSAGE(ID, VALUE, TIMESTAMP, AUTHOR_ID, GROUP_ID)
VALUES (78, 'Test', '2019-10-17', '4', 2);
INSERT INTO USER_GROUP_MESSAGE(USER_ID, GROUP_MESSAGE_ID, READ_TIMESTAMP, REACTION)
VALUES (1, 78, NULL, NULL);
INSERT INTO USER_GROUP_MESSAGE(USER_ID, GROUP_MESSAGE_ID, READ_TIMESTAMP, REACTION)
VALUES (2, 78, NULL, NULL);
INSERT INTO USER_GROUP_MESSAGE(USER_ID, GROUP_MESSAGE_ID, READ_TIMESTAMP, REACTION)
VALUES (3, 78, NULL, 'crying');
INSERT INTO USER_GROUP_MESSAGE(USER_ID, GROUP_MESSAGE_ID, READ_TIMESTAMP, REACTION)
VALUES (4, 78, NULL, 'happy');
INSERT INTO USER_GROUP_MESSAGE(USER_ID, GROUP_MESSAGE_ID, READ_TIMESTAMP, REACTION)
VALUES (5, 78, NULL, NULL);
INSERT INTO USER_GROUP_MESSAGE(USER_ID, GROUP_MESSAGE_ID, READ_TIMESTAMP, REACTION)
VALUES (6, 78, NULL, 'crying');
INSERT INTO USER_GROUP_MESSAGE(USER_ID, GROUP_MESSAGE_ID, READ_TIMESTAMP, REACTION)
VALUES (7, 78, NULL, 'angry');
INSERT INTO GROUP_MESSAGE(ID, VALUE, TIMESTAMP, AUTHOR_ID, GROUP_ID)
VALUES (79, 'Test', '2019-10-16', '7', 2);
INSERT INTO USER_GROUP_MESSAGE(USER_ID, GROUP_MESSAGE_ID, READ_TIMESTAMP, REACTION)
VALUES (1, 79, NULL, NULL);
INSERT INTO USER_GROUP_MESSAGE(USER_ID, GROUP_MESSAGE_ID, READ_TIMESTAMP, REACTION)
VALUES (2, 79, NULL, 'happy');
INSERT INTO USER_GROUP_MESSAGE(USER_ID, GROUP_MESSAGE_ID, READ_TIMESTAMP, REACTION)
VALUES (3, 79, NULL, NULL);
INSERT INTO USER_GROUP_MESSAGE(USER_ID, GROUP_MESSAGE_ID, READ_TIMESTAMP, REACTION)
VALUES (4, 79, NULL, NULL);
INSERT INTO USER_GROUP_MESSAGE(USER_ID, GROUP_MESSAGE_ID, READ_TIMESTAMP, REACTION)
VALUES (5, 79, NULL, 'crying');
INSERT INTO USER_GROUP_MESSAGE(USER_ID, GROUP_MESSAGE_ID, READ_TIMESTAMP, REACTION)
VALUES (6, 79, NULL, NULL);
INSERT INTO USER_GROUP_MESSAGE(USER_ID, GROUP_MESSAGE_ID, READ_TIMESTAMP, REACTION)
VALUES (7, 79, NULL, 'angry');
INSERT INTO GROUP_MESSAGE(ID, VALUE, TIMESTAMP, AUTHOR_ID, GROUP_ID)
VALUES (80, 'Test', '2019-10-15', '6', 2);
INSERT INTO USER_GROUP_MESSAGE(USER_ID, GROUP_MESSAGE_ID, READ_TIMESTAMP, REACTION)
VALUES (1, 80, NULL, 'crying');
INSERT INTO USER_GROUP_MESSAGE(USER_ID, GROUP_MESSAGE_ID, READ_TIMESTAMP, REACTION)
VALUES (2, 80, NULL, 'angry');
INSERT INTO USER_GROUP_MESSAGE(USER_ID, GROUP_MESSAGE_ID, READ_TIMESTAMP, REACTION)
VALUES (3, 80, NULL, 'angry');
INSERT INTO USER_GROUP_MESSAGE(USER_ID, GROUP_MESSAGE_ID, READ_TIMESTAMP, REACTION)
VALUES (4, 80, NULL, 'happy');
INSERT INTO USER_GROUP_MESSAGE(USER_ID, GROUP_MESSAGE_ID, READ_TIMESTAMP, REACTION)
VALUES (5, 80, NULL, 'happy');
INSERT INTO USER_GROUP_MESSAGE(USER_ID, GROUP_MESSAGE_ID, READ_TIMESTAMP, REACTION)
VALUES (6, 80, NULL, 'angry');
INSERT INTO USER_GROUP_MESSAGE(USER_ID, GROUP_MESSAGE_ID, READ_TIMESTAMP, REACTION)
VALUES (7, 80, NULL, 'crying');
INSERT INTO GROUP_MESSAGE(ID, VALUE, TIMESTAMP, AUTHOR_ID, GROUP_ID)
VALUES (81, 'Test', '2019-10-14', '1', 2);
INSERT INTO USER_GROUP_MESSAGE(USER_ID, GROUP_MESSAGE_ID, READ_TIMESTAMP, REACTION)
VALUES (1, 81, NULL, NULL);
INSERT INTO USER_GROUP_MESSAGE(USER_ID, GROUP_MESSAGE_ID, READ_TIMESTAMP, REACTION)
VALUES (2, 81, NULL, 'happy');
INSERT INTO USER_GROUP_MESSAGE(USER_ID, GROUP_MESSAGE_ID, READ_TIMESTAMP, REACTION)
VALUES (3, 81, NULL, NULL);
INSERT INTO USER_GROUP_MESSAGE(USER_ID, GROUP_MESSAGE_ID, READ_TIMESTAMP, REACTION)
VALUES (4, 81, NULL, 'angry');
INSERT INTO USER_GROUP_MESSAGE(USER_ID, GROUP_MESSAGE_ID, READ_TIMESTAMP, REACTION)
VALUES (5, 81, NULL, 'crying');
INSERT INTO USER_GROUP_MESSAGE(USER_ID, GROUP_MESSAGE_ID, READ_TIMESTAMP, REACTION)
VALUES (6, 81, NULL, 'angry');
INSERT INTO USER_GROUP_MESSAGE(USER_ID, GROUP_MESSAGE_ID, READ_TIMESTAMP, REACTION)
VALUES (7, 81, NULL, 'happy');
INSERT INTO GROUP_MESSAGE(ID, VALUE, TIMESTAMP, AUTHOR_ID, GROUP_ID)
VALUES (82, 'Test', '2019-10-13', '3', 2);
INSERT INTO USER_GROUP_MESSAGE(USER_ID, GROUP_MESSAGE_ID, READ_TIMESTAMP, REACTION)
VALUES (1, 82, NULL, NULL);
INSERT INTO USER_GROUP_MESSAGE(USER_ID, GROUP_MESSAGE_ID, READ_TIMESTAMP, REACTION)
VALUES (2, 82, NULL, 'angry');
INSERT INTO USER_GROUP_MESSAGE(USER_ID, GROUP_MESSAGE_ID, READ_TIMESTAMP, REACTION)
VALUES (3, 82, NULL, 'angry');
INSERT INTO USER_GROUP_MESSAGE(USER_ID, GROUP_MESSAGE_ID, READ_TIMESTAMP, REACTION)
VALUES (4, 82, NULL, 'angry');
INSERT INTO USER_GROUP_MESSAGE(USER_ID, GROUP_MESSAGE_ID, READ_TIMESTAMP, REACTION)
VALUES (5, 82, NULL, 'crying');
INSERT INTO USER_GROUP_MESSAGE(USER_ID, GROUP_MESSAGE_ID, READ_TIMESTAMP, REACTION)
VALUES (6, 82, NULL, NULL);
INSERT INTO USER_GROUP_MESSAGE(USER_ID, GROUP_MESSAGE_ID, READ_TIMESTAMP, REACTION)
VALUES (7, 82, NULL, 'angry');
INSERT INTO GROUP_MESSAGE(ID, VALUE, TIMESTAMP, AUTHOR_ID, GROUP_ID)
VALUES (83, 'Test', '2019-10-12', '5', 2);
INSERT INTO USER_GROUP_MESSAGE(USER_ID, GROUP_MESSAGE_ID, READ_TIMESTAMP, REACTION)
VALUES (1, 83, NULL, 'happy');
INSERT INTO USER_GROUP_MESSAGE(USER_ID, GROUP_MESSAGE_ID, READ_TIMESTAMP, REACTION)
VALUES (2, 83, NULL, 'angry');
INSERT INTO USER_GROUP_MESSAGE(USER_ID, GROUP_MESSAGE_ID, READ_TIMESTAMP, REACTION)
VALUES (3, 83, NULL, 'angry');
INSERT INTO USER_GROUP_MESSAGE(USER_ID, GROUP_MESSAGE_ID, READ_TIMESTAMP, REACTION)
VALUES (4, 83, NULL, 'angry');
INSERT INTO USER_GROUP_MESSAGE(USER_ID, GROUP_MESSAGE_ID, READ_TIMESTAMP, REACTION)
VALUES (5, 83, NULL, 'crying');
INSERT INTO USER_GROUP_MESSAGE(USER_ID, GROUP_MESSAGE_ID, READ_TIMESTAMP, REACTION)
VALUES (6, 83, NULL, 'angry');
INSERT INTO USER_GROUP_MESSAGE(USER_ID, GROUP_MESSAGE_ID, READ_TIMESTAMP, REACTION)
VALUES (7, 83, NULL, 'crying');
INSERT INTO GROUP_MESSAGE(ID, VALUE, TIMESTAMP, AUTHOR_ID, GROUP_ID)
VALUES (84, 'Test', '2019-10-11', '2', 2);
INSERT INTO USER_GROUP_MESSAGE(USER_ID, GROUP_MESSAGE_ID, READ_TIMESTAMP, REACTION)
VALUES (1, 84, NULL, NULL);
INSERT INTO USER_GROUP_MESSAGE(USER_ID, GROUP_MESSAGE_ID, READ_TIMESTAMP, REACTION)
VALUES (2, 84, NULL, 'crying');
INSERT INTO USER_GROUP_MESSAGE(USER_ID, GROUP_MESSAGE_ID, READ_TIMESTAMP, REACTION)
VALUES (3, 84, NULL, 'happy');
INSERT INTO USER_GROUP_MESSAGE(USER_ID, GROUP_MESSAGE_ID, READ_TIMESTAMP, REACTION)
VALUES (4, 84, NULL, NULL);
INSERT INTO USER_GROUP_MESSAGE(USER_ID, GROUP_MESSAGE_ID, READ_TIMESTAMP, REACTION)
VALUES (5, 84, NULL, 'happy');
INSERT INTO USER_GROUP_MESSAGE(USER_ID, GROUP_MESSAGE_ID, READ_TIMESTAMP, REACTION)
VALUES (6, 84, NULL, 'crying');
INSERT INTO USER_GROUP_MESSAGE(USER_ID, GROUP_MESSAGE_ID, READ_TIMESTAMP, REACTION)
VALUES (7, 84, NULL, 'happy');
INSERT INTO GROUP_MESSAGE(ID, VALUE, TIMESTAMP, AUTHOR_ID, GROUP_ID)
VALUES (85, 'Test', '2019-10-10', '1', 2);
INSERT INTO USER_GROUP_MESSAGE(USER_ID, GROUP_MESSAGE_ID, READ_TIMESTAMP, REACTION)
VALUES (1, 85, NULL, 'crying');
INSERT INTO USER_GROUP_MESSAGE(USER_ID, GROUP_MESSAGE_ID, READ_TIMESTAMP, REACTION)
VALUES (2, 85, NULL, 'angry');
INSERT INTO USER_GROUP_MESSAGE(USER_ID, GROUP_MESSAGE_ID, READ_TIMESTAMP, REACTION)
VALUES (3, 85, NULL, 'angry');
INSERT INTO USER_GROUP_MESSAGE(USER_ID, GROUP_MESSAGE_ID, READ_TIMESTAMP, REACTION)
VALUES (4, 85, NULL, 'angry');
INSERT INTO USER_GROUP_MESSAGE(USER_ID, GROUP_MESSAGE_ID, READ_TIMESTAMP, REACTION)
VALUES (5, 85, NULL, 'happy');
INSERT INTO USER_GROUP_MESSAGE(USER_ID, GROUP_MESSAGE_ID, READ_TIMESTAMP, REACTION)
VALUES (6, 85, NULL, 'crying');
INSERT INTO USER_GROUP_MESSAGE(USER_ID, GROUP_MESSAGE_ID, READ_TIMESTAMP, REACTION)
VALUES (7, 85, NULL, 'angry');
INSERT INTO GROUP_MESSAGE(ID, VALUE, TIMESTAMP, AUTHOR_ID, GROUP_ID)
VALUES (86, 'Test', '2019-10-09', '3', 2);
INSERT INTO USER_GROUP_MESSAGE(USER_ID, GROUP_MESSAGE_ID, READ_TIMESTAMP, REACTION)
VALUES (1, 86, NULL, 'crying');
INSERT INTO USER_GROUP_MESSAGE(USER_ID, GROUP_MESSAGE_ID, READ_TIMESTAMP, REACTION)
VALUES (2, 86, NULL, 'crying');
INSERT INTO USER_GROUP_MESSAGE(USER_ID, GROUP_MESSAGE_ID, READ_TIMESTAMP, REACTION)
VALUES (3, 86, NULL, 'happy');
INSERT INTO USER_GROUP_MESSAGE(USER_ID, GROUP_MESSAGE_ID, READ_TIMESTAMP, REACTION)
VALUES (4, 86, NULL, 'happy');
INSERT INTO USER_GROUP_MESSAGE(USER_ID, GROUP_MESSAGE_ID, READ_TIMESTAMP, REACTION)
VALUES (5, 86, NULL, 'crying');
INSERT INTO USER_GROUP_MESSAGE(USER_ID, GROUP_MESSAGE_ID, READ_TIMESTAMP, REACTION)
VALUES (6, 86, NULL, 'crying');
INSERT INTO USER_GROUP_MESSAGE(USER_ID, GROUP_MESSAGE_ID, READ_TIMESTAMP, REACTION)
VALUES (7, 86, NULL, 'crying');
INSERT INTO GROUP_MESSAGE(ID, VALUE, TIMESTAMP, AUTHOR_ID, GROUP_ID)
VALUES (87, 'Test', '2019-10-08', '2', 2);
INSERT INTO USER_GROUP_MESSAGE(USER_ID, GROUP_MESSAGE_ID, READ_TIMESTAMP, REACTION)
VALUES (1, 87, NULL, 'happy');
INSERT INTO USER_GROUP_MESSAGE(USER_ID, GROUP_MESSAGE_ID, READ_TIMESTAMP, REACTION)
VALUES (2, 87, NULL, NULL);
INSERT INTO USER_GROUP_MESSAGE(USER_ID, GROUP_MESSAGE_ID, READ_TIMESTAMP, REACTION)
VALUES (3, 87, NULL, NULL);
INSERT INTO USER_GROUP_MESSAGE(USER_ID, GROUP_MESSAGE_ID, READ_TIMESTAMP, REACTION)
VALUES (4, 87, NULL, 'happy');
INSERT INTO USER_GROUP_MESSAGE(USER_ID, GROUP_MESSAGE_ID, READ_TIMESTAMP, REACTION)
VALUES (5, 87, NULL, 'angry');
INSERT INTO USER_GROUP_MESSAGE(USER_ID, GROUP_MESSAGE_ID, READ_TIMESTAMP, REACTION)
VALUES (6, 87, NULL, 'crying');
INSERT INTO USER_GROUP_MESSAGE(USER_ID, GROUP_MESSAGE_ID, READ_TIMESTAMP, REACTION)
VALUES (7, 87, NULL, 'angry');
INSERT INTO GROUP_MESSAGE(ID, VALUE, TIMESTAMP, AUTHOR_ID, GROUP_ID)
VALUES (88, 'Test', '2019-10-07', '7', 2);
INSERT INTO USER_GROUP_MESSAGE(USER_ID, GROUP_MESSAGE_ID, READ_TIMESTAMP, REACTION)
VALUES (1, 88, NULL, 'crying');
INSERT INTO USER_GROUP_MESSAGE(USER_ID, GROUP_MESSAGE_ID, READ_TIMESTAMP, REACTION)
VALUES (2, 88, NULL, 'angry');
INSERT INTO USER_GROUP_MESSAGE(USER_ID, GROUP_MESSAGE_ID, READ_TIMESTAMP, REACTION)
VALUES (3, 88, NULL, NULL);
INSERT INTO USER_GROUP_MESSAGE(USER_ID, GROUP_MESSAGE_ID, READ_TIMESTAMP, REACTION)
VALUES (4, 88, NULL, 'angry');
INSERT INTO USER_GROUP_MESSAGE(USER_ID, GROUP_MESSAGE_ID, READ_TIMESTAMP, REACTION)
VALUES (5, 88, NULL, 'crying');
INSERT INTO USER_GROUP_MESSAGE(USER_ID, GROUP_MESSAGE_ID, READ_TIMESTAMP, REACTION)
VALUES (6, 88, NULL, 'crying');
INSERT INTO USER_GROUP_MESSAGE(USER_ID, GROUP_MESSAGE_ID, READ_TIMESTAMP, REACTION)
VALUES (7, 88, NULL, 'crying');
INSERT INTO GROUP_MESSAGE(ID, VALUE, TIMESTAMP, AUTHOR_ID, GROUP_ID)
VALUES (89, 'Test', '2019-10-06', '7', 2);
INSERT INTO USER_GROUP_MESSAGE(USER_ID, GROUP_MESSAGE_ID, READ_TIMESTAMP, REACTION)
VALUES (1, 89, NULL, NULL);
INSERT INTO USER_GROUP_MESSAGE(USER_ID, GROUP_MESSAGE_ID, READ_TIMESTAMP, REACTION)
VALUES (2, 89, NULL, 'angry');
INSERT INTO USER_GROUP_MESSAGE(USER_ID, GROUP_MESSAGE_ID, READ_TIMESTAMP, REACTION)
VALUES (3, 89, NULL, 'crying');
INSERT INTO USER_GROUP_MESSAGE(USER_ID, GROUP_MESSAGE_ID, READ_TIMESTAMP, REACTION)
VALUES (4, 89, NULL, 'happy');
INSERT INTO USER_GROUP_MESSAGE(USER_ID, GROUP_MESSAGE_ID, READ_TIMESTAMP, REACTION)
VALUES (5, 89, NULL, 'crying');
INSERT INTO USER_GROUP_MESSAGE(USER_ID, GROUP_MESSAGE_ID, READ_TIMESTAMP, REACTION)
VALUES (6, 89, NULL, 'happy');
INSERT INTO USER_GROUP_MESSAGE(USER_ID, GROUP_MESSAGE_ID, READ_TIMESTAMP, REACTION)
VALUES (7, 89, NULL, 'crying');
INSERT INTO GROUP_MESSAGE(ID, VALUE, TIMESTAMP, AUTHOR_ID, GROUP_ID)
VALUES (90, 'Test', '2019-10-05', '4', 2);
INSERT INTO USER_GROUP_MESSAGE(USER_ID, GROUP_MESSAGE_ID, READ_TIMESTAMP, REACTION)
VALUES (1, 90, NULL, 'happy');
INSERT INTO USER_GROUP_MESSAGE(USER_ID, GROUP_MESSAGE_ID, READ_TIMESTAMP, REACTION)
VALUES (2, 90, NULL, 'angry');
INSERT INTO USER_GROUP_MESSAGE(USER_ID, GROUP_MESSAGE_ID, READ_TIMESTAMP, REACTION)
VALUES (3, 90, NULL, 'crying');
INSERT INTO USER_GROUP_MESSAGE(USER_ID, GROUP_MESSAGE_ID, READ_TIMESTAMP, REACTION)
VALUES (4, 90, NULL, 'happy');
INSERT INTO USER_GROUP_MESSAGE(USER_ID, GROUP_MESSAGE_ID, READ_TIMESTAMP, REACTION)
VALUES (5, 90, NULL, 'angry');
INSERT INTO USER_GROUP_MESSAGE(USER_ID, GROUP_MESSAGE_ID, READ_TIMESTAMP, REACTION)
VALUES (6, 90, NULL, NULL);
INSERT INTO USER_GROUP_MESSAGE(USER_ID, GROUP_MESSAGE_ID, READ_TIMESTAMP, REACTION)
VALUES (7, 90, NULL, 'angry');
INSERT INTO GROUP_MESSAGE(ID, VALUE, TIMESTAMP, AUTHOR_ID, GROUP_ID)
VALUES (91, 'Test', '2019-10-04', '6', 2);
INSERT INTO USER_GROUP_MESSAGE(USER_ID, GROUP_MESSAGE_ID, READ_TIMESTAMP, REACTION)
VALUES (1, 91, NULL, 'happy');
INSERT INTO USER_GROUP_MESSAGE(USER_ID, GROUP_MESSAGE_ID, READ_TIMESTAMP, REACTION)
VALUES (2, 91, NULL, 'angry');
INSERT INTO USER_GROUP_MESSAGE(USER_ID, GROUP_MESSAGE_ID, READ_TIMESTAMP, REACTION)
VALUES (3, 91, NULL, 'happy');
INSERT INTO USER_GROUP_MESSAGE(USER_ID, GROUP_MESSAGE_ID, READ_TIMESTAMP, REACTION)
VALUES (4, 91, NULL, NULL);
INSERT INTO USER_GROUP_MESSAGE(USER_ID, GROUP_MESSAGE_ID, READ_TIMESTAMP, REACTION)
VALUES (5, 91, NULL, 'happy');
INSERT INTO USER_GROUP_MESSAGE(USER_ID, GROUP_MESSAGE_ID, READ_TIMESTAMP, REACTION)
VALUES (6, 91, NULL, 'angry');
INSERT INTO USER_GROUP_MESSAGE(USER_ID, GROUP_MESSAGE_ID, READ_TIMESTAMP, REACTION)
VALUES (7, 91, NULL, 'angry');
INSERT INTO GROUP_MESSAGE(ID, VALUE, TIMESTAMP, AUTHOR_ID, GROUP_ID)
VALUES (92, 'Test', '2019-10-03', '6', 2);
INSERT INTO USER_GROUP_MESSAGE(USER_ID, GROUP_MESSAGE_ID, READ_TIMESTAMP, REACTION)
VALUES (1, 92, NULL, 'happy');
INSERT INTO USER_GROUP_MESSAGE(USER_ID, GROUP_MESSAGE_ID, READ_TIMESTAMP, REACTION)
VALUES (2, 92, NULL, 'crying');
INSERT INTO USER_GROUP_MESSAGE(USER_ID, GROUP_MESSAGE_ID, READ_TIMESTAMP, REACTION)
VALUES (3, 92, NULL, 'crying');
INSERT INTO USER_GROUP_MESSAGE(USER_ID, GROUP_MESSAGE_ID, READ_TIMESTAMP, REACTION)
VALUES (4, 92, NULL, NULL);
INSERT INTO USER_GROUP_MESSAGE(USER_ID, GROUP_MESSAGE_ID, READ_TIMESTAMP, REACTION)
VALUES (5, 92, NULL, NULL);
INSERT INTO USER_GROUP_MESSAGE(USER_ID, GROUP_MESSAGE_ID, READ_TIMESTAMP, REACTION)
VALUES (6, 92, NULL, 'happy');
INSERT INTO USER_GROUP_MESSAGE(USER_ID, GROUP_MESSAGE_ID, READ_TIMESTAMP, REACTION)
VALUES (7, 92, NULL, NULL);
INSERT INTO GROUP_MESSAGE(ID, VALUE, TIMESTAMP, AUTHOR_ID, GROUP_ID)
VALUES (93, 'Test', '2019-10-02', '1', 2);
INSERT INTO USER_GROUP_MESSAGE(USER_ID, GROUP_MESSAGE_ID, READ_TIMESTAMP, REACTION)
VALUES (1, 93, NULL, NULL);
INSERT INTO USER_GROUP_MESSAGE(USER_ID, GROUP_MESSAGE_ID, READ_TIMESTAMP, REACTION)
VALUES (2, 93, NULL, 'crying');
INSERT INTO USER_GROUP_MESSAGE(USER_ID, GROUP_MESSAGE_ID, READ_TIMESTAMP, REACTION)
VALUES (3, 93, NULL, 'angry');
INSERT INTO USER_GROUP_MESSAGE(USER_ID, GROUP_MESSAGE_ID, READ_TIMESTAMP, REACTION)
VALUES (4, 93, NULL, 'happy');
INSERT INTO USER_GROUP_MESSAGE(USER_ID, GROUP_MESSAGE_ID, READ_TIMESTAMP, REACTION)
VALUES (5, 93, NULL, NULL);
INSERT INTO USER_GROUP_MESSAGE(USER_ID, GROUP_MESSAGE_ID, READ_TIMESTAMP, REACTION)
VALUES (6, 93, NULL, 'happy');
INSERT INTO USER_GROUP_MESSAGE(USER_ID, GROUP_MESSAGE_ID, READ_TIMESTAMP, REACTION)
VALUES (7, 93, NULL, 'crying');
INSERT INTO GROUP_MESSAGE(ID, VALUE, TIMESTAMP, AUTHOR_ID, GROUP_ID)
VALUES (94, 'Test', '2019-10-01', '3', 2);
INSERT INTO USER_GROUP_MESSAGE(USER_ID, GROUP_MESSAGE_ID, READ_TIMESTAMP, REACTION)
VALUES (1, 94, NULL, 'happy');
INSERT INTO USER_GROUP_MESSAGE(USER_ID, GROUP_MESSAGE_ID, READ_TIMESTAMP, REACTION)
VALUES (2, 94, NULL, 'happy');
INSERT INTO USER_GROUP_MESSAGE(USER_ID, GROUP_MESSAGE_ID, READ_TIMESTAMP, REACTION)
VALUES (3, 94, NULL, 'angry');
INSERT INTO USER_GROUP_MESSAGE(USER_ID, GROUP_MESSAGE_ID, READ_TIMESTAMP, REACTION)
VALUES (4, 94, NULL, NULL);
INSERT INTO USER_GROUP_MESSAGE(USER_ID, GROUP_MESSAGE_ID, READ_TIMESTAMP, REACTION)
VALUES (5, 94, NULL, 'crying');
INSERT INTO USER_GROUP_MESSAGE(USER_ID, GROUP_MESSAGE_ID, READ_TIMESTAMP, REACTION)
VALUES (6, 94, NULL, 'angry');
INSERT INTO USER_GROUP_MESSAGE(USER_ID, GROUP_MESSAGE_ID, READ_TIMESTAMP, REACTION)
VALUES (7, 94, NULL, 'angry');
INSERT INTO GROUP_MESSAGE(ID, VALUE, TIMESTAMP, AUTHOR_ID, GROUP_ID)
VALUES (95, 'Test', '2019-09-30', '2', 2);
INSERT INTO USER_GROUP_MESSAGE(USER_ID, GROUP_MESSAGE_ID, READ_TIMESTAMP, REACTION)
VALUES (1, 95, NULL, 'happy');
INSERT INTO USER_GROUP_MESSAGE(USER_ID, GROUP_MESSAGE_ID, READ_TIMESTAMP, REACTION)
VALUES (2, 95, NULL, 'happy');
INSERT INTO USER_GROUP_MESSAGE(USER_ID, GROUP_MESSAGE_ID, READ_TIMESTAMP, REACTION)
VALUES (3, 95, NULL, 'angry');
INSERT INTO USER_GROUP_MESSAGE(USER_ID, GROUP_MESSAGE_ID, READ_TIMESTAMP, REACTION)
VALUES (4, 95, NULL, 'crying');
INSERT INTO USER_GROUP_MESSAGE(USER_ID, GROUP_MESSAGE_ID, READ_TIMESTAMP, REACTION)
VALUES (5, 95, NULL, 'crying');
INSERT INTO USER_GROUP_MESSAGE(USER_ID, GROUP_MESSAGE_ID, READ_TIMESTAMP, REACTION)
VALUES (6, 95, NULL, NULL);
INSERT INTO USER_GROUP_MESSAGE(USER_ID, GROUP_MESSAGE_ID, READ_TIMESTAMP, REACTION)
VALUES (7, 95, NULL, NULL);
INSERT INTO GROUP_MESSAGE(ID, VALUE, TIMESTAMP, AUTHOR_ID, GROUP_ID)
VALUES (96, 'Test', '2019-09-29', '5', 2);
INSERT INTO USER_GROUP_MESSAGE(USER_ID, GROUP_MESSAGE_ID, READ_TIMESTAMP, REACTION)
VALUES (1, 96, NULL, 'crying');
INSERT INTO USER_GROUP_MESSAGE(USER_ID, GROUP_MESSAGE_ID, READ_TIMESTAMP, REACTION)
VALUES (2, 96, NULL, 'angry');
INSERT INTO USER_GROUP_MESSAGE(USER_ID, GROUP_MESSAGE_ID, READ_TIMESTAMP, REACTION)
VALUES (3, 96, NULL, NULL);
INSERT INTO USER_GROUP_MESSAGE(USER_ID, GROUP_MESSAGE_ID, READ_TIMESTAMP, REACTION)
VALUES (4, 96, NULL, NULL);
INSERT INTO USER_GROUP_MESSAGE(USER_ID, GROUP_MESSAGE_ID, READ_TIMESTAMP, REACTION)
VALUES (5, 96, NULL, 'angry');
INSERT INTO USER_GROUP_MESSAGE(USER_ID, GROUP_MESSAGE_ID, READ_TIMESTAMP, REACTION)
VALUES (6, 96, NULL, 'crying');
INSERT INTO USER_GROUP_MESSAGE(USER_ID, GROUP_MESSAGE_ID, READ_TIMESTAMP, REACTION)
VALUES (7, 96, NULL, 'angry');
INSERT INTO GROUP_MESSAGE(ID, VALUE, TIMESTAMP, AUTHOR_ID, GROUP_ID)
VALUES (97, 'Test', '2019-09-28', '2', 2);
INSERT INTO USER_GROUP_MESSAGE(USER_ID, GROUP_MESSAGE_ID, READ_TIMESTAMP, REACTION)
VALUES (1, 97, NULL, 'angry');
INSERT INTO USER_GROUP_MESSAGE(USER_ID, GROUP_MESSAGE_ID, READ_TIMESTAMP, REACTION)
VALUES (2, 97, NULL, NULL);
INSERT INTO USER_GROUP_MESSAGE(USER_ID, GROUP_MESSAGE_ID, READ_TIMESTAMP, REACTION)
VALUES (3, 97, NULL, 'crying');
INSERT INTO USER_GROUP_MESSAGE(USER_ID, GROUP_MESSAGE_ID, READ_TIMESTAMP, REACTION)
VALUES (4, 97, NULL, 'happy');
INSERT INTO USER_GROUP_MESSAGE(USER_ID, GROUP_MESSAGE_ID, READ_TIMESTAMP, REACTION)
VALUES (5, 97, NULL, 'happy');
INSERT INTO USER_GROUP_MESSAGE(USER_ID, GROUP_MESSAGE_ID, READ_TIMESTAMP, REACTION)
VALUES (6, 97, NULL, NULL);
INSERT INTO USER_GROUP_MESSAGE(USER_ID, GROUP_MESSAGE_ID, READ_TIMESTAMP, REACTION)
VALUES (7, 97, NULL, 'angry');
INSERT INTO GROUP_MESSAGE(ID, VALUE, TIMESTAMP, AUTHOR_ID, GROUP_ID)
VALUES (98, 'Test', '2019-09-27', '5', 2);
INSERT INTO USER_GROUP_MESSAGE(USER_ID, GROUP_MESSAGE_ID, READ_TIMESTAMP, REACTION)
VALUES (1, 98, NULL, 'crying');
INSERT INTO USER_GROUP_MESSAGE(USER_ID, GROUP_MESSAGE_ID, READ_TIMESTAMP, REACTION)
VALUES (2, 98, NULL, NULL);
INSERT INTO USER_GROUP_MESSAGE(USER_ID, GROUP_MESSAGE_ID, READ_TIMESTAMP, REACTION)
VALUES (3, 98, NULL, 'angry');
INSERT INTO USER_GROUP_MESSAGE(USER_ID, GROUP_MESSAGE_ID, READ_TIMESTAMP, REACTION)
VALUES (4, 98, NULL, 'crying');
INSERT INTO USER_GROUP_MESSAGE(USER_ID, GROUP_MESSAGE_ID, READ_TIMESTAMP, REACTION)
VALUES (5, 98, NULL, NULL);
INSERT INTO USER_GROUP_MESSAGE(USER_ID, GROUP_MESSAGE_ID, READ_TIMESTAMP, REACTION)
VALUES (6, 98, NULL, 'happy');
INSERT INTO USER_GROUP_MESSAGE(USER_ID, GROUP_MESSAGE_ID, READ_TIMESTAMP, REACTION)
VALUES (7, 98, NULL, 'angry');
INSERT INTO GROUP_MESSAGE(ID, VALUE, TIMESTAMP, AUTHOR_ID, GROUP_ID)
VALUES (99, 'Test', '2019-09-26', '2', 2);
INSERT INTO USER_GROUP_MESSAGE(USER_ID, GROUP_MESSAGE_ID, READ_TIMESTAMP, REACTION)
VALUES (1, 99, NULL, 'happy');
INSERT INTO USER_GROUP_MESSAGE(USER_ID, GROUP_MESSAGE_ID, READ_TIMESTAMP, REACTION)
VALUES (2, 99, NULL, 'crying');
INSERT INTO USER_GROUP_MESSAGE(USER_ID, GROUP_MESSAGE_ID, READ_TIMESTAMP, REACTION)
VALUES (3, 99, NULL, 'happy');
INSERT INTO USER_GROUP_MESSAGE(USER_ID, GROUP_MESSAGE_ID, READ_TIMESTAMP, REACTION)
VALUES (4, 99, NULL, 'angry');
INSERT INTO USER_GROUP_MESSAGE(USER_ID, GROUP_MESSAGE_ID, READ_TIMESTAMP, REACTION)
VALUES (5, 99, NULL, 'angry');
INSERT INTO USER_GROUP_MESSAGE(USER_ID, GROUP_MESSAGE_ID, READ_TIMESTAMP, REACTION)
VALUES (6, 99, NULL, NULL);
INSERT INTO USER_GROUP_MESSAGE(USER_ID, GROUP_MESSAGE_ID, READ_TIMESTAMP, REACTION)
VALUES (7, 99, NULL, 'crying');
INSERT INTO GROUP_MESSAGE(ID, VALUE, TIMESTAMP, AUTHOR_ID, GROUP_ID)
VALUES (100, 'Test', '2019-09-25', '3', 2);
INSERT INTO USER_GROUP_MESSAGE(USER_ID, GROUP_MESSAGE_ID, READ_TIMESTAMP, REACTION)
VALUES (1, 100, NULL, NULL);
INSERT INTO USER_GROUP_MESSAGE(USER_ID, GROUP_MESSAGE_ID, READ_TIMESTAMP, REACTION)
VALUES (2, 100, NULL, 'happy');
INSERT INTO USER_GROUP_MESSAGE(USER_ID, GROUP_MESSAGE_ID, READ_TIMESTAMP, REACTION)
VALUES (3, 100, NULL, 'happy');
INSERT INTO USER_GROUP_MESSAGE(USER_ID, GROUP_MESSAGE_ID, READ_TIMESTAMP, REACTION)
VALUES (4, 100, NULL, 'angry');
INSERT INTO USER_GROUP_MESSAGE(USER_ID, GROUP_MESSAGE_ID, READ_TIMESTAMP, REACTION)
VALUES (5, 100, NULL, 'happy');
INSERT INTO USER_GROUP_MESSAGE(USER_ID, GROUP_MESSAGE_ID, READ_TIMESTAMP, REACTION)
VALUES (6, 100, NULL, NULL);
INSERT INTO USER_GROUP_MESSAGE(USER_ID, GROUP_MESSAGE_ID, READ_TIMESTAMP, REACTION)
VALUES (7, 100, NULL, 'crying');
INSERT INTO GROUP_MESSAGE(ID, VALUE, TIMESTAMP, AUTHOR_ID, GROUP_ID)
VALUES (101, 'Test', '2019-09-24', '3', 2);
INSERT INTO USER_GROUP_MESSAGE(USER_ID, GROUP_MESSAGE_ID, READ_TIMESTAMP, REACTION)
VALUES (1, 101, NULL, NULL);
INSERT INTO USER_GROUP_MESSAGE(USER_ID, GROUP_MESSAGE_ID, READ_TIMESTAMP, REACTION)
VALUES (2, 101, NULL, 'crying');
INSERT INTO USER_GROUP_MESSAGE(USER_ID, GROUP_MESSAGE_ID, READ_TIMESTAMP, REACTION)
VALUES (3, 101, NULL, 'crying');
INSERT INTO USER_GROUP_MESSAGE(USER_ID, GROUP_MESSAGE_ID, READ_TIMESTAMP, REACTION)
VALUES (4, 101, NULL, 'crying');
INSERT INTO USER_GROUP_MESSAGE(USER_ID, GROUP_MESSAGE_ID, READ_TIMESTAMP, REACTION)
VALUES (5, 101, NULL, NULL);
INSERT INTO USER_GROUP_MESSAGE(USER_ID, GROUP_MESSAGE_ID, READ_TIMESTAMP, REACTION)
VALUES (6, 101, NULL, 'crying');
INSERT INTO USER_GROUP_MESSAGE(USER_ID, GROUP_MESSAGE_ID, READ_TIMESTAMP, REACTION)
VALUES (7, 101, NULL, 'happy');
INSERT INTO GROUP_MESSAGE(ID, VALUE, TIMESTAMP, AUTHOR_ID, GROUP_ID)
VALUES (102, 'Test', '2019-09-23', '3', 2);
INSERT INTO USER_GROUP_MESSAGE(USER_ID, GROUP_MESSAGE_ID, READ_TIMESTAMP, REACTION)
VALUES (1, 102, NULL, 'happy');
INSERT INTO USER_GROUP_MESSAGE(USER_ID, GROUP_MESSAGE_ID, READ_TIMESTAMP, REACTION)
VALUES (2, 102, NULL, NULL);
INSERT INTO USER_GROUP_MESSAGE(USER_ID, GROUP_MESSAGE_ID, READ_TIMESTAMP, REACTION)
VALUES (3, 102, NULL, 'crying');
INSERT INTO USER_GROUP_MESSAGE(USER_ID, GROUP_MESSAGE_ID, READ_TIMESTAMP, REACTION)
VALUES (4, 102, NULL, 'angry');
INSERT INTO USER_GROUP_MESSAGE(USER_ID, GROUP_MESSAGE_ID, READ_TIMESTAMP, REACTION)
VALUES (5, 102, NULL, NULL);
INSERT INTO USER_GROUP_MESSAGE(USER_ID, GROUP_MESSAGE_ID, READ_TIMESTAMP, REACTION)
VALUES (6, 102, NULL, 'happy');
INSERT INTO USER_GROUP_MESSAGE(USER_ID, GROUP_MESSAGE_ID, READ_TIMESTAMP, REACTION)
VALUES (7, 102, NULL, 'angry');
INSERT INTO GROUP_MESSAGE(ID, VALUE, TIMESTAMP, AUTHOR_ID, GROUP_ID)
VALUES (103, 'Test', '2019-09-22', '1', 2);
INSERT INTO USER_GROUP_MESSAGE(USER_ID, GROUP_MESSAGE_ID, READ_TIMESTAMP, REACTION)
VALUES (1, 103, NULL, 'crying');
INSERT INTO USER_GROUP_MESSAGE(USER_ID, GROUP_MESSAGE_ID, READ_TIMESTAMP, REACTION)
VALUES (2, 103, NULL, 'angry');
INSERT INTO USER_GROUP_MESSAGE(USER_ID, GROUP_MESSAGE_ID, READ_TIMESTAMP, REACTION)
VALUES (3, 103, NULL, 'happy');
INSERT INTO USER_GROUP_MESSAGE(USER_ID, GROUP_MESSAGE_ID, READ_TIMESTAMP, REACTION)
VALUES (4, 103, NULL, 'happy');
INSERT INTO USER_GROUP_MESSAGE(USER_ID, GROUP_MESSAGE_ID, READ_TIMESTAMP, REACTION)
VALUES (5, 103, NULL, NULL);
INSERT INTO USER_GROUP_MESSAGE(USER_ID, GROUP_MESSAGE_ID, READ_TIMESTAMP, REACTION)
VALUES (6, 103, NULL, 'crying');
INSERT INTO USER_GROUP_MESSAGE(USER_ID, GROUP_MESSAGE_ID, READ_TIMESTAMP, REACTION)
VALUES (7, 103, NULL, NULL);
INSERT INTO GROUP_MESSAGE(ID, VALUE, TIMESTAMP, AUTHOR_ID, GROUP_ID)
VALUES (104, 'Test', '2019-09-21', '3', 2);
INSERT INTO USER_GROUP_MESSAGE(USER_ID, GROUP_MESSAGE_ID, READ_TIMESTAMP, REACTION)
VALUES (1, 104, NULL, NULL);
INSERT INTO USER_GROUP_MESSAGE(USER_ID, GROUP_MESSAGE_ID, READ_TIMESTAMP, REACTION)
VALUES (2, 104, NULL, NULL);
INSERT INTO USER_GROUP_MESSAGE(USER_ID, GROUP_MESSAGE_ID, READ_TIMESTAMP, REACTION)
VALUES (3, 104, NULL, NULL);
INSERT INTO USER_GROUP_MESSAGE(USER_ID, GROUP_MESSAGE_ID, READ_TIMESTAMP, REACTION)
VALUES (4, 104, NULL, 'angry');
INSERT INTO USER_GROUP_MESSAGE(USER_ID, GROUP_MESSAGE_ID, READ_TIMESTAMP, REACTION)
VALUES (5, 104, NULL, 'happy');
INSERT INTO USER_GROUP_MESSAGE(USER_ID, GROUP_MESSAGE_ID, READ_TIMESTAMP, REACTION)
VALUES (6, 104, NULL, 'happy');
INSERT INTO USER_GROUP_MESSAGE(USER_ID, GROUP_MESSAGE_ID, READ_TIMESTAMP, REACTION)
VALUES (7, 104, NULL, 'crying');
INSERT INTO GROUP_MESSAGE(ID, VALUE, TIMESTAMP, AUTHOR_ID, GROUP_ID)
VALUES (105, 'Test', '2019-09-20', '1', 2);
INSERT INTO USER_GROUP_MESSAGE(USER_ID, GROUP_MESSAGE_ID, READ_TIMESTAMP, REACTION)
VALUES (1, 105, NULL, NULL);
INSERT INTO USER_GROUP_MESSAGE(USER_ID, GROUP_MESSAGE_ID, READ_TIMESTAMP, REACTION)
VALUES (2, 105, NULL, 'angry');
INSERT INTO USER_GROUP_MESSAGE(USER_ID, GROUP_MESSAGE_ID, READ_TIMESTAMP, REACTION)
VALUES (3, 105, NULL, 'angry');
INSERT INTO USER_GROUP_MESSAGE(USER_ID, GROUP_MESSAGE_ID, READ_TIMESTAMP, REACTION)
VALUES (4, 105, NULL, 'crying');
INSERT INTO USER_GROUP_MESSAGE(USER_ID, GROUP_MESSAGE_ID, READ_TIMESTAMP, REACTION)
VALUES (5, 105, NULL, 'angry');
INSERT INTO USER_GROUP_MESSAGE(USER_ID, GROUP_MESSAGE_ID, READ_TIMESTAMP, REACTION)
VALUES (6, 105, NULL, 'happy');
INSERT INTO USER_GROUP_MESSAGE(USER_ID, GROUP_MESSAGE_ID, READ_TIMESTAMP, REACTION)
VALUES (7, 105, NULL, NULL);
INSERT INTO GROUP_MESSAGE(ID, VALUE, TIMESTAMP, AUTHOR_ID, GROUP_ID)
VALUES (106, 'Test', '2019-09-19', '5', 2);
INSERT INTO USER_GROUP_MESSAGE(USER_ID, GROUP_MESSAGE_ID, READ_TIMESTAMP, REACTION)
VALUES (1, 106, NULL, 'happy');
INSERT INTO USER_GROUP_MESSAGE(USER_ID, GROUP_MESSAGE_ID, READ_TIMESTAMP, REACTION)
VALUES (2, 106, NULL, 'crying');
INSERT INTO USER_GROUP_MESSAGE(USER_ID, GROUP_MESSAGE_ID, READ_TIMESTAMP, REACTION)
VALUES (3, 106, NULL, 'angry');
INSERT INTO USER_GROUP_MESSAGE(USER_ID, GROUP_MESSAGE_ID, READ_TIMESTAMP, REACTION)
VALUES (4, 106, NULL, 'angry');
INSERT INTO USER_GROUP_MESSAGE(USER_ID, GROUP_MESSAGE_ID, READ_TIMESTAMP, REACTION)
VALUES (5, 106, NULL, 'angry');
INSERT INTO USER_GROUP_MESSAGE(USER_ID, GROUP_MESSAGE_ID, READ_TIMESTAMP, REACTION)
VALUES (6, 106, NULL, 'happy');
INSERT INTO USER_GROUP_MESSAGE(USER_ID, GROUP_MESSAGE_ID, READ_TIMESTAMP, REACTION)
VALUES (7, 106, NULL, 'crying');
INSERT INTO GROUP_MESSAGE(ID, VALUE, TIMESTAMP, AUTHOR_ID, GROUP_ID)
VALUES (107, 'Test', '2019-09-18', '6', 2);
INSERT INTO USER_GROUP_MESSAGE(USER_ID, GROUP_MESSAGE_ID, READ_TIMESTAMP, REACTION)
VALUES (1, 107, NULL, 'happy');
INSERT INTO USER_GROUP_MESSAGE(USER_ID, GROUP_MESSAGE_ID, READ_TIMESTAMP, REACTION)
VALUES (2, 107, NULL, 'angry');
INSERT INTO USER_GROUP_MESSAGE(USER_ID, GROUP_MESSAGE_ID, READ_TIMESTAMP, REACTION)
VALUES (3, 107, NULL, NULL);
INSERT INTO USER_GROUP_MESSAGE(USER_ID, GROUP_MESSAGE_ID, READ_TIMESTAMP, REACTION)
VALUES (4, 107, NULL, 'happy');
INSERT INTO USER_GROUP_MESSAGE(USER_ID, GROUP_MESSAGE_ID, READ_TIMESTAMP, REACTION)
VALUES (5, 107, NULL, 'crying');
INSERT INTO USER_GROUP_MESSAGE(USER_ID, GROUP_MESSAGE_ID, READ_TIMESTAMP, REACTION)
VALUES (6, 107, NULL, 'happy');
INSERT INTO USER_GROUP_MESSAGE(USER_ID, GROUP_MESSAGE_ID, READ_TIMESTAMP, REACTION)
VALUES (7, 107, NULL, 'crying');
INSERT INTO GROUP_MESSAGE(ID, VALUE, TIMESTAMP, AUTHOR_ID, GROUP_ID)
VALUES (108, 'Test', '2019-09-17', '6', 2);
INSERT INTO USER_GROUP_MESSAGE(USER_ID, GROUP_MESSAGE_ID, READ_TIMESTAMP, REACTION)
VALUES (1, 108, NULL, NULL);
INSERT INTO USER_GROUP_MESSAGE(USER_ID, GROUP_MESSAGE_ID, READ_TIMESTAMP, REACTION)
VALUES (2, 108, NULL, 'angry');
INSERT INTO USER_GROUP_MESSAGE(USER_ID, GROUP_MESSAGE_ID, READ_TIMESTAMP, REACTION)
VALUES (3, 108, NULL, 'happy');
INSERT INTO USER_GROUP_MESSAGE(USER_ID, GROUP_MESSAGE_ID, READ_TIMESTAMP, REACTION)
VALUES (4, 108, NULL, 'crying');
INSERT INTO USER_GROUP_MESSAGE(USER_ID, GROUP_MESSAGE_ID, READ_TIMESTAMP, REACTION)
VALUES (5, 108, NULL, 'angry');
INSERT INTO USER_GROUP_MESSAGE(USER_ID, GROUP_MESSAGE_ID, READ_TIMESTAMP, REACTION)
VALUES (6, 108, NULL, 'happy');
INSERT INTO USER_GROUP_MESSAGE(USER_ID, GROUP_MESSAGE_ID, READ_TIMESTAMP, REACTION)
VALUES (7, 108, NULL, 'happy');
INSERT INTO GROUP_MESSAGE(ID, VALUE, TIMESTAMP, AUTHOR_ID, GROUP_ID)
VALUES (109, 'Test', '2019-09-16', '1', 2);
INSERT INTO USER_GROUP_MESSAGE(USER_ID, GROUP_MESSAGE_ID, READ_TIMESTAMP, REACTION)
VALUES (1, 109, NULL, 'crying');
INSERT INTO USER_GROUP_MESSAGE(USER_ID, GROUP_MESSAGE_ID, READ_TIMESTAMP, REACTION)
VALUES (2, 109, NULL, 'happy');
INSERT INTO USER_GROUP_MESSAGE(USER_ID, GROUP_MESSAGE_ID, READ_TIMESTAMP, REACTION)
VALUES (3, 109, NULL, 'crying');
INSERT INTO USER_GROUP_MESSAGE(USER_ID, GROUP_MESSAGE_ID, READ_TIMESTAMP, REACTION)
VALUES (4, 109, NULL, NULL);
INSERT INTO USER_GROUP_MESSAGE(USER_ID, GROUP_MESSAGE_ID, READ_TIMESTAMP, REACTION)
VALUES (5, 109, NULL, 'crying');
INSERT INTO USER_GROUP_MESSAGE(USER_ID, GROUP_MESSAGE_ID, READ_TIMESTAMP, REACTION)
VALUES (6, 109, NULL, 'angry');
INSERT INTO USER_GROUP_MESSAGE(USER_ID, GROUP_MESSAGE_ID, READ_TIMESTAMP, REACTION)
VALUES (7, 109, NULL, 'angry');
INSERT INTO GROUP_MESSAGE(ID, VALUE, TIMESTAMP, AUTHOR_ID, GROUP_ID)
VALUES (110, 'Test', '2019-09-15', '4', 2);
INSERT INTO USER_GROUP_MESSAGE(USER_ID, GROUP_MESSAGE_ID, READ_TIMESTAMP, REACTION)
VALUES (1, 110, NULL, NULL);
INSERT INTO USER_GROUP_MESSAGE(USER_ID, GROUP_MESSAGE_ID, READ_TIMESTAMP, REACTION)
VALUES (2, 110, NULL, NULL);
INSERT INTO USER_GROUP_MESSAGE(USER_ID, GROUP_MESSAGE_ID, READ_TIMESTAMP, REACTION)
VALUES (3, 110, NULL, NULL);
INSERT INTO USER_GROUP_MESSAGE(USER_ID, GROUP_MESSAGE_ID, READ_TIMESTAMP, REACTION)
VALUES (4, 110, NULL, 'crying');
INSERT INTO USER_GROUP_MESSAGE(USER_ID, GROUP_MESSAGE_ID, READ_TIMESTAMP, REACTION)
VALUES (5, 110, NULL, 'angry');
INSERT INTO USER_GROUP_MESSAGE(USER_ID, GROUP_MESSAGE_ID, READ_TIMESTAMP, REACTION)
VALUES (6, 110, NULL, NULL);
INSERT INTO USER_GROUP_MESSAGE(USER_ID, GROUP_MESSAGE_ID, READ_TIMESTAMP, REACTION)
VALUES (7, 110, NULL, NULL);
INSERT INTO GROUP_MESSAGE(ID, VALUE, TIMESTAMP, AUTHOR_ID, GROUP_ID)
VALUES (111, 'Test', '2019-09-14', '7', 2);
INSERT INTO USER_GROUP_MESSAGE(USER_ID, GROUP_MESSAGE_ID, READ_TIMESTAMP, REACTION)
VALUES (1, 111, NULL, 'angry');
INSERT INTO USER_GROUP_MESSAGE(USER_ID, GROUP_MESSAGE_ID, READ_TIMESTAMP, REACTION)
VALUES (2, 111, NULL, 'angry');
INSERT INTO USER_GROUP_MESSAGE(USER_ID, GROUP_MESSAGE_ID, READ_TIMESTAMP, REACTION)
VALUES (3, 111, NULL, 'happy');
INSERT INTO USER_GROUP_MESSAGE(USER_ID, GROUP_MESSAGE_ID, READ_TIMESTAMP, REACTION)
VALUES (4, 111, NULL, 'angry');
INSERT INTO USER_GROUP_MESSAGE(USER_ID, GROUP_MESSAGE_ID, READ_TIMESTAMP, REACTION)
VALUES (5, 111, NULL, NULL);
INSERT INTO USER_GROUP_MESSAGE(USER_ID, GROUP_MESSAGE_ID, READ_TIMESTAMP, REACTION)
VALUES (6, 111, NULL, 'happy');
INSERT INTO USER_GROUP_MESSAGE(USER_ID, GROUP_MESSAGE_ID, READ_TIMESTAMP, REACTION)
VALUES (7, 111, NULL, 'happy');
INSERT INTO GROUP_MESSAGE(ID, VALUE, TIMESTAMP, AUTHOR_ID, GROUP_ID)
VALUES (112, 'Test', '2019-09-13', '3', 2);
INSERT INTO USER_GROUP_MESSAGE(USER_ID, GROUP_MESSAGE_ID, READ_TIMESTAMP, REACTION)
VALUES (1, 112, NULL, 'crying');
INSERT INTO USER_GROUP_MESSAGE(USER_ID, GROUP_MESSAGE_ID, READ_TIMESTAMP, REACTION)
VALUES (2, 112, NULL, 'angry');
INSERT INTO USER_GROUP_MESSAGE(USER_ID, GROUP_MESSAGE_ID, READ_TIMESTAMP, REACTION)
VALUES (3, 112, NULL, 'angry');
INSERT INTO USER_GROUP_MESSAGE(USER_ID, GROUP_MESSAGE_ID, READ_TIMESTAMP, REACTION)
VALUES (4, 112, NULL, 'crying');
INSERT INTO USER_GROUP_MESSAGE(USER_ID, GROUP_MESSAGE_ID, READ_TIMESTAMP, REACTION)
VALUES (5, 112, NULL, 'crying');
INSERT INTO USER_GROUP_MESSAGE(USER_ID, GROUP_MESSAGE_ID, READ_TIMESTAMP, REACTION)
VALUES (6, 112, NULL, 'crying');
INSERT INTO USER_GROUP_MESSAGE(USER_ID, GROUP_MESSAGE_ID, READ_TIMESTAMP, REACTION)
VALUES (7, 112, NULL, 'crying');
INSERT INTO GROUP_MESSAGE(ID, VALUE, TIMESTAMP, AUTHOR_ID, GROUP_ID)
VALUES (113, 'Test', '2019-09-12', '1', 2);
INSERT INTO USER_GROUP_MESSAGE(USER_ID, GROUP_MESSAGE_ID, READ_TIMESTAMP, REACTION)
VALUES (1, 113, NULL, NULL);
INSERT INTO USER_GROUP_MESSAGE(USER_ID, GROUP_MESSAGE_ID, READ_TIMESTAMP, REACTION)
VALUES (2, 113, NULL, 'angry');
INSERT INTO USER_GROUP_MESSAGE(USER_ID, GROUP_MESSAGE_ID, READ_TIMESTAMP, REACTION)
VALUES (3, 113, NULL, 'happy');
INSERT INTO USER_GROUP_MESSAGE(USER_ID, GROUP_MESSAGE_ID, READ_TIMESTAMP, REACTION)
VALUES (4, 113, NULL, 'happy');
INSERT INTO USER_GROUP_MESSAGE(USER_ID, GROUP_MESSAGE_ID, READ_TIMESTAMP, REACTION)
VALUES (5, 113, NULL, 'happy');
INSERT INTO USER_GROUP_MESSAGE(USER_ID, GROUP_MESSAGE_ID, READ_TIMESTAMP, REACTION)
VALUES (6, 113, NULL, 'happy');
INSERT INTO USER_GROUP_MESSAGE(USER_ID, GROUP_MESSAGE_ID, READ_TIMESTAMP, REACTION)
VALUES (7, 113, NULL, 'happy');
INSERT INTO GROUP_MESSAGE(ID, VALUE, TIMESTAMP, AUTHOR_ID, GROUP_ID)
VALUES (114, 'Test', '2019-09-11', '3', 2);
INSERT INTO USER_GROUP_MESSAGE(USER_ID, GROUP_MESSAGE_ID, READ_TIMESTAMP, REACTION)
VALUES (1, 114, NULL, 'crying');
INSERT INTO USER_GROUP_MESSAGE(USER_ID, GROUP_MESSAGE_ID, READ_TIMESTAMP, REACTION)
VALUES (2, 114, NULL, 'crying');
INSERT INTO USER_GROUP_MESSAGE(USER_ID, GROUP_MESSAGE_ID, READ_TIMESTAMP, REACTION)
VALUES (3, 114, NULL, NULL);
INSERT INTO USER_GROUP_MESSAGE(USER_ID, GROUP_MESSAGE_ID, READ_TIMESTAMP, REACTION)
VALUES (4, 114, NULL, 'angry');
INSERT INTO USER_GROUP_MESSAGE(USER_ID, GROUP_MESSAGE_ID, READ_TIMESTAMP, REACTION)
VALUES (5, 114, NULL, 'crying');
INSERT INTO USER_GROUP_MESSAGE(USER_ID, GROUP_MESSAGE_ID, READ_TIMESTAMP, REACTION)
VALUES (6, 114, NULL, 'angry');
INSERT INTO USER_GROUP_MESSAGE(USER_ID, GROUP_MESSAGE_ID, READ_TIMESTAMP, REACTION)
VALUES (7, 114, NULL, NULL);
INSERT INTO GROUP_MESSAGE(ID, VALUE, TIMESTAMP, AUTHOR_ID, GROUP_ID)
VALUES (115, 'Test', '2019-09-10', '1', 2);
INSERT INTO USER_GROUP_MESSAGE(USER_ID, GROUP_MESSAGE_ID, READ_TIMESTAMP, REACTION)
VALUES (1, 115, NULL, 'angry');
INSERT INTO USER_GROUP_MESSAGE(USER_ID, GROUP_MESSAGE_ID, READ_TIMESTAMP, REACTION)
VALUES (2, 115, NULL, 'angry');
INSERT INTO USER_GROUP_MESSAGE(USER_ID, GROUP_MESSAGE_ID, READ_TIMESTAMP, REACTION)
VALUES (3, 115, NULL, 'crying');
INSERT INTO USER_GROUP_MESSAGE(USER_ID, GROUP_MESSAGE_ID, READ_TIMESTAMP, REACTION)
VALUES (4, 115, NULL, NULL);
INSERT INTO USER_GROUP_MESSAGE(USER_ID, GROUP_MESSAGE_ID, READ_TIMESTAMP, REACTION)
VALUES (5, 115, NULL, 'happy');
INSERT INTO USER_GROUP_MESSAGE(USER_ID, GROUP_MESSAGE_ID, READ_TIMESTAMP, REACTION)
VALUES (6, 115, NULL, 'angry');
INSERT INTO USER_GROUP_MESSAGE(USER_ID, GROUP_MESSAGE_ID, READ_TIMESTAMP, REACTION)
VALUES (7, 115, NULL, 'angry');
INSERT INTO GROUP_MESSAGE(ID, VALUE, TIMESTAMP, AUTHOR_ID, GROUP_ID)
VALUES (116, 'Test', '2019-09-09', '2', 2);
INSERT INTO USER_GROUP_MESSAGE(USER_ID, GROUP_MESSAGE_ID, READ_TIMESTAMP, REACTION)
VALUES (1, 116, NULL, NULL);
INSERT INTO USER_GROUP_MESSAGE(USER_ID, GROUP_MESSAGE_ID, READ_TIMESTAMP, REACTION)
VALUES (2, 116, NULL, 'crying');
INSERT INTO USER_GROUP_MESSAGE(USER_ID, GROUP_MESSAGE_ID, READ_TIMESTAMP, REACTION)
VALUES (3, 116, NULL, 'crying');
INSERT INTO USER_GROUP_MESSAGE(USER_ID, GROUP_MESSAGE_ID, READ_TIMESTAMP, REACTION)
VALUES (4, 116, NULL, 'angry');
INSERT INTO USER_GROUP_MESSAGE(USER_ID, GROUP_MESSAGE_ID, READ_TIMESTAMP, REACTION)
VALUES (5, 116, NULL, NULL);
INSERT INTO USER_GROUP_MESSAGE(USER_ID, GROUP_MESSAGE_ID, READ_TIMESTAMP, REACTION)
VALUES (6, 116, NULL, 'crying');
INSERT INTO USER_GROUP_MESSAGE(USER_ID, GROUP_MESSAGE_ID, READ_TIMESTAMP, REACTION)
VALUES (7, 116, NULL, 'happy');
INSERT INTO GROUP_MESSAGE(ID, VALUE, TIMESTAMP, AUTHOR_ID, GROUP_ID)
VALUES (117, 'Test', '2019-09-08', '3', 2);
INSERT INTO USER_GROUP_MESSAGE(USER_ID, GROUP_MESSAGE_ID, READ_TIMESTAMP, REACTION)
VALUES (1, 117, NULL, 'happy');
INSERT INTO USER_GROUP_MESSAGE(USER_ID, GROUP_MESSAGE_ID, READ_TIMESTAMP, REACTION)
VALUES (2, 117, NULL, 'angry');
INSERT INTO USER_GROUP_MESSAGE(USER_ID, GROUP_MESSAGE_ID, READ_TIMESTAMP, REACTION)
VALUES (3, 117, NULL, 'angry');
INSERT INTO USER_GROUP_MESSAGE(USER_ID, GROUP_MESSAGE_ID, READ_TIMESTAMP, REACTION)
VALUES (4, 117, NULL, 'happy');
INSERT INTO USER_GROUP_MESSAGE(USER_ID, GROUP_MESSAGE_ID, READ_TIMESTAMP, REACTION)
VALUES (5, 117, NULL, 'happy');
INSERT INTO USER_GROUP_MESSAGE(USER_ID, GROUP_MESSAGE_ID, READ_TIMESTAMP, REACTION)
VALUES (6, 117, NULL, 'angry');
INSERT INTO USER_GROUP_MESSAGE(USER_ID, GROUP_MESSAGE_ID, READ_TIMESTAMP, REACTION)
VALUES (7, 117, NULL, NULL);
INSERT INTO GROUP_MESSAGE(ID, VALUE, TIMESTAMP, AUTHOR_ID, GROUP_ID)
VALUES (118, 'Test', '2019-09-07', '7', 2);
INSERT INTO USER_GROUP_MESSAGE(USER_ID, GROUP_MESSAGE_ID, READ_TIMESTAMP, REACTION)
VALUES (1, 118, NULL, NULL);
INSERT INTO USER_GROUP_MESSAGE(USER_ID, GROUP_MESSAGE_ID, READ_TIMESTAMP, REACTION)
VALUES (2, 118, NULL, NULL);
INSERT INTO USER_GROUP_MESSAGE(USER_ID, GROUP_MESSAGE_ID, READ_TIMESTAMP, REACTION)
VALUES (3, 118, NULL, 'angry');
INSERT INTO USER_GROUP_MESSAGE(USER_ID, GROUP_MESSAGE_ID, READ_TIMESTAMP, REACTION)
VALUES (4, 118, NULL, 'angry');
INSERT INTO USER_GROUP_MESSAGE(USER_ID, GROUP_MESSAGE_ID, READ_TIMESTAMP, REACTION)
VALUES (5, 118, NULL, 'happy');
INSERT INTO USER_GROUP_MESSAGE(USER_ID, GROUP_MESSAGE_ID, READ_TIMESTAMP, REACTION)
VALUES (6, 118, NULL, 'crying');
INSERT INTO USER_GROUP_MESSAGE(USER_ID, GROUP_MESSAGE_ID, READ_TIMESTAMP, REACTION)
VALUES (7, 118, NULL, 'crying');
INSERT INTO GROUP_MESSAGE(ID, VALUE, TIMESTAMP, AUTHOR_ID, GROUP_ID)
VALUES (119, 'Test', '2019-09-06', '4', 2);
INSERT INTO USER_GROUP_MESSAGE(USER_ID, GROUP_MESSAGE_ID, READ_TIMESTAMP, REACTION)
VALUES (1, 119, NULL, NULL);
INSERT INTO USER_GROUP_MESSAGE(USER_ID, GROUP_MESSAGE_ID, READ_TIMESTAMP, REACTION)
VALUES (2, 119, NULL, 'crying');
INSERT INTO USER_GROUP_MESSAGE(USER_ID, GROUP_MESSAGE_ID, READ_TIMESTAMP, REACTION)
VALUES (3, 119, NULL, 'happy');
INSERT INTO USER_GROUP_MESSAGE(USER_ID, GROUP_MESSAGE_ID, READ_TIMESTAMP, REACTION)
VALUES (4, 119, NULL, 'angry');
INSERT INTO USER_GROUP_MESSAGE(USER_ID, GROUP_MESSAGE_ID, READ_TIMESTAMP, REACTION)
VALUES (5, 119, NULL, NULL);
INSERT INTO USER_GROUP_MESSAGE(USER_ID, GROUP_MESSAGE_ID, READ_TIMESTAMP, REACTION)
VALUES (6, 119, NULL, 'angry');
INSERT INTO USER_GROUP_MESSAGE(USER_ID, GROUP_MESSAGE_ID, READ_TIMESTAMP, REACTION)
VALUES (7, 119, NULL, NULL);
INSERT INTO GROUP_MESSAGE(ID, VALUE, TIMESTAMP, AUTHOR_ID, GROUP_ID)
VALUES (120, 'Test', '2019-09-05', '7', 2);
INSERT INTO USER_GROUP_MESSAGE(USER_ID, GROUP_MESSAGE_ID, READ_TIMESTAMP, REACTION)
VALUES (1, 120, NULL, 'happy');
INSERT INTO USER_GROUP_MESSAGE(USER_ID, GROUP_MESSAGE_ID, READ_TIMESTAMP, REACTION)
VALUES (2, 120, NULL, 'happy');
INSERT INTO USER_GROUP_MESSAGE(USER_ID, GROUP_MESSAGE_ID, READ_TIMESTAMP, REACTION)
VALUES (3, 120, NULL, 'happy');
INSERT INTO USER_GROUP_MESSAGE(USER_ID, GROUP_MESSAGE_ID, READ_TIMESTAMP, REACTION)
VALUES (4, 120, NULL, 'angry');
INSERT INTO USER_GROUP_MESSAGE(USER_ID, GROUP_MESSAGE_ID, READ_TIMESTAMP, REACTION)
VALUES (5, 120, NULL, 'happy');
INSERT INTO USER_GROUP_MESSAGE(USER_ID, GROUP_MESSAGE_ID, READ_TIMESTAMP, REACTION)
VALUES (6, 120, NULL, 'angry');
INSERT INTO USER_GROUP_MESSAGE(USER_ID, GROUP_MESSAGE_ID, READ_TIMESTAMP, REACTION)
VALUES (7, 120, NULL, 'happy');
INSERT INTO GROUP_MESSAGE(ID, VALUE, TIMESTAMP, AUTHOR_ID, GROUP_ID)
VALUES (121, 'Test', '2019-09-04', '1', 2);
INSERT INTO USER_GROUP_MESSAGE(USER_ID, GROUP_MESSAGE_ID, READ_TIMESTAMP, REACTION)
VALUES (1, 121, NULL, NULL);
INSERT INTO USER_GROUP_MESSAGE(USER_ID, GROUP_MESSAGE_ID, READ_TIMESTAMP, REACTION)
VALUES (2, 121, NULL, 'angry');
INSERT INTO USER_GROUP_MESSAGE(USER_ID, GROUP_MESSAGE_ID, READ_TIMESTAMP, REACTION)
VALUES (3, 121, NULL, NULL);
INSERT INTO USER_GROUP_MESSAGE(USER_ID, GROUP_MESSAGE_ID, READ_TIMESTAMP, REACTION)
VALUES (4, 121, NULL, 'crying');
INSERT INTO USER_GROUP_MESSAGE(USER_ID, GROUP_MESSAGE_ID, READ_TIMESTAMP, REACTION)
VALUES (5, 121, NULL, NULL);
INSERT INTO USER_GROUP_MESSAGE(USER_ID, GROUP_MESSAGE_ID, READ_TIMESTAMP, REACTION)
VALUES (6, 121, NULL, NULL);
INSERT INTO USER_GROUP_MESSAGE(USER_ID, GROUP_MESSAGE_ID, READ_TIMESTAMP, REACTION)
VALUES (7, 121, NULL, 'angry');
INSERT INTO GROUP_MESSAGE(ID, VALUE, TIMESTAMP, AUTHOR_ID, GROUP_ID)
VALUES (122, 'Test', '2019-09-03', '4', 2);
INSERT INTO USER_GROUP_MESSAGE(USER_ID, GROUP_MESSAGE_ID, READ_TIMESTAMP, REACTION)
VALUES (1, 122, NULL, 'angry');
INSERT INTO USER_GROUP_MESSAGE(USER_ID, GROUP_MESSAGE_ID, READ_TIMESTAMP, REACTION)
VALUES (2, 122, NULL, NULL);
INSERT INTO USER_GROUP_MESSAGE(USER_ID, GROUP_MESSAGE_ID, READ_TIMESTAMP, REACTION)
VALUES (3, 122, NULL, 'crying');
INSERT INTO USER_GROUP_MESSAGE(USER_ID, GROUP_MESSAGE_ID, READ_TIMESTAMP, REACTION)
VALUES (4, 122, NULL, 'angry');
INSERT INTO USER_GROUP_MESSAGE(USER_ID, GROUP_MESSAGE_ID, READ_TIMESTAMP, REACTION)
VALUES (5, 122, NULL, NULL);
INSERT INTO USER_GROUP_MESSAGE(USER_ID, GROUP_MESSAGE_ID, READ_TIMESTAMP, REACTION)
VALUES (6, 122, NULL, 'angry');
INSERT INTO USER_GROUP_MESSAGE(USER_ID, GROUP_MESSAGE_ID, READ_TIMESTAMP, REACTION)
VALUES (7, 122, NULL, NULL);
INSERT INTO GROUP_MESSAGE(ID, VALUE, TIMESTAMP, AUTHOR_ID, GROUP_ID)
VALUES (123, 'Test', '2019-09-02', '5', 2);
INSERT INTO USER_GROUP_MESSAGE(USER_ID, GROUP_MESSAGE_ID, READ_TIMESTAMP, REACTION)
VALUES (1, 123, NULL, NULL);
INSERT INTO USER_GROUP_MESSAGE(USER_ID, GROUP_MESSAGE_ID, READ_TIMESTAMP, REACTION)
VALUES (2, 123, NULL, 'angry');
INSERT INTO USER_GROUP_MESSAGE(USER_ID, GROUP_MESSAGE_ID, READ_TIMESTAMP, REACTION)
VALUES (3, 123, NULL, 'crying');
INSERT INTO USER_GROUP_MESSAGE(USER_ID, GROUP_MESSAGE_ID, READ_TIMESTAMP, REACTION)
VALUES (4, 123, NULL, NULL);
INSERT INTO USER_GROUP_MESSAGE(USER_ID, GROUP_MESSAGE_ID, READ_TIMESTAMP, REACTION)
VALUES (5, 123, NULL, 'happy');
INSERT INTO USER_GROUP_MESSAGE(USER_ID, GROUP_MESSAGE_ID, READ_TIMESTAMP, REACTION)
VALUES (6, 123, NULL, NULL);
INSERT INTO USER_GROUP_MESSAGE(USER_ID, GROUP_MESSAGE_ID, READ_TIMESTAMP, REACTION)
VALUES (7, 123, NULL, 'happy');
INSERT INTO GROUP_MESSAGE(ID, VALUE, TIMESTAMP, AUTHOR_ID, GROUP_ID)
VALUES (124, 'Test', '2019-09-01', '4', 2);
INSERT INTO USER_GROUP_MESSAGE(USER_ID, GROUP_MESSAGE_ID, READ_TIMESTAMP, REACTION)
VALUES (1, 124, NULL, NULL);
INSERT INTO USER_GROUP_MESSAGE(USER_ID, GROUP_MESSAGE_ID, READ_TIMESTAMP, REACTION)
VALUES (2, 124, NULL, 'angry');
INSERT INTO USER_GROUP_MESSAGE(USER_ID, GROUP_MESSAGE_ID, READ_TIMESTAMP, REACTION)
VALUES (3, 124, NULL, 'angry');
INSERT INTO USER_GROUP_MESSAGE(USER_ID, GROUP_MESSAGE_ID, READ_TIMESTAMP, REACTION)
VALUES (4, 124, NULL, 'crying');
INSERT INTO USER_GROUP_MESSAGE(USER_ID, GROUP_MESSAGE_ID, READ_TIMESTAMP, REACTION)
VALUES (5, 124, NULL, 'angry');
INSERT INTO USER_GROUP_MESSAGE(USER_ID, GROUP_MESSAGE_ID, READ_TIMESTAMP, REACTION)
VALUES (6, 124, NULL, NULL);
INSERT INTO USER_GROUP_MESSAGE(USER_ID, GROUP_MESSAGE_ID, READ_TIMESTAMP, REACTION)
VALUES (7, 124, NULL, 'happy');
INSERT INTO GROUP_MESSAGE(ID, VALUE, TIMESTAMP, AUTHOR_ID, GROUP_ID)
VALUES (125, 'Test', '2019-08-31', '1', 2);
INSERT INTO USER_GROUP_MESSAGE(USER_ID, GROUP_MESSAGE_ID, READ_TIMESTAMP, REACTION)
VALUES (1, 125, NULL, NULL);
INSERT INTO USER_GROUP_MESSAGE(USER_ID, GROUP_MESSAGE_ID, READ_TIMESTAMP, REACTION)
VALUES (2, 125, NULL, 'crying');
INSERT INTO USER_GROUP_MESSAGE(USER_ID, GROUP_MESSAGE_ID, READ_TIMESTAMP, REACTION)
VALUES (3, 125, NULL, 'angry');
INSERT INTO USER_GROUP_MESSAGE(USER_ID, GROUP_MESSAGE_ID, READ_TIMESTAMP, REACTION)
VALUES (4, 125, NULL, 'happy');
INSERT INTO USER_GROUP_MESSAGE(USER_ID, GROUP_MESSAGE_ID, READ_TIMESTAMP, REACTION)
VALUES (5, 125, NULL, NULL);
INSERT INTO USER_GROUP_MESSAGE(USER_ID, GROUP_MESSAGE_ID, READ_TIMESTAMP, REACTION)
VALUES (6, 125, NULL, NULL);
INSERT INTO USER_GROUP_MESSAGE(USER_ID, GROUP_MESSAGE_ID, READ_TIMESTAMP, REACTION)
VALUES (7, 125, NULL, 'happy');
INSERT INTO GROUP_MESSAGE(ID, VALUE, TIMESTAMP, AUTHOR_ID, GROUP_ID)
VALUES (126, 'Test', '2019-08-30', '1', 2);
INSERT INTO USER_GROUP_MESSAGE(USER_ID, GROUP_MESSAGE_ID, READ_TIMESTAMP, REACTION)
VALUES (1, 126, NULL, 'crying');
INSERT INTO USER_GROUP_MESSAGE(USER_ID, GROUP_MESSAGE_ID, READ_TIMESTAMP, REACTION)
VALUES (2, 126, NULL, 'crying');
INSERT INTO USER_GROUP_MESSAGE(USER_ID, GROUP_MESSAGE_ID, READ_TIMESTAMP, REACTION)
VALUES (3, 126, NULL, 'happy');
INSERT INTO USER_GROUP_MESSAGE(USER_ID, GROUP_MESSAGE_ID, READ_TIMESTAMP, REACTION)
VALUES (4, 126, NULL, 'happy');
INSERT INTO USER_GROUP_MESSAGE(USER_ID, GROUP_MESSAGE_ID, READ_TIMESTAMP, REACTION)
VALUES (5, 126, NULL, 'crying');
INSERT INTO USER_GROUP_MESSAGE(USER_ID, GROUP_MESSAGE_ID, READ_TIMESTAMP, REACTION)
VALUES (6, 126, NULL, NULL);
INSERT INTO USER_GROUP_MESSAGE(USER_ID, GROUP_MESSAGE_ID, READ_TIMESTAMP, REACTION)
VALUES (7, 126, NULL, NULL);
INSERT INTO GROUP_MESSAGE(ID, VALUE, TIMESTAMP, AUTHOR_ID, GROUP_ID)
VALUES (127, 'Test', '2019-08-29', '1', 2);
INSERT INTO USER_GROUP_MESSAGE(USER_ID, GROUP_MESSAGE_ID, READ_TIMESTAMP, REACTION)
VALUES (1, 127, NULL, 'happy');
INSERT INTO USER_GROUP_MESSAGE(USER_ID, GROUP_MESSAGE_ID, READ_TIMESTAMP, REACTION)
VALUES (2, 127, NULL, 'happy');
INSERT INTO USER_GROUP_MESSAGE(USER_ID, GROUP_MESSAGE_ID, READ_TIMESTAMP, REACTION)
VALUES (3, 127, NULL, 'angry');
INSERT INTO USER_GROUP_MESSAGE(USER_ID, GROUP_MESSAGE_ID, READ_TIMESTAMP, REACTION)
VALUES (4, 127, NULL, 'crying');
INSERT INTO USER_GROUP_MESSAGE(USER_ID, GROUP_MESSAGE_ID, READ_TIMESTAMP, REACTION)
VALUES (5, 127, NULL, 'happy');
INSERT INTO USER_GROUP_MESSAGE(USER_ID, GROUP_MESSAGE_ID, READ_TIMESTAMP, REACTION)
VALUES (6, 127, NULL, 'happy');
INSERT INTO USER_GROUP_MESSAGE(USER_ID, GROUP_MESSAGE_ID, READ_TIMESTAMP, REACTION)
VALUES (7, 127, NULL, 'angry');
INSERT INTO GROUP_MESSAGE(ID, VALUE, TIMESTAMP, AUTHOR_ID, GROUP_ID)
VALUES (128, 'Test', '2019-08-28', '5', 2);
INSERT INTO USER_GROUP_MESSAGE(USER_ID, GROUP_MESSAGE_ID, READ_TIMESTAMP, REACTION)
VALUES (1, 128, NULL, NULL);
INSERT INTO USER_GROUP_MESSAGE(USER_ID, GROUP_MESSAGE_ID, READ_TIMESTAMP, REACTION)
VALUES (2, 128, NULL, NULL);
INSERT INTO USER_GROUP_MESSAGE(USER_ID, GROUP_MESSAGE_ID, READ_TIMESTAMP, REACTION)
VALUES (3, 128, NULL, NULL);
INSERT INTO USER_GROUP_MESSAGE(USER_ID, GROUP_MESSAGE_ID, READ_TIMESTAMP, REACTION)
VALUES (4, 128, NULL, 'crying');
INSERT INTO USER_GROUP_MESSAGE(USER_ID, GROUP_MESSAGE_ID, READ_TIMESTAMP, REACTION)
VALUES (5, 128, NULL, 'happy');
INSERT INTO USER_GROUP_MESSAGE(USER_ID, GROUP_MESSAGE_ID, READ_TIMESTAMP, REACTION)
VALUES (6, 128, NULL, 'angry');
INSERT INTO USER_GROUP_MESSAGE(USER_ID, GROUP_MESSAGE_ID, READ_TIMESTAMP, REACTION)
VALUES (7, 128, NULL, 'crying');
INSERT INTO GROUP_MESSAGE(ID, VALUE, TIMESTAMP, AUTHOR_ID, GROUP_ID)
VALUES (129, 'Test', '2019-08-27', '3', 2);
INSERT INTO USER_GROUP_MESSAGE(USER_ID, GROUP_MESSAGE_ID, READ_TIMESTAMP, REACTION)
VALUES (1, 129, NULL, 'crying');
INSERT INTO USER_GROUP_MESSAGE(USER_ID, GROUP_MESSAGE_ID, READ_TIMESTAMP, REACTION)
VALUES (2, 129, NULL, 'happy');
INSERT INTO USER_GROUP_MESSAGE(USER_ID, GROUP_MESSAGE_ID, READ_TIMESTAMP, REACTION)
VALUES (3, 129, NULL, 'crying');
INSERT INTO USER_GROUP_MESSAGE(USER_ID, GROUP_MESSAGE_ID, READ_TIMESTAMP, REACTION)
VALUES (4, 129, NULL, 'happy');
INSERT INTO USER_GROUP_MESSAGE(USER_ID, GROUP_MESSAGE_ID, READ_TIMESTAMP, REACTION)
VALUES (5, 129, NULL, 'happy');
INSERT INTO USER_GROUP_MESSAGE(USER_ID, GROUP_MESSAGE_ID, READ_TIMESTAMP, REACTION)
VALUES (6, 129, NULL, 'crying');
INSERT INTO USER_GROUP_MESSAGE(USER_ID, GROUP_MESSAGE_ID, READ_TIMESTAMP, REACTION)
VALUES (7, 129, NULL, 'happy');
INSERT INTO GROUP_MESSAGE(ID, VALUE, TIMESTAMP, AUTHOR_ID, GROUP_ID)
VALUES (130, 'Test', '2019-08-26', '2', 2);
INSERT INTO USER_GROUP_MESSAGE(USER_ID, GROUP_MESSAGE_ID, READ_TIMESTAMP, REACTION)
VALUES (1, 130, NULL, 'crying');
INSERT INTO USER_GROUP_MESSAGE(USER_ID, GROUP_MESSAGE_ID, READ_TIMESTAMP, REACTION)
VALUES (2, 130, NULL, 'crying');
INSERT INTO USER_GROUP_MESSAGE(USER_ID, GROUP_MESSAGE_ID, READ_TIMESTAMP, REACTION)
VALUES (3, 130, NULL, 'happy');
INSERT INTO USER_GROUP_MESSAGE(USER_ID, GROUP_MESSAGE_ID, READ_TIMESTAMP, REACTION)
VALUES (4, 130, NULL, 'happy');
INSERT INTO USER_GROUP_MESSAGE(USER_ID, GROUP_MESSAGE_ID, READ_TIMESTAMP, REACTION)
VALUES (5, 130, NULL, NULL);
INSERT INTO USER_GROUP_MESSAGE(USER_ID, GROUP_MESSAGE_ID, READ_TIMESTAMP, REACTION)
VALUES (6, 130, NULL, 'happy');
INSERT INTO USER_GROUP_MESSAGE(USER_ID, GROUP_MESSAGE_ID, READ_TIMESTAMP, REACTION)
VALUES (7, 130, NULL, NULL);
INSERT INTO GROUP_MESSAGE(ID, VALUE, TIMESTAMP, AUTHOR_ID, GROUP_ID)
VALUES (131, 'Test', '2019-08-25', '4', 2);
INSERT INTO USER_GROUP_MESSAGE(USER_ID, GROUP_MESSAGE_ID, READ_TIMESTAMP, REACTION)
VALUES (1, 131, NULL, 'angry');
INSERT INTO USER_GROUP_MESSAGE(USER_ID, GROUP_MESSAGE_ID, READ_TIMESTAMP, REACTION)
VALUES (2, 131, NULL, 'angry');
INSERT INTO USER_GROUP_MESSAGE(USER_ID, GROUP_MESSAGE_ID, READ_TIMESTAMP, REACTION)
VALUES (3, 131, NULL, 'angry');
INSERT INTO USER_GROUP_MESSAGE(USER_ID, GROUP_MESSAGE_ID, READ_TIMESTAMP, REACTION)
VALUES (4, 131, NULL, NULL);
INSERT INTO USER_GROUP_MESSAGE(USER_ID, GROUP_MESSAGE_ID, READ_TIMESTAMP, REACTION)
VALUES (5, 131, NULL, 'angry');
INSERT INTO USER_GROUP_MESSAGE(USER_ID, GROUP_MESSAGE_ID, READ_TIMESTAMP, REACTION)
VALUES (6, 131, NULL, 'happy');
INSERT INTO USER_GROUP_MESSAGE(USER_ID, GROUP_MESSAGE_ID, READ_TIMESTAMP, REACTION)
VALUES (7, 131, NULL, 'angry');
INSERT INTO GROUP_MESSAGE(ID, VALUE, TIMESTAMP, AUTHOR_ID, GROUP_ID)
VALUES (132, 'Test', '2019-08-24', '3', 2);
INSERT INTO USER_GROUP_MESSAGE(USER_ID, GROUP_MESSAGE_ID, READ_TIMESTAMP, REACTION)
VALUES (1, 132, NULL, 'crying');
INSERT INTO USER_GROUP_MESSAGE(USER_ID, GROUP_MESSAGE_ID, READ_TIMESTAMP, REACTION)
VALUES (2, 132, NULL, 'crying');
INSERT INTO USER_GROUP_MESSAGE(USER_ID, GROUP_MESSAGE_ID, READ_TIMESTAMP, REACTION)
VALUES (3, 132, NULL, NULL);
INSERT INTO USER_GROUP_MESSAGE(USER_ID, GROUP_MESSAGE_ID, READ_TIMESTAMP, REACTION)
VALUES (4, 132, NULL, NULL);
INSERT INTO USER_GROUP_MESSAGE(USER_ID, GROUP_MESSAGE_ID, READ_TIMESTAMP, REACTION)
VALUES (5, 132, NULL, 'angry');
INSERT INTO USER_GROUP_MESSAGE(USER_ID, GROUP_MESSAGE_ID, READ_TIMESTAMP, REACTION)
VALUES (6, 132, NULL, 'angry');
INSERT INTO USER_GROUP_MESSAGE(USER_ID, GROUP_MESSAGE_ID, READ_TIMESTAMP, REACTION)
VALUES (7, 132, NULL, 'happy');
INSERT INTO GROUP_MESSAGE(ID, VALUE, TIMESTAMP, AUTHOR_ID, GROUP_ID)
VALUES (133, 'Test', '2019-08-23', '2', 2);
INSERT INTO USER_GROUP_MESSAGE(USER_ID, GROUP_MESSAGE_ID, READ_TIMESTAMP, REACTION)
VALUES (1, 133, NULL, 'angry');
INSERT INTO USER_GROUP_MESSAGE(USER_ID, GROUP_MESSAGE_ID, READ_TIMESTAMP, REACTION)
VALUES (2, 133, NULL, 'crying');
INSERT INTO USER_GROUP_MESSAGE(USER_ID, GROUP_MESSAGE_ID, READ_TIMESTAMP, REACTION)
VALUES (3, 133, NULL, 'angry');
INSERT INTO USER_GROUP_MESSAGE(USER_ID, GROUP_MESSAGE_ID, READ_TIMESTAMP, REACTION)
VALUES (4, 133, NULL, 'crying');
INSERT INTO USER_GROUP_MESSAGE(USER_ID, GROUP_MESSAGE_ID, READ_TIMESTAMP, REACTION)
VALUES (5, 133, NULL, 'angry');
INSERT INTO USER_GROUP_MESSAGE(USER_ID, GROUP_MESSAGE_ID, READ_TIMESTAMP, REACTION)
VALUES (6, 133, NULL, NULL);
INSERT INTO USER_GROUP_MESSAGE(USER_ID, GROUP_MESSAGE_ID, READ_TIMESTAMP, REACTION)
VALUES (7, 133, NULL, 'angry');
INSERT INTO GROUP_MESSAGE(ID, VALUE, TIMESTAMP, AUTHOR_ID, GROUP_ID)
VALUES (134, 'Test', '2019-08-22', '5', 2);
INSERT INTO USER_GROUP_MESSAGE(USER_ID, GROUP_MESSAGE_ID, READ_TIMESTAMP, REACTION)
VALUES (1, 134, NULL, NULL);
INSERT INTO USER_GROUP_MESSAGE(USER_ID, GROUP_MESSAGE_ID, READ_TIMESTAMP, REACTION)
VALUES (2, 134, NULL, 'angry');
INSERT INTO USER_GROUP_MESSAGE(USER_ID, GROUP_MESSAGE_ID, READ_TIMESTAMP, REACTION)
VALUES (3, 134, NULL, 'crying');
INSERT INTO USER_GROUP_MESSAGE(USER_ID, GROUP_MESSAGE_ID, READ_TIMESTAMP, REACTION)
VALUES (4, 134, NULL, NULL);
INSERT INTO USER_GROUP_MESSAGE(USER_ID, GROUP_MESSAGE_ID, READ_TIMESTAMP, REACTION)
VALUES (5, 134, NULL, 'angry');
INSERT INTO USER_GROUP_MESSAGE(USER_ID, GROUP_MESSAGE_ID, READ_TIMESTAMP, REACTION)
VALUES (6, 134, NULL, 'happy');
INSERT INTO USER_GROUP_MESSAGE(USER_ID, GROUP_MESSAGE_ID, READ_TIMESTAMP, REACTION)
VALUES (7, 134, NULL, 'happy');
INSERT INTO GROUP_MESSAGE(ID, VALUE, TIMESTAMP, AUTHOR_ID, GROUP_ID)
VALUES (135, 'Test', '2019-08-21', '2', 2);
INSERT INTO USER_GROUP_MESSAGE(USER_ID, GROUP_MESSAGE_ID, READ_TIMESTAMP, REACTION)
VALUES (1, 135, NULL, 'happy');
INSERT INTO USER_GROUP_MESSAGE(USER_ID, GROUP_MESSAGE_ID, READ_TIMESTAMP, REACTION)
VALUES (2, 135, NULL, 'crying');
INSERT INTO USER_GROUP_MESSAGE(USER_ID, GROUP_MESSAGE_ID, READ_TIMESTAMP, REACTION)
VALUES (3, 135, NULL, 'angry');
INSERT INTO USER_GROUP_MESSAGE(USER_ID, GROUP_MESSAGE_ID, READ_TIMESTAMP, REACTION)
VALUES (4, 135, NULL, 'happy');
INSERT INTO USER_GROUP_MESSAGE(USER_ID, GROUP_MESSAGE_ID, READ_TIMESTAMP, REACTION)
VALUES (5, 135, NULL, 'crying');
INSERT INTO USER_GROUP_MESSAGE(USER_ID, GROUP_MESSAGE_ID, READ_TIMESTAMP, REACTION)
VALUES (6, 135, NULL, 'angry');
INSERT INTO USER_GROUP_MESSAGE(USER_ID, GROUP_MESSAGE_ID, READ_TIMESTAMP, REACTION)
VALUES (7, 135, NULL, 'happy');
INSERT INTO GROUP_MESSAGE(ID, VALUE, TIMESTAMP, AUTHOR_ID, GROUP_ID)
VALUES (136, 'Test', '2019-08-20', '1', 2);
INSERT INTO USER_GROUP_MESSAGE(USER_ID, GROUP_MESSAGE_ID, READ_TIMESTAMP, REACTION)
VALUES (1, 136, NULL, 'angry');
INSERT INTO USER_GROUP_MESSAGE(USER_ID, GROUP_MESSAGE_ID, READ_TIMESTAMP, REACTION)
VALUES (2, 136, NULL, 'happy');
INSERT INTO USER_GROUP_MESSAGE(USER_ID, GROUP_MESSAGE_ID, READ_TIMESTAMP, REACTION)
VALUES (3, 136, NULL, NULL);
INSERT INTO USER_GROUP_MESSAGE(USER_ID, GROUP_MESSAGE_ID, READ_TIMESTAMP, REACTION)
VALUES (4, 136, NULL, 'happy');
INSERT INTO USER_GROUP_MESSAGE(USER_ID, GROUP_MESSAGE_ID, READ_TIMESTAMP, REACTION)
VALUES (5, 136, NULL, NULL);
INSERT INTO USER_GROUP_MESSAGE(USER_ID, GROUP_MESSAGE_ID, READ_TIMESTAMP, REACTION)
VALUES (6, 136, NULL, 'crying');
INSERT INTO USER_GROUP_MESSAGE(USER_ID, GROUP_MESSAGE_ID, READ_TIMESTAMP, REACTION)
VALUES (7, 136, NULL, 'crying');
INSERT INTO GROUP_MESSAGE(ID, VALUE, TIMESTAMP, AUTHOR_ID, GROUP_ID)
VALUES (137, 'Test', '2019-08-19', '3', 2);
INSERT INTO USER_GROUP_MESSAGE(USER_ID, GROUP_MESSAGE_ID, READ_TIMESTAMP, REACTION)
VALUES (1, 137, NULL, 'angry');
INSERT INTO USER_GROUP_MESSAGE(USER_ID, GROUP_MESSAGE_ID, READ_TIMESTAMP, REACTION)
VALUES (2, 137, NULL, NULL);
INSERT INTO USER_GROUP_MESSAGE(USER_ID, GROUP_MESSAGE_ID, READ_TIMESTAMP, REACTION)
VALUES (3, 137, NULL, 'angry');
INSERT INTO USER_GROUP_MESSAGE(USER_ID, GROUP_MESSAGE_ID, READ_TIMESTAMP, REACTION)
VALUES (4, 137, NULL, 'crying');
INSERT INTO USER_GROUP_MESSAGE(USER_ID, GROUP_MESSAGE_ID, READ_TIMESTAMP, REACTION)
VALUES (5, 137, NULL, 'happy');
INSERT INTO USER_GROUP_MESSAGE(USER_ID, GROUP_MESSAGE_ID, READ_TIMESTAMP, REACTION)
VALUES (6, 137, NULL, NULL);
INSERT INTO USER_GROUP_MESSAGE(USER_ID, GROUP_MESSAGE_ID, READ_TIMESTAMP, REACTION)
VALUES (7, 137, NULL, 'crying');
INSERT INTO GROUP_MESSAGE(ID, VALUE, TIMESTAMP, AUTHOR_ID, GROUP_ID)
VALUES (138, 'Test', '2019-08-18', '2', 2);
INSERT INTO USER_GROUP_MESSAGE(USER_ID, GROUP_MESSAGE_ID, READ_TIMESTAMP, REACTION)
VALUES (1, 138, NULL, NULL);
INSERT INTO USER_GROUP_MESSAGE(USER_ID, GROUP_MESSAGE_ID, READ_TIMESTAMP, REACTION)
VALUES (2, 138, NULL, NULL);
INSERT INTO USER_GROUP_MESSAGE(USER_ID, GROUP_MESSAGE_ID, READ_TIMESTAMP, REACTION)
VALUES (3, 138, NULL, 'crying');
INSERT INTO USER_GROUP_MESSAGE(USER_ID, GROUP_MESSAGE_ID, READ_TIMESTAMP, REACTION)
VALUES (4, 138, NULL, 'happy');
INSERT INTO USER_GROUP_MESSAGE(USER_ID, GROUP_MESSAGE_ID, READ_TIMESTAMP, REACTION)
VALUES (5, 138, NULL, 'happy');
INSERT INTO USER_GROUP_MESSAGE(USER_ID, GROUP_MESSAGE_ID, READ_TIMESTAMP, REACTION)
VALUES (6, 138, NULL, NULL);
INSERT INTO USER_GROUP_MESSAGE(USER_ID, GROUP_MESSAGE_ID, READ_TIMESTAMP, REACTION)
VALUES (7, 138, NULL, NULL);
INSERT INTO GROUP_MESSAGE(ID, VALUE, TIMESTAMP, AUTHOR_ID, GROUP_ID)
VALUES (139, 'Test', '2019-08-17', '4', 2);
INSERT INTO USER_GROUP_MESSAGE(USER_ID, GROUP_MESSAGE_ID, READ_TIMESTAMP, REACTION)
VALUES (1, 139, NULL, 'crying');
INSERT INTO USER_GROUP_MESSAGE(USER_ID, GROUP_MESSAGE_ID, READ_TIMESTAMP, REACTION)
VALUES (2, 139, NULL, NULL);
INSERT INTO USER_GROUP_MESSAGE(USER_ID, GROUP_MESSAGE_ID, READ_TIMESTAMP, REACTION)
VALUES (3, 139, NULL, NULL);
INSERT INTO USER_GROUP_MESSAGE(USER_ID, GROUP_MESSAGE_ID, READ_TIMESTAMP, REACTION)
VALUES (4, 139, NULL, NULL);
INSERT INTO USER_GROUP_MESSAGE(USER_ID, GROUP_MESSAGE_ID, READ_TIMESTAMP, REACTION)
VALUES (5, 139, NULL, 'angry');
INSERT INTO USER_GROUP_MESSAGE(USER_ID, GROUP_MESSAGE_ID, READ_TIMESTAMP, REACTION)
VALUES (6, 139, NULL, 'crying');
INSERT INTO USER_GROUP_MESSAGE(USER_ID, GROUP_MESSAGE_ID, READ_TIMESTAMP, REACTION)
VALUES (7, 139, NULL, 'happy');
INSERT INTO GROUP_MESSAGE(ID, VALUE, TIMESTAMP, AUTHOR_ID, GROUP_ID)
VALUES (140, 'Test', '2019-08-16', '5', 2);
INSERT INTO USER_GROUP_MESSAGE(USER_ID, GROUP_MESSAGE_ID, READ_TIMESTAMP, REACTION)
VALUES (1, 140, NULL, 'crying');
INSERT INTO USER_GROUP_MESSAGE(USER_ID, GROUP_MESSAGE_ID, READ_TIMESTAMP, REACTION)
VALUES (2, 140, NULL, 'angry');
INSERT INTO USER_GROUP_MESSAGE(USER_ID, GROUP_MESSAGE_ID, READ_TIMESTAMP, REACTION)
VALUES (3, 140, NULL, 'angry');
INSERT INTO USER_GROUP_MESSAGE(USER_ID, GROUP_MESSAGE_ID, READ_TIMESTAMP, REACTION)
VALUES (4, 140, NULL, 'crying');
INSERT INTO USER_GROUP_MESSAGE(USER_ID, GROUP_MESSAGE_ID, READ_TIMESTAMP, REACTION)
VALUES (5, 140, NULL, NULL);
INSERT INTO USER_GROUP_MESSAGE(USER_ID, GROUP_MESSAGE_ID, READ_TIMESTAMP, REACTION)
VALUES (6, 140, NULL, NULL);
INSERT INTO USER_GROUP_MESSAGE(USER_ID, GROUP_MESSAGE_ID, READ_TIMESTAMP, REACTION)
VALUES (7, 140, NULL, 'angry');
INSERT INTO GROUP_MESSAGE(ID, VALUE, TIMESTAMP, AUTHOR_ID, GROUP_ID)
VALUES (141, 'Test', '2019-08-15', '3', 2);
INSERT INTO USER_GROUP_MESSAGE(USER_ID, GROUP_MESSAGE_ID, READ_TIMESTAMP, REACTION)
VALUES (1, 141, NULL, 'happy');
INSERT INTO USER_GROUP_MESSAGE(USER_ID, GROUP_MESSAGE_ID, READ_TIMESTAMP, REACTION)
VALUES (2, 141, NULL, 'crying');
INSERT INTO USER_GROUP_MESSAGE(USER_ID, GROUP_MESSAGE_ID, READ_TIMESTAMP, REACTION)
VALUES (3, 141, NULL, 'happy');
INSERT INTO USER_GROUP_MESSAGE(USER_ID, GROUP_MESSAGE_ID, READ_TIMESTAMP, REACTION)
VALUES (4, 141, NULL, 'angry');
INSERT INTO USER_GROUP_MESSAGE(USER_ID, GROUP_MESSAGE_ID, READ_TIMESTAMP, REACTION)
VALUES (5, 141, NULL, 'crying');
INSERT INTO USER_GROUP_MESSAGE(USER_ID, GROUP_MESSAGE_ID, READ_TIMESTAMP, REACTION)
VALUES (6, 141, NULL, 'crying');
INSERT INTO USER_GROUP_MESSAGE(USER_ID, GROUP_MESSAGE_ID, READ_TIMESTAMP, REACTION)
VALUES (7, 141, NULL, 'angry');
INSERT INTO GROUP_MESSAGE(ID, VALUE, TIMESTAMP, AUTHOR_ID, GROUP_ID)
VALUES (142, 'Test', '2019-08-14', '6', 2);
INSERT INTO USER_GROUP_MESSAGE(USER_ID, GROUP_MESSAGE_ID, READ_TIMESTAMP, REACTION)
VALUES (1, 142, NULL, NULL);
INSERT INTO USER_GROUP_MESSAGE(USER_ID, GROUP_MESSAGE_ID, READ_TIMESTAMP, REACTION)
VALUES (2, 142, NULL, 'crying');
INSERT INTO USER_GROUP_MESSAGE(USER_ID, GROUP_MESSAGE_ID, READ_TIMESTAMP, REACTION)
VALUES (3, 142, NULL, 'crying');
INSERT INTO USER_GROUP_MESSAGE(USER_ID, GROUP_MESSAGE_ID, READ_TIMESTAMP, REACTION)
VALUES (4, 142, NULL, 'angry');
INSERT INTO USER_GROUP_MESSAGE(USER_ID, GROUP_MESSAGE_ID, READ_TIMESTAMP, REACTION)
VALUES (5, 142, NULL, 'crying');
INSERT INTO USER_GROUP_MESSAGE(USER_ID, GROUP_MESSAGE_ID, READ_TIMESTAMP, REACTION)
VALUES (6, 142, NULL, 'crying');
INSERT INTO USER_GROUP_MESSAGE(USER_ID, GROUP_MESSAGE_ID, READ_TIMESTAMP, REACTION)
VALUES (7, 142, NULL, 'crying');
INSERT INTO GROUP_MESSAGE(ID, VALUE, TIMESTAMP, AUTHOR_ID, GROUP_ID)
VALUES (143, 'Test', '2019-08-13', '3', 2);
INSERT INTO USER_GROUP_MESSAGE(USER_ID, GROUP_MESSAGE_ID, READ_TIMESTAMP, REACTION)
VALUES (1, 143, NULL, 'crying');
INSERT INTO USER_GROUP_MESSAGE(USER_ID, GROUP_MESSAGE_ID, READ_TIMESTAMP, REACTION)
VALUES (2, 143, NULL, NULL);
INSERT INTO USER_GROUP_MESSAGE(USER_ID, GROUP_MESSAGE_ID, READ_TIMESTAMP, REACTION)
VALUES (3, 143, NULL, 'crying');
INSERT INTO USER_GROUP_MESSAGE(USER_ID, GROUP_MESSAGE_ID, READ_TIMESTAMP, REACTION)
VALUES (4, 143, NULL, 'happy');
INSERT INTO USER_GROUP_MESSAGE(USER_ID, GROUP_MESSAGE_ID, READ_TIMESTAMP, REACTION)
VALUES (5, 143, NULL, NULL);
INSERT INTO USER_GROUP_MESSAGE(USER_ID, GROUP_MESSAGE_ID, READ_TIMESTAMP, REACTION)
VALUES (6, 143, NULL, 'angry');
INSERT INTO USER_GROUP_MESSAGE(USER_ID, GROUP_MESSAGE_ID, READ_TIMESTAMP, REACTION)
VALUES (7, 143, NULL, NULL);
INSERT INTO GROUP_MESSAGE(ID, VALUE, TIMESTAMP, AUTHOR_ID, GROUP_ID)
VALUES (144, 'Test', '2019-08-12', '6', 2);
INSERT INTO USER_GROUP_MESSAGE(USER_ID, GROUP_MESSAGE_ID, READ_TIMESTAMP, REACTION)
VALUES (1, 144, NULL, NULL);
INSERT INTO USER_GROUP_MESSAGE(USER_ID, GROUP_MESSAGE_ID, READ_TIMESTAMP, REACTION)
VALUES (2, 144, NULL, 'angry');
INSERT INTO USER_GROUP_MESSAGE(USER_ID, GROUP_MESSAGE_ID, READ_TIMESTAMP, REACTION)
VALUES (3, 144, NULL, 'crying');
INSERT INTO USER_GROUP_MESSAGE(USER_ID, GROUP_MESSAGE_ID, READ_TIMESTAMP, REACTION)
VALUES (4, 144, NULL, 'crying');
INSERT INTO USER_GROUP_MESSAGE(USER_ID, GROUP_MESSAGE_ID, READ_TIMESTAMP, REACTION)
VALUES (5, 144, NULL, 'crying');
INSERT INTO USER_GROUP_MESSAGE(USER_ID, GROUP_MESSAGE_ID, READ_TIMESTAMP, REACTION)
VALUES (6, 144, NULL, 'happy');
INSERT INTO USER_GROUP_MESSAGE(USER_ID, GROUP_MESSAGE_ID, READ_TIMESTAMP, REACTION)
VALUES (7, 144, NULL, 'happy');
INSERT INTO GROUP_MESSAGE(ID, VALUE, TIMESTAMP, AUTHOR_ID, GROUP_ID)
VALUES (145, 'Test', '2019-08-11', '7', 2);
INSERT INTO USER_GROUP_MESSAGE(USER_ID, GROUP_MESSAGE_ID, READ_TIMESTAMP, REACTION)
VALUES (1, 145, NULL, 'crying');
INSERT INTO USER_GROUP_MESSAGE(USER_ID, GROUP_MESSAGE_ID, READ_TIMESTAMP, REACTION)
VALUES (2, 145, NULL, 'angry');
INSERT INTO USER_GROUP_MESSAGE(USER_ID, GROUP_MESSAGE_ID, READ_TIMESTAMP, REACTION)
VALUES (3, 145, NULL, 'angry');
INSERT INTO USER_GROUP_MESSAGE(USER_ID, GROUP_MESSAGE_ID, READ_TIMESTAMP, REACTION)
VALUES (4, 145, NULL, NULL);
INSERT INTO USER_GROUP_MESSAGE(USER_ID, GROUP_MESSAGE_ID, READ_TIMESTAMP, REACTION)
VALUES (5, 145, NULL, 'angry');
INSERT INTO USER_GROUP_MESSAGE(USER_ID, GROUP_MESSAGE_ID, READ_TIMESTAMP, REACTION)
VALUES (6, 145, NULL, 'angry');
INSERT INTO USER_GROUP_MESSAGE(USER_ID, GROUP_MESSAGE_ID, READ_TIMESTAMP, REACTION)
VALUES (7, 145, NULL, 'crying');
INSERT INTO GROUP_MESSAGE(ID, VALUE, TIMESTAMP, AUTHOR_ID, GROUP_ID)
VALUES (146, 'Test', '2019-08-10', '3', 2);
INSERT INTO USER_GROUP_MESSAGE(USER_ID, GROUP_MESSAGE_ID, READ_TIMESTAMP, REACTION)
VALUES (1, 146, NULL, 'happy');
INSERT INTO USER_GROUP_MESSAGE(USER_ID, GROUP_MESSAGE_ID, READ_TIMESTAMP, REACTION)
VALUES (2, 146, NULL, 'happy');
INSERT INTO USER_GROUP_MESSAGE(USER_ID, GROUP_MESSAGE_ID, READ_TIMESTAMP, REACTION)
VALUES (3, 146, NULL, NULL);
INSERT INTO USER_GROUP_MESSAGE(USER_ID, GROUP_MESSAGE_ID, READ_TIMESTAMP, REACTION)
VALUES (4, 146, NULL, NULL);
INSERT INTO USER_GROUP_MESSAGE(USER_ID, GROUP_MESSAGE_ID, READ_TIMESTAMP, REACTION)
VALUES (5, 146, NULL, 'angry');
INSERT INTO USER_GROUP_MESSAGE(USER_ID, GROUP_MESSAGE_ID, READ_TIMESTAMP, REACTION)
VALUES (6, 146, NULL, 'happy');
INSERT INTO USER_GROUP_MESSAGE(USER_ID, GROUP_MESSAGE_ID, READ_TIMESTAMP, REACTION)
VALUES (7, 146, NULL, 'angry');
INSERT INTO GROUP_MESSAGE(ID, VALUE, TIMESTAMP, AUTHOR_ID, GROUP_ID)
VALUES (147, 'Test', '2019-08-09', '5', 2);
INSERT INTO USER_GROUP_MESSAGE(USER_ID, GROUP_MESSAGE_ID, READ_TIMESTAMP, REACTION)
VALUES (1, 147, NULL, 'happy');
INSERT INTO USER_GROUP_MESSAGE(USER_ID, GROUP_MESSAGE_ID, READ_TIMESTAMP, REACTION)
VALUES (2, 147, NULL, NULL);
INSERT INTO USER_GROUP_MESSAGE(USER_ID, GROUP_MESSAGE_ID, READ_TIMESTAMP, REACTION)
VALUES (3, 147, NULL, 'happy');
INSERT INTO USER_GROUP_MESSAGE(USER_ID, GROUP_MESSAGE_ID, READ_TIMESTAMP, REACTION)
VALUES (4, 147, NULL, 'crying');
INSERT INTO USER_GROUP_MESSAGE(USER_ID, GROUP_MESSAGE_ID, READ_TIMESTAMP, REACTION)
VALUES (5, 147, NULL, 'happy');
INSERT INTO USER_GROUP_MESSAGE(USER_ID, GROUP_MESSAGE_ID, READ_TIMESTAMP, REACTION)
VALUES (6, 147, NULL, NULL);
INSERT INTO USER_GROUP_MESSAGE(USER_ID, GROUP_MESSAGE_ID, READ_TIMESTAMP, REACTION)
VALUES (7, 147, NULL, 'crying');
INSERT INTO GROUP_MESSAGE(ID, VALUE, TIMESTAMP, AUTHOR_ID, GROUP_ID)
VALUES (148, 'Test', '2019-08-08', '5', 2);
INSERT INTO USER_GROUP_MESSAGE(USER_ID, GROUP_MESSAGE_ID, READ_TIMESTAMP, REACTION)
VALUES (1, 148, NULL, 'angry');
INSERT INTO USER_GROUP_MESSAGE(USER_ID, GROUP_MESSAGE_ID, READ_TIMESTAMP, REACTION)
VALUES (2, 148, NULL, 'angry');
INSERT INTO USER_GROUP_MESSAGE(USER_ID, GROUP_MESSAGE_ID, READ_TIMESTAMP, REACTION)
VALUES (3, 148, NULL, 'crying');
INSERT INTO USER_GROUP_MESSAGE(USER_ID, GROUP_MESSAGE_ID, READ_TIMESTAMP, REACTION)
VALUES (4, 148, NULL, 'angry');
INSERT INTO USER_GROUP_MESSAGE(USER_ID, GROUP_MESSAGE_ID, READ_TIMESTAMP, REACTION)
VALUES (5, 148, NULL, 'angry');
INSERT INTO USER_GROUP_MESSAGE(USER_ID, GROUP_MESSAGE_ID, READ_TIMESTAMP, REACTION)
VALUES (6, 148, NULL, 'happy');
INSERT INTO USER_GROUP_MESSAGE(USER_ID, GROUP_MESSAGE_ID, READ_TIMESTAMP, REACTION)
VALUES (7, 148, NULL, NULL);
INSERT INTO GROUP_MESSAGE(ID, VALUE, TIMESTAMP, AUTHOR_ID, GROUP_ID)
VALUES (149, 'Test', '2019-08-07', '2', 2);
INSERT INTO USER_GROUP_MESSAGE(USER_ID, GROUP_MESSAGE_ID, READ_TIMESTAMP, REACTION)
VALUES (1, 149, NULL, 'happy');
INSERT INTO USER_GROUP_MESSAGE(USER_ID, GROUP_MESSAGE_ID, READ_TIMESTAMP, REACTION)
VALUES (2, 149, NULL, 'crying');
INSERT INTO USER_GROUP_MESSAGE(USER_ID, GROUP_MESSAGE_ID, READ_TIMESTAMP, REACTION)
VALUES (3, 149, NULL, 'crying');
INSERT INTO USER_GROUP_MESSAGE(USER_ID, GROUP_MESSAGE_ID, READ_TIMESTAMP, REACTION)
VALUES (4, 149, NULL, 'angry');
INSERT INTO USER_GROUP_MESSAGE(USER_ID, GROUP_MESSAGE_ID, READ_TIMESTAMP, REACTION)
VALUES (5, 149, NULL, 'happy');
INSERT INTO USER_GROUP_MESSAGE(USER_ID, GROUP_MESSAGE_ID, READ_TIMESTAMP, REACTION)
VALUES (6, 149, NULL, 'crying');
INSERT INTO USER_GROUP_MESSAGE(USER_ID, GROUP_MESSAGE_ID, READ_TIMESTAMP, REACTION)
VALUES (7, 149, NULL, NULL);
INSERT INTO GROUP_MESSAGE(ID, VALUE, TIMESTAMP, AUTHOR_ID, GROUP_ID)
VALUES (150, 'Test', '2019-08-06', '3', 2);
INSERT INTO USER_GROUP_MESSAGE(USER_ID, GROUP_MESSAGE_ID, READ_TIMESTAMP, REACTION)
VALUES (1, 150, NULL, 'crying');
INSERT INTO USER_GROUP_MESSAGE(USER_ID, GROUP_MESSAGE_ID, READ_TIMESTAMP, REACTION)
VALUES (2, 150, NULL, NULL);
INSERT INTO USER_GROUP_MESSAGE(USER_ID, GROUP_MESSAGE_ID, READ_TIMESTAMP, REACTION)
VALUES (3, 150, NULL, 'happy');
INSERT INTO USER_GROUP_MESSAGE(USER_ID, GROUP_MESSAGE_ID, READ_TIMESTAMP, REACTION)
VALUES (4, 150, NULL, 'angry');
INSERT INTO USER_GROUP_MESSAGE(USER_ID, GROUP_MESSAGE_ID, READ_TIMESTAMP, REACTION)
VALUES (5, 150, NULL, 'happy');
INSERT INTO USER_GROUP_MESSAGE(USER_ID, GROUP_MESSAGE_ID, READ_TIMESTAMP, REACTION)
VALUES (6, 150, NULL, 'crying');
INSERT INTO USER_GROUP_MESSAGE(USER_ID, GROUP_MESSAGE_ID, READ_TIMESTAMP, REACTION)
VALUES (7, 150, NULL, 'crying');
INSERT INTO GROUP_MESSAGE(ID, VALUE, TIMESTAMP, AUTHOR_ID, GROUP_ID)
VALUES (151, 'Test', '2019-08-05', '7', 2);
INSERT INTO USER_GROUP_MESSAGE(USER_ID, GROUP_MESSAGE_ID, READ_TIMESTAMP, REACTION)
VALUES (1, 151, NULL, 'angry');
INSERT INTO USER_GROUP_MESSAGE(USER_ID, GROUP_MESSAGE_ID, READ_TIMESTAMP, REACTION)
VALUES (2, 151, NULL, NULL);
INSERT INTO USER_GROUP_MESSAGE(USER_ID, GROUP_MESSAGE_ID, READ_TIMESTAMP, REACTION)
VALUES (3, 151, NULL, 'angry');
INSERT INTO USER_GROUP_MESSAGE(USER_ID, GROUP_MESSAGE_ID, READ_TIMESTAMP, REACTION)
VALUES (4, 151, NULL, 'crying');
INSERT INTO USER_GROUP_MESSAGE(USER_ID, GROUP_MESSAGE_ID, READ_TIMESTAMP, REACTION)
VALUES (5, 151, NULL, 'happy');
INSERT INTO USER_GROUP_MESSAGE(USER_ID, GROUP_MESSAGE_ID, READ_TIMESTAMP, REACTION)
VALUES (6, 151, NULL, 'crying');
INSERT INTO USER_GROUP_MESSAGE(USER_ID, GROUP_MESSAGE_ID, READ_TIMESTAMP, REACTION)
VALUES (7, 151, NULL, 'happy');
INSERT INTO GROUP_MESSAGE(ID, VALUE, TIMESTAMP, AUTHOR_ID, GROUP_ID)
VALUES (152, 'Test', '2019-08-04', '2', 2);
INSERT INTO USER_GROUP_MESSAGE(USER_ID, GROUP_MESSAGE_ID, READ_TIMESTAMP, REACTION)
VALUES (1, 152, NULL, 'crying');
INSERT INTO USER_GROUP_MESSAGE(USER_ID, GROUP_MESSAGE_ID, READ_TIMESTAMP, REACTION)
VALUES (2, 152, NULL, 'angry');
INSERT INTO USER_GROUP_MESSAGE(USER_ID, GROUP_MESSAGE_ID, READ_TIMESTAMP, REACTION)
VALUES (3, 152, NULL, 'angry');
INSERT INTO USER_GROUP_MESSAGE(USER_ID, GROUP_MESSAGE_ID, READ_TIMESTAMP, REACTION)
VALUES (4, 152, NULL, 'crying');
INSERT INTO USER_GROUP_MESSAGE(USER_ID, GROUP_MESSAGE_ID, READ_TIMESTAMP, REACTION)
VALUES (5, 152, NULL, NULL);
INSERT INTO USER_GROUP_MESSAGE(USER_ID, GROUP_MESSAGE_ID, READ_TIMESTAMP, REACTION)
VALUES (6, 152, NULL, NULL);
INSERT INTO USER_GROUP_MESSAGE(USER_ID, GROUP_MESSAGE_ID, READ_TIMESTAMP, REACTION)
VALUES (7, 152, NULL, 'crying');
INSERT INTO GROUP_MESSAGE(ID, VALUE, TIMESTAMP, AUTHOR_ID, GROUP_ID)
VALUES (153, 'Test', '2019-08-03', '5', 2);
INSERT INTO USER_GROUP_MESSAGE(USER_ID, GROUP_MESSAGE_ID, READ_TIMESTAMP, REACTION)
VALUES (1, 153, NULL, 'angry');
INSERT INTO USER_GROUP_MESSAGE(USER_ID, GROUP_MESSAGE_ID, READ_TIMESTAMP, REACTION)
VALUES (2, 153, NULL, 'crying');
INSERT INTO USER_GROUP_MESSAGE(USER_ID, GROUP_MESSAGE_ID, READ_TIMESTAMP, REACTION)
VALUES (3, 153, NULL, 'angry');
INSERT INTO USER_GROUP_MESSAGE(USER_ID, GROUP_MESSAGE_ID, READ_TIMESTAMP, REACTION)
VALUES (4, 153, NULL, 'happy');
INSERT INTO USER_GROUP_MESSAGE(USER_ID, GROUP_MESSAGE_ID, READ_TIMESTAMP, REACTION)
VALUES (5, 153, NULL, 'crying');
INSERT INTO USER_GROUP_MESSAGE(USER_ID, GROUP_MESSAGE_ID, READ_TIMESTAMP, REACTION)
VALUES (6, 153, NULL, 'crying');
INSERT INTO USER_GROUP_MESSAGE(USER_ID, GROUP_MESSAGE_ID, READ_TIMESTAMP, REACTION)
VALUES (7, 153, NULL, 'crying');
INSERT INTO GROUP_MESSAGE(ID, VALUE, TIMESTAMP, AUTHOR_ID, GROUP_ID)
VALUES (154, 'Test', '2019-08-02', '6', 2);
INSERT INTO USER_GROUP_MESSAGE(USER_ID, GROUP_MESSAGE_ID, READ_TIMESTAMP, REACTION)
VALUES (1, 154, NULL, 'angry');
INSERT INTO USER_GROUP_MESSAGE(USER_ID, GROUP_MESSAGE_ID, READ_TIMESTAMP, REACTION)
VALUES (2, 154, NULL, 'angry');
INSERT INTO USER_GROUP_MESSAGE(USER_ID, GROUP_MESSAGE_ID, READ_TIMESTAMP, REACTION)
VALUES (3, 154, NULL, 'happy');
INSERT INTO USER_GROUP_MESSAGE(USER_ID, GROUP_MESSAGE_ID, READ_TIMESTAMP, REACTION)
VALUES (4, 154, NULL, 'happy');
INSERT INTO USER_GROUP_MESSAGE(USER_ID, GROUP_MESSAGE_ID, READ_TIMESTAMP, REACTION)
VALUES (5, 154, NULL, 'happy');
INSERT INTO USER_GROUP_MESSAGE(USER_ID, GROUP_MESSAGE_ID, READ_TIMESTAMP, REACTION)
VALUES (6, 154, NULL, 'happy');
INSERT INTO USER_GROUP_MESSAGE(USER_ID, GROUP_MESSAGE_ID, READ_TIMESTAMP, REACTION)
VALUES (7, 154, NULL, 'crying');
INSERT INTO GROUP_MESSAGE(ID, VALUE, TIMESTAMP, AUTHOR_ID, GROUP_ID)
VALUES (155, 'Test', '2019-08-01', '6', 2);
INSERT INTO USER_GROUP_MESSAGE(USER_ID, GROUP_MESSAGE_ID, READ_TIMESTAMP, REACTION)
VALUES (1, 155, NULL, 'happy');
INSERT INTO USER_GROUP_MESSAGE(USER_ID, GROUP_MESSAGE_ID, READ_TIMESTAMP, REACTION)
VALUES (2, 155, NULL, 'angry');
INSERT INTO USER_GROUP_MESSAGE(USER_ID, GROUP_MESSAGE_ID, READ_TIMESTAMP, REACTION)
VALUES (3, 155, NULL, NULL);
INSERT INTO USER_GROUP_MESSAGE(USER_ID, GROUP_MESSAGE_ID, READ_TIMESTAMP, REACTION)
VALUES (4, 155, NULL, 'crying');
INSERT INTO USER_GROUP_MESSAGE(USER_ID, GROUP_MESSAGE_ID, READ_TIMESTAMP, REACTION)
VALUES (5, 155, NULL, 'angry');
INSERT INTO USER_GROUP_MESSAGE(USER_ID, GROUP_MESSAGE_ID, READ_TIMESTAMP, REACTION)
VALUES (6, 155, NULL, 'happy');
INSERT INTO USER_GROUP_MESSAGE(USER_ID, GROUP_MESSAGE_ID, READ_TIMESTAMP, REACTION)
VALUES (7, 155, NULL, 'happy');
INSERT INTO GROUP_MESSAGE(ID, VALUE, TIMESTAMP, AUTHOR_ID, GROUP_ID)
VALUES (156, 'Test', '2019-07-31', '5', 2);
INSERT INTO USER_GROUP_MESSAGE(USER_ID, GROUP_MESSAGE_ID, READ_TIMESTAMP, REACTION)
VALUES (1, 156, NULL, 'happy');
INSERT INTO USER_GROUP_MESSAGE(USER_ID, GROUP_MESSAGE_ID, READ_TIMESTAMP, REACTION)
VALUES (2, 156, NULL, NULL);
INSERT INTO USER_GROUP_MESSAGE(USER_ID, GROUP_MESSAGE_ID, READ_TIMESTAMP, REACTION)
VALUES (3, 156, NULL, 'crying');
INSERT INTO USER_GROUP_MESSAGE(USER_ID, GROUP_MESSAGE_ID, READ_TIMESTAMP, REACTION)
VALUES (4, 156, NULL, 'happy');
INSERT INTO USER_GROUP_MESSAGE(USER_ID, GROUP_MESSAGE_ID, READ_TIMESTAMP, REACTION)
VALUES (5, 156, NULL, 'angry');
INSERT INTO USER_GROUP_MESSAGE(USER_ID, GROUP_MESSAGE_ID, READ_TIMESTAMP, REACTION)
VALUES (6, 156, NULL, NULL);
INSERT INTO USER_GROUP_MESSAGE(USER_ID, GROUP_MESSAGE_ID, READ_TIMESTAMP, REACTION)
VALUES (7, 156, NULL, 'happy');
INSERT INTO GROUP_MESSAGE(ID, VALUE, TIMESTAMP, AUTHOR_ID, GROUP_ID)
VALUES (157, 'Test', '2019-07-30', '6', 2);
INSERT INTO USER_GROUP_MESSAGE(USER_ID, GROUP_MESSAGE_ID, READ_TIMESTAMP, REACTION)
VALUES (1, 157, NULL, NULL);
INSERT INTO USER_GROUP_MESSAGE(USER_ID, GROUP_MESSAGE_ID, READ_TIMESTAMP, REACTION)
VALUES (2, 157, NULL, 'angry');
INSERT INTO USER_GROUP_MESSAGE(USER_ID, GROUP_MESSAGE_ID, READ_TIMESTAMP, REACTION)
VALUES (3, 157, NULL, 'happy');
INSERT INTO USER_GROUP_MESSAGE(USER_ID, GROUP_MESSAGE_ID, READ_TIMESTAMP, REACTION)
VALUES (4, 157, NULL, 'angry');
INSERT INTO USER_GROUP_MESSAGE(USER_ID, GROUP_MESSAGE_ID, READ_TIMESTAMP, REACTION)
VALUES (5, 157, NULL, NULL);
INSERT INTO USER_GROUP_MESSAGE(USER_ID, GROUP_MESSAGE_ID, READ_TIMESTAMP, REACTION)
VALUES (6, 157, NULL, NULL);
INSERT INTO USER_GROUP_MESSAGE(USER_ID, GROUP_MESSAGE_ID, READ_TIMESTAMP, REACTION)
VALUES (7, 157, NULL, 'crying');
INSERT INTO GROUP_MESSAGE(ID, VALUE, TIMESTAMP, AUTHOR_ID, GROUP_ID)
VALUES (158, 'Test', '2019-07-29', '3', 2);
INSERT INTO USER_GROUP_MESSAGE(USER_ID, GROUP_MESSAGE_ID, READ_TIMESTAMP, REACTION)
VALUES (1, 158, NULL, 'happy');
INSERT INTO USER_GROUP_MESSAGE(USER_ID, GROUP_MESSAGE_ID, READ_TIMESTAMP, REACTION)
VALUES (2, 158, NULL, 'angry');
INSERT INTO USER_GROUP_MESSAGE(USER_ID, GROUP_MESSAGE_ID, READ_TIMESTAMP, REACTION)
VALUES (3, 158, NULL, 'happy');
INSERT INTO USER_GROUP_MESSAGE(USER_ID, GROUP_MESSAGE_ID, READ_TIMESTAMP, REACTION)
VALUES (4, 158, NULL, NULL);
INSERT INTO USER_GROUP_MESSAGE(USER_ID, GROUP_MESSAGE_ID, READ_TIMESTAMP, REACTION)
VALUES (5, 158, NULL, NULL);
INSERT INTO USER_GROUP_MESSAGE(USER_ID, GROUP_MESSAGE_ID, READ_TIMESTAMP, REACTION)
VALUES (6, 158, NULL, 'angry');
INSERT INTO USER_GROUP_MESSAGE(USER_ID, GROUP_MESSAGE_ID, READ_TIMESTAMP, REACTION)
VALUES (7, 158, NULL, 'happy');
INSERT INTO GROUP_MESSAGE(ID, VALUE, TIMESTAMP, AUTHOR_ID, GROUP_ID)
VALUES (159, 'Test', '2019-07-28', '5', 2);
INSERT INTO USER_GROUP_MESSAGE(USER_ID, GROUP_MESSAGE_ID, READ_TIMESTAMP, REACTION)
VALUES (1, 159, NULL, 'crying');
INSERT INTO USER_GROUP_MESSAGE(USER_ID, GROUP_MESSAGE_ID, READ_TIMESTAMP, REACTION)
VALUES (2, 159, NULL, 'angry');
INSERT INTO USER_GROUP_MESSAGE(USER_ID, GROUP_MESSAGE_ID, READ_TIMESTAMP, REACTION)
VALUES (3, 159, NULL, 'crying');
INSERT INTO USER_GROUP_MESSAGE(USER_ID, GROUP_MESSAGE_ID, READ_TIMESTAMP, REACTION)
VALUES (4, 159, NULL, NULL);
INSERT INTO USER_GROUP_MESSAGE(USER_ID, GROUP_MESSAGE_ID, READ_TIMESTAMP, REACTION)
VALUES (5, 159, NULL, 'crying');
INSERT INTO USER_GROUP_MESSAGE(USER_ID, GROUP_MESSAGE_ID, READ_TIMESTAMP, REACTION)
VALUES (6, 159, NULL, NULL);
INSERT INTO USER_GROUP_MESSAGE(USER_ID, GROUP_MESSAGE_ID, READ_TIMESTAMP, REACTION)
VALUES (7, 159, NULL, 'angry');
INSERT INTO GROUP_MESSAGE(ID, VALUE, TIMESTAMP, AUTHOR_ID, GROUP_ID)
VALUES (160, 'Test', '2019-07-27', '7', 2);
INSERT INTO USER_GROUP_MESSAGE(USER_ID, GROUP_MESSAGE_ID, READ_TIMESTAMP, REACTION)
VALUES (1, 160, NULL, NULL);
INSERT INTO USER_GROUP_MESSAGE(USER_ID, GROUP_MESSAGE_ID, READ_TIMESTAMP, REACTION)
VALUES (2, 160, NULL, NULL);
INSERT INTO USER_GROUP_MESSAGE(USER_ID, GROUP_MESSAGE_ID, READ_TIMESTAMP, REACTION)
VALUES (3, 160, NULL, 'angry');
INSERT INTO USER_GROUP_MESSAGE(USER_ID, GROUP_MESSAGE_ID, READ_TIMESTAMP, REACTION)
VALUES (4, 160, NULL, 'happy');
INSERT INTO USER_GROUP_MESSAGE(USER_ID, GROUP_MESSAGE_ID, READ_TIMESTAMP, REACTION)
VALUES (5, 160, NULL, 'happy');
INSERT INTO USER_GROUP_MESSAGE(USER_ID, GROUP_MESSAGE_ID, READ_TIMESTAMP, REACTION)
VALUES (6, 160, NULL, 'crying');
INSERT INTO USER_GROUP_MESSAGE(USER_ID, GROUP_MESSAGE_ID, READ_TIMESTAMP, REACTION)
VALUES (7, 160, NULL, 'angry');
INSERT INTO GROUP_MESSAGE(ID, VALUE, TIMESTAMP, AUTHOR_ID, GROUP_ID)
VALUES (161, 'Test', '2019-07-26', '7', 2);
INSERT INTO USER_GROUP_MESSAGE(USER_ID, GROUP_MESSAGE_ID, READ_TIMESTAMP, REACTION)
VALUES (1, 161, NULL, NULL);
INSERT INTO USER_GROUP_MESSAGE(USER_ID, GROUP_MESSAGE_ID, READ_TIMESTAMP, REACTION)
VALUES (2, 161, NULL, 'crying');
INSERT INTO USER_GROUP_MESSAGE(USER_ID, GROUP_MESSAGE_ID, READ_TIMESTAMP, REACTION)
VALUES (3, 161, NULL, 'crying');
INSERT INTO USER_GROUP_MESSAGE(USER_ID, GROUP_MESSAGE_ID, READ_TIMESTAMP, REACTION)
VALUES (4, 161, NULL, 'angry');
INSERT INTO USER_GROUP_MESSAGE(USER_ID, GROUP_MESSAGE_ID, READ_TIMESTAMP, REACTION)
VALUES (5, 161, NULL, NULL);
INSERT INTO USER_GROUP_MESSAGE(USER_ID, GROUP_MESSAGE_ID, READ_TIMESTAMP, REACTION)
VALUES (6, 161, NULL, 'angry');
INSERT INTO USER_GROUP_MESSAGE(USER_ID, GROUP_MESSAGE_ID, READ_TIMESTAMP, REACTION)
VALUES (7, 161, NULL, 'crying');
INSERT INTO GROUP_MESSAGE(ID, VALUE, TIMESTAMP, AUTHOR_ID, GROUP_ID)
VALUES (162, 'Test', '2019-07-25', '2', 2);
INSERT INTO USER_GROUP_MESSAGE(USER_ID, GROUP_MESSAGE_ID, READ_TIMESTAMP, REACTION)
VALUES (1, 162, NULL, 'crying');
INSERT INTO USER_GROUP_MESSAGE(USER_ID, GROUP_MESSAGE_ID, READ_TIMESTAMP, REACTION)
VALUES (2, 162, NULL, 'crying');
INSERT INTO USER_GROUP_MESSAGE(USER_ID, GROUP_MESSAGE_ID, READ_TIMESTAMP, REACTION)
VALUES (3, 162, NULL, 'happy');
INSERT INTO USER_GROUP_MESSAGE(USER_ID, GROUP_MESSAGE_ID, READ_TIMESTAMP, REACTION)
VALUES (4, 162, NULL, 'happy');
INSERT INTO USER_GROUP_MESSAGE(USER_ID, GROUP_MESSAGE_ID, READ_TIMESTAMP, REACTION)
VALUES (5, 162, NULL, 'angry');
INSERT INTO USER_GROUP_MESSAGE(USER_ID, GROUP_MESSAGE_ID, READ_TIMESTAMP, REACTION)
VALUES (6, 162, NULL, 'angry');
INSERT INTO USER_GROUP_MESSAGE(USER_ID, GROUP_MESSAGE_ID, READ_TIMESTAMP, REACTION)
VALUES (7, 162, NULL, 'happy');
INSERT INTO GROUP_MESSAGE(ID, VALUE, TIMESTAMP, AUTHOR_ID, GROUP_ID)
VALUES (163, 'Test', '2019-07-24', '6', 2);
INSERT INTO USER_GROUP_MESSAGE(USER_ID, GROUP_MESSAGE_ID, READ_TIMESTAMP, REACTION)
VALUES (1, 163, NULL, 'happy');
INSERT INTO USER_GROUP_MESSAGE(USER_ID, GROUP_MESSAGE_ID, READ_TIMESTAMP, REACTION)
VALUES (2, 163, NULL, 'angry');
INSERT INTO USER_GROUP_MESSAGE(USER_ID, GROUP_MESSAGE_ID, READ_TIMESTAMP, REACTION)
VALUES (3, 163, NULL, 'angry');
INSERT INTO USER_GROUP_MESSAGE(USER_ID, GROUP_MESSAGE_ID, READ_TIMESTAMP, REACTION)
VALUES (4, 163, NULL, NULL);
INSERT INTO USER_GROUP_MESSAGE(USER_ID, GROUP_MESSAGE_ID, READ_TIMESTAMP, REACTION)
VALUES (5, 163, NULL, 'happy');
INSERT INTO USER_GROUP_MESSAGE(USER_ID, GROUP_MESSAGE_ID, READ_TIMESTAMP, REACTION)
VALUES (6, 163, NULL, 'crying');
INSERT INTO USER_GROUP_MESSAGE(USER_ID, GROUP_MESSAGE_ID, READ_TIMESTAMP, REACTION)
VALUES (7, 163, NULL, 'crying');
INSERT INTO GROUP_MESSAGE(ID, VALUE, TIMESTAMP, AUTHOR_ID, GROUP_ID)
VALUES (164, 'Test', '2019-07-23', '2', 2);
INSERT INTO USER_GROUP_MESSAGE(USER_ID, GROUP_MESSAGE_ID, READ_TIMESTAMP, REACTION)
VALUES (1, 164, NULL, 'angry');
INSERT INTO USER_GROUP_MESSAGE(USER_ID, GROUP_MESSAGE_ID, READ_TIMESTAMP, REACTION)
VALUES (2, 164, NULL, 'angry');
INSERT INTO USER_GROUP_MESSAGE(USER_ID, GROUP_MESSAGE_ID, READ_TIMESTAMP, REACTION)
VALUES (3, 164, NULL, 'happy');
INSERT INTO USER_GROUP_MESSAGE(USER_ID, GROUP_MESSAGE_ID, READ_TIMESTAMP, REACTION)
VALUES (4, 164, NULL, 'angry');
INSERT INTO USER_GROUP_MESSAGE(USER_ID, GROUP_MESSAGE_ID, READ_TIMESTAMP, REACTION)
VALUES (5, 164, NULL, 'happy');
INSERT INTO USER_GROUP_MESSAGE(USER_ID, GROUP_MESSAGE_ID, READ_TIMESTAMP, REACTION)
VALUES (6, 164, NULL, 'angry');
INSERT INTO USER_GROUP_MESSAGE(USER_ID, GROUP_MESSAGE_ID, READ_TIMESTAMP, REACTION)
VALUES (7, 164, NULL, 'angry');
INSERT INTO GROUP_MESSAGE(ID, VALUE, TIMESTAMP, AUTHOR_ID, GROUP_ID)
VALUES (165, 'Test', '2019-07-22', '3', 2);
INSERT INTO USER_GROUP_MESSAGE(USER_ID, GROUP_MESSAGE_ID, READ_TIMESTAMP, REACTION)
VALUES (1, 165, NULL, 'happy');
INSERT INTO USER_GROUP_MESSAGE(USER_ID, GROUP_MESSAGE_ID, READ_TIMESTAMP, REACTION)
VALUES (2, 165, NULL, 'crying');
INSERT INTO USER_GROUP_MESSAGE(USER_ID, GROUP_MESSAGE_ID, READ_TIMESTAMP, REACTION)
VALUES (3, 165, NULL, NULL);
INSERT INTO USER_GROUP_MESSAGE(USER_ID, GROUP_MESSAGE_ID, READ_TIMESTAMP, REACTION)
VALUES (4, 165, NULL, 'angry');
INSERT INTO USER_GROUP_MESSAGE(USER_ID, GROUP_MESSAGE_ID, READ_TIMESTAMP, REACTION)
VALUES (5, 165, NULL, 'happy');
INSERT INTO USER_GROUP_MESSAGE(USER_ID, GROUP_MESSAGE_ID, READ_TIMESTAMP, REACTION)
VALUES (6, 165, NULL, 'crying');
INSERT INTO USER_GROUP_MESSAGE(USER_ID, GROUP_MESSAGE_ID, READ_TIMESTAMP, REACTION)
VALUES (7, 165, NULL, 'happy');
INSERT INTO GROUP_MESSAGE(ID, VALUE, TIMESTAMP, AUTHOR_ID, GROUP_ID)
VALUES (166, 'Test', '2019-07-21', '2', 2);
INSERT INTO USER_GROUP_MESSAGE(USER_ID, GROUP_MESSAGE_ID, READ_TIMESTAMP, REACTION)
VALUES (1, 166, NULL, NULL);
INSERT INTO USER_GROUP_MESSAGE(USER_ID, GROUP_MESSAGE_ID, READ_TIMESTAMP, REACTION)
VALUES (2, 166, NULL, 'angry');
INSERT INTO USER_GROUP_MESSAGE(USER_ID, GROUP_MESSAGE_ID, READ_TIMESTAMP, REACTION)
VALUES (3, 166, NULL, NULL);
INSERT INTO USER_GROUP_MESSAGE(USER_ID, GROUP_MESSAGE_ID, READ_TIMESTAMP, REACTION)
VALUES (4, 166, NULL, 'happy');
INSERT INTO USER_GROUP_MESSAGE(USER_ID, GROUP_MESSAGE_ID, READ_TIMESTAMP, REACTION)
VALUES (5, 166, NULL, 'crying');
INSERT INTO USER_GROUP_MESSAGE(USER_ID, GROUP_MESSAGE_ID, READ_TIMESTAMP, REACTION)
VALUES (6, 166, NULL, 'crying');
INSERT INTO USER_GROUP_MESSAGE(USER_ID, GROUP_MESSAGE_ID, READ_TIMESTAMP, REACTION)
VALUES (7, 166, NULL, 'happy');
INSERT INTO GROUP_MESSAGE(ID, VALUE, TIMESTAMP, AUTHOR_ID, GROUP_ID)
VALUES (167, 'Test', '2019-07-20', '5', 2);
INSERT INTO USER_GROUP_MESSAGE(USER_ID, GROUP_MESSAGE_ID, READ_TIMESTAMP, REACTION)
VALUES (1, 167, NULL, 'angry');
INSERT INTO USER_GROUP_MESSAGE(USER_ID, GROUP_MESSAGE_ID, READ_TIMESTAMP, REACTION)
VALUES (2, 167, NULL, 'happy');
INSERT INTO USER_GROUP_MESSAGE(USER_ID, GROUP_MESSAGE_ID, READ_TIMESTAMP, REACTION)
VALUES (3, 167, NULL, NULL);
INSERT INTO USER_GROUP_MESSAGE(USER_ID, GROUP_MESSAGE_ID, READ_TIMESTAMP, REACTION)
VALUES (4, 167, NULL, 'happy');
INSERT INTO USER_GROUP_MESSAGE(USER_ID, GROUP_MESSAGE_ID, READ_TIMESTAMP, REACTION)
VALUES (5, 167, NULL, NULL);
INSERT INTO USER_GROUP_MESSAGE(USER_ID, GROUP_MESSAGE_ID, READ_TIMESTAMP, REACTION)
VALUES (6, 167, NULL, 'happy');
INSERT INTO USER_GROUP_MESSAGE(USER_ID, GROUP_MESSAGE_ID, READ_TIMESTAMP, REACTION)
VALUES (7, 167, NULL, 'happy');
INSERT INTO GROUP_MESSAGE(ID, VALUE, TIMESTAMP, AUTHOR_ID, GROUP_ID)
VALUES (168, 'Test', '2019-07-19', '5', 2);
INSERT INTO USER_GROUP_MESSAGE(USER_ID, GROUP_MESSAGE_ID, READ_TIMESTAMP, REACTION)
VALUES (1, 168, NULL, NULL);
INSERT INTO USER_GROUP_MESSAGE(USER_ID, GROUP_MESSAGE_ID, READ_TIMESTAMP, REACTION)
VALUES (2, 168, NULL, 'crying');
INSERT INTO USER_GROUP_MESSAGE(USER_ID, GROUP_MESSAGE_ID, READ_TIMESTAMP, REACTION)
VALUES (3, 168, NULL, 'angry');
INSERT INTO USER_GROUP_MESSAGE(USER_ID, GROUP_MESSAGE_ID, READ_TIMESTAMP, REACTION)
VALUES (4, 168, NULL, 'crying');
INSERT INTO USER_GROUP_MESSAGE(USER_ID, GROUP_MESSAGE_ID, READ_TIMESTAMP, REACTION)
VALUES (5, 168, NULL, 'happy');
INSERT INTO USER_GROUP_MESSAGE(USER_ID, GROUP_MESSAGE_ID, READ_TIMESTAMP, REACTION)
VALUES (6, 168, NULL, NULL);
INSERT INTO USER_GROUP_MESSAGE(USER_ID, GROUP_MESSAGE_ID, READ_TIMESTAMP, REACTION)
VALUES (7, 168, NULL, 'angry');
INSERT INTO GROUP_MESSAGE(ID, VALUE, TIMESTAMP, AUTHOR_ID, GROUP_ID)
VALUES (169, 'Test', '2019-07-18', '2', 2);
INSERT INTO USER_GROUP_MESSAGE(USER_ID, GROUP_MESSAGE_ID, READ_TIMESTAMP, REACTION)
VALUES (1, 169, NULL, 'happy');
INSERT INTO USER_GROUP_MESSAGE(USER_ID, GROUP_MESSAGE_ID, READ_TIMESTAMP, REACTION)
VALUES (2, 169, NULL, 'happy');
INSERT INTO USER_GROUP_MESSAGE(USER_ID, GROUP_MESSAGE_ID, READ_TIMESTAMP, REACTION)
VALUES (3, 169, NULL, 'happy');
INSERT INTO USER_GROUP_MESSAGE(USER_ID, GROUP_MESSAGE_ID, READ_TIMESTAMP, REACTION)
VALUES (4, 169, NULL, 'happy');
INSERT INTO USER_GROUP_MESSAGE(USER_ID, GROUP_MESSAGE_ID, READ_TIMESTAMP, REACTION)
VALUES (5, 169, NULL, NULL);
INSERT INTO USER_GROUP_MESSAGE(USER_ID, GROUP_MESSAGE_ID, READ_TIMESTAMP, REACTION)
VALUES (6, 169, NULL, 'angry');
INSERT INTO USER_GROUP_MESSAGE(USER_ID, GROUP_MESSAGE_ID, READ_TIMESTAMP, REACTION)
VALUES (7, 169, NULL, 'crying');
INSERT INTO GROUP_MESSAGE(ID, VALUE, TIMESTAMP, AUTHOR_ID, GROUP_ID)
VALUES (170, 'Test', '2019-07-17', '6', 2);
INSERT INTO USER_GROUP_MESSAGE(USER_ID, GROUP_MESSAGE_ID, READ_TIMESTAMP, REACTION)
VALUES (1, 170, NULL, 'angry');
INSERT INTO USER_GROUP_MESSAGE(USER_ID, GROUP_MESSAGE_ID, READ_TIMESTAMP, REACTION)
VALUES (2, 170, NULL, NULL);
INSERT INTO USER_GROUP_MESSAGE(USER_ID, GROUP_MESSAGE_ID, READ_TIMESTAMP, REACTION)
VALUES (3, 170, NULL, 'crying');
INSERT INTO USER_GROUP_MESSAGE(USER_ID, GROUP_MESSAGE_ID, READ_TIMESTAMP, REACTION)
VALUES (4, 170, NULL, 'angry');
INSERT INTO USER_GROUP_MESSAGE(USER_ID, GROUP_MESSAGE_ID, READ_TIMESTAMP, REACTION)
VALUES (5, 170, NULL, 'angry');
INSERT INTO USER_GROUP_MESSAGE(USER_ID, GROUP_MESSAGE_ID, READ_TIMESTAMP, REACTION)
VALUES (6, 170, NULL, 'crying');
INSERT INTO USER_GROUP_MESSAGE(USER_ID, GROUP_MESSAGE_ID, READ_TIMESTAMP, REACTION)
VALUES (7, 170, NULL, 'angry');
INSERT INTO GROUP_MESSAGE(ID, VALUE, TIMESTAMP, AUTHOR_ID, GROUP_ID)
VALUES (171, 'Test', '2019-07-16', '3', 2);
INSERT INTO USER_GROUP_MESSAGE(USER_ID, GROUP_MESSAGE_ID, READ_TIMESTAMP, REACTION)
VALUES (1, 171, NULL, 'happy');
INSERT INTO USER_GROUP_MESSAGE(USER_ID, GROUP_MESSAGE_ID, READ_TIMESTAMP, REACTION)
VALUES (2, 171, NULL, 'crying');
INSERT INTO USER_GROUP_MESSAGE(USER_ID, GROUP_MESSAGE_ID, READ_TIMESTAMP, REACTION)
VALUES (3, 171, NULL, 'angry');
INSERT INTO USER_GROUP_MESSAGE(USER_ID, GROUP_MESSAGE_ID, READ_TIMESTAMP, REACTION)
VALUES (4, 171, NULL, 'happy');
INSERT INTO USER_GROUP_MESSAGE(USER_ID, GROUP_MESSAGE_ID, READ_TIMESTAMP, REACTION)
VALUES (5, 171, NULL, 'crying');
INSERT INTO USER_GROUP_MESSAGE(USER_ID, GROUP_MESSAGE_ID, READ_TIMESTAMP, REACTION)
VALUES (6, 171, NULL, NULL);
INSERT INTO USER_GROUP_MESSAGE(USER_ID, GROUP_MESSAGE_ID, READ_TIMESTAMP, REACTION)
VALUES (7, 171, NULL, 'angry');
INSERT INTO GROUP_MESSAGE(ID, VALUE, TIMESTAMP, AUTHOR_ID, GROUP_ID)
VALUES (172, 'Test', '2019-07-15', '6', 2);
INSERT INTO USER_GROUP_MESSAGE(USER_ID, GROUP_MESSAGE_ID, READ_TIMESTAMP, REACTION)
VALUES (1, 172, NULL, NULL);
INSERT INTO USER_GROUP_MESSAGE(USER_ID, GROUP_MESSAGE_ID, READ_TIMESTAMP, REACTION)
VALUES (2, 172, NULL, 'happy');
INSERT INTO USER_GROUP_MESSAGE(USER_ID, GROUP_MESSAGE_ID, READ_TIMESTAMP, REACTION)
VALUES (3, 172, NULL, NULL);
INSERT INTO USER_GROUP_MESSAGE(USER_ID, GROUP_MESSAGE_ID, READ_TIMESTAMP, REACTION)
VALUES (4, 172, NULL, 'crying');
INSERT INTO USER_GROUP_MESSAGE(USER_ID, GROUP_MESSAGE_ID, READ_TIMESTAMP, REACTION)
VALUES (5, 172, NULL, NULL);
INSERT INTO USER_GROUP_MESSAGE(USER_ID, GROUP_MESSAGE_ID, READ_TIMESTAMP, REACTION)
VALUES (6, 172, NULL, 'angry');
INSERT INTO USER_GROUP_MESSAGE(USER_ID, GROUP_MESSAGE_ID, READ_TIMESTAMP, REACTION)
VALUES (7, 172, NULL, NULL);
INSERT INTO GROUP_MESSAGE(ID, VALUE, TIMESTAMP, AUTHOR_ID, GROUP_ID)
VALUES (173, 'Test', '2019-07-14', '2', 2);
INSERT INTO USER_GROUP_MESSAGE(USER_ID, GROUP_MESSAGE_ID, READ_TIMESTAMP, REACTION)
VALUES (1, 173, NULL, 'crying');
INSERT INTO USER_GROUP_MESSAGE(USER_ID, GROUP_MESSAGE_ID, READ_TIMESTAMP, REACTION)
VALUES (2, 173, NULL, 'crying');
INSERT INTO USER_GROUP_MESSAGE(USER_ID, GROUP_MESSAGE_ID, READ_TIMESTAMP, REACTION)
VALUES (3, 173, NULL, NULL);
INSERT INTO USER_GROUP_MESSAGE(USER_ID, GROUP_MESSAGE_ID, READ_TIMESTAMP, REACTION)
VALUES (4, 173, NULL, 'angry');
INSERT INTO USER_GROUP_MESSAGE(USER_ID, GROUP_MESSAGE_ID, READ_TIMESTAMP, REACTION)
VALUES (5, 173, NULL, 'angry');
INSERT INTO USER_GROUP_MESSAGE(USER_ID, GROUP_MESSAGE_ID, READ_TIMESTAMP, REACTION)
VALUES (6, 173, NULL, 'happy');
INSERT INTO USER_GROUP_MESSAGE(USER_ID, GROUP_MESSAGE_ID, READ_TIMESTAMP, REACTION)
VALUES (7, 173, NULL, 'happy');
INSERT INTO GROUP_MESSAGE(ID, VALUE, TIMESTAMP, AUTHOR_ID, GROUP_ID)
VALUES (174, 'Test', '2019-07-13', '3', 2);
INSERT INTO USER_GROUP_MESSAGE(USER_ID, GROUP_MESSAGE_ID, READ_TIMESTAMP, REACTION)
VALUES (1, 174, NULL, 'happy');
INSERT INTO USER_GROUP_MESSAGE(USER_ID, GROUP_MESSAGE_ID, READ_TIMESTAMP, REACTION)
VALUES (2, 174, NULL, 'angry');
INSERT INTO USER_GROUP_MESSAGE(USER_ID, GROUP_MESSAGE_ID, READ_TIMESTAMP, REACTION)
VALUES (3, 174, NULL, 'crying');
INSERT INTO USER_GROUP_MESSAGE(USER_ID, GROUP_MESSAGE_ID, READ_TIMESTAMP, REACTION)
VALUES (4, 174, NULL, 'angry');
INSERT INTO USER_GROUP_MESSAGE(USER_ID, GROUP_MESSAGE_ID, READ_TIMESTAMP, REACTION)
VALUES (5, 174, NULL, 'angry');
INSERT INTO USER_GROUP_MESSAGE(USER_ID, GROUP_MESSAGE_ID, READ_TIMESTAMP, REACTION)
VALUES (6, 174, NULL, 'angry');
INSERT INTO USER_GROUP_MESSAGE(USER_ID, GROUP_MESSAGE_ID, READ_TIMESTAMP, REACTION)
VALUES (7, 174, NULL, 'crying');
INSERT INTO GROUP_MESSAGE(ID, VALUE, TIMESTAMP, AUTHOR_ID, GROUP_ID)
VALUES (175, 'Test', '2019-07-12', '4', 2);
INSERT INTO USER_GROUP_MESSAGE(USER_ID, GROUP_MESSAGE_ID, READ_TIMESTAMP, REACTION)
VALUES (1, 175, NULL, 'angry');
INSERT INTO USER_GROUP_MESSAGE(USER_ID, GROUP_MESSAGE_ID, READ_TIMESTAMP, REACTION)
VALUES (2, 175, NULL, NULL);
INSERT INTO USER_GROUP_MESSAGE(USER_ID, GROUP_MESSAGE_ID, READ_TIMESTAMP, REACTION)
VALUES (3, 175, NULL, 'crying');
INSERT INTO USER_GROUP_MESSAGE(USER_ID, GROUP_MESSAGE_ID, READ_TIMESTAMP, REACTION)
VALUES (4, 175, NULL, 'angry');
INSERT INTO USER_GROUP_MESSAGE(USER_ID, GROUP_MESSAGE_ID, READ_TIMESTAMP, REACTION)
VALUES (5, 175, NULL, NULL);
INSERT INTO USER_GROUP_MESSAGE(USER_ID, GROUP_MESSAGE_ID, READ_TIMESTAMP, REACTION)
VALUES (6, 175, NULL, NULL);
INSERT INTO USER_GROUP_MESSAGE(USER_ID, GROUP_MESSAGE_ID, READ_TIMESTAMP, REACTION)
VALUES (7, 175, NULL, 'crying');
INSERT INTO GROUP_MESSAGE(ID, VALUE, TIMESTAMP, AUTHOR_ID, GROUP_ID)
VALUES (176, 'Test', '2019-07-11', '1', 2);
INSERT INTO USER_GROUP_MESSAGE(USER_ID, GROUP_MESSAGE_ID, READ_TIMESTAMP, REACTION)
VALUES (1, 176, NULL, 'happy');
INSERT INTO USER_GROUP_MESSAGE(USER_ID, GROUP_MESSAGE_ID, READ_TIMESTAMP, REACTION)
VALUES (2, 176, NULL, 'happy');
INSERT INTO USER_GROUP_MESSAGE(USER_ID, GROUP_MESSAGE_ID, READ_TIMESTAMP, REACTION)
VALUES (3, 176, NULL, 'happy');
INSERT INTO USER_GROUP_MESSAGE(USER_ID, GROUP_MESSAGE_ID, READ_TIMESTAMP, REACTION)
VALUES (4, 176, NULL, 'crying');
INSERT INTO USER_GROUP_MESSAGE(USER_ID, GROUP_MESSAGE_ID, READ_TIMESTAMP, REACTION)
VALUES (5, 176, NULL, 'happy');
INSERT INTO USER_GROUP_MESSAGE(USER_ID, GROUP_MESSAGE_ID, READ_TIMESTAMP, REACTION)
VALUES (6, 176, NULL, 'crying');
INSERT INTO USER_GROUP_MESSAGE(USER_ID, GROUP_MESSAGE_ID, READ_TIMESTAMP, REACTION)
VALUES (7, 176, NULL, 'crying');
INSERT INTO GROUP_MESSAGE(ID, VALUE, TIMESTAMP, AUTHOR_ID, GROUP_ID)
VALUES (177, 'Test', '2019-07-10', '3', 2);
INSERT INTO USER_GROUP_MESSAGE(USER_ID, GROUP_MESSAGE_ID, READ_TIMESTAMP, REACTION)
VALUES (1, 177, NULL, 'angry');
INSERT INTO USER_GROUP_MESSAGE(USER_ID, GROUP_MESSAGE_ID, READ_TIMESTAMP, REACTION)
VALUES (2, 177, NULL, 'angry');
INSERT INTO USER_GROUP_MESSAGE(USER_ID, GROUP_MESSAGE_ID, READ_TIMESTAMP, REACTION)
VALUES (3, 177, NULL, 'happy');
INSERT INTO USER_GROUP_MESSAGE(USER_ID, GROUP_MESSAGE_ID, READ_TIMESTAMP, REACTION)
VALUES (4, 177, NULL, 'angry');
INSERT INTO USER_GROUP_MESSAGE(USER_ID, GROUP_MESSAGE_ID, READ_TIMESTAMP, REACTION)
VALUES (5, 177, NULL, 'angry');
INSERT INTO USER_GROUP_MESSAGE(USER_ID, GROUP_MESSAGE_ID, READ_TIMESTAMP, REACTION)
VALUES (6, 177, NULL, NULL);
INSERT INTO USER_GROUP_MESSAGE(USER_ID, GROUP_MESSAGE_ID, READ_TIMESTAMP, REACTION)
VALUES (7, 177, NULL, 'happy');
INSERT INTO GROUP_MESSAGE(ID, VALUE, TIMESTAMP, AUTHOR_ID, GROUP_ID)
VALUES (178, 'Test', '2019-07-09', '3', 2);
INSERT INTO USER_GROUP_MESSAGE(USER_ID, GROUP_MESSAGE_ID, READ_TIMESTAMP, REACTION)
VALUES (1, 178, NULL, 'crying');
INSERT INTO USER_GROUP_MESSAGE(USER_ID, GROUP_MESSAGE_ID, READ_TIMESTAMP, REACTION)
VALUES (2, 178, NULL, 'crying');
INSERT INTO USER_GROUP_MESSAGE(USER_ID, GROUP_MESSAGE_ID, READ_TIMESTAMP, REACTION)
VALUES (3, 178, NULL, 'happy');
INSERT INTO USER_GROUP_MESSAGE(USER_ID, GROUP_MESSAGE_ID, READ_TIMESTAMP, REACTION)
VALUES (4, 178, NULL, 'angry');
INSERT INTO USER_GROUP_MESSAGE(USER_ID, GROUP_MESSAGE_ID, READ_TIMESTAMP, REACTION)
VALUES (5, 178, NULL, 'angry');
INSERT INTO USER_GROUP_MESSAGE(USER_ID, GROUP_MESSAGE_ID, READ_TIMESTAMP, REACTION)
VALUES (6, 178, NULL, 'happy');
INSERT INTO USER_GROUP_MESSAGE(USER_ID, GROUP_MESSAGE_ID, READ_TIMESTAMP, REACTION)
VALUES (7, 178, NULL, 'angry');
INSERT INTO GROUP_MESSAGE(ID, VALUE, TIMESTAMP, AUTHOR_ID, GROUP_ID)
VALUES (179, 'Test', '2019-07-08', '6', 2);
INSERT INTO USER_GROUP_MESSAGE(USER_ID, GROUP_MESSAGE_ID, READ_TIMESTAMP, REACTION)
VALUES (1, 179, NULL, 'crying');
INSERT INTO USER_GROUP_MESSAGE(USER_ID, GROUP_MESSAGE_ID, READ_TIMESTAMP, REACTION)
VALUES (2, 179, NULL, NULL);
INSERT INTO USER_GROUP_MESSAGE(USER_ID, GROUP_MESSAGE_ID, READ_TIMESTAMP, REACTION)
VALUES (3, 179, NULL, 'happy');
INSERT INTO USER_GROUP_MESSAGE(USER_ID, GROUP_MESSAGE_ID, READ_TIMESTAMP, REACTION)
VALUES (4, 179, NULL, 'angry');
INSERT INTO USER_GROUP_MESSAGE(USER_ID, GROUP_MESSAGE_ID, READ_TIMESTAMP, REACTION)
VALUES (5, 179, NULL, 'happy');
INSERT INTO USER_GROUP_MESSAGE(USER_ID, GROUP_MESSAGE_ID, READ_TIMESTAMP, REACTION)
VALUES (6, 179, NULL, 'crying');
INSERT INTO USER_GROUP_MESSAGE(USER_ID, GROUP_MESSAGE_ID, READ_TIMESTAMP, REACTION)
VALUES (7, 179, NULL, 'crying');
INSERT INTO GROUP_MESSAGE(ID, VALUE, TIMESTAMP, AUTHOR_ID, GROUP_ID)
VALUES (180, 'Test', '2019-07-07', '1', 2);
INSERT INTO USER_GROUP_MESSAGE(USER_ID, GROUP_MESSAGE_ID, READ_TIMESTAMP, REACTION)
VALUES (1, 180, NULL, 'crying');
INSERT INTO USER_GROUP_MESSAGE(USER_ID, GROUP_MESSAGE_ID, READ_TIMESTAMP, REACTION)
VALUES (2, 180, NULL, NULL);
INSERT INTO USER_GROUP_MESSAGE(USER_ID, GROUP_MESSAGE_ID, READ_TIMESTAMP, REACTION)
VALUES (3, 180, NULL, 'angry');
INSERT INTO USER_GROUP_MESSAGE(USER_ID, GROUP_MESSAGE_ID, READ_TIMESTAMP, REACTION)
VALUES (4, 180, NULL, 'angry');
INSERT INTO USER_GROUP_MESSAGE(USER_ID, GROUP_MESSAGE_ID, READ_TIMESTAMP, REACTION)
VALUES (5, 180, NULL, 'happy');
INSERT INTO USER_GROUP_MESSAGE(USER_ID, GROUP_MESSAGE_ID, READ_TIMESTAMP, REACTION)
VALUES (6, 180, NULL, 'crying');
INSERT INTO USER_GROUP_MESSAGE(USER_ID, GROUP_MESSAGE_ID, READ_TIMESTAMP, REACTION)
VALUES (7, 180, NULL, 'happy');
INSERT INTO GROUP_MESSAGE(ID, VALUE, TIMESTAMP, AUTHOR_ID, GROUP_ID)
VALUES (181, 'Test', '2019-07-06', '3', 2);
INSERT INTO USER_GROUP_MESSAGE(USER_ID, GROUP_MESSAGE_ID, READ_TIMESTAMP, REACTION)
VALUES (1, 181, NULL, 'angry');
INSERT INTO USER_GROUP_MESSAGE(USER_ID, GROUP_MESSAGE_ID, READ_TIMESTAMP, REACTION)
VALUES (2, 181, NULL, 'angry');
INSERT INTO USER_GROUP_MESSAGE(USER_ID, GROUP_MESSAGE_ID, READ_TIMESTAMP, REACTION)
VALUES (3, 181, NULL, 'angry');
INSERT INTO USER_GROUP_MESSAGE(USER_ID, GROUP_MESSAGE_ID, READ_TIMESTAMP, REACTION)
VALUES (4, 181, NULL, 'angry');
INSERT INTO USER_GROUP_MESSAGE(USER_ID, GROUP_MESSAGE_ID, READ_TIMESTAMP, REACTION)
VALUES (5, 181, NULL, 'crying');
INSERT INTO USER_GROUP_MESSAGE(USER_ID, GROUP_MESSAGE_ID, READ_TIMESTAMP, REACTION)
VALUES (6, 181, NULL, 'crying');
INSERT INTO USER_GROUP_MESSAGE(USER_ID, GROUP_MESSAGE_ID, READ_TIMESTAMP, REACTION)
VALUES (7, 181, NULL, 'angry');
INSERT INTO GROUP_MESSAGE(ID, VALUE, TIMESTAMP, AUTHOR_ID, GROUP_ID)
VALUES (182, 'Test', '2019-07-05', '2', 2);
INSERT INTO USER_GROUP_MESSAGE(USER_ID, GROUP_MESSAGE_ID, READ_TIMESTAMP, REACTION)
VALUES (1, 182, NULL, 'happy');
INSERT INTO USER_GROUP_MESSAGE(USER_ID, GROUP_MESSAGE_ID, READ_TIMESTAMP, REACTION)
VALUES (2, 182, NULL, 'crying');
INSERT INTO USER_GROUP_MESSAGE(USER_ID, GROUP_MESSAGE_ID, READ_TIMESTAMP, REACTION)
VALUES (3, 182, NULL, 'angry');
INSERT INTO USER_GROUP_MESSAGE(USER_ID, GROUP_MESSAGE_ID, READ_TIMESTAMP, REACTION)
VALUES (4, 182, NULL, 'happy');
INSERT INTO USER_GROUP_MESSAGE(USER_ID, GROUP_MESSAGE_ID, READ_TIMESTAMP, REACTION)
VALUES (5, 182, NULL, 'happy');
INSERT INTO USER_GROUP_MESSAGE(USER_ID, GROUP_MESSAGE_ID, READ_TIMESTAMP, REACTION)
VALUES (6, 182, NULL, 'angry');
INSERT INTO USER_GROUP_MESSAGE(USER_ID, GROUP_MESSAGE_ID, READ_TIMESTAMP, REACTION)
VALUES (7, 182, NULL, 'angry');
INSERT INTO GROUP_MESSAGE(ID, VALUE, TIMESTAMP, AUTHOR_ID, GROUP_ID)
VALUES (183, 'Test', '2019-07-04', '5', 2);
INSERT INTO USER_GROUP_MESSAGE(USER_ID, GROUP_MESSAGE_ID, READ_TIMESTAMP, REACTION)
VALUES (1, 183, NULL, NULL);
INSERT INTO USER_GROUP_MESSAGE(USER_ID, GROUP_MESSAGE_ID, READ_TIMESTAMP, REACTION)
VALUES (2, 183, NULL, 'happy');
INSERT INTO USER_GROUP_MESSAGE(USER_ID, GROUP_MESSAGE_ID, READ_TIMESTAMP, REACTION)
VALUES (3, 183, NULL, 'crying');
INSERT INTO USER_GROUP_MESSAGE(USER_ID, GROUP_MESSAGE_ID, READ_TIMESTAMP, REACTION)
VALUES (4, 183, NULL, 'crying');
INSERT INTO USER_GROUP_MESSAGE(USER_ID, GROUP_MESSAGE_ID, READ_TIMESTAMP, REACTION)
VALUES (5, 183, NULL, 'angry');
INSERT INTO USER_GROUP_MESSAGE(USER_ID, GROUP_MESSAGE_ID, READ_TIMESTAMP, REACTION)
VALUES (6, 183, NULL, NULL);
INSERT INTO USER_GROUP_MESSAGE(USER_ID, GROUP_MESSAGE_ID, READ_TIMESTAMP, REACTION)
VALUES (7, 183, NULL, 'crying');
INSERT INTO GROUP_MESSAGE(ID, VALUE, TIMESTAMP, AUTHOR_ID, GROUP_ID)
VALUES (184, 'Test', '2019-07-03', '4', 2);
INSERT INTO USER_GROUP_MESSAGE(USER_ID, GROUP_MESSAGE_ID, READ_TIMESTAMP, REACTION)
VALUES (1, 184, NULL, 'angry');
INSERT INTO USER_GROUP_MESSAGE(USER_ID, GROUP_MESSAGE_ID, READ_TIMESTAMP, REACTION)
VALUES (2, 184, NULL, NULL);
INSERT INTO USER_GROUP_MESSAGE(USER_ID, GROUP_MESSAGE_ID, READ_TIMESTAMP, REACTION)
VALUES (3, 184, NULL, 'happy');
INSERT INTO USER_GROUP_MESSAGE(USER_ID, GROUP_MESSAGE_ID, READ_TIMESTAMP, REACTION)
VALUES (4, 184, NULL, 'crying');
INSERT INTO USER_GROUP_MESSAGE(USER_ID, GROUP_MESSAGE_ID, READ_TIMESTAMP, REACTION)
VALUES (5, 184, NULL, NULL);
INSERT INTO USER_GROUP_MESSAGE(USER_ID, GROUP_MESSAGE_ID, READ_TIMESTAMP, REACTION)
VALUES (6, 184, NULL, 'angry');
INSERT INTO USER_GROUP_MESSAGE(USER_ID, GROUP_MESSAGE_ID, READ_TIMESTAMP, REACTION)
VALUES (7, 184, NULL, NULL);
INSERT INTO GROUP_MESSAGE(ID, VALUE, TIMESTAMP, AUTHOR_ID, GROUP_ID)
VALUES (185, 'Test', '2019-07-02', '6', 2);
INSERT INTO USER_GROUP_MESSAGE(USER_ID, GROUP_MESSAGE_ID, READ_TIMESTAMP, REACTION)
VALUES (1, 185, NULL, 'crying');
INSERT INTO USER_GROUP_MESSAGE(USER_ID, GROUP_MESSAGE_ID, READ_TIMESTAMP, REACTION)
VALUES (2, 185, NULL, 'crying');
INSERT INTO USER_GROUP_MESSAGE(USER_ID, GROUP_MESSAGE_ID, READ_TIMESTAMP, REACTION)
VALUES (3, 185, NULL, NULL);
INSERT INTO USER_GROUP_MESSAGE(USER_ID, GROUP_MESSAGE_ID, READ_TIMESTAMP, REACTION)
VALUES (4, 185, NULL, 'angry');
INSERT INTO USER_GROUP_MESSAGE(USER_ID, GROUP_MESSAGE_ID, READ_TIMESTAMP, REACTION)
VALUES (5, 185, NULL, 'happy');
INSERT INTO USER_GROUP_MESSAGE(USER_ID, GROUP_MESSAGE_ID, READ_TIMESTAMP, REACTION)
VALUES (6, 185, NULL, NULL);
INSERT INTO USER_GROUP_MESSAGE(USER_ID, GROUP_MESSAGE_ID, READ_TIMESTAMP, REACTION)
VALUES (7, 185, NULL, 'crying');
INSERT INTO GROUP_MESSAGE(ID, VALUE, TIMESTAMP, AUTHOR_ID, GROUP_ID)
VALUES (186, 'Test', '2019-07-01', '1', 2);
INSERT INTO USER_GROUP_MESSAGE(USER_ID, GROUP_MESSAGE_ID, READ_TIMESTAMP, REACTION)
VALUES (1, 186, NULL, NULL);
INSERT INTO USER_GROUP_MESSAGE(USER_ID, GROUP_MESSAGE_ID, READ_TIMESTAMP, REACTION)
VALUES (2, 186, NULL, 'angry');
INSERT INTO USER_GROUP_MESSAGE(USER_ID, GROUP_MESSAGE_ID, READ_TIMESTAMP, REACTION)
VALUES (3, 186, NULL, 'angry');
INSERT INTO USER_GROUP_MESSAGE(USER_ID, GROUP_MESSAGE_ID, READ_TIMESTAMP, REACTION)
VALUES (4, 186, NULL, 'angry');
INSERT INTO USER_GROUP_MESSAGE(USER_ID, GROUP_MESSAGE_ID, READ_TIMESTAMP, REACTION)
VALUES (5, 186, NULL, 'happy');
INSERT INTO USER_GROUP_MESSAGE(USER_ID, GROUP_MESSAGE_ID, READ_TIMESTAMP, REACTION)
VALUES (6, 186, NULL, 'happy');
INSERT INTO USER_GROUP_MESSAGE(USER_ID, GROUP_MESSAGE_ID, READ_TIMESTAMP, REACTION)
VALUES (7, 186, NULL, 'angry');
INSERT INTO GROUP_MESSAGE(ID, VALUE, TIMESTAMP, AUTHOR_ID, GROUP_ID)
VALUES (187, 'Test', '2019-06-30', '3', 2);
INSERT INTO USER_GROUP_MESSAGE(USER_ID, GROUP_MESSAGE_ID, READ_TIMESTAMP, REACTION)
VALUES (1, 187, NULL, 'happy');
INSERT INTO USER_GROUP_MESSAGE(USER_ID, GROUP_MESSAGE_ID, READ_TIMESTAMP, REACTION)
VALUES (2, 187, NULL, 'crying');
INSERT INTO USER_GROUP_MESSAGE(USER_ID, GROUP_MESSAGE_ID, READ_TIMESTAMP, REACTION)
VALUES (3, 187, NULL, 'crying');
INSERT INTO USER_GROUP_MESSAGE(USER_ID, GROUP_MESSAGE_ID, READ_TIMESTAMP, REACTION)
VALUES (4, 187, NULL, NULL);
INSERT INTO USER_GROUP_MESSAGE(USER_ID, GROUP_MESSAGE_ID, READ_TIMESTAMP, REACTION)
VALUES (5, 187, NULL, 'angry');
INSERT INTO USER_GROUP_MESSAGE(USER_ID, GROUP_MESSAGE_ID, READ_TIMESTAMP, REACTION)
VALUES (6, 187, NULL, 'angry');
INSERT INTO USER_GROUP_MESSAGE(USER_ID, GROUP_MESSAGE_ID, READ_TIMESTAMP, REACTION)
VALUES (7, 187, NULL, 'crying');
INSERT INTO GROUP_MESSAGE(ID, VALUE, TIMESTAMP, AUTHOR_ID, GROUP_ID)
VALUES (188, 'Test', '2019-06-29', '4', 2);
INSERT INTO USER_GROUP_MESSAGE(USER_ID, GROUP_MESSAGE_ID, READ_TIMESTAMP, REACTION)
VALUES (1, 188, NULL, 'angry');
INSERT INTO USER_GROUP_MESSAGE(USER_ID, GROUP_MESSAGE_ID, READ_TIMESTAMP, REACTION)
VALUES (2, 188, NULL, 'angry');
INSERT INTO USER_GROUP_MESSAGE(USER_ID, GROUP_MESSAGE_ID, READ_TIMESTAMP, REACTION)
VALUES (3, 188, NULL, 'happy');
INSERT INTO USER_GROUP_MESSAGE(USER_ID, GROUP_MESSAGE_ID, READ_TIMESTAMP, REACTION)
VALUES (4, 188, NULL, 'crying');
INSERT INTO USER_GROUP_MESSAGE(USER_ID, GROUP_MESSAGE_ID, READ_TIMESTAMP, REACTION)
VALUES (5, 188, NULL, 'angry');
INSERT INTO USER_GROUP_MESSAGE(USER_ID, GROUP_MESSAGE_ID, READ_TIMESTAMP, REACTION)
VALUES (6, 188, NULL, 'happy');
INSERT INTO USER_GROUP_MESSAGE(USER_ID, GROUP_MESSAGE_ID, READ_TIMESTAMP, REACTION)
VALUES (7, 188, NULL, 'angry');
INSERT INTO GROUP_MESSAGE(ID, VALUE, TIMESTAMP, AUTHOR_ID, GROUP_ID)
VALUES (189, 'Test', '2019-06-28', '2', 2);
INSERT INTO USER_GROUP_MESSAGE(USER_ID, GROUP_MESSAGE_ID, READ_TIMESTAMP, REACTION)
VALUES (1, 189, NULL, NULL);
INSERT INTO USER_GROUP_MESSAGE(USER_ID, GROUP_MESSAGE_ID, READ_TIMESTAMP, REACTION)
VALUES (2, 189, NULL, NULL);
INSERT INTO USER_GROUP_MESSAGE(USER_ID, GROUP_MESSAGE_ID, READ_TIMESTAMP, REACTION)
VALUES (3, 189, NULL, NULL);
INSERT INTO USER_GROUP_MESSAGE(USER_ID, GROUP_MESSAGE_ID, READ_TIMESTAMP, REACTION)
VALUES (4, 189, NULL, 'happy');
INSERT INTO USER_GROUP_MESSAGE(USER_ID, GROUP_MESSAGE_ID, READ_TIMESTAMP, REACTION)
VALUES (5, 189, NULL, 'happy');
INSERT INTO USER_GROUP_MESSAGE(USER_ID, GROUP_MESSAGE_ID, READ_TIMESTAMP, REACTION)
VALUES (6, 189, NULL, 'angry');
INSERT INTO USER_GROUP_MESSAGE(USER_ID, GROUP_MESSAGE_ID, READ_TIMESTAMP, REACTION)
VALUES (7, 189, NULL, NULL);
INSERT INTO GROUP_MESSAGE(ID, VALUE, TIMESTAMP, AUTHOR_ID, GROUP_ID)
VALUES (190, 'Test', '2019-06-27', '4', 2);
INSERT INTO USER_GROUP_MESSAGE(USER_ID, GROUP_MESSAGE_ID, READ_TIMESTAMP, REACTION)
VALUES (1, 190, NULL, 'crying');
INSERT INTO USER_GROUP_MESSAGE(USER_ID, GROUP_MESSAGE_ID, READ_TIMESTAMP, REACTION)
VALUES (2, 190, NULL, 'crying');
INSERT INTO USER_GROUP_MESSAGE(USER_ID, GROUP_MESSAGE_ID, READ_TIMESTAMP, REACTION)
VALUES (3, 190, NULL, 'crying');
INSERT INTO USER_GROUP_MESSAGE(USER_ID, GROUP_MESSAGE_ID, READ_TIMESTAMP, REACTION)
VALUES (4, 190, NULL, 'angry');
INSERT INTO USER_GROUP_MESSAGE(USER_ID, GROUP_MESSAGE_ID, READ_TIMESTAMP, REACTION)
VALUES (5, 190, NULL, NULL);
INSERT INTO USER_GROUP_MESSAGE(USER_ID, GROUP_MESSAGE_ID, READ_TIMESTAMP, REACTION)
VALUES (6, 190, NULL, 'angry');
INSERT INTO USER_GROUP_MESSAGE(USER_ID, GROUP_MESSAGE_ID, READ_TIMESTAMP, REACTION)
VALUES (7, 190, NULL, 'angry');
INSERT INTO GROUP_MESSAGE(ID, VALUE, TIMESTAMP, AUTHOR_ID, GROUP_ID)
VALUES (191, 'Test', '2019-06-26', '7', 2);
INSERT INTO USER_GROUP_MESSAGE(USER_ID, GROUP_MESSAGE_ID, READ_TIMESTAMP, REACTION)
VALUES (1, 191, NULL, 'crying');
INSERT INTO USER_GROUP_MESSAGE(USER_ID, GROUP_MESSAGE_ID, READ_TIMESTAMP, REACTION)
VALUES (2, 191, NULL, 'angry');
INSERT INTO USER_GROUP_MESSAGE(USER_ID, GROUP_MESSAGE_ID, READ_TIMESTAMP, REACTION)
VALUES (3, 191, NULL, NULL);
INSERT INTO USER_GROUP_MESSAGE(USER_ID, GROUP_MESSAGE_ID, READ_TIMESTAMP, REACTION)
VALUES (4, 191, NULL, 'crying');
INSERT INTO USER_GROUP_MESSAGE(USER_ID, GROUP_MESSAGE_ID, READ_TIMESTAMP, REACTION)
VALUES (5, 191, NULL, NULL);
INSERT INTO USER_GROUP_MESSAGE(USER_ID, GROUP_MESSAGE_ID, READ_TIMESTAMP, REACTION)
VALUES (6, 191, NULL, NULL);
INSERT INTO USER_GROUP_MESSAGE(USER_ID, GROUP_MESSAGE_ID, READ_TIMESTAMP, REACTION)
VALUES (7, 191, NULL, 'angry');
INSERT INTO GROUP_MESSAGE(ID, VALUE, TIMESTAMP, AUTHOR_ID, GROUP_ID)
VALUES (192, 'Test', '2019-06-25', '6', 2);
INSERT INTO USER_GROUP_MESSAGE(USER_ID, GROUP_MESSAGE_ID, READ_TIMESTAMP, REACTION)
VALUES (1, 192, NULL, 'angry');
INSERT INTO USER_GROUP_MESSAGE(USER_ID, GROUP_MESSAGE_ID, READ_TIMESTAMP, REACTION)
VALUES (2, 192, NULL, 'crying');
INSERT INTO USER_GROUP_MESSAGE(USER_ID, GROUP_MESSAGE_ID, READ_TIMESTAMP, REACTION)
VALUES (3, 192, NULL, 'crying');
INSERT INTO USER_GROUP_MESSAGE(USER_ID, GROUP_MESSAGE_ID, READ_TIMESTAMP, REACTION)
VALUES (4, 192, NULL, 'happy');
INSERT INTO USER_GROUP_MESSAGE(USER_ID, GROUP_MESSAGE_ID, READ_TIMESTAMP, REACTION)
VALUES (5, 192, NULL, NULL);
INSERT INTO USER_GROUP_MESSAGE(USER_ID, GROUP_MESSAGE_ID, READ_TIMESTAMP, REACTION)
VALUES (6, 192, NULL, NULL);
INSERT INTO USER_GROUP_MESSAGE(USER_ID, GROUP_MESSAGE_ID, READ_TIMESTAMP, REACTION)
VALUES (7, 192, NULL, 'angry');
INSERT INTO GROUP_MESSAGE(ID, VALUE, TIMESTAMP, AUTHOR_ID, GROUP_ID)
VALUES (193, 'Test', '2019-06-24', '2', 2);
INSERT INTO USER_GROUP_MESSAGE(USER_ID, GROUP_MESSAGE_ID, READ_TIMESTAMP, REACTION)
VALUES (1, 193, NULL, 'angry');
INSERT INTO USER_GROUP_MESSAGE(USER_ID, GROUP_MESSAGE_ID, READ_TIMESTAMP, REACTION)
VALUES (2, 193, NULL, 'crying');
INSERT INTO USER_GROUP_MESSAGE(USER_ID, GROUP_MESSAGE_ID, READ_TIMESTAMP, REACTION)
VALUES (3, 193, NULL, NULL);
INSERT INTO USER_GROUP_MESSAGE(USER_ID, GROUP_MESSAGE_ID, READ_TIMESTAMP, REACTION)
VALUES (4, 193, NULL, NULL);
INSERT INTO USER_GROUP_MESSAGE(USER_ID, GROUP_MESSAGE_ID, READ_TIMESTAMP, REACTION)
VALUES (5, 193, NULL, 'angry');
INSERT INTO USER_GROUP_MESSAGE(USER_ID, GROUP_MESSAGE_ID, READ_TIMESTAMP, REACTION)
VALUES (6, 193, NULL, NULL);
INSERT INTO USER_GROUP_MESSAGE(USER_ID, GROUP_MESSAGE_ID, READ_TIMESTAMP, REACTION)
VALUES (7, 193, NULL, 'crying');
INSERT INTO GROUP_MESSAGE(ID, VALUE, TIMESTAMP, AUTHOR_ID, GROUP_ID)
VALUES (194, 'Test', '2019-06-23', '3', 2);
INSERT INTO USER_GROUP_MESSAGE(USER_ID, GROUP_MESSAGE_ID, READ_TIMESTAMP, REACTION)
VALUES (1, 194, NULL, 'crying');
INSERT INTO USER_GROUP_MESSAGE(USER_ID, GROUP_MESSAGE_ID, READ_TIMESTAMP, REACTION)
VALUES (2, 194, NULL, NULL);
INSERT INTO USER_GROUP_MESSAGE(USER_ID, GROUP_MESSAGE_ID, READ_TIMESTAMP, REACTION)
VALUES (3, 194, NULL, 'angry');
INSERT INTO USER_GROUP_MESSAGE(USER_ID, GROUP_MESSAGE_ID, READ_TIMESTAMP, REACTION)
VALUES (4, 194, NULL, 'happy');
INSERT INTO USER_GROUP_MESSAGE(USER_ID, GROUP_MESSAGE_ID, READ_TIMESTAMP, REACTION)
VALUES (5, 194, NULL, NULL);
INSERT INTO USER_GROUP_MESSAGE(USER_ID, GROUP_MESSAGE_ID, READ_TIMESTAMP, REACTION)
VALUES (6, 194, NULL, 'angry');
INSERT INTO USER_GROUP_MESSAGE(USER_ID, GROUP_MESSAGE_ID, READ_TIMESTAMP, REACTION)
VALUES (7, 194, NULL, 'angry');
INSERT INTO GROUP_MESSAGE(ID, VALUE, TIMESTAMP, AUTHOR_ID, GROUP_ID)
VALUES (195, 'Test', '2019-06-22', '4', 2);
INSERT INTO USER_GROUP_MESSAGE(USER_ID, GROUP_MESSAGE_ID, READ_TIMESTAMP, REACTION)
VALUES (1, 195, NULL, 'crying');
INSERT INTO USER_GROUP_MESSAGE(USER_ID, GROUP_MESSAGE_ID, READ_TIMESTAMP, REACTION)
VALUES (2, 195, NULL, NULL);
INSERT INTO USER_GROUP_MESSAGE(USER_ID, GROUP_MESSAGE_ID, READ_TIMESTAMP, REACTION)
VALUES (3, 195, NULL, 'crying');
INSERT INTO USER_GROUP_MESSAGE(USER_ID, GROUP_MESSAGE_ID, READ_TIMESTAMP, REACTION)
VALUES (4, 195, NULL, 'crying');
INSERT INTO USER_GROUP_MESSAGE(USER_ID, GROUP_MESSAGE_ID, READ_TIMESTAMP, REACTION)
VALUES (5, 195, NULL, 'crying');
INSERT INTO USER_GROUP_MESSAGE(USER_ID, GROUP_MESSAGE_ID, READ_TIMESTAMP, REACTION)
VALUES (6, 195, NULL, 'happy');
INSERT INTO USER_GROUP_MESSAGE(USER_ID, GROUP_MESSAGE_ID, READ_TIMESTAMP, REACTION)
VALUES (7, 195, NULL, 'crying');
INSERT INTO GROUP_MESSAGE(ID, VALUE, TIMESTAMP, AUTHOR_ID, GROUP_ID)
VALUES (196, 'Test', '2019-06-21', '1', 2);
INSERT INTO USER_GROUP_MESSAGE(USER_ID, GROUP_MESSAGE_ID, READ_TIMESTAMP, REACTION)
VALUES (1, 196, NULL, 'angry');
INSERT INTO USER_GROUP_MESSAGE(USER_ID, GROUP_MESSAGE_ID, READ_TIMESTAMP, REACTION)
VALUES (2, 196, NULL, NULL);
INSERT INTO USER_GROUP_MESSAGE(USER_ID, GROUP_MESSAGE_ID, READ_TIMESTAMP, REACTION)
VALUES (3, 196, NULL, 'angry');
INSERT INTO USER_GROUP_MESSAGE(USER_ID, GROUP_MESSAGE_ID, READ_TIMESTAMP, REACTION)
VALUES (4, 196, NULL, 'crying');
INSERT INTO USER_GROUP_MESSAGE(USER_ID, GROUP_MESSAGE_ID, READ_TIMESTAMP, REACTION)
VALUES (5, 196, NULL, 'angry');
INSERT INTO USER_GROUP_MESSAGE(USER_ID, GROUP_MESSAGE_ID, READ_TIMESTAMP, REACTION)
VALUES (6, 196, NULL, 'angry');
INSERT INTO USER_GROUP_MESSAGE(USER_ID, GROUP_MESSAGE_ID, READ_TIMESTAMP, REACTION)
VALUES (7, 196, NULL, 'happy');
INSERT INTO GROUP_MESSAGE(ID, VALUE, TIMESTAMP, AUTHOR_ID, GROUP_ID)
VALUES (197, 'Test', '2019-06-20', '7', 2);
INSERT INTO USER_GROUP_MESSAGE(USER_ID, GROUP_MESSAGE_ID, READ_TIMESTAMP, REACTION)
VALUES (1, 197, NULL, 'crying');
INSERT INTO USER_GROUP_MESSAGE(USER_ID, GROUP_MESSAGE_ID, READ_TIMESTAMP, REACTION)
VALUES (2, 197, NULL, NULL);
INSERT INTO USER_GROUP_MESSAGE(USER_ID, GROUP_MESSAGE_ID, READ_TIMESTAMP, REACTION)
VALUES (3, 197, NULL, 'happy');
INSERT INTO USER_GROUP_MESSAGE(USER_ID, GROUP_MESSAGE_ID, READ_TIMESTAMP, REACTION)
VALUES (4, 197, NULL, 'crying');
INSERT INTO USER_GROUP_MESSAGE(USER_ID, GROUP_MESSAGE_ID, READ_TIMESTAMP, REACTION)
VALUES (5, 197, NULL, 'happy');
INSERT INTO USER_GROUP_MESSAGE(USER_ID, GROUP_MESSAGE_ID, READ_TIMESTAMP, REACTION)
VALUES (6, 197, NULL, 'crying');
INSERT INTO USER_GROUP_MESSAGE(USER_ID, GROUP_MESSAGE_ID, READ_TIMESTAMP, REACTION)
VALUES (7, 197, NULL, 'happy');
INSERT INTO GROUP_MESSAGE(ID, VALUE, TIMESTAMP, AUTHOR_ID, GROUP_ID)
VALUES (198, 'Test', '2019-06-19', '1', 2);
INSERT INTO USER_GROUP_MESSAGE(USER_ID, GROUP_MESSAGE_ID, READ_TIMESTAMP, REACTION)
VALUES (1, 198, NULL, 'crying');
INSERT INTO USER_GROUP_MESSAGE(USER_ID, GROUP_MESSAGE_ID, READ_TIMESTAMP, REACTION)
VALUES (2, 198, NULL, NULL);
INSERT INTO USER_GROUP_MESSAGE(USER_ID, GROUP_MESSAGE_ID, READ_TIMESTAMP, REACTION)
VALUES (3, 198, NULL, NULL);
INSERT INTO USER_GROUP_MESSAGE(USER_ID, GROUP_MESSAGE_ID, READ_TIMESTAMP, REACTION)
VALUES (4, 198, NULL, 'angry');
INSERT INTO USER_GROUP_MESSAGE(USER_ID, GROUP_MESSAGE_ID, READ_TIMESTAMP, REACTION)
VALUES (5, 198, NULL, 'crying');
INSERT INTO USER_GROUP_MESSAGE(USER_ID, GROUP_MESSAGE_ID, READ_TIMESTAMP, REACTION)
VALUES (6, 198, NULL, 'crying');
INSERT INTO USER_GROUP_MESSAGE(USER_ID, GROUP_MESSAGE_ID, READ_TIMESTAMP, REACTION)
VALUES (7, 198, NULL, 'angry');
INSERT INTO GROUP_MESSAGE(ID, VALUE, TIMESTAMP, AUTHOR_ID, GROUP_ID)
VALUES (199, 'Test', '2019-06-18', '6', 2);
INSERT INTO USER_GROUP_MESSAGE(USER_ID, GROUP_MESSAGE_ID, READ_TIMESTAMP, REACTION)
VALUES (1, 199, NULL, NULL);
INSERT INTO USER_GROUP_MESSAGE(USER_ID, GROUP_MESSAGE_ID, READ_TIMESTAMP, REACTION)
VALUES (2, 199, NULL, 'angry');
INSERT INTO USER_GROUP_MESSAGE(USER_ID, GROUP_MESSAGE_ID, READ_TIMESTAMP, REACTION)
VALUES (3, 199, NULL, NULL);
INSERT INTO USER_GROUP_MESSAGE(USER_ID, GROUP_MESSAGE_ID, READ_TIMESTAMP, REACTION)
VALUES (4, 199, NULL, 'angry');
INSERT INTO USER_GROUP_MESSAGE(USER_ID, GROUP_MESSAGE_ID, READ_TIMESTAMP, REACTION)
VALUES (5, 199, NULL, 'happy');
INSERT INTO USER_GROUP_MESSAGE(USER_ID, GROUP_MESSAGE_ID, READ_TIMESTAMP, REACTION)
VALUES (6, 199, NULL, NULL);
INSERT INTO USER_GROUP_MESSAGE(USER_ID, GROUP_MESSAGE_ID, READ_TIMESTAMP, REACTION)
VALUES (7, 199, NULL, 'angry');
INSERT INTO GROUP_MESSAGE(ID, VALUE, TIMESTAMP, AUTHOR_ID, GROUP_ID)
VALUES (200, 'Test', '2019-06-17', '3', 2);
INSERT INTO USER_GROUP_MESSAGE(USER_ID, GROUP_MESSAGE_ID, READ_TIMESTAMP, REACTION)
VALUES (1, 200, NULL, 'crying');
INSERT INTO USER_GROUP_MESSAGE(USER_ID, GROUP_MESSAGE_ID, READ_TIMESTAMP, REACTION)
VALUES (2, 200, NULL, 'angry');
INSERT INTO USER_GROUP_MESSAGE(USER_ID, GROUP_MESSAGE_ID, READ_TIMESTAMP, REACTION)
VALUES (3, 200, NULL, NULL);
INSERT INTO USER_GROUP_MESSAGE(USER_ID, GROUP_MESSAGE_ID, READ_TIMESTAMP, REACTION)
VALUES (4, 200, NULL, NULL);
INSERT INTO USER_GROUP_MESSAGE(USER_ID, GROUP_MESSAGE_ID, READ_TIMESTAMP, REACTION)
VALUES (5, 200, NULL, NULL);
INSERT INTO USER_GROUP_MESSAGE(USER_ID, GROUP_MESSAGE_ID, READ_TIMESTAMP, REACTION)
VALUES (6, 200, NULL, 'crying');
INSERT INTO USER_GROUP_MESSAGE(USER_ID, GROUP_MESSAGE_ID, READ_TIMESTAMP, REACTION)
VALUES (7, 200, NULL, NULL);
INSERT INTO GROUP_MESSAGE(ID, VALUE, TIMESTAMP, AUTHOR_ID, GROUP_ID)
VALUES (201, 'Test', '2019-06-16', '6', 2);
INSERT INTO USER_GROUP_MESSAGE(USER_ID, GROUP_MESSAGE_ID, READ_TIMESTAMP, REACTION)
VALUES (1, 201, NULL, 'angry');
INSERT INTO USER_GROUP_MESSAGE(USER_ID, GROUP_MESSAGE_ID, READ_TIMESTAMP, REACTION)
VALUES (2, 201, NULL, 'angry');
INSERT INTO USER_GROUP_MESSAGE(USER_ID, GROUP_MESSAGE_ID, READ_TIMESTAMP, REACTION)
VALUES (3, 201, NULL, 'happy');
INSERT INTO USER_GROUP_MESSAGE(USER_ID, GROUP_MESSAGE_ID, READ_TIMESTAMP, REACTION)
VALUES (4, 201, NULL, 'angry');
INSERT INTO USER_GROUP_MESSAGE(USER_ID, GROUP_MESSAGE_ID, READ_TIMESTAMP, REACTION)
VALUES (5, 201, NULL, 'crying');
INSERT INTO USER_GROUP_MESSAGE(USER_ID, GROUP_MESSAGE_ID, READ_TIMESTAMP, REACTION)
VALUES (6, 201, NULL, NULL);
INSERT INTO USER_GROUP_MESSAGE(USER_ID, GROUP_MESSAGE_ID, READ_TIMESTAMP, REACTION)
VALUES (7, 201, NULL, 'crying');
INSERT INTO GROUP_MESSAGE(ID, VALUE, TIMESTAMP, AUTHOR_ID, GROUP_ID)
VALUES (202, 'Test', '2019-06-15', '2', 2);
INSERT INTO USER_GROUP_MESSAGE(USER_ID, GROUP_MESSAGE_ID, READ_TIMESTAMP, REACTION)
VALUES (1, 202, NULL, 'crying');
INSERT INTO USER_GROUP_MESSAGE(USER_ID, GROUP_MESSAGE_ID, READ_TIMESTAMP, REACTION)
VALUES (2, 202, NULL, 'crying');
INSERT INTO USER_GROUP_MESSAGE(USER_ID, GROUP_MESSAGE_ID, READ_TIMESTAMP, REACTION)
VALUES (3, 202, NULL, 'happy');
INSERT INTO USER_GROUP_MESSAGE(USER_ID, GROUP_MESSAGE_ID, READ_TIMESTAMP, REACTION)
VALUES (4, 202, NULL, 'happy');
INSERT INTO USER_GROUP_MESSAGE(USER_ID, GROUP_MESSAGE_ID, READ_TIMESTAMP, REACTION)
VALUES (5, 202, NULL, 'angry');
INSERT INTO USER_GROUP_MESSAGE(USER_ID, GROUP_MESSAGE_ID, READ_TIMESTAMP, REACTION)
VALUES (6, 202, NULL, 'crying');
INSERT INTO USER_GROUP_MESSAGE(USER_ID, GROUP_MESSAGE_ID, READ_TIMESTAMP, REACTION)
VALUES (7, 202, NULL, 'happy');
INSERT INTO GROUP_MESSAGE(ID, VALUE, TIMESTAMP, AUTHOR_ID, GROUP_ID)
VALUES (203, 'Test', '2019-06-14', '7', 2);
INSERT INTO USER_GROUP_MESSAGE(USER_ID, GROUP_MESSAGE_ID, READ_TIMESTAMP, REACTION)
VALUES (1, 203, NULL, 'crying');
INSERT INTO USER_GROUP_MESSAGE(USER_ID, GROUP_MESSAGE_ID, READ_TIMESTAMP, REACTION)
VALUES (2, 203, NULL, 'angry');
INSERT INTO USER_GROUP_MESSAGE(USER_ID, GROUP_MESSAGE_ID, READ_TIMESTAMP, REACTION)
VALUES (3, 203, NULL, 'happy');
INSERT INTO USER_GROUP_MESSAGE(USER_ID, GROUP_MESSAGE_ID, READ_TIMESTAMP, REACTION)
VALUES (4, 203, NULL, NULL);
INSERT INTO USER_GROUP_MESSAGE(USER_ID, GROUP_MESSAGE_ID, READ_TIMESTAMP, REACTION)
VALUES (5, 203, NULL, NULL);
INSERT INTO USER_GROUP_MESSAGE(USER_ID, GROUP_MESSAGE_ID, READ_TIMESTAMP, REACTION)
VALUES (6, 203, NULL, 'crying');
INSERT INTO USER_GROUP_MESSAGE(USER_ID, GROUP_MESSAGE_ID, READ_TIMESTAMP, REACTION)
VALUES (7, 203, NULL, 'happy');
INSERT INTO GROUP_MESSAGE(ID, VALUE, TIMESTAMP, AUTHOR_ID, GROUP_ID)
VALUES (204, 'Test', '2019-06-13', '2', 2);
INSERT INTO USER_GROUP_MESSAGE(USER_ID, GROUP_MESSAGE_ID, READ_TIMESTAMP, REACTION)
VALUES (1, 204, NULL, 'happy');
INSERT INTO USER_GROUP_MESSAGE(USER_ID, GROUP_MESSAGE_ID, READ_TIMESTAMP, REACTION)
VALUES (2, 204, NULL, 'angry');
INSERT INTO USER_GROUP_MESSAGE(USER_ID, GROUP_MESSAGE_ID, READ_TIMESTAMP, REACTION)
VALUES (3, 204, NULL, 'angry');
INSERT INTO USER_GROUP_MESSAGE(USER_ID, GROUP_MESSAGE_ID, READ_TIMESTAMP, REACTION)
VALUES (4, 204, NULL, 'happy');
INSERT INTO USER_GROUP_MESSAGE(USER_ID, GROUP_MESSAGE_ID, READ_TIMESTAMP, REACTION)
VALUES (5, 204, NULL, 'happy');
INSERT INTO USER_GROUP_MESSAGE(USER_ID, GROUP_MESSAGE_ID, READ_TIMESTAMP, REACTION)
VALUES (6, 204, NULL, 'angry');
INSERT INTO USER_GROUP_MESSAGE(USER_ID, GROUP_MESSAGE_ID, READ_TIMESTAMP, REACTION)
VALUES (7, 204, NULL, NULL);
INSERT INTO GROUP_MESSAGE(ID, VALUE, TIMESTAMP, AUTHOR_ID, GROUP_ID)
VALUES (205, 'Test', '2019-06-12', '5', 2);
INSERT INTO USER_GROUP_MESSAGE(USER_ID, GROUP_MESSAGE_ID, READ_TIMESTAMP, REACTION)
VALUES (1, 205, NULL, 'happy');
INSERT INTO USER_GROUP_MESSAGE(USER_ID, GROUP_MESSAGE_ID, READ_TIMESTAMP, REACTION)
VALUES (2, 205, NULL, NULL);
INSERT INTO USER_GROUP_MESSAGE(USER_ID, GROUP_MESSAGE_ID, READ_TIMESTAMP, REACTION)
VALUES (3, 205, NULL, 'crying');
INSERT INTO USER_GROUP_MESSAGE(USER_ID, GROUP_MESSAGE_ID, READ_TIMESTAMP, REACTION)
VALUES (4, 205, NULL, NULL);
INSERT INTO USER_GROUP_MESSAGE(USER_ID, GROUP_MESSAGE_ID, READ_TIMESTAMP, REACTION)
VALUES (5, 205, NULL, NULL);
INSERT INTO USER_GROUP_MESSAGE(USER_ID, GROUP_MESSAGE_ID, READ_TIMESTAMP, REACTION)
VALUES (6, 205, NULL, NULL);
INSERT INTO USER_GROUP_MESSAGE(USER_ID, GROUP_MESSAGE_ID, READ_TIMESTAMP, REACTION)
VALUES (7, 205, NULL, NULL);
INSERT INTO GROUP_MESSAGE(ID, VALUE, TIMESTAMP, AUTHOR_ID, GROUP_ID)
VALUES (206, 'Test', '2019-06-11', '1', 2);
INSERT INTO USER_GROUP_MESSAGE(USER_ID, GROUP_MESSAGE_ID, READ_TIMESTAMP, REACTION)
VALUES (1, 206, NULL, 'crying');
INSERT INTO USER_GROUP_MESSAGE(USER_ID, GROUP_MESSAGE_ID, READ_TIMESTAMP, REACTION)
VALUES (2, 206, NULL, 'happy');
INSERT INTO USER_GROUP_MESSAGE(USER_ID, GROUP_MESSAGE_ID, READ_TIMESTAMP, REACTION)
VALUES (3, 206, NULL, 'angry');
INSERT INTO USER_GROUP_MESSAGE(USER_ID, GROUP_MESSAGE_ID, READ_TIMESTAMP, REACTION)
VALUES (4, 206, NULL, 'crying');
INSERT INTO USER_GROUP_MESSAGE(USER_ID, GROUP_MESSAGE_ID, READ_TIMESTAMP, REACTION)
VALUES (5, 206, NULL, 'angry');
INSERT INTO USER_GROUP_MESSAGE(USER_ID, GROUP_MESSAGE_ID, READ_TIMESTAMP, REACTION)
VALUES (6, 206, NULL, 'crying');
INSERT INTO USER_GROUP_MESSAGE(USER_ID, GROUP_MESSAGE_ID, READ_TIMESTAMP, REACTION)
VALUES (7, 206, NULL, 'crying');
INSERT INTO GROUP_MESSAGE(ID, VALUE, TIMESTAMP, AUTHOR_ID, GROUP_ID)
VALUES (207, 'Test', '2019-06-10', '5', 2);
INSERT INTO USER_GROUP_MESSAGE(USER_ID, GROUP_MESSAGE_ID, READ_TIMESTAMP, REACTION)
VALUES (1, 207, NULL, 'angry');
INSERT INTO USER_GROUP_MESSAGE(USER_ID, GROUP_MESSAGE_ID, READ_TIMESTAMP, REACTION)
VALUES (2, 207, NULL, 'angry');
INSERT INTO USER_GROUP_MESSAGE(USER_ID, GROUP_MESSAGE_ID, READ_TIMESTAMP, REACTION)
VALUES (3, 207, NULL, 'happy');
INSERT INTO USER_GROUP_MESSAGE(USER_ID, GROUP_MESSAGE_ID, READ_TIMESTAMP, REACTION)
VALUES (4, 207, NULL, 'happy');
INSERT INTO USER_GROUP_MESSAGE(USER_ID, GROUP_MESSAGE_ID, READ_TIMESTAMP, REACTION)
VALUES (5, 207, NULL, 'happy');
INSERT INTO USER_GROUP_MESSAGE(USER_ID, GROUP_MESSAGE_ID, READ_TIMESTAMP, REACTION)
VALUES (6, 207, NULL, 'angry');
INSERT INTO USER_GROUP_MESSAGE(USER_ID, GROUP_MESSAGE_ID, READ_TIMESTAMP, REACTION)
VALUES (7, 207, NULL, 'angry');
INSERT INTO GROUP_MESSAGE(ID, VALUE, TIMESTAMP, AUTHOR_ID, GROUP_ID)
VALUES (208, 'Test', '2019-06-09', '1', 2);
INSERT INTO USER_GROUP_MESSAGE(USER_ID, GROUP_MESSAGE_ID, READ_TIMESTAMP, REACTION)
VALUES (1, 208, NULL, 'crying');
INSERT INTO USER_GROUP_MESSAGE(USER_ID, GROUP_MESSAGE_ID, READ_TIMESTAMP, REACTION)
VALUES (2, 208, NULL, 'crying');
INSERT INTO USER_GROUP_MESSAGE(USER_ID, GROUP_MESSAGE_ID, READ_TIMESTAMP, REACTION)
VALUES (3, 208, NULL, 'happy');
INSERT INTO USER_GROUP_MESSAGE(USER_ID, GROUP_MESSAGE_ID, READ_TIMESTAMP, REACTION)
VALUES (4, 208, NULL, 'angry');
INSERT INTO USER_GROUP_MESSAGE(USER_ID, GROUP_MESSAGE_ID, READ_TIMESTAMP, REACTION)
VALUES (5, 208, NULL, 'happy');
INSERT INTO USER_GROUP_MESSAGE(USER_ID, GROUP_MESSAGE_ID, READ_TIMESTAMP, REACTION)
VALUES (6, 208, NULL, 'angry');
INSERT INTO USER_GROUP_MESSAGE(USER_ID, GROUP_MESSAGE_ID, READ_TIMESTAMP, REACTION)
VALUES (7, 208, NULL, 'crying');
INSERT INTO GROUP_MESSAGE(ID, VALUE, TIMESTAMP, AUTHOR_ID, GROUP_ID)
VALUES (209, 'Test', '2019-06-08', '4', 2);
INSERT INTO USER_GROUP_MESSAGE(USER_ID, GROUP_MESSAGE_ID, READ_TIMESTAMP, REACTION)
VALUES (1, 209, NULL, NULL);
INSERT INTO USER_GROUP_MESSAGE(USER_ID, GROUP_MESSAGE_ID, READ_TIMESTAMP, REACTION)
VALUES (2, 209, NULL, 'angry');
INSERT INTO USER_GROUP_MESSAGE(USER_ID, GROUP_MESSAGE_ID, READ_TIMESTAMP, REACTION)
VALUES (3, 209, NULL, 'happy');
INSERT INTO USER_GROUP_MESSAGE(USER_ID, GROUP_MESSAGE_ID, READ_TIMESTAMP, REACTION)
VALUES (4, 209, NULL, 'crying');
INSERT INTO USER_GROUP_MESSAGE(USER_ID, GROUP_MESSAGE_ID, READ_TIMESTAMP, REACTION)
VALUES (5, 209, NULL, NULL);
INSERT INTO USER_GROUP_MESSAGE(USER_ID, GROUP_MESSAGE_ID, READ_TIMESTAMP, REACTION)
VALUES (6, 209, NULL, 'happy');
INSERT INTO USER_GROUP_MESSAGE(USER_ID, GROUP_MESSAGE_ID, READ_TIMESTAMP, REACTION)
VALUES (7, 209, NULL, 'happy');
INSERT INTO GROUP_MESSAGE(ID, VALUE, TIMESTAMP, AUTHOR_ID, GROUP_ID)
VALUES (210, 'Test', '2019-06-07', '3', 2);
INSERT INTO USER_GROUP_MESSAGE(USER_ID, GROUP_MESSAGE_ID, READ_TIMESTAMP, REACTION)
VALUES (1, 210, NULL, NULL);
INSERT INTO USER_GROUP_MESSAGE(USER_ID, GROUP_MESSAGE_ID, READ_TIMESTAMP, REACTION)
VALUES (2, 210, NULL, 'happy');
INSERT INTO USER_GROUP_MESSAGE(USER_ID, GROUP_MESSAGE_ID, READ_TIMESTAMP, REACTION)
VALUES (3, 210, NULL, 'crying');
INSERT INTO USER_GROUP_MESSAGE(USER_ID, GROUP_MESSAGE_ID, READ_TIMESTAMP, REACTION)
VALUES (4, 210, NULL, 'crying');
INSERT INTO USER_GROUP_MESSAGE(USER_ID, GROUP_MESSAGE_ID, READ_TIMESTAMP, REACTION)
VALUES (5, 210, NULL, 'crying');
INSERT INTO USER_GROUP_MESSAGE(USER_ID, GROUP_MESSAGE_ID, READ_TIMESTAMP, REACTION)
VALUES (6, 210, NULL, 'crying');
INSERT INTO USER_GROUP_MESSAGE(USER_ID, GROUP_MESSAGE_ID, READ_TIMESTAMP, REACTION)
VALUES (7, 210, NULL, 'crying');
INSERT INTO GROUP_MESSAGE(ID, VALUE, TIMESTAMP, AUTHOR_ID, GROUP_ID)
VALUES (211, 'Test', '2019-06-06', '7', 2);
INSERT INTO USER_GROUP_MESSAGE(USER_ID, GROUP_MESSAGE_ID, READ_TIMESTAMP, REACTION)
VALUES (1, 211, NULL, 'crying');
INSERT INTO USER_GROUP_MESSAGE(USER_ID, GROUP_MESSAGE_ID, READ_TIMESTAMP, REACTION)
VALUES (2, 211, NULL, 'crying');
INSERT INTO USER_GROUP_MESSAGE(USER_ID, GROUP_MESSAGE_ID, READ_TIMESTAMP, REACTION)
VALUES (3, 211, NULL, 'angry');
INSERT INTO USER_GROUP_MESSAGE(USER_ID, GROUP_MESSAGE_ID, READ_TIMESTAMP, REACTION)
VALUES (4, 211, NULL, 'angry');
INSERT INTO USER_GROUP_MESSAGE(USER_ID, GROUP_MESSAGE_ID, READ_TIMESTAMP, REACTION)
VALUES (5, 211, NULL, 'angry');
INSERT INTO USER_GROUP_MESSAGE(USER_ID, GROUP_MESSAGE_ID, READ_TIMESTAMP, REACTION)
VALUES (6, 211, NULL, 'angry');
INSERT INTO USER_GROUP_MESSAGE(USER_ID, GROUP_MESSAGE_ID, READ_TIMESTAMP, REACTION)
VALUES (7, 211, NULL, 'happy');
INSERT INTO GROUP_MESSAGE(ID, VALUE, TIMESTAMP, AUTHOR_ID, GROUP_ID)
VALUES (212, 'Test', '2019-06-05', '4', 2);
INSERT INTO USER_GROUP_MESSAGE(USER_ID, GROUP_MESSAGE_ID, READ_TIMESTAMP, REACTION)
VALUES (1, 212, NULL, 'crying');
INSERT INTO USER_GROUP_MESSAGE(USER_ID, GROUP_MESSAGE_ID, READ_TIMESTAMP, REACTION)
VALUES (2, 212, NULL, 'angry');
INSERT INTO USER_GROUP_MESSAGE(USER_ID, GROUP_MESSAGE_ID, READ_TIMESTAMP, REACTION)
VALUES (3, 212, NULL, NULL);
INSERT INTO USER_GROUP_MESSAGE(USER_ID, GROUP_MESSAGE_ID, READ_TIMESTAMP, REACTION)
VALUES (4, 212, NULL, 'happy');
INSERT INTO USER_GROUP_MESSAGE(USER_ID, GROUP_MESSAGE_ID, READ_TIMESTAMP, REACTION)
VALUES (5, 212, NULL, 'happy');
INSERT INTO USER_GROUP_MESSAGE(USER_ID, GROUP_MESSAGE_ID, READ_TIMESTAMP, REACTION)
VALUES (6, 212, NULL, 'happy');
INSERT INTO USER_GROUP_MESSAGE(USER_ID, GROUP_MESSAGE_ID, READ_TIMESTAMP, REACTION)
VALUES (7, 212, NULL, 'angry');
INSERT INTO GROUP_MESSAGE(ID, VALUE, TIMESTAMP, AUTHOR_ID, GROUP_ID)
VALUES (213, 'Test', '2019-06-04', '4', 2);
INSERT INTO USER_GROUP_MESSAGE(USER_ID, GROUP_MESSAGE_ID, READ_TIMESTAMP, REACTION)
VALUES (1, 213, NULL, 'angry');
INSERT INTO USER_GROUP_MESSAGE(USER_ID, GROUP_MESSAGE_ID, READ_TIMESTAMP, REACTION)
VALUES (2, 213, NULL, 'crying');
INSERT INTO USER_GROUP_MESSAGE(USER_ID, GROUP_MESSAGE_ID, READ_TIMESTAMP, REACTION)
VALUES (3, 213, NULL, NULL);
INSERT INTO USER_GROUP_MESSAGE(USER_ID, GROUP_MESSAGE_ID, READ_TIMESTAMP, REACTION)
VALUES (4, 213, NULL, 'happy');
INSERT INTO USER_GROUP_MESSAGE(USER_ID, GROUP_MESSAGE_ID, READ_TIMESTAMP, REACTION)
VALUES (5, 213, NULL, NULL);
INSERT INTO USER_GROUP_MESSAGE(USER_ID, GROUP_MESSAGE_ID, READ_TIMESTAMP, REACTION)
VALUES (6, 213, NULL, 'angry');
INSERT INTO USER_GROUP_MESSAGE(USER_ID, GROUP_MESSAGE_ID, READ_TIMESTAMP, REACTION)
VALUES (7, 213, NULL, 'crying');
INSERT INTO GROUP_MESSAGE(ID, VALUE, TIMESTAMP, AUTHOR_ID, GROUP_ID)
VALUES (214, 'Test', '2019-06-03', '2', 2);
INSERT INTO USER_GROUP_MESSAGE(USER_ID, GROUP_MESSAGE_ID, READ_TIMESTAMP, REACTION)
VALUES (1, 214, NULL, NULL);
INSERT INTO USER_GROUP_MESSAGE(USER_ID, GROUP_MESSAGE_ID, READ_TIMESTAMP, REACTION)
VALUES (2, 214, NULL, 'happy');
INSERT INTO USER_GROUP_MESSAGE(USER_ID, GROUP_MESSAGE_ID, READ_TIMESTAMP, REACTION)
VALUES (3, 214, NULL, 'crying');
INSERT INTO USER_GROUP_MESSAGE(USER_ID, GROUP_MESSAGE_ID, READ_TIMESTAMP, REACTION)
VALUES (4, 214, NULL, 'angry');
INSERT INTO USER_GROUP_MESSAGE(USER_ID, GROUP_MESSAGE_ID, READ_TIMESTAMP, REACTION)
VALUES (5, 214, NULL, NULL);
INSERT INTO USER_GROUP_MESSAGE(USER_ID, GROUP_MESSAGE_ID, READ_TIMESTAMP, REACTION)
VALUES (6, 214, NULL, 'crying');
INSERT INTO USER_GROUP_MESSAGE(USER_ID, GROUP_MESSAGE_ID, READ_TIMESTAMP, REACTION)
VALUES (7, 214, NULL, 'happy');
INSERT INTO GROUP_MESSAGE(ID, VALUE, TIMESTAMP, AUTHOR_ID, GROUP_ID)
VALUES (215, 'Test', '2019-06-02', '1', 2);
INSERT INTO USER_GROUP_MESSAGE(USER_ID, GROUP_MESSAGE_ID, READ_TIMESTAMP, REACTION)
VALUES (1, 215, NULL, NULL);
INSERT INTO USER_GROUP_MESSAGE(USER_ID, GROUP_MESSAGE_ID, READ_TIMESTAMP, REACTION)
VALUES (2, 215, NULL, 'angry');
INSERT INTO USER_GROUP_MESSAGE(USER_ID, GROUP_MESSAGE_ID, READ_TIMESTAMP, REACTION)
VALUES (3, 215, NULL, 'happy');
INSERT INTO USER_GROUP_MESSAGE(USER_ID, GROUP_MESSAGE_ID, READ_TIMESTAMP, REACTION)
VALUES (4, 215, NULL, 'happy');
INSERT INTO USER_GROUP_MESSAGE(USER_ID, GROUP_MESSAGE_ID, READ_TIMESTAMP, REACTION)
VALUES (5, 215, NULL, 'happy');
INSERT INTO USER_GROUP_MESSAGE(USER_ID, GROUP_MESSAGE_ID, READ_TIMESTAMP, REACTION)
VALUES (6, 215, NULL, 'crying');
INSERT INTO USER_GROUP_MESSAGE(USER_ID, GROUP_MESSAGE_ID, READ_TIMESTAMP, REACTION)
VALUES (7, 215, NULL, 'angry');
INSERT INTO GROUP_MESSAGE(ID, VALUE, TIMESTAMP, AUTHOR_ID, GROUP_ID)
VALUES (216, 'Test', '2019-06-01', '5', 2);
INSERT INTO USER_GROUP_MESSAGE(USER_ID, GROUP_MESSAGE_ID, READ_TIMESTAMP, REACTION)
VALUES (1, 216, NULL, 'happy');
INSERT INTO USER_GROUP_MESSAGE(USER_ID, GROUP_MESSAGE_ID, READ_TIMESTAMP, REACTION)
VALUES (2, 216, NULL, 'crying');
INSERT INTO USER_GROUP_MESSAGE(USER_ID, GROUP_MESSAGE_ID, READ_TIMESTAMP, REACTION)
VALUES (3, 216, NULL, NULL);
INSERT INTO USER_GROUP_MESSAGE(USER_ID, GROUP_MESSAGE_ID, READ_TIMESTAMP, REACTION)
VALUES (4, 216, NULL, NULL);
INSERT INTO USER_GROUP_MESSAGE(USER_ID, GROUP_MESSAGE_ID, READ_TIMESTAMP, REACTION)
VALUES (5, 216, NULL, 'crying');
INSERT INTO USER_GROUP_MESSAGE(USER_ID, GROUP_MESSAGE_ID, READ_TIMESTAMP, REACTION)
VALUES (6, 216, NULL, 'angry');
INSERT INTO USER_GROUP_MESSAGE(USER_ID, GROUP_MESSAGE_ID, READ_TIMESTAMP, REACTION)
VALUES (7, 216, NULL, 'angry');
INSERT INTO GROUP_MESSAGE(ID, VALUE, TIMESTAMP, AUTHOR_ID, GROUP_ID)
VALUES (217, 'Test', '2019-05-31', '3', 2);
INSERT INTO USER_GROUP_MESSAGE(USER_ID, GROUP_MESSAGE_ID, READ_TIMESTAMP, REACTION)
VALUES (1, 217, NULL, 'angry');
INSERT INTO USER_GROUP_MESSAGE(USER_ID, GROUP_MESSAGE_ID, READ_TIMESTAMP, REACTION)
VALUES (2, 217, NULL, 'crying');
INSERT INTO USER_GROUP_MESSAGE(USER_ID, GROUP_MESSAGE_ID, READ_TIMESTAMP, REACTION)
VALUES (3, 217, NULL, 'angry');
INSERT INTO USER_GROUP_MESSAGE(USER_ID, GROUP_MESSAGE_ID, READ_TIMESTAMP, REACTION)
VALUES (4, 217, NULL, 'angry');
INSERT INTO USER_GROUP_MESSAGE(USER_ID, GROUP_MESSAGE_ID, READ_TIMESTAMP, REACTION)
VALUES (5, 217, NULL, 'crying');
INSERT INTO USER_GROUP_MESSAGE(USER_ID, GROUP_MESSAGE_ID, READ_TIMESTAMP, REACTION)
VALUES (6, 217, NULL, 'crying');
INSERT INTO USER_GROUP_MESSAGE(USER_ID, GROUP_MESSAGE_ID, READ_TIMESTAMP, REACTION)
VALUES (7, 217, NULL, 'angry');
INSERT INTO GROUP_MESSAGE(ID, VALUE, TIMESTAMP, AUTHOR_ID, GROUP_ID)
VALUES (218, 'Test', '2019-05-30', '5', 2);
INSERT INTO USER_GROUP_MESSAGE(USER_ID, GROUP_MESSAGE_ID, READ_TIMESTAMP, REACTION)
VALUES (1, 218, NULL, 'crying');
INSERT INTO USER_GROUP_MESSAGE(USER_ID, GROUP_MESSAGE_ID, READ_TIMESTAMP, REACTION)
VALUES (2, 218, NULL, NULL);
INSERT INTO USER_GROUP_MESSAGE(USER_ID, GROUP_MESSAGE_ID, READ_TIMESTAMP, REACTION)
VALUES (3, 218, NULL, 'happy');
INSERT INTO USER_GROUP_MESSAGE(USER_ID, GROUP_MESSAGE_ID, READ_TIMESTAMP, REACTION)
VALUES (4, 218, NULL, 'crying');
INSERT INTO USER_GROUP_MESSAGE(USER_ID, GROUP_MESSAGE_ID, READ_TIMESTAMP, REACTION)
VALUES (5, 218, NULL, 'angry');
INSERT INTO USER_GROUP_MESSAGE(USER_ID, GROUP_MESSAGE_ID, READ_TIMESTAMP, REACTION)
VALUES (6, 218, NULL, 'crying');
INSERT INTO USER_GROUP_MESSAGE(USER_ID, GROUP_MESSAGE_ID, READ_TIMESTAMP, REACTION)
VALUES (7, 218, NULL, 'happy');
INSERT INTO GROUP_MESSAGE(ID, VALUE, TIMESTAMP, AUTHOR_ID, GROUP_ID)
VALUES (219, 'Test', '2019-05-29', '2', 2);
INSERT INTO USER_GROUP_MESSAGE(USER_ID, GROUP_MESSAGE_ID, READ_TIMESTAMP, REACTION)
VALUES (1, 219, NULL, NULL);
INSERT INTO USER_GROUP_MESSAGE(USER_ID, GROUP_MESSAGE_ID, READ_TIMESTAMP, REACTION)
VALUES (2, 219, NULL, 'angry');
INSERT INTO USER_GROUP_MESSAGE(USER_ID, GROUP_MESSAGE_ID, READ_TIMESTAMP, REACTION)
VALUES (3, 219, NULL, NULL);
INSERT INTO USER_GROUP_MESSAGE(USER_ID, GROUP_MESSAGE_ID, READ_TIMESTAMP, REACTION)
VALUES (4, 219, NULL, 'happy');
INSERT INTO USER_GROUP_MESSAGE(USER_ID, GROUP_MESSAGE_ID, READ_TIMESTAMP, REACTION)
VALUES (5, 219, NULL, NULL);
INSERT INTO USER_GROUP_MESSAGE(USER_ID, GROUP_MESSAGE_ID, READ_TIMESTAMP, REACTION)
VALUES (6, 219, NULL, NULL);
INSERT INTO USER_GROUP_MESSAGE(USER_ID, GROUP_MESSAGE_ID, READ_TIMESTAMP, REACTION)
VALUES (7, 219, NULL, 'happy');
INSERT INTO GROUP_MESSAGE(ID, VALUE, TIMESTAMP, AUTHOR_ID, GROUP_ID)
VALUES (220, 'Test', '2019-05-28', '5', 2);
INSERT INTO USER_GROUP_MESSAGE(USER_ID, GROUP_MESSAGE_ID, READ_TIMESTAMP, REACTION)
VALUES (1, 220, NULL, NULL);
INSERT INTO USER_GROUP_MESSAGE(USER_ID, GROUP_MESSAGE_ID, READ_TIMESTAMP, REACTION)
VALUES (2, 220, NULL, NULL);
INSERT INTO USER_GROUP_MESSAGE(USER_ID, GROUP_MESSAGE_ID, READ_TIMESTAMP, REACTION)
VALUES (3, 220, NULL, NULL);
INSERT INTO USER_GROUP_MESSAGE(USER_ID, GROUP_MESSAGE_ID, READ_TIMESTAMP, REACTION)
VALUES (4, 220, NULL, NULL);
INSERT INTO USER_GROUP_MESSAGE(USER_ID, GROUP_MESSAGE_ID, READ_TIMESTAMP, REACTION)
VALUES (5, 220, NULL, 'angry');
INSERT INTO USER_GROUP_MESSAGE(USER_ID, GROUP_MESSAGE_ID, READ_TIMESTAMP, REACTION)
VALUES (6, 220, NULL, NULL);
INSERT INTO USER_GROUP_MESSAGE(USER_ID, GROUP_MESSAGE_ID, READ_TIMESTAMP, REACTION)
VALUES (7, 220, NULL, 'crying');
INSERT INTO GROUP_MESSAGE(ID, VALUE, TIMESTAMP, AUTHOR_ID, GROUP_ID)
VALUES (221, 'Test', '2019-05-27', '4', 2);
INSERT INTO USER_GROUP_MESSAGE(USER_ID, GROUP_MESSAGE_ID, READ_TIMESTAMP, REACTION)
VALUES (1, 221, NULL, 'crying');
INSERT INTO USER_GROUP_MESSAGE(USER_ID, GROUP_MESSAGE_ID, READ_TIMESTAMP, REACTION)
VALUES (2, 221, NULL, NULL);
INSERT INTO USER_GROUP_MESSAGE(USER_ID, GROUP_MESSAGE_ID, READ_TIMESTAMP, REACTION)
VALUES (3, 221, NULL, 'angry');
INSERT INTO USER_GROUP_MESSAGE(USER_ID, GROUP_MESSAGE_ID, READ_TIMESTAMP, REACTION)
VALUES (4, 221, NULL, 'happy');
INSERT INTO USER_GROUP_MESSAGE(USER_ID, GROUP_MESSAGE_ID, READ_TIMESTAMP, REACTION)
VALUES (5, 221, NULL, 'angry');
INSERT INTO USER_GROUP_MESSAGE(USER_ID, GROUP_MESSAGE_ID, READ_TIMESTAMP, REACTION)
VALUES (6, 221, NULL, 'crying');
INSERT INTO USER_GROUP_MESSAGE(USER_ID, GROUP_MESSAGE_ID, READ_TIMESTAMP, REACTION)
VALUES (7, 221, NULL, 'crying');
INSERT INTO GROUP_MESSAGE(ID, VALUE, TIMESTAMP, AUTHOR_ID, GROUP_ID)
VALUES (222, 'Test', '2019-05-26', '2', 2);
INSERT INTO USER_GROUP_MESSAGE(USER_ID, GROUP_MESSAGE_ID, READ_TIMESTAMP, REACTION)
VALUES (1, 222, NULL, 'happy');
INSERT INTO USER_GROUP_MESSAGE(USER_ID, GROUP_MESSAGE_ID, READ_TIMESTAMP, REACTION)
VALUES (2, 222, NULL, 'happy');
INSERT INTO USER_GROUP_MESSAGE(USER_ID, GROUP_MESSAGE_ID, READ_TIMESTAMP, REACTION)
VALUES (3, 222, NULL, 'crying');
INSERT INTO USER_GROUP_MESSAGE(USER_ID, GROUP_MESSAGE_ID, READ_TIMESTAMP, REACTION)
VALUES (4, 222, NULL, 'crying');
INSERT INTO USER_GROUP_MESSAGE(USER_ID, GROUP_MESSAGE_ID, READ_TIMESTAMP, REACTION)
VALUES (5, 222, NULL, 'happy');
INSERT INTO USER_GROUP_MESSAGE(USER_ID, GROUP_MESSAGE_ID, READ_TIMESTAMP, REACTION)
VALUES (6, 222, NULL, 'crying');
INSERT INTO USER_GROUP_MESSAGE(USER_ID, GROUP_MESSAGE_ID, READ_TIMESTAMP, REACTION)
VALUES (7, 222, NULL, 'angry');
INSERT INTO GROUP_MESSAGE(ID, VALUE, TIMESTAMP, AUTHOR_ID, GROUP_ID)
VALUES (223, 'Test', '2019-05-25', '4', 2);
INSERT INTO USER_GROUP_MESSAGE(USER_ID, GROUP_MESSAGE_ID, READ_TIMESTAMP, REACTION)
VALUES (1, 223, NULL, 'crying');
INSERT INTO USER_GROUP_MESSAGE(USER_ID, GROUP_MESSAGE_ID, READ_TIMESTAMP, REACTION)
VALUES (2, 223, NULL, 'crying');
INSERT INTO USER_GROUP_MESSAGE(USER_ID, GROUP_MESSAGE_ID, READ_TIMESTAMP, REACTION)
VALUES (3, 223, NULL, 'crying');
INSERT INTO USER_GROUP_MESSAGE(USER_ID, GROUP_MESSAGE_ID, READ_TIMESTAMP, REACTION)
VALUES (4, 223, NULL, 'crying');
INSERT INTO USER_GROUP_MESSAGE(USER_ID, GROUP_MESSAGE_ID, READ_TIMESTAMP, REACTION)
VALUES (5, 223, NULL, NULL);
INSERT INTO USER_GROUP_MESSAGE(USER_ID, GROUP_MESSAGE_ID, READ_TIMESTAMP, REACTION)
VALUES (6, 223, NULL, 'happy');
INSERT INTO USER_GROUP_MESSAGE(USER_ID, GROUP_MESSAGE_ID, READ_TIMESTAMP, REACTION)
VALUES (7, 223, NULL, 'angry');
INSERT INTO GROUP_MESSAGE(ID, VALUE, TIMESTAMP, AUTHOR_ID, GROUP_ID)
VALUES (224, 'Test', '2019-05-24', '5', 2);
INSERT INTO USER_GROUP_MESSAGE(USER_ID, GROUP_MESSAGE_ID, READ_TIMESTAMP, REACTION)
VALUES (1, 224, NULL, 'crying');
INSERT INTO USER_GROUP_MESSAGE(USER_ID, GROUP_MESSAGE_ID, READ_TIMESTAMP, REACTION)
VALUES (2, 224, NULL, 'crying');
INSERT INTO USER_GROUP_MESSAGE(USER_ID, GROUP_MESSAGE_ID, READ_TIMESTAMP, REACTION)
VALUES (3, 224, NULL, NULL);
INSERT INTO USER_GROUP_MESSAGE(USER_ID, GROUP_MESSAGE_ID, READ_TIMESTAMP, REACTION)
VALUES (4, 224, NULL, 'happy');
INSERT INTO USER_GROUP_MESSAGE(USER_ID, GROUP_MESSAGE_ID, READ_TIMESTAMP, REACTION)
VALUES (5, 224, NULL, 'happy');
INSERT INTO USER_GROUP_MESSAGE(USER_ID, GROUP_MESSAGE_ID, READ_TIMESTAMP, REACTION)
VALUES (6, 224, NULL, 'angry');
INSERT INTO USER_GROUP_MESSAGE(USER_ID, GROUP_MESSAGE_ID, READ_TIMESTAMP, REACTION)
VALUES (7, 224, NULL, 'angry');
INSERT INTO GROUP_MESSAGE(ID, VALUE, TIMESTAMP, AUTHOR_ID, GROUP_ID)
VALUES (225, 'Test', '2019-05-23', '7', 2);
INSERT INTO USER_GROUP_MESSAGE(USER_ID, GROUP_MESSAGE_ID, READ_TIMESTAMP, REACTION)
VALUES (1, 225, NULL, 'crying');
INSERT INTO USER_GROUP_MESSAGE(USER_ID, GROUP_MESSAGE_ID, READ_TIMESTAMP, REACTION)
VALUES (2, 225, NULL, 'angry');
INSERT INTO USER_GROUP_MESSAGE(USER_ID, GROUP_MESSAGE_ID, READ_TIMESTAMP, REACTION)
VALUES (3, 225, NULL, 'happy');
INSERT INTO USER_GROUP_MESSAGE(USER_ID, GROUP_MESSAGE_ID, READ_TIMESTAMP, REACTION)
VALUES (4, 225, NULL, 'angry');
INSERT INTO USER_GROUP_MESSAGE(USER_ID, GROUP_MESSAGE_ID, READ_TIMESTAMP, REACTION)
VALUES (5, 225, NULL, NULL);
INSERT INTO USER_GROUP_MESSAGE(USER_ID, GROUP_MESSAGE_ID, READ_TIMESTAMP, REACTION)
VALUES (6, 225, NULL, 'happy');
INSERT INTO USER_GROUP_MESSAGE(USER_ID, GROUP_MESSAGE_ID, READ_TIMESTAMP, REACTION)
VALUES (7, 225, NULL, 'crying');
INSERT INTO GROUP_MESSAGE(ID, VALUE, TIMESTAMP, AUTHOR_ID, GROUP_ID)
VALUES (226, 'Test', '2019-05-22', '4', 2);
INSERT INTO USER_GROUP_MESSAGE(USER_ID, GROUP_MESSAGE_ID, READ_TIMESTAMP, REACTION)
VALUES (1, 226, NULL, NULL);
INSERT INTO USER_GROUP_MESSAGE(USER_ID, GROUP_MESSAGE_ID, READ_TIMESTAMP, REACTION)
VALUES (2, 226, NULL, 'crying');
INSERT INTO USER_GROUP_MESSAGE(USER_ID, GROUP_MESSAGE_ID, READ_TIMESTAMP, REACTION)
VALUES (3, 226, NULL, 'angry');
INSERT INTO USER_GROUP_MESSAGE(USER_ID, GROUP_MESSAGE_ID, READ_TIMESTAMP, REACTION)
VALUES (4, 226, NULL, NULL);
INSERT INTO USER_GROUP_MESSAGE(USER_ID, GROUP_MESSAGE_ID, READ_TIMESTAMP, REACTION)
VALUES (5, 226, NULL, NULL);
INSERT INTO USER_GROUP_MESSAGE(USER_ID, GROUP_MESSAGE_ID, READ_TIMESTAMP, REACTION)
VALUES (6, 226, NULL, NULL);
INSERT INTO USER_GROUP_MESSAGE(USER_ID, GROUP_MESSAGE_ID, READ_TIMESTAMP, REACTION)
VALUES (7, 226, NULL, NULL);
INSERT INTO GROUP_MESSAGE(ID, VALUE, TIMESTAMP, AUTHOR_ID, GROUP_ID)
VALUES (227, 'Test', '2019-05-21', '2', 2);
INSERT INTO USER_GROUP_MESSAGE(USER_ID, GROUP_MESSAGE_ID, READ_TIMESTAMP, REACTION)
VALUES (1, 227, NULL, 'crying');
INSERT INTO USER_GROUP_MESSAGE(USER_ID, GROUP_MESSAGE_ID, READ_TIMESTAMP, REACTION)
VALUES (2, 227, NULL, 'happy');
INSERT INTO USER_GROUP_MESSAGE(USER_ID, GROUP_MESSAGE_ID, READ_TIMESTAMP, REACTION)
VALUES (3, 227, NULL, NULL);
INSERT INTO USER_GROUP_MESSAGE(USER_ID, GROUP_MESSAGE_ID, READ_TIMESTAMP, REACTION)
VALUES (4, 227, NULL, NULL);
INSERT INTO USER_GROUP_MESSAGE(USER_ID, GROUP_MESSAGE_ID, READ_TIMESTAMP, REACTION)
VALUES (5, 227, NULL, 'happy');
INSERT INTO USER_GROUP_MESSAGE(USER_ID, GROUP_MESSAGE_ID, READ_TIMESTAMP, REACTION)
VALUES (6, 227, NULL, 'crying');
INSERT INTO USER_GROUP_MESSAGE(USER_ID, GROUP_MESSAGE_ID, READ_TIMESTAMP, REACTION)
VALUES (7, 227, NULL, 'crying');
INSERT INTO GROUP_MESSAGE(ID, VALUE, TIMESTAMP, AUTHOR_ID, GROUP_ID)
VALUES (228, 'Test', '2019-05-20', '6', 2);
INSERT INTO USER_GROUP_MESSAGE(USER_ID, GROUP_MESSAGE_ID, READ_TIMESTAMP, REACTION)
VALUES (1, 228, NULL, 'crying');
INSERT INTO USER_GROUP_MESSAGE(USER_ID, GROUP_MESSAGE_ID, READ_TIMESTAMP, REACTION)
VALUES (2, 228, NULL, 'angry');
INSERT INTO USER_GROUP_MESSAGE(USER_ID, GROUP_MESSAGE_ID, READ_TIMESTAMP, REACTION)
VALUES (3, 228, NULL, NULL);
INSERT INTO USER_GROUP_MESSAGE(USER_ID, GROUP_MESSAGE_ID, READ_TIMESTAMP, REACTION)
VALUES (4, 228, NULL, 'angry');
INSERT INTO USER_GROUP_MESSAGE(USER_ID, GROUP_MESSAGE_ID, READ_TIMESTAMP, REACTION)
VALUES (5, 228, NULL, 'angry');
INSERT INTO USER_GROUP_MESSAGE(USER_ID, GROUP_MESSAGE_ID, READ_TIMESTAMP, REACTION)
VALUES (6, 228, NULL, 'happy');
INSERT INTO USER_GROUP_MESSAGE(USER_ID, GROUP_MESSAGE_ID, READ_TIMESTAMP, REACTION)
VALUES (7, 228, NULL, NULL);
INSERT INTO GROUP_MESSAGE(ID, VALUE, TIMESTAMP, AUTHOR_ID, GROUP_ID)
VALUES (229, 'Test', '2019-05-19', '4', 2);
INSERT INTO USER_GROUP_MESSAGE(USER_ID, GROUP_MESSAGE_ID, READ_TIMESTAMP, REACTION)
VALUES (1, 229, NULL, 'happy');
INSERT INTO USER_GROUP_MESSAGE(USER_ID, GROUP_MESSAGE_ID, READ_TIMESTAMP, REACTION)
VALUES (2, 229, NULL, 'angry');
INSERT INTO USER_GROUP_MESSAGE(USER_ID, GROUP_MESSAGE_ID, READ_TIMESTAMP, REACTION)
VALUES (3, 229, NULL, 'angry');
INSERT INTO USER_GROUP_MESSAGE(USER_ID, GROUP_MESSAGE_ID, READ_TIMESTAMP, REACTION)
VALUES (4, 229, NULL, NULL);
INSERT INTO USER_GROUP_MESSAGE(USER_ID, GROUP_MESSAGE_ID, READ_TIMESTAMP, REACTION)
VALUES (5, 229, NULL, 'happy');
INSERT INTO USER_GROUP_MESSAGE(USER_ID, GROUP_MESSAGE_ID, READ_TIMESTAMP, REACTION)
VALUES (6, 229, NULL, 'crying');
INSERT INTO USER_GROUP_MESSAGE(USER_ID, GROUP_MESSAGE_ID, READ_TIMESTAMP, REACTION)
VALUES (7, 229, NULL, NULL);
INSERT INTO GROUP_MESSAGE(ID, VALUE, TIMESTAMP, AUTHOR_ID, GROUP_ID)
VALUES (230, 'Test', '2019-05-18', '4', 2);
INSERT INTO USER_GROUP_MESSAGE(USER_ID, GROUP_MESSAGE_ID, READ_TIMESTAMP, REACTION)
VALUES (1, 230, NULL, NULL);
INSERT INTO USER_GROUP_MESSAGE(USER_ID, GROUP_MESSAGE_ID, READ_TIMESTAMP, REACTION)
VALUES (2, 230, NULL, 'angry');
INSERT INTO USER_GROUP_MESSAGE(USER_ID, GROUP_MESSAGE_ID, READ_TIMESTAMP, REACTION)
VALUES (3, 230, NULL, NULL);
INSERT INTO USER_GROUP_MESSAGE(USER_ID, GROUP_MESSAGE_ID, READ_TIMESTAMP, REACTION)
VALUES (4, 230, NULL, 'angry');
INSERT INTO USER_GROUP_MESSAGE(USER_ID, GROUP_MESSAGE_ID, READ_TIMESTAMP, REACTION)
VALUES (5, 230, NULL, 'angry');
INSERT INTO USER_GROUP_MESSAGE(USER_ID, GROUP_MESSAGE_ID, READ_TIMESTAMP, REACTION)
VALUES (6, 230, NULL, 'angry');
INSERT INTO USER_GROUP_MESSAGE(USER_ID, GROUP_MESSAGE_ID, READ_TIMESTAMP, REACTION)
VALUES (7, 230, NULL, 'happy');
INSERT INTO GROUP_MESSAGE(ID, VALUE, TIMESTAMP, AUTHOR_ID, GROUP_ID)
VALUES (231, 'Test', '2019-05-17', '1', 2);
INSERT INTO USER_GROUP_MESSAGE(USER_ID, GROUP_MESSAGE_ID, READ_TIMESTAMP, REACTION)
VALUES (1, 231, NULL, 'happy');
INSERT INTO USER_GROUP_MESSAGE(USER_ID, GROUP_MESSAGE_ID, READ_TIMESTAMP, REACTION)
VALUES (2, 231, NULL, NULL);
INSERT INTO USER_GROUP_MESSAGE(USER_ID, GROUP_MESSAGE_ID, READ_TIMESTAMP, REACTION)
VALUES (3, 231, NULL, 'happy');
INSERT INTO USER_GROUP_MESSAGE(USER_ID, GROUP_MESSAGE_ID, READ_TIMESTAMP, REACTION)
VALUES (4, 231, NULL, 'crying');
INSERT INTO USER_GROUP_MESSAGE(USER_ID, GROUP_MESSAGE_ID, READ_TIMESTAMP, REACTION)
VALUES (5, 231, NULL, 'angry');
INSERT INTO USER_GROUP_MESSAGE(USER_ID, GROUP_MESSAGE_ID, READ_TIMESTAMP, REACTION)
VALUES (6, 231, NULL, NULL);
INSERT INTO USER_GROUP_MESSAGE(USER_ID, GROUP_MESSAGE_ID, READ_TIMESTAMP, REACTION)
VALUES (7, 231, NULL, 'happy');
INSERT INTO GROUP_MESSAGE(ID, VALUE, TIMESTAMP, AUTHOR_ID, GROUP_ID)
VALUES (232, 'Test', '2019-05-16', '2', 2);
INSERT INTO USER_GROUP_MESSAGE(USER_ID, GROUP_MESSAGE_ID, READ_TIMESTAMP, REACTION)
VALUES (1, 232, NULL, 'angry');
INSERT INTO USER_GROUP_MESSAGE(USER_ID, GROUP_MESSAGE_ID, READ_TIMESTAMP, REACTION)
VALUES (2, 232, NULL, 'happy');
INSERT INTO USER_GROUP_MESSAGE(USER_ID, GROUP_MESSAGE_ID, READ_TIMESTAMP, REACTION)
VALUES (3, 232, NULL, 'happy');
INSERT INTO USER_GROUP_MESSAGE(USER_ID, GROUP_MESSAGE_ID, READ_TIMESTAMP, REACTION)
VALUES (4, 232, NULL, 'crying');
INSERT INTO USER_GROUP_MESSAGE(USER_ID, GROUP_MESSAGE_ID, READ_TIMESTAMP, REACTION)
VALUES (5, 232, NULL, 'crying');
INSERT INTO USER_GROUP_MESSAGE(USER_ID, GROUP_MESSAGE_ID, READ_TIMESTAMP, REACTION)
VALUES (6, 232, NULL, NULL);
INSERT INTO USER_GROUP_MESSAGE(USER_ID, GROUP_MESSAGE_ID, READ_TIMESTAMP, REACTION)
VALUES (7, 232, NULL, 'crying');
INSERT INTO GROUP_MESSAGE(ID, VALUE, TIMESTAMP, AUTHOR_ID, GROUP_ID)
VALUES (233, 'Test', '2019-05-15', '6', 2);
INSERT INTO USER_GROUP_MESSAGE(USER_ID, GROUP_MESSAGE_ID, READ_TIMESTAMP, REACTION)
VALUES (1, 233, NULL, 'crying');
INSERT INTO USER_GROUP_MESSAGE(USER_ID, GROUP_MESSAGE_ID, READ_TIMESTAMP, REACTION)
VALUES (2, 233, NULL, 'happy');
INSERT INTO USER_GROUP_MESSAGE(USER_ID, GROUP_MESSAGE_ID, READ_TIMESTAMP, REACTION)
VALUES (3, 233, NULL, 'crying');
INSERT INTO USER_GROUP_MESSAGE(USER_ID, GROUP_MESSAGE_ID, READ_TIMESTAMP, REACTION)
VALUES (4, 233, NULL, 'happy');
INSERT INTO USER_GROUP_MESSAGE(USER_ID, GROUP_MESSAGE_ID, READ_TIMESTAMP, REACTION)
VALUES (5, 233, NULL, 'happy');
INSERT INTO USER_GROUP_MESSAGE(USER_ID, GROUP_MESSAGE_ID, READ_TIMESTAMP, REACTION)
VALUES (6, 233, NULL, 'crying');
INSERT INTO USER_GROUP_MESSAGE(USER_ID, GROUP_MESSAGE_ID, READ_TIMESTAMP, REACTION)
VALUES (7, 233, NULL, NULL);
INSERT INTO GROUP_MESSAGE(ID, VALUE, TIMESTAMP, AUTHOR_ID, GROUP_ID)
VALUES (234, 'Test', '2019-05-14', '2', 2);
INSERT INTO USER_GROUP_MESSAGE(USER_ID, GROUP_MESSAGE_ID, READ_TIMESTAMP, REACTION)
VALUES (1, 234, NULL, NULL);
INSERT INTO USER_GROUP_MESSAGE(USER_ID, GROUP_MESSAGE_ID, READ_TIMESTAMP, REACTION)
VALUES (2, 234, NULL, 'angry');
INSERT INTO USER_GROUP_MESSAGE(USER_ID, GROUP_MESSAGE_ID, READ_TIMESTAMP, REACTION)
VALUES (3, 234, NULL, NULL);
INSERT INTO USER_GROUP_MESSAGE(USER_ID, GROUP_MESSAGE_ID, READ_TIMESTAMP, REACTION)
VALUES (4, 234, NULL, 'angry');
INSERT INTO USER_GROUP_MESSAGE(USER_ID, GROUP_MESSAGE_ID, READ_TIMESTAMP, REACTION)
VALUES (5, 234, NULL, 'crying');
INSERT INTO USER_GROUP_MESSAGE(USER_ID, GROUP_MESSAGE_ID, READ_TIMESTAMP, REACTION)
VALUES (6, 234, NULL, 'crying');
INSERT INTO USER_GROUP_MESSAGE(USER_ID, GROUP_MESSAGE_ID, READ_TIMESTAMP, REACTION)
VALUES (7, 234, NULL, 'crying');
INSERT INTO GROUP_MESSAGE(ID, VALUE, TIMESTAMP, AUTHOR_ID, GROUP_ID)
VALUES (235, 'Test', '2019-05-13', '5', 2);
INSERT INTO USER_GROUP_MESSAGE(USER_ID, GROUP_MESSAGE_ID, READ_TIMESTAMP, REACTION)
VALUES (1, 235, NULL, 'happy');
INSERT INTO USER_GROUP_MESSAGE(USER_ID, GROUP_MESSAGE_ID, READ_TIMESTAMP, REACTION)
VALUES (2, 235, NULL, 'happy');
INSERT INTO USER_GROUP_MESSAGE(USER_ID, GROUP_MESSAGE_ID, READ_TIMESTAMP, REACTION)
VALUES (3, 235, NULL, NULL);
INSERT INTO USER_GROUP_MESSAGE(USER_ID, GROUP_MESSAGE_ID, READ_TIMESTAMP, REACTION)
VALUES (4, 235, NULL, 'angry');
INSERT INTO USER_GROUP_MESSAGE(USER_ID, GROUP_MESSAGE_ID, READ_TIMESTAMP, REACTION)
VALUES (5, 235, NULL, NULL);
INSERT INTO USER_GROUP_MESSAGE(USER_ID, GROUP_MESSAGE_ID, READ_TIMESTAMP, REACTION)
VALUES (6, 235, NULL, 'angry');
INSERT INTO USER_GROUP_MESSAGE(USER_ID, GROUP_MESSAGE_ID, READ_TIMESTAMP, REACTION)
VALUES (7, 235, NULL, 'angry');
INSERT INTO GROUP_MESSAGE(ID, VALUE, TIMESTAMP, AUTHOR_ID, GROUP_ID)
VALUES (236, 'Test', '2019-05-12', '3', 2);
INSERT INTO USER_GROUP_MESSAGE(USER_ID, GROUP_MESSAGE_ID, READ_TIMESTAMP, REACTION)
VALUES (1, 236, NULL, 'happy');
INSERT INTO USER_GROUP_MESSAGE(USER_ID, GROUP_MESSAGE_ID, READ_TIMESTAMP, REACTION)
VALUES (2, 236, NULL, NULL);
INSERT INTO USER_GROUP_MESSAGE(USER_ID, GROUP_MESSAGE_ID, READ_TIMESTAMP, REACTION)
VALUES (3, 236, NULL, 'happy');
INSERT INTO USER_GROUP_MESSAGE(USER_ID, GROUP_MESSAGE_ID, READ_TIMESTAMP, REACTION)
VALUES (4, 236, NULL, 'angry');
INSERT INTO USER_GROUP_MESSAGE(USER_ID, GROUP_MESSAGE_ID, READ_TIMESTAMP, REACTION)
VALUES (5, 236, NULL, 'happy');
INSERT INTO USER_GROUP_MESSAGE(USER_ID, GROUP_MESSAGE_ID, READ_TIMESTAMP, REACTION)
VALUES (6, 236, NULL, 'crying');
INSERT INTO USER_GROUP_MESSAGE(USER_ID, GROUP_MESSAGE_ID, READ_TIMESTAMP, REACTION)
VALUES (7, 236, NULL, 'happy');
INSERT INTO GROUP_MESSAGE(ID, VALUE, TIMESTAMP, AUTHOR_ID, GROUP_ID)
VALUES (237, 'Test', '2019-05-11', '4', 2);
INSERT INTO USER_GROUP_MESSAGE(USER_ID, GROUP_MESSAGE_ID, READ_TIMESTAMP, REACTION)
VALUES (1, 237, NULL, 'crying');
INSERT INTO USER_GROUP_MESSAGE(USER_ID, GROUP_MESSAGE_ID, READ_TIMESTAMP, REACTION)
VALUES (2, 237, NULL, NULL);
INSERT INTO USER_GROUP_MESSAGE(USER_ID, GROUP_MESSAGE_ID, READ_TIMESTAMP, REACTION)
VALUES (3, 237, NULL, 'crying');
INSERT INTO USER_GROUP_MESSAGE(USER_ID, GROUP_MESSAGE_ID, READ_TIMESTAMP, REACTION)
VALUES (4, 237, NULL, 'crying');
INSERT INTO USER_GROUP_MESSAGE(USER_ID, GROUP_MESSAGE_ID, READ_TIMESTAMP, REACTION)
VALUES (5, 237, NULL, 'angry');
INSERT INTO USER_GROUP_MESSAGE(USER_ID, GROUP_MESSAGE_ID, READ_TIMESTAMP, REACTION)
VALUES (6, 237, NULL, 'happy');
INSERT INTO USER_GROUP_MESSAGE(USER_ID, GROUP_MESSAGE_ID, READ_TIMESTAMP, REACTION)
VALUES (7, 237, NULL, 'happy');
INSERT INTO GROUP_MESSAGE(ID, VALUE, TIMESTAMP, AUTHOR_ID, GROUP_ID)
VALUES (238, 'Test', '2019-05-10', '1', 2);
INSERT INTO USER_GROUP_MESSAGE(USER_ID, GROUP_MESSAGE_ID, READ_TIMESTAMP, REACTION)
VALUES (1, 238, NULL, 'crying');
INSERT INTO USER_GROUP_MESSAGE(USER_ID, GROUP_MESSAGE_ID, READ_TIMESTAMP, REACTION)
VALUES (2, 238, NULL, NULL);
INSERT INTO USER_GROUP_MESSAGE(USER_ID, GROUP_MESSAGE_ID, READ_TIMESTAMP, REACTION)
VALUES (3, 238, NULL, 'happy');
INSERT INTO USER_GROUP_MESSAGE(USER_ID, GROUP_MESSAGE_ID, READ_TIMESTAMP, REACTION)
VALUES (4, 238, NULL, 'crying');
INSERT INTO USER_GROUP_MESSAGE(USER_ID, GROUP_MESSAGE_ID, READ_TIMESTAMP, REACTION)
VALUES (5, 238, NULL, 'crying');
INSERT INTO USER_GROUP_MESSAGE(USER_ID, GROUP_MESSAGE_ID, READ_TIMESTAMP, REACTION)
VALUES (6, 238, NULL, 'crying');
INSERT INTO USER_GROUP_MESSAGE(USER_ID, GROUP_MESSAGE_ID, READ_TIMESTAMP, REACTION)
VALUES (7, 238, NULL, NULL);
INSERT INTO GROUP_MESSAGE(ID, VALUE, TIMESTAMP, AUTHOR_ID, GROUP_ID)
VALUES (239, 'Test', '2019-05-09', '3', 2);
INSERT INTO USER_GROUP_MESSAGE(USER_ID, GROUP_MESSAGE_ID, READ_TIMESTAMP, REACTION)
VALUES (1, 239, NULL, 'angry');
INSERT INTO USER_GROUP_MESSAGE(USER_ID, GROUP_MESSAGE_ID, READ_TIMESTAMP, REACTION)
VALUES (2, 239, NULL, NULL);
INSERT INTO USER_GROUP_MESSAGE(USER_ID, GROUP_MESSAGE_ID, READ_TIMESTAMP, REACTION)
VALUES (3, 239, NULL, 'crying');
INSERT INTO USER_GROUP_MESSAGE(USER_ID, GROUP_MESSAGE_ID, READ_TIMESTAMP, REACTION)
VALUES (4, 239, NULL, NULL);
INSERT INTO USER_GROUP_MESSAGE(USER_ID, GROUP_MESSAGE_ID, READ_TIMESTAMP, REACTION)
VALUES (5, 239, NULL, 'crying');
INSERT INTO USER_GROUP_MESSAGE(USER_ID, GROUP_MESSAGE_ID, READ_TIMESTAMP, REACTION)
VALUES (6, 239, NULL, NULL);
INSERT INTO USER_GROUP_MESSAGE(USER_ID, GROUP_MESSAGE_ID, READ_TIMESTAMP, REACTION)
VALUES (7, 239, NULL, 'angry');
INSERT INTO GROUP_MESSAGE(ID, VALUE, TIMESTAMP, AUTHOR_ID, GROUP_ID)
VALUES (240, 'Test', '2019-05-08', '7', 2);
INSERT INTO USER_GROUP_MESSAGE(USER_ID, GROUP_MESSAGE_ID, READ_TIMESTAMP, REACTION)
VALUES (1, 240, NULL, 'happy');
INSERT INTO USER_GROUP_MESSAGE(USER_ID, GROUP_MESSAGE_ID, READ_TIMESTAMP, REACTION)
VALUES (2, 240, NULL, 'crying');
INSERT INTO USER_GROUP_MESSAGE(USER_ID, GROUP_MESSAGE_ID, READ_TIMESTAMP, REACTION)
VALUES (3, 240, NULL, 'crying');
INSERT INTO USER_GROUP_MESSAGE(USER_ID, GROUP_MESSAGE_ID, READ_TIMESTAMP, REACTION)
VALUES (4, 240, NULL, 'angry');
INSERT INTO USER_GROUP_MESSAGE(USER_ID, GROUP_MESSAGE_ID, READ_TIMESTAMP, REACTION)
VALUES (5, 240, NULL, 'crying');
INSERT INTO USER_GROUP_MESSAGE(USER_ID, GROUP_MESSAGE_ID, READ_TIMESTAMP, REACTION)
VALUES (6, 240, NULL, NULL);
INSERT INTO USER_GROUP_MESSAGE(USER_ID, GROUP_MESSAGE_ID, READ_TIMESTAMP, REACTION)
VALUES (7, 240, NULL, NULL);
INSERT INTO GROUP_MESSAGE(ID, VALUE, TIMESTAMP, AUTHOR_ID, GROUP_ID)
VALUES (241, 'Test', '2019-05-07', '3', 2);
INSERT INTO USER_GROUP_MESSAGE(USER_ID, GROUP_MESSAGE_ID, READ_TIMESTAMP, REACTION)
VALUES (1, 241, NULL, 'crying');
INSERT INTO USER_GROUP_MESSAGE(USER_ID, GROUP_MESSAGE_ID, READ_TIMESTAMP, REACTION)
VALUES (2, 241, NULL, 'crying');
INSERT INTO USER_GROUP_MESSAGE(USER_ID, GROUP_MESSAGE_ID, READ_TIMESTAMP, REACTION)
VALUES (3, 241, NULL, 'angry');
INSERT INTO USER_GROUP_MESSAGE(USER_ID, GROUP_MESSAGE_ID, READ_TIMESTAMP, REACTION)
VALUES (4, 241, NULL, 'angry');
INSERT INTO USER_GROUP_MESSAGE(USER_ID, GROUP_MESSAGE_ID, READ_TIMESTAMP, REACTION)
VALUES (5, 241, NULL, 'angry');
INSERT INTO USER_GROUP_MESSAGE(USER_ID, GROUP_MESSAGE_ID, READ_TIMESTAMP, REACTION)
VALUES (6, 241, NULL, NULL);
INSERT INTO USER_GROUP_MESSAGE(USER_ID, GROUP_MESSAGE_ID, READ_TIMESTAMP, REACTION)
VALUES (7, 241, NULL, 'happy');
INSERT INTO GROUP_MESSAGE(ID, VALUE, TIMESTAMP, AUTHOR_ID, GROUP_ID)
VALUES (242, 'Test', '2019-05-06', '1', 2);
INSERT INTO USER_GROUP_MESSAGE(USER_ID, GROUP_MESSAGE_ID, READ_TIMESTAMP, REACTION)
VALUES (1, 242, NULL, NULL);
INSERT INTO USER_GROUP_MESSAGE(USER_ID, GROUP_MESSAGE_ID, READ_TIMESTAMP, REACTION)
VALUES (2, 242, NULL, 'crying');
INSERT INTO USER_GROUP_MESSAGE(USER_ID, GROUP_MESSAGE_ID, READ_TIMESTAMP, REACTION)
VALUES (3, 242, NULL, 'crying');
INSERT INTO USER_GROUP_MESSAGE(USER_ID, GROUP_MESSAGE_ID, READ_TIMESTAMP, REACTION)
VALUES (4, 242, NULL, 'crying');
INSERT INTO USER_GROUP_MESSAGE(USER_ID, GROUP_MESSAGE_ID, READ_TIMESTAMP, REACTION)
VALUES (5, 242, NULL, 'happy');
INSERT INTO USER_GROUP_MESSAGE(USER_ID, GROUP_MESSAGE_ID, READ_TIMESTAMP, REACTION)
VALUES (6, 242, NULL, 'crying');
INSERT INTO USER_GROUP_MESSAGE(USER_ID, GROUP_MESSAGE_ID, READ_TIMESTAMP, REACTION)
VALUES (7, 242, NULL, NULL);
INSERT INTO GROUP_MESSAGE(ID, VALUE, TIMESTAMP, AUTHOR_ID, GROUP_ID)
VALUES (243, 'Test', '2019-05-05', '7', 2);
INSERT INTO USER_GROUP_MESSAGE(USER_ID, GROUP_MESSAGE_ID, READ_TIMESTAMP, REACTION)
VALUES (1, 243, NULL, 'crying');
INSERT INTO USER_GROUP_MESSAGE(USER_ID, GROUP_MESSAGE_ID, READ_TIMESTAMP, REACTION)
VALUES (2, 243, NULL, 'angry');
INSERT INTO USER_GROUP_MESSAGE(USER_ID, GROUP_MESSAGE_ID, READ_TIMESTAMP, REACTION)
VALUES (3, 243, NULL, 'happy');
INSERT INTO USER_GROUP_MESSAGE(USER_ID, GROUP_MESSAGE_ID, READ_TIMESTAMP, REACTION)
VALUES (4, 243, NULL, 'crying');
INSERT INTO USER_GROUP_MESSAGE(USER_ID, GROUP_MESSAGE_ID, READ_TIMESTAMP, REACTION)
VALUES (5, 243, NULL, 'happy');
INSERT INTO USER_GROUP_MESSAGE(USER_ID, GROUP_MESSAGE_ID, READ_TIMESTAMP, REACTION)
VALUES (6, 243, NULL, 'angry');
INSERT INTO USER_GROUP_MESSAGE(USER_ID, GROUP_MESSAGE_ID, READ_TIMESTAMP, REACTION)
VALUES (7, 243, NULL, 'crying');
INSERT INTO GROUP_MESSAGE(ID, VALUE, TIMESTAMP, AUTHOR_ID, GROUP_ID)
VALUES (244, 'Test', '2019-05-04', '4', 2);
INSERT INTO USER_GROUP_MESSAGE(USER_ID, GROUP_MESSAGE_ID, READ_TIMESTAMP, REACTION)
VALUES (1, 244, NULL, 'crying');
INSERT INTO USER_GROUP_MESSAGE(USER_ID, GROUP_MESSAGE_ID, READ_TIMESTAMP, REACTION)
VALUES (2, 244, NULL, 'angry');
INSERT INTO USER_GROUP_MESSAGE(USER_ID, GROUP_MESSAGE_ID, READ_TIMESTAMP, REACTION)
VALUES (3, 244, NULL, 'crying');
INSERT INTO USER_GROUP_MESSAGE(USER_ID, GROUP_MESSAGE_ID, READ_TIMESTAMP, REACTION)
VALUES (4, 244, NULL, 'crying');
INSERT INTO USER_GROUP_MESSAGE(USER_ID, GROUP_MESSAGE_ID, READ_TIMESTAMP, REACTION)
VALUES (5, 244, NULL, 'crying');
INSERT INTO USER_GROUP_MESSAGE(USER_ID, GROUP_MESSAGE_ID, READ_TIMESTAMP, REACTION)
VALUES (6, 244, NULL, 'angry');
INSERT INTO USER_GROUP_MESSAGE(USER_ID, GROUP_MESSAGE_ID, READ_TIMESTAMP, REACTION)
VALUES (7, 244, NULL, NULL);
INSERT INTO GROUP_MESSAGE(ID, VALUE, TIMESTAMP, AUTHOR_ID, GROUP_ID)
VALUES (245, 'Test', '2019-05-03', '3', 2);
INSERT INTO USER_GROUP_MESSAGE(USER_ID, GROUP_MESSAGE_ID, READ_TIMESTAMP, REACTION)
VALUES (1, 245, NULL, NULL);
INSERT INTO USER_GROUP_MESSAGE(USER_ID, GROUP_MESSAGE_ID, READ_TIMESTAMP, REACTION)
VALUES (2, 245, NULL, NULL);
INSERT INTO USER_GROUP_MESSAGE(USER_ID, GROUP_MESSAGE_ID, READ_TIMESTAMP, REACTION)
VALUES (3, 245, NULL, 'happy');
INSERT INTO USER_GROUP_MESSAGE(USER_ID, GROUP_MESSAGE_ID, READ_TIMESTAMP, REACTION)
VALUES (4, 245, NULL, 'happy');
INSERT INTO USER_GROUP_MESSAGE(USER_ID, GROUP_MESSAGE_ID, READ_TIMESTAMP, REACTION)
VALUES (5, 245, NULL, 'crying');
INSERT INTO USER_GROUP_MESSAGE(USER_ID, GROUP_MESSAGE_ID, READ_TIMESTAMP, REACTION)
VALUES (6, 245, NULL, 'angry');
INSERT INTO USER_GROUP_MESSAGE(USER_ID, GROUP_MESSAGE_ID, READ_TIMESTAMP, REACTION)
VALUES (7, 245, NULL, 'crying');
INSERT INTO GROUP_MESSAGE(ID, VALUE, TIMESTAMP, AUTHOR_ID, GROUP_ID)
VALUES (246, 'Test', '2019-05-02', '4', 2);
INSERT INTO USER_GROUP_MESSAGE(USER_ID, GROUP_MESSAGE_ID, READ_TIMESTAMP, REACTION)
VALUES (1, 246, NULL, 'happy');
INSERT INTO USER_GROUP_MESSAGE(USER_ID, GROUP_MESSAGE_ID, READ_TIMESTAMP, REACTION)
VALUES (2, 246, NULL, NULL);
INSERT INTO USER_GROUP_MESSAGE(USER_ID, GROUP_MESSAGE_ID, READ_TIMESTAMP, REACTION)
VALUES (3, 246, NULL, 'happy');
INSERT INTO USER_GROUP_MESSAGE(USER_ID, GROUP_MESSAGE_ID, READ_TIMESTAMP, REACTION)
VALUES (4, 246, NULL, NULL);
INSERT INTO USER_GROUP_MESSAGE(USER_ID, GROUP_MESSAGE_ID, READ_TIMESTAMP, REACTION)
VALUES (5, 246, NULL, 'crying');
INSERT INTO USER_GROUP_MESSAGE(USER_ID, GROUP_MESSAGE_ID, READ_TIMESTAMP, REACTION)
VALUES (6, 246, NULL, NULL);
INSERT INTO USER_GROUP_MESSAGE(USER_ID, GROUP_MESSAGE_ID, READ_TIMESTAMP, REACTION)
VALUES (7, 246, NULL, 'crying');
INSERT INTO GROUP_MESSAGE(ID, VALUE, TIMESTAMP, AUTHOR_ID, GROUP_ID)
VALUES (247, 'Test', '2019-05-01', '3', 2);
INSERT INTO USER_GROUP_MESSAGE(USER_ID, GROUP_MESSAGE_ID, READ_TIMESTAMP, REACTION)
VALUES (1, 247, NULL, 'crying');
INSERT INTO USER_GROUP_MESSAGE(USER_ID, GROUP_MESSAGE_ID, READ_TIMESTAMP, REACTION)
VALUES (2, 247, NULL, 'angry');
INSERT INTO USER_GROUP_MESSAGE(USER_ID, GROUP_MESSAGE_ID, READ_TIMESTAMP, REACTION)
VALUES (3, 247, NULL, 'happy');
INSERT INTO USER_GROUP_MESSAGE(USER_ID, GROUP_MESSAGE_ID, READ_TIMESTAMP, REACTION)
VALUES (4, 247, NULL, 'happy');
INSERT INTO USER_GROUP_MESSAGE(USER_ID, GROUP_MESSAGE_ID, READ_TIMESTAMP, REACTION)
VALUES (5, 247, NULL, NULL);
INSERT INTO USER_GROUP_MESSAGE(USER_ID, GROUP_MESSAGE_ID, READ_TIMESTAMP, REACTION)
VALUES (6, 247, NULL, 'angry');
INSERT INTO USER_GROUP_MESSAGE(USER_ID, GROUP_MESSAGE_ID, READ_TIMESTAMP, REACTION)
VALUES (7, 247, NULL, 'angry');
INSERT INTO GROUP_MESSAGE(ID, VALUE, TIMESTAMP, AUTHOR_ID, GROUP_ID)
VALUES (248, 'Test', '2019-04-30', '1', 2);
INSERT INTO USER_GROUP_MESSAGE(USER_ID, GROUP_MESSAGE_ID, READ_TIMESTAMP, REACTION)
VALUES (1, 248, NULL, NULL);
INSERT INTO USER_GROUP_MESSAGE(USER_ID, GROUP_MESSAGE_ID, READ_TIMESTAMP, REACTION)
VALUES (2, 248, NULL, 'happy');
INSERT INTO USER_GROUP_MESSAGE(USER_ID, GROUP_MESSAGE_ID, READ_TIMESTAMP, REACTION)
VALUES (3, 248, NULL, 'crying');
INSERT INTO USER_GROUP_MESSAGE(USER_ID, GROUP_MESSAGE_ID, READ_TIMESTAMP, REACTION)
VALUES (4, 248, NULL, 'happy');
INSERT INTO USER_GROUP_MESSAGE(USER_ID, GROUP_MESSAGE_ID, READ_TIMESTAMP, REACTION)
VALUES (5, 248, NULL, NULL);
INSERT INTO USER_GROUP_MESSAGE(USER_ID, GROUP_MESSAGE_ID, READ_TIMESTAMP, REACTION)
VALUES (6, 248, NULL, 'crying');
INSERT INTO USER_GROUP_MESSAGE(USER_ID, GROUP_MESSAGE_ID, READ_TIMESTAMP, REACTION)
VALUES (7, 248, NULL, NULL);
INSERT INTO GROUP_MESSAGE(ID, VALUE, TIMESTAMP, AUTHOR_ID, GROUP_ID)
VALUES (249, 'Test', '2019-04-29', '1', 2);
INSERT INTO USER_GROUP_MESSAGE(USER_ID, GROUP_MESSAGE_ID, READ_TIMESTAMP, REACTION)
VALUES (1, 249, NULL, 'happy');
INSERT INTO USER_GROUP_MESSAGE(USER_ID, GROUP_MESSAGE_ID, READ_TIMESTAMP, REACTION)
VALUES (2, 249, NULL, 'angry');
INSERT INTO USER_GROUP_MESSAGE(USER_ID, GROUP_MESSAGE_ID, READ_TIMESTAMP, REACTION)
VALUES (3, 249, NULL, NULL);
INSERT INTO USER_GROUP_MESSAGE(USER_ID, GROUP_MESSAGE_ID, READ_TIMESTAMP, REACTION)
VALUES (4, 249, NULL, 'happy');
INSERT INTO USER_GROUP_MESSAGE(USER_ID, GROUP_MESSAGE_ID, READ_TIMESTAMP, REACTION)
VALUES (5, 249, NULL, 'happy');
INSERT INTO USER_GROUP_MESSAGE(USER_ID, GROUP_MESSAGE_ID, READ_TIMESTAMP, REACTION)
VALUES (6, 249, NULL, 'crying');
INSERT INTO USER_GROUP_MESSAGE(USER_ID, GROUP_MESSAGE_ID, READ_TIMESTAMP, REACTION)
VALUES (7, 249, NULL, 'angry');
INSERT INTO GROUP_MESSAGE(ID, VALUE, TIMESTAMP, AUTHOR_ID, GROUP_ID)
VALUES (250, 'Test', '2019-04-28', '4', 2);
INSERT INTO USER_GROUP_MESSAGE(USER_ID, GROUP_MESSAGE_ID, READ_TIMESTAMP, REACTION)
VALUES (1, 250, NULL, 'happy');
INSERT INTO USER_GROUP_MESSAGE(USER_ID, GROUP_MESSAGE_ID, READ_TIMESTAMP, REACTION)
VALUES (2, 250, NULL, 'happy');
INSERT INTO USER_GROUP_MESSAGE(USER_ID, GROUP_MESSAGE_ID, READ_TIMESTAMP, REACTION)
VALUES (3, 250, NULL, 'crying');
INSERT INTO USER_GROUP_MESSAGE(USER_ID, GROUP_MESSAGE_ID, READ_TIMESTAMP, REACTION)
VALUES (4, 250, NULL, 'happy');
INSERT INTO USER_GROUP_MESSAGE(USER_ID, GROUP_MESSAGE_ID, READ_TIMESTAMP, REACTION)
VALUES (5, 250, NULL, 'happy');
INSERT INTO USER_GROUP_MESSAGE(USER_ID, GROUP_MESSAGE_ID, READ_TIMESTAMP, REACTION)
VALUES (6, 250, NULL, 'crying');
INSERT INTO USER_GROUP_MESSAGE(USER_ID, GROUP_MESSAGE_ID, READ_TIMESTAMP, REACTION)
VALUES (7, 250, NULL, 'crying');
INSERT INTO GROUP_MESSAGE(ID, VALUE, TIMESTAMP, AUTHOR_ID, GROUP_ID)
VALUES (251, 'Test', '2019-04-27', '4', 2);
INSERT INTO USER_GROUP_MESSAGE(USER_ID, GROUP_MESSAGE_ID, READ_TIMESTAMP, REACTION)
VALUES (1, 251, NULL, NULL);
INSERT INTO USER_GROUP_MESSAGE(USER_ID, GROUP_MESSAGE_ID, READ_TIMESTAMP, REACTION)
VALUES (2, 251, NULL, NULL);
INSERT INTO USER_GROUP_MESSAGE(USER_ID, GROUP_MESSAGE_ID, READ_TIMESTAMP, REACTION)
VALUES (3, 251, NULL, 'crying');
INSERT INTO USER_GROUP_MESSAGE(USER_ID, GROUP_MESSAGE_ID, READ_TIMESTAMP, REACTION)
VALUES (4, 251, NULL, NULL);
INSERT INTO USER_GROUP_MESSAGE(USER_ID, GROUP_MESSAGE_ID, READ_TIMESTAMP, REACTION)
VALUES (5, 251, NULL, 'angry');
INSERT INTO USER_GROUP_MESSAGE(USER_ID, GROUP_MESSAGE_ID, READ_TIMESTAMP, REACTION)
VALUES (6, 251, NULL, NULL);
INSERT INTO USER_GROUP_MESSAGE(USER_ID, GROUP_MESSAGE_ID, READ_TIMESTAMP, REACTION)
VALUES (7, 251, NULL, 'happy');
INSERT INTO GROUP_MESSAGE(ID, VALUE, TIMESTAMP, AUTHOR_ID, GROUP_ID)
VALUES (252, 'Test', '2019-04-26', '1', 2);
INSERT INTO USER_GROUP_MESSAGE(USER_ID, GROUP_MESSAGE_ID, READ_TIMESTAMP, REACTION)
VALUES (1, 252, NULL, 'happy');
INSERT INTO USER_GROUP_MESSAGE(USER_ID, GROUP_MESSAGE_ID, READ_TIMESTAMP, REACTION)
VALUES (2, 252, NULL, 'crying');
INSERT INTO USER_GROUP_MESSAGE(USER_ID, GROUP_MESSAGE_ID, READ_TIMESTAMP, REACTION)
VALUES (3, 252, NULL, 'crying');
INSERT INTO USER_GROUP_MESSAGE(USER_ID, GROUP_MESSAGE_ID, READ_TIMESTAMP, REACTION)
VALUES (4, 252, NULL, NULL);
INSERT INTO USER_GROUP_MESSAGE(USER_ID, GROUP_MESSAGE_ID, READ_TIMESTAMP, REACTION)
VALUES (5, 252, NULL, 'crying');
INSERT INTO USER_GROUP_MESSAGE(USER_ID, GROUP_MESSAGE_ID, READ_TIMESTAMP, REACTION)
VALUES (6, 252, NULL, 'crying');
INSERT INTO USER_GROUP_MESSAGE(USER_ID, GROUP_MESSAGE_ID, READ_TIMESTAMP, REACTION)
VALUES (7, 252, NULL, 'crying');
INSERT INTO GROUP_MESSAGE(ID, VALUE, TIMESTAMP, AUTHOR_ID, GROUP_ID)
VALUES (253, 'Test', '2019-04-25', '2', 2);
INSERT INTO USER_GROUP_MESSAGE(USER_ID, GROUP_MESSAGE_ID, READ_TIMESTAMP, REACTION)
VALUES (1, 253, NULL, 'happy');
INSERT INTO USER_GROUP_MESSAGE(USER_ID, GROUP_MESSAGE_ID, READ_TIMESTAMP, REACTION)
VALUES (2, 253, NULL, 'crying');
INSERT INTO USER_GROUP_MESSAGE(USER_ID, GROUP_MESSAGE_ID, READ_TIMESTAMP, REACTION)
VALUES (3, 253, NULL, 'crying');
INSERT INTO USER_GROUP_MESSAGE(USER_ID, GROUP_MESSAGE_ID, READ_TIMESTAMP, REACTION)
VALUES (4, 253, NULL, 'angry');
INSERT INTO USER_GROUP_MESSAGE(USER_ID, GROUP_MESSAGE_ID, READ_TIMESTAMP, REACTION)
VALUES (5, 253, NULL, 'angry');
INSERT INTO USER_GROUP_MESSAGE(USER_ID, GROUP_MESSAGE_ID, READ_TIMESTAMP, REACTION)
VALUES (6, 253, NULL, 'angry');
INSERT INTO USER_GROUP_MESSAGE(USER_ID, GROUP_MESSAGE_ID, READ_TIMESTAMP, REACTION)
VALUES (7, 253, NULL, 'happy');
INSERT INTO GROUP_MESSAGE(ID, VALUE, TIMESTAMP, AUTHOR_ID, GROUP_ID)
VALUES (254, 'Test', '2019-04-24', '7', 2);
INSERT INTO USER_GROUP_MESSAGE(USER_ID, GROUP_MESSAGE_ID, READ_TIMESTAMP, REACTION)
VALUES (1, 254, NULL, 'crying');
INSERT INTO USER_GROUP_MESSAGE(USER_ID, GROUP_MESSAGE_ID, READ_TIMESTAMP, REACTION)
VALUES (2, 254, NULL, 'angry');
INSERT INTO USER_GROUP_MESSAGE(USER_ID, GROUP_MESSAGE_ID, READ_TIMESTAMP, REACTION)
VALUES (3, 254, NULL, 'crying');
INSERT INTO USER_GROUP_MESSAGE(USER_ID, GROUP_MESSAGE_ID, READ_TIMESTAMP, REACTION)
VALUES (4, 254, NULL, 'happy');
INSERT INTO USER_GROUP_MESSAGE(USER_ID, GROUP_MESSAGE_ID, READ_TIMESTAMP, REACTION)
VALUES (5, 254, NULL, 'crying');
INSERT INTO USER_GROUP_MESSAGE(USER_ID, GROUP_MESSAGE_ID, READ_TIMESTAMP, REACTION)
VALUES (6, 254, NULL, 'happy');
INSERT INTO USER_GROUP_MESSAGE(USER_ID, GROUP_MESSAGE_ID, READ_TIMESTAMP, REACTION)
VALUES (7, 254, NULL, 'angry');
INSERT INTO GROUP_MESSAGE(ID, VALUE, TIMESTAMP, AUTHOR_ID, GROUP_ID)
VALUES (255, 'Test', '2019-04-23', '7', 2);
INSERT INTO USER_GROUP_MESSAGE(USER_ID, GROUP_MESSAGE_ID, READ_TIMESTAMP, REACTION)
VALUES (1, 255, NULL, 'crying');
INSERT INTO USER_GROUP_MESSAGE(USER_ID, GROUP_MESSAGE_ID, READ_TIMESTAMP, REACTION)
VALUES (2, 255, NULL, 'happy');
INSERT INTO USER_GROUP_MESSAGE(USER_ID, GROUP_MESSAGE_ID, READ_TIMESTAMP, REACTION)
VALUES (3, 255, NULL, 'happy');
INSERT INTO USER_GROUP_MESSAGE(USER_ID, GROUP_MESSAGE_ID, READ_TIMESTAMP, REACTION)
VALUES (4, 255, NULL, 'happy');
INSERT INTO USER_GROUP_MESSAGE(USER_ID, GROUP_MESSAGE_ID, READ_TIMESTAMP, REACTION)
VALUES (5, 255, NULL, 'crying');
INSERT INTO USER_GROUP_MESSAGE(USER_ID, GROUP_MESSAGE_ID, READ_TIMESTAMP, REACTION)
VALUES (6, 255, NULL, 'crying');
INSERT INTO USER_GROUP_MESSAGE(USER_ID, GROUP_MESSAGE_ID, READ_TIMESTAMP, REACTION)
VALUES (7, 255, NULL, 'angry');
INSERT INTO GROUP_MESSAGE(ID, VALUE, TIMESTAMP, AUTHOR_ID, GROUP_ID)
VALUES (256, 'Test', '2019-04-22', '4', 2);
INSERT INTO USER_GROUP_MESSAGE(USER_ID, GROUP_MESSAGE_ID, READ_TIMESTAMP, REACTION)
VALUES (1, 256, NULL, 'angry');
INSERT INTO USER_GROUP_MESSAGE(USER_ID, GROUP_MESSAGE_ID, READ_TIMESTAMP, REACTION)
VALUES (2, 256, NULL, NULL);
INSERT INTO USER_GROUP_MESSAGE(USER_ID, GROUP_MESSAGE_ID, READ_TIMESTAMP, REACTION)
VALUES (3, 256, NULL, 'angry');
INSERT INTO USER_GROUP_MESSAGE(USER_ID, GROUP_MESSAGE_ID, READ_TIMESTAMP, REACTION)
VALUES (4, 256, NULL, 'angry');
INSERT INTO USER_GROUP_MESSAGE(USER_ID, GROUP_MESSAGE_ID, READ_TIMESTAMP, REACTION)
VALUES (5, 256, NULL, 'happy');
INSERT INTO USER_GROUP_MESSAGE(USER_ID, GROUP_MESSAGE_ID, READ_TIMESTAMP, REACTION)
VALUES (6, 256, NULL, 'angry');
INSERT INTO USER_GROUP_MESSAGE(USER_ID, GROUP_MESSAGE_ID, READ_TIMESTAMP, REACTION)
VALUES (7, 256, NULL, NULL);
INSERT INTO GROUP_MESSAGE(ID, VALUE, TIMESTAMP, AUTHOR_ID, GROUP_ID)
VALUES (257, 'Test', '2019-04-21', '5', 2);
INSERT INTO USER_GROUP_MESSAGE(USER_ID, GROUP_MESSAGE_ID, READ_TIMESTAMP, REACTION)
VALUES (1, 257, NULL, 'angry');
INSERT INTO USER_GROUP_MESSAGE(USER_ID, GROUP_MESSAGE_ID, READ_TIMESTAMP, REACTION)
VALUES (2, 257, NULL, NULL);
INSERT INTO USER_GROUP_MESSAGE(USER_ID, GROUP_MESSAGE_ID, READ_TIMESTAMP, REACTION)
VALUES (3, 257, NULL, 'crying');
INSERT INTO USER_GROUP_MESSAGE(USER_ID, GROUP_MESSAGE_ID, READ_TIMESTAMP, REACTION)
VALUES (4, 257, NULL, 'angry');
INSERT INTO USER_GROUP_MESSAGE(USER_ID, GROUP_MESSAGE_ID, READ_TIMESTAMP, REACTION)
VALUES (5, 257, NULL, 'happy');
INSERT INTO USER_GROUP_MESSAGE(USER_ID, GROUP_MESSAGE_ID, READ_TIMESTAMP, REACTION)
VALUES (6, 257, NULL, 'crying');
INSERT INTO USER_GROUP_MESSAGE(USER_ID, GROUP_MESSAGE_ID, READ_TIMESTAMP, REACTION)
VALUES (7, 257, NULL, 'angry');
INSERT INTO GROUP_MESSAGE(ID, VALUE, TIMESTAMP, AUTHOR_ID, GROUP_ID)
VALUES (258, 'Test', '2019-04-20', '4', 2);
INSERT INTO USER_GROUP_MESSAGE(USER_ID, GROUP_MESSAGE_ID, READ_TIMESTAMP, REACTION)
VALUES (1, 258, NULL, 'happy');
INSERT INTO USER_GROUP_MESSAGE(USER_ID, GROUP_MESSAGE_ID, READ_TIMESTAMP, REACTION)
VALUES (2, 258, NULL, NULL);
INSERT INTO USER_GROUP_MESSAGE(USER_ID, GROUP_MESSAGE_ID, READ_TIMESTAMP, REACTION)
VALUES (3, 258, NULL, 'happy');
INSERT INTO USER_GROUP_MESSAGE(USER_ID, GROUP_MESSAGE_ID, READ_TIMESTAMP, REACTION)
VALUES (4, 258, NULL, 'happy');
INSERT INTO USER_GROUP_MESSAGE(USER_ID, GROUP_MESSAGE_ID, READ_TIMESTAMP, REACTION)
VALUES (5, 258, NULL, NULL);
INSERT INTO USER_GROUP_MESSAGE(USER_ID, GROUP_MESSAGE_ID, READ_TIMESTAMP, REACTION)
VALUES (6, 258, NULL, 'happy');
INSERT INTO USER_GROUP_MESSAGE(USER_ID, GROUP_MESSAGE_ID, READ_TIMESTAMP, REACTION)
VALUES (7, 258, NULL, NULL);
INSERT INTO GROUP_MESSAGE(ID, VALUE, TIMESTAMP, AUTHOR_ID, GROUP_ID)
VALUES (259, 'Test', '2019-04-19', '3', 2);
INSERT INTO USER_GROUP_MESSAGE(USER_ID, GROUP_MESSAGE_ID, READ_TIMESTAMP, REACTION)
VALUES (1, 259, NULL, 'crying');
INSERT INTO USER_GROUP_MESSAGE(USER_ID, GROUP_MESSAGE_ID, READ_TIMESTAMP, REACTION)
VALUES (2, 259, NULL, 'happy');
INSERT INTO USER_GROUP_MESSAGE(USER_ID, GROUP_MESSAGE_ID, READ_TIMESTAMP, REACTION)
VALUES (3, 259, NULL, 'angry');
INSERT INTO USER_GROUP_MESSAGE(USER_ID, GROUP_MESSAGE_ID, READ_TIMESTAMP, REACTION)
VALUES (4, 259, NULL, 'happy');
INSERT INTO USER_GROUP_MESSAGE(USER_ID, GROUP_MESSAGE_ID, READ_TIMESTAMP, REACTION)
VALUES (5, 259, NULL, 'happy');
INSERT INTO USER_GROUP_MESSAGE(USER_ID, GROUP_MESSAGE_ID, READ_TIMESTAMP, REACTION)
VALUES (6, 259, NULL, 'crying');
INSERT INTO USER_GROUP_MESSAGE(USER_ID, GROUP_MESSAGE_ID, READ_TIMESTAMP, REACTION)
VALUES (7, 259, NULL, 'happy');
INSERT INTO GROUP_MESSAGE(ID, VALUE, TIMESTAMP, AUTHOR_ID, GROUP_ID)
VALUES (260, 'Test', '2019-04-18', '7', 2);
INSERT INTO USER_GROUP_MESSAGE(USER_ID, GROUP_MESSAGE_ID, READ_TIMESTAMP, REACTION)
VALUES (1, 260, NULL, 'happy');
INSERT INTO USER_GROUP_MESSAGE(USER_ID, GROUP_MESSAGE_ID, READ_TIMESTAMP, REACTION)
VALUES (2, 260, NULL, NULL);
INSERT INTO USER_GROUP_MESSAGE(USER_ID, GROUP_MESSAGE_ID, READ_TIMESTAMP, REACTION)
VALUES (3, 260, NULL, 'crying');
INSERT INTO USER_GROUP_MESSAGE(USER_ID, GROUP_MESSAGE_ID, READ_TIMESTAMP, REACTION)
VALUES (4, 260, NULL, 'happy');
INSERT INTO USER_GROUP_MESSAGE(USER_ID, GROUP_MESSAGE_ID, READ_TIMESTAMP, REACTION)
VALUES (5, 260, NULL, NULL);
INSERT INTO USER_GROUP_MESSAGE(USER_ID, GROUP_MESSAGE_ID, READ_TIMESTAMP, REACTION)
VALUES (6, 260, NULL, 'angry');
INSERT INTO USER_GROUP_MESSAGE(USER_ID, GROUP_MESSAGE_ID, READ_TIMESTAMP, REACTION)
VALUES (7, 260, NULL, NULL);
INSERT INTO GROUP_MESSAGE(ID, VALUE, TIMESTAMP, AUTHOR_ID, GROUP_ID)
VALUES (261, 'Test', '2019-04-17', '7', 2);
INSERT INTO USER_GROUP_MESSAGE(USER_ID, GROUP_MESSAGE_ID, READ_TIMESTAMP, REACTION)
VALUES (1, 261, NULL, 'angry');
INSERT INTO USER_GROUP_MESSAGE(USER_ID, GROUP_MESSAGE_ID, READ_TIMESTAMP, REACTION)
VALUES (2, 261, NULL, 'angry');
INSERT INTO USER_GROUP_MESSAGE(USER_ID, GROUP_MESSAGE_ID, READ_TIMESTAMP, REACTION)
VALUES (3, 261, NULL, 'crying');
INSERT INTO USER_GROUP_MESSAGE(USER_ID, GROUP_MESSAGE_ID, READ_TIMESTAMP, REACTION)
VALUES (4, 261, NULL, 'crying');
INSERT INTO USER_GROUP_MESSAGE(USER_ID, GROUP_MESSAGE_ID, READ_TIMESTAMP, REACTION)
VALUES (5, 261, NULL, 'angry');
INSERT INTO USER_GROUP_MESSAGE(USER_ID, GROUP_MESSAGE_ID, READ_TIMESTAMP, REACTION)
VALUES (6, 261, NULL, 'happy');
INSERT INTO USER_GROUP_MESSAGE(USER_ID, GROUP_MESSAGE_ID, READ_TIMESTAMP, REACTION)
VALUES (7, 261, NULL, NULL);
INSERT INTO GROUP_MESSAGE(ID, VALUE, TIMESTAMP, AUTHOR_ID, GROUP_ID)
VALUES (262, 'Test', '2019-04-16', '1', 2);
INSERT INTO USER_GROUP_MESSAGE(USER_ID, GROUP_MESSAGE_ID, READ_TIMESTAMP, REACTION)
VALUES (1, 262, NULL, 'crying');
INSERT INTO USER_GROUP_MESSAGE(USER_ID, GROUP_MESSAGE_ID, READ_TIMESTAMP, REACTION)
VALUES (2, 262, NULL, NULL);
INSERT INTO USER_GROUP_MESSAGE(USER_ID, GROUP_MESSAGE_ID, READ_TIMESTAMP, REACTION)
VALUES (3, 262, NULL, 'angry');
INSERT INTO USER_GROUP_MESSAGE(USER_ID, GROUP_MESSAGE_ID, READ_TIMESTAMP, REACTION)
VALUES (4, 262, NULL, 'happy');
INSERT INTO USER_GROUP_MESSAGE(USER_ID, GROUP_MESSAGE_ID, READ_TIMESTAMP, REACTION)
VALUES (5, 262, NULL, NULL);
INSERT INTO USER_GROUP_MESSAGE(USER_ID, GROUP_MESSAGE_ID, READ_TIMESTAMP, REACTION)
VALUES (6, 262, NULL, 'crying');
INSERT INTO USER_GROUP_MESSAGE(USER_ID, GROUP_MESSAGE_ID, READ_TIMESTAMP, REACTION)
VALUES (7, 262, NULL, 'happy');
INSERT INTO GROUP_MESSAGE(ID, VALUE, TIMESTAMP, AUTHOR_ID, GROUP_ID)
VALUES (263, 'Test', '2019-04-15', '2', 2);
INSERT INTO USER_GROUP_MESSAGE(USER_ID, GROUP_MESSAGE_ID, READ_TIMESTAMP, REACTION)
VALUES (1, 263, NULL, NULL);
INSERT INTO USER_GROUP_MESSAGE(USER_ID, GROUP_MESSAGE_ID, READ_TIMESTAMP, REACTION)
VALUES (2, 263, NULL, 'happy');
INSERT INTO USER_GROUP_MESSAGE(USER_ID, GROUP_MESSAGE_ID, READ_TIMESTAMP, REACTION)
VALUES (3, 263, NULL, 'happy');
INSERT INTO USER_GROUP_MESSAGE(USER_ID, GROUP_MESSAGE_ID, READ_TIMESTAMP, REACTION)
VALUES (4, 263, NULL, 'happy');
INSERT INTO USER_GROUP_MESSAGE(USER_ID, GROUP_MESSAGE_ID, READ_TIMESTAMP, REACTION)
VALUES (5, 263, NULL, 'crying');
INSERT INTO USER_GROUP_MESSAGE(USER_ID, GROUP_MESSAGE_ID, READ_TIMESTAMP, REACTION)
VALUES (6, 263, NULL, NULL);
INSERT INTO USER_GROUP_MESSAGE(USER_ID, GROUP_MESSAGE_ID, READ_TIMESTAMP, REACTION)
VALUES (7, 263, NULL, 'crying');
INSERT INTO GROUP_MESSAGE(ID, VALUE, TIMESTAMP, AUTHOR_ID, GROUP_ID)
VALUES (264, 'Test', '2019-04-14', '2', 2);
INSERT INTO USER_GROUP_MESSAGE(USER_ID, GROUP_MESSAGE_ID, READ_TIMESTAMP, REACTION)
VALUES (1, 264, NULL, 'angry');
INSERT INTO USER_GROUP_MESSAGE(USER_ID, GROUP_MESSAGE_ID, READ_TIMESTAMP, REACTION)
VALUES (2, 264, NULL, 'angry');
INSERT INTO USER_GROUP_MESSAGE(USER_ID, GROUP_MESSAGE_ID, READ_TIMESTAMP, REACTION)
VALUES (3, 264, NULL, 'crying');
INSERT INTO USER_GROUP_MESSAGE(USER_ID, GROUP_MESSAGE_ID, READ_TIMESTAMP, REACTION)
VALUES (4, 264, NULL, 'happy');
INSERT INTO USER_GROUP_MESSAGE(USER_ID, GROUP_MESSAGE_ID, READ_TIMESTAMP, REACTION)
VALUES (5, 264, NULL, 'crying');
INSERT INTO USER_GROUP_MESSAGE(USER_ID, GROUP_MESSAGE_ID, READ_TIMESTAMP, REACTION)
VALUES (6, 264, NULL, NULL);
INSERT INTO USER_GROUP_MESSAGE(USER_ID, GROUP_MESSAGE_ID, READ_TIMESTAMP, REACTION)
VALUES (7, 264, NULL, 'happy');
INSERT INTO GROUP_MESSAGE(ID, VALUE, TIMESTAMP, AUTHOR_ID, GROUP_ID)
VALUES (265, 'Test', '2019-04-13', '3', 2);
INSERT INTO USER_GROUP_MESSAGE(USER_ID, GROUP_MESSAGE_ID, READ_TIMESTAMP, REACTION)
VALUES (1, 265, NULL, 'crying');
INSERT INTO USER_GROUP_MESSAGE(USER_ID, GROUP_MESSAGE_ID, READ_TIMESTAMP, REACTION)
VALUES (2, 265, NULL, NULL);
INSERT INTO USER_GROUP_MESSAGE(USER_ID, GROUP_MESSAGE_ID, READ_TIMESTAMP, REACTION)
VALUES (3, 265, NULL, 'angry');
INSERT INTO USER_GROUP_MESSAGE(USER_ID, GROUP_MESSAGE_ID, READ_TIMESTAMP, REACTION)
VALUES (4, 265, NULL, 'angry');
INSERT INTO USER_GROUP_MESSAGE(USER_ID, GROUP_MESSAGE_ID, READ_TIMESTAMP, REACTION)
VALUES (5, 265, NULL, 'angry');
INSERT INTO USER_GROUP_MESSAGE(USER_ID, GROUP_MESSAGE_ID, READ_TIMESTAMP, REACTION)
VALUES (6, 265, NULL, 'happy');
INSERT INTO USER_GROUP_MESSAGE(USER_ID, GROUP_MESSAGE_ID, READ_TIMESTAMP, REACTION)
VALUES (7, 265, NULL, 'happy');
INSERT INTO GROUP_MESSAGE(ID, VALUE, TIMESTAMP, AUTHOR_ID, GROUP_ID)
VALUES (266, 'Test', '2019-04-12', '6', 2);
INSERT INTO USER_GROUP_MESSAGE(USER_ID, GROUP_MESSAGE_ID, READ_TIMESTAMP, REACTION)
VALUES (1, 266, NULL, 'angry');
INSERT INTO USER_GROUP_MESSAGE(USER_ID, GROUP_MESSAGE_ID, READ_TIMESTAMP, REACTION)
VALUES (2, 266, NULL, NULL);
INSERT INTO USER_GROUP_MESSAGE(USER_ID, GROUP_MESSAGE_ID, READ_TIMESTAMP, REACTION)
VALUES (3, 266, NULL, NULL);
INSERT INTO USER_GROUP_MESSAGE(USER_ID, GROUP_MESSAGE_ID, READ_TIMESTAMP, REACTION)
VALUES (4, 266, NULL, 'crying');
INSERT INTO USER_GROUP_MESSAGE(USER_ID, GROUP_MESSAGE_ID, READ_TIMESTAMP, REACTION)
VALUES (5, 266, NULL, 'angry');
INSERT INTO USER_GROUP_MESSAGE(USER_ID, GROUP_MESSAGE_ID, READ_TIMESTAMP, REACTION)
VALUES (6, 266, NULL, 'crying');
INSERT INTO USER_GROUP_MESSAGE(USER_ID, GROUP_MESSAGE_ID, READ_TIMESTAMP, REACTION)
VALUES (7, 266, NULL, 'crying');
INSERT INTO GROUP_MESSAGE(ID, VALUE, TIMESTAMP, AUTHOR_ID, GROUP_ID)
VALUES (267, 'Test', '2019-04-11', '1', 2);
INSERT INTO USER_GROUP_MESSAGE(USER_ID, GROUP_MESSAGE_ID, READ_TIMESTAMP, REACTION)
VALUES (1, 267, NULL, 'crying');
INSERT INTO USER_GROUP_MESSAGE(USER_ID, GROUP_MESSAGE_ID, READ_TIMESTAMP, REACTION)
VALUES (2, 267, NULL, 'crying');
INSERT INTO USER_GROUP_MESSAGE(USER_ID, GROUP_MESSAGE_ID, READ_TIMESTAMP, REACTION)
VALUES (3, 267, NULL, 'crying');
INSERT INTO USER_GROUP_MESSAGE(USER_ID, GROUP_MESSAGE_ID, READ_TIMESTAMP, REACTION)
VALUES (4, 267, NULL, 'angry');
INSERT INTO USER_GROUP_MESSAGE(USER_ID, GROUP_MESSAGE_ID, READ_TIMESTAMP, REACTION)
VALUES (5, 267, NULL, 'crying');
INSERT INTO USER_GROUP_MESSAGE(USER_ID, GROUP_MESSAGE_ID, READ_TIMESTAMP, REACTION)
VALUES (6, 267, NULL, 'happy');
INSERT INTO USER_GROUP_MESSAGE(USER_ID, GROUP_MESSAGE_ID, READ_TIMESTAMP, REACTION)
VALUES (7, 267, NULL, 'crying');
INSERT INTO GROUP_MESSAGE(ID, VALUE, TIMESTAMP, AUTHOR_ID, GROUP_ID)
VALUES (268, 'Test', '2019-04-10', '2', 2);
INSERT INTO USER_GROUP_MESSAGE(USER_ID, GROUP_MESSAGE_ID, READ_TIMESTAMP, REACTION)
VALUES (1, 268, NULL, NULL);
INSERT INTO USER_GROUP_MESSAGE(USER_ID, GROUP_MESSAGE_ID, READ_TIMESTAMP, REACTION)
VALUES (2, 268, NULL, 'crying');
INSERT INTO USER_GROUP_MESSAGE(USER_ID, GROUP_MESSAGE_ID, READ_TIMESTAMP, REACTION)
VALUES (3, 268, NULL, 'happy');
INSERT INTO USER_GROUP_MESSAGE(USER_ID, GROUP_MESSAGE_ID, READ_TIMESTAMP, REACTION)
VALUES (4, 268, NULL, 'crying');
INSERT INTO USER_GROUP_MESSAGE(USER_ID, GROUP_MESSAGE_ID, READ_TIMESTAMP, REACTION)
VALUES (5, 268, NULL, NULL);
INSERT INTO USER_GROUP_MESSAGE(USER_ID, GROUP_MESSAGE_ID, READ_TIMESTAMP, REACTION)
VALUES (6, 268, NULL, 'crying');
INSERT INTO USER_GROUP_MESSAGE(USER_ID, GROUP_MESSAGE_ID, READ_TIMESTAMP, REACTION)
VALUES (7, 268, NULL, NULL);
INSERT INTO GROUP_MESSAGE(ID, VALUE, TIMESTAMP, AUTHOR_ID, GROUP_ID)
VALUES (269, 'Test', '2019-04-09', '7', 2);
INSERT INTO USER_GROUP_MESSAGE(USER_ID, GROUP_MESSAGE_ID, READ_TIMESTAMP, REACTION)
VALUES (1, 269, NULL, 'happy');
INSERT INTO USER_GROUP_MESSAGE(USER_ID, GROUP_MESSAGE_ID, READ_TIMESTAMP, REACTION)
VALUES (2, 269, NULL, 'angry');
INSERT INTO USER_GROUP_MESSAGE(USER_ID, GROUP_MESSAGE_ID, READ_TIMESTAMP, REACTION)
VALUES (3, 269, NULL, NULL);
INSERT INTO USER_GROUP_MESSAGE(USER_ID, GROUP_MESSAGE_ID, READ_TIMESTAMP, REACTION)
VALUES (4, 269, NULL, NULL);
INSERT INTO USER_GROUP_MESSAGE(USER_ID, GROUP_MESSAGE_ID, READ_TIMESTAMP, REACTION)
VALUES (5, 269, NULL, 'crying');
INSERT INTO USER_GROUP_MESSAGE(USER_ID, GROUP_MESSAGE_ID, READ_TIMESTAMP, REACTION)
VALUES (6, 269, NULL, 'angry');
INSERT INTO USER_GROUP_MESSAGE(USER_ID, GROUP_MESSAGE_ID, READ_TIMESTAMP, REACTION)
VALUES (7, 269, NULL, NULL);
INSERT INTO GROUP_MESSAGE(ID, VALUE, TIMESTAMP, AUTHOR_ID, GROUP_ID)
VALUES (270, 'Test', '2019-04-08', '6', 2);
INSERT INTO USER_GROUP_MESSAGE(USER_ID, GROUP_MESSAGE_ID, READ_TIMESTAMP, REACTION)
VALUES (1, 270, NULL, NULL);
INSERT INTO USER_GROUP_MESSAGE(USER_ID, GROUP_MESSAGE_ID, READ_TIMESTAMP, REACTION)
VALUES (2, 270, NULL, NULL);
INSERT INTO USER_GROUP_MESSAGE(USER_ID, GROUP_MESSAGE_ID, READ_TIMESTAMP, REACTION)
VALUES (3, 270, NULL, 'crying');
INSERT INTO USER_GROUP_MESSAGE(USER_ID, GROUP_MESSAGE_ID, READ_TIMESTAMP, REACTION)
VALUES (4, 270, NULL, 'crying');
INSERT INTO USER_GROUP_MESSAGE(USER_ID, GROUP_MESSAGE_ID, READ_TIMESTAMP, REACTION)
VALUES (5, 270, NULL, 'angry');
INSERT INTO USER_GROUP_MESSAGE(USER_ID, GROUP_MESSAGE_ID, READ_TIMESTAMP, REACTION)
VALUES (6, 270, NULL, 'crying');
INSERT INTO USER_GROUP_MESSAGE(USER_ID, GROUP_MESSAGE_ID, READ_TIMESTAMP, REACTION)
VALUES (7, 270, NULL, 'happy');
INSERT INTO GROUP_MESSAGE(ID, VALUE, TIMESTAMP, AUTHOR_ID, GROUP_ID)
VALUES (271, 'Test', '2019-04-07', '7', 2);
INSERT INTO USER_GROUP_MESSAGE(USER_ID, GROUP_MESSAGE_ID, READ_TIMESTAMP, REACTION)
VALUES (1, 271, NULL, 'angry');
INSERT INTO USER_GROUP_MESSAGE(USER_ID, GROUP_MESSAGE_ID, READ_TIMESTAMP, REACTION)
VALUES (2, 271, NULL, 'angry');
INSERT INTO USER_GROUP_MESSAGE(USER_ID, GROUP_MESSAGE_ID, READ_TIMESTAMP, REACTION)
VALUES (3, 271, NULL, 'angry');
INSERT INTO USER_GROUP_MESSAGE(USER_ID, GROUP_MESSAGE_ID, READ_TIMESTAMP, REACTION)
VALUES (4, 271, NULL, 'happy');
INSERT INTO USER_GROUP_MESSAGE(USER_ID, GROUP_MESSAGE_ID, READ_TIMESTAMP, REACTION)
VALUES (5, 271, NULL, NULL);
INSERT INTO USER_GROUP_MESSAGE(USER_ID, GROUP_MESSAGE_ID, READ_TIMESTAMP, REACTION)
VALUES (6, 271, NULL, 'angry');
INSERT INTO USER_GROUP_MESSAGE(USER_ID, GROUP_MESSAGE_ID, READ_TIMESTAMP, REACTION)
VALUES (7, 271, NULL, 'crying');
INSERT INTO GROUP_MESSAGE(ID, VALUE, TIMESTAMP, AUTHOR_ID, GROUP_ID)
VALUES (272, 'Test', '2019-04-06', '7', 2);
INSERT INTO USER_GROUP_MESSAGE(USER_ID, GROUP_MESSAGE_ID, READ_TIMESTAMP, REACTION)
VALUES (1, 272, NULL, 'angry');
INSERT INTO USER_GROUP_MESSAGE(USER_ID, GROUP_MESSAGE_ID, READ_TIMESTAMP, REACTION)
VALUES (2, 272, NULL, 'angry');
INSERT INTO USER_GROUP_MESSAGE(USER_ID, GROUP_MESSAGE_ID, READ_TIMESTAMP, REACTION)
VALUES (3, 272, NULL, 'angry');
INSERT INTO USER_GROUP_MESSAGE(USER_ID, GROUP_MESSAGE_ID, READ_TIMESTAMP, REACTION)
VALUES (4, 272, NULL, 'crying');
INSERT INTO USER_GROUP_MESSAGE(USER_ID, GROUP_MESSAGE_ID, READ_TIMESTAMP, REACTION)
VALUES (5, 272, NULL, 'angry');
INSERT INTO USER_GROUP_MESSAGE(USER_ID, GROUP_MESSAGE_ID, READ_TIMESTAMP, REACTION)
VALUES (6, 272, NULL, 'crying');
INSERT INTO USER_GROUP_MESSAGE(USER_ID, GROUP_MESSAGE_ID, READ_TIMESTAMP, REACTION)
VALUES (7, 272, NULL, 'angry');
INSERT INTO GROUP_MESSAGE(ID, VALUE, TIMESTAMP, AUTHOR_ID, GROUP_ID)
VALUES (273, 'Test', '2019-04-05', '2', 2);
INSERT INTO USER_GROUP_MESSAGE(USER_ID, GROUP_MESSAGE_ID, READ_TIMESTAMP, REACTION)
VALUES (1, 273, NULL, 'crying');
INSERT INTO USER_GROUP_MESSAGE(USER_ID, GROUP_MESSAGE_ID, READ_TIMESTAMP, REACTION)
VALUES (2, 273, NULL, 'angry');
INSERT INTO USER_GROUP_MESSAGE(USER_ID, GROUP_MESSAGE_ID, READ_TIMESTAMP, REACTION)
VALUES (3, 273, NULL, 'crying');
INSERT INTO USER_GROUP_MESSAGE(USER_ID, GROUP_MESSAGE_ID, READ_TIMESTAMP, REACTION)
VALUES (4, 273, NULL, 'angry');
INSERT INTO USER_GROUP_MESSAGE(USER_ID, GROUP_MESSAGE_ID, READ_TIMESTAMP, REACTION)
VALUES (5, 273, NULL, 'happy');
INSERT INTO USER_GROUP_MESSAGE(USER_ID, GROUP_MESSAGE_ID, READ_TIMESTAMP, REACTION)
VALUES (6, 273, NULL, 'crying');
INSERT INTO USER_GROUP_MESSAGE(USER_ID, GROUP_MESSAGE_ID, READ_TIMESTAMP, REACTION)
VALUES (7, 273, NULL, 'angry');
INSERT INTO GROUP_MESSAGE(ID, VALUE, TIMESTAMP, AUTHOR_ID, GROUP_ID)
VALUES (274, 'Test', '2019-04-04', '7', 2);
INSERT INTO USER_GROUP_MESSAGE(USER_ID, GROUP_MESSAGE_ID, READ_TIMESTAMP, REACTION)
VALUES (1, 274, NULL, 'happy');
INSERT INTO USER_GROUP_MESSAGE(USER_ID, GROUP_MESSAGE_ID, READ_TIMESTAMP, REACTION)
VALUES (2, 274, NULL, NULL);
INSERT INTO USER_GROUP_MESSAGE(USER_ID, GROUP_MESSAGE_ID, READ_TIMESTAMP, REACTION)
VALUES (3, 274, NULL, NULL);
INSERT INTO USER_GROUP_MESSAGE(USER_ID, GROUP_MESSAGE_ID, READ_TIMESTAMP, REACTION)
VALUES (4, 274, NULL, NULL);
INSERT INTO USER_GROUP_MESSAGE(USER_ID, GROUP_MESSAGE_ID, READ_TIMESTAMP, REACTION)
VALUES (5, 274, NULL, 'crying');
INSERT INTO USER_GROUP_MESSAGE(USER_ID, GROUP_MESSAGE_ID, READ_TIMESTAMP, REACTION)
VALUES (6, 274, NULL, 'angry');
INSERT INTO USER_GROUP_MESSAGE(USER_ID, GROUP_MESSAGE_ID, READ_TIMESTAMP, REACTION)
VALUES (7, 274, NULL, 'crying');
INSERT INTO GROUP_MESSAGE(ID, VALUE, TIMESTAMP, AUTHOR_ID, GROUP_ID)
VALUES (275, 'Test', '2019-04-03', '5', 2);
INSERT INTO USER_GROUP_MESSAGE(USER_ID, GROUP_MESSAGE_ID, READ_TIMESTAMP, REACTION)
VALUES (1, 275, NULL, 'angry');
INSERT INTO USER_GROUP_MESSAGE(USER_ID, GROUP_MESSAGE_ID, READ_TIMESTAMP, REACTION)
VALUES (2, 275, NULL, 'crying');
INSERT INTO USER_GROUP_MESSAGE(USER_ID, GROUP_MESSAGE_ID, READ_TIMESTAMP, REACTION)
VALUES (3, 275, NULL, NULL);
INSERT INTO USER_GROUP_MESSAGE(USER_ID, GROUP_MESSAGE_ID, READ_TIMESTAMP, REACTION)
VALUES (4, 275, NULL, 'angry');
INSERT INTO USER_GROUP_MESSAGE(USER_ID, GROUP_MESSAGE_ID, READ_TIMESTAMP, REACTION)
VALUES (5, 275, NULL, NULL);
INSERT INTO USER_GROUP_MESSAGE(USER_ID, GROUP_MESSAGE_ID, READ_TIMESTAMP, REACTION)
VALUES (6, 275, NULL, 'happy');
INSERT INTO USER_GROUP_MESSAGE(USER_ID, GROUP_MESSAGE_ID, READ_TIMESTAMP, REACTION)
VALUES (7, 275, NULL, 'angry');
INSERT INTO GROUP_MESSAGE(ID, VALUE, TIMESTAMP, AUTHOR_ID, GROUP_ID)
VALUES (276, 'Test', '2019-04-02', '3', 2);
INSERT INTO USER_GROUP_MESSAGE(USER_ID, GROUP_MESSAGE_ID, READ_TIMESTAMP, REACTION)
VALUES (1, 276, NULL, NULL);
INSERT INTO USER_GROUP_MESSAGE(USER_ID, GROUP_MESSAGE_ID, READ_TIMESTAMP, REACTION)
VALUES (2, 276, NULL, 'crying');
INSERT INTO USER_GROUP_MESSAGE(USER_ID, GROUP_MESSAGE_ID, READ_TIMESTAMP, REACTION)
VALUES (3, 276, NULL, NULL);
INSERT INTO USER_GROUP_MESSAGE(USER_ID, GROUP_MESSAGE_ID, READ_TIMESTAMP, REACTION)
VALUES (4, 276, NULL, 'angry');
INSERT INTO USER_GROUP_MESSAGE(USER_ID, GROUP_MESSAGE_ID, READ_TIMESTAMP, REACTION)
VALUES (5, 276, NULL, 'happy');
INSERT INTO USER_GROUP_MESSAGE(USER_ID, GROUP_MESSAGE_ID, READ_TIMESTAMP, REACTION)
VALUES (6, 276, NULL, 'angry');
INSERT INTO USER_GROUP_MESSAGE(USER_ID, GROUP_MESSAGE_ID, READ_TIMESTAMP, REACTION)
VALUES (7, 276, NULL, 'crying');
INSERT INTO GROUP_MESSAGE(ID, VALUE, TIMESTAMP, AUTHOR_ID, GROUP_ID)
VALUES (277, 'Test', '2019-04-01', '4', 2);
INSERT INTO USER_GROUP_MESSAGE(USER_ID, GROUP_MESSAGE_ID, READ_TIMESTAMP, REACTION)
VALUES (1, 277, NULL, 'crying');
INSERT INTO USER_GROUP_MESSAGE(USER_ID, GROUP_MESSAGE_ID, READ_TIMESTAMP, REACTION)
VALUES (2, 277, NULL, 'happy');
INSERT INTO USER_GROUP_MESSAGE(USER_ID, GROUP_MESSAGE_ID, READ_TIMESTAMP, REACTION)
VALUES (3, 277, NULL, 'crying');
INSERT INTO USER_GROUP_MESSAGE(USER_ID, GROUP_MESSAGE_ID, READ_TIMESTAMP, REACTION)
VALUES (4, 277, NULL, 'angry');
INSERT INTO USER_GROUP_MESSAGE(USER_ID, GROUP_MESSAGE_ID, READ_TIMESTAMP, REACTION)
VALUES (5, 277, NULL, 'crying');
INSERT INTO USER_GROUP_MESSAGE(USER_ID, GROUP_MESSAGE_ID, READ_TIMESTAMP, REACTION)
VALUES (6, 277, NULL, NULL);
INSERT INTO USER_GROUP_MESSAGE(USER_ID, GROUP_MESSAGE_ID, READ_TIMESTAMP, REACTION)
VALUES (7, 277, NULL, 'crying');
INSERT INTO GROUP_MESSAGE(ID, VALUE, TIMESTAMP, AUTHOR_ID, GROUP_ID)
VALUES (278, 'Test', '2019-03-31', '4', 2);
INSERT INTO USER_GROUP_MESSAGE(USER_ID, GROUP_MESSAGE_ID, READ_TIMESTAMP, REACTION)
VALUES (1, 278, NULL, 'happy');
INSERT INTO USER_GROUP_MESSAGE(USER_ID, GROUP_MESSAGE_ID, READ_TIMESTAMP, REACTION)
VALUES (2, 278, NULL, NULL);
INSERT INTO USER_GROUP_MESSAGE(USER_ID, GROUP_MESSAGE_ID, READ_TIMESTAMP, REACTION)
VALUES (3, 278, NULL, 'happy');
INSERT INTO USER_GROUP_MESSAGE(USER_ID, GROUP_MESSAGE_ID, READ_TIMESTAMP, REACTION)
VALUES (4, 278, NULL, NULL);
INSERT INTO USER_GROUP_MESSAGE(USER_ID, GROUP_MESSAGE_ID, READ_TIMESTAMP, REACTION)
VALUES (5, 278, NULL, NULL);
INSERT INTO USER_GROUP_MESSAGE(USER_ID, GROUP_MESSAGE_ID, READ_TIMESTAMP, REACTION)
VALUES (6, 278, NULL, 'angry');
INSERT INTO USER_GROUP_MESSAGE(USER_ID, GROUP_MESSAGE_ID, READ_TIMESTAMP, REACTION)
VALUES (7, 278, NULL, NULL);
INSERT INTO GROUP_MESSAGE(ID, VALUE, TIMESTAMP, AUTHOR_ID, GROUP_ID)
VALUES (279, 'Test', '2019-03-30', '1', 2);
INSERT INTO USER_GROUP_MESSAGE(USER_ID, GROUP_MESSAGE_ID, READ_TIMESTAMP, REACTION)
VALUES (1, 279, NULL, 'angry');
INSERT INTO USER_GROUP_MESSAGE(USER_ID, GROUP_MESSAGE_ID, READ_TIMESTAMP, REACTION)
VALUES (2, 279, NULL, NULL);
INSERT INTO USER_GROUP_MESSAGE(USER_ID, GROUP_MESSAGE_ID, READ_TIMESTAMP, REACTION)
VALUES (3, 279, NULL, 'crying');
INSERT INTO USER_GROUP_MESSAGE(USER_ID, GROUP_MESSAGE_ID, READ_TIMESTAMP, REACTION)
VALUES (4, 279, NULL, NULL);
INSERT INTO USER_GROUP_MESSAGE(USER_ID, GROUP_MESSAGE_ID, READ_TIMESTAMP, REACTION)
VALUES (5, 279, NULL, 'crying');
INSERT INTO USER_GROUP_MESSAGE(USER_ID, GROUP_MESSAGE_ID, READ_TIMESTAMP, REACTION)
VALUES (6, 279, NULL, 'happy');
INSERT INTO USER_GROUP_MESSAGE(USER_ID, GROUP_MESSAGE_ID, READ_TIMESTAMP, REACTION)
VALUES (7, 279, NULL, 'happy');
INSERT INTO GROUP_MESSAGE(ID, VALUE, TIMESTAMP, AUTHOR_ID, GROUP_ID)
VALUES (280, 'Test', '2019-03-29', '2', 2);
INSERT INTO USER_GROUP_MESSAGE(USER_ID, GROUP_MESSAGE_ID, READ_TIMESTAMP, REACTION)
VALUES (1, 280, NULL, 'angry');
INSERT INTO USER_GROUP_MESSAGE(USER_ID, GROUP_MESSAGE_ID, READ_TIMESTAMP, REACTION)
VALUES (2, 280, NULL, 'happy');
INSERT INTO USER_GROUP_MESSAGE(USER_ID, GROUP_MESSAGE_ID, READ_TIMESTAMP, REACTION)
VALUES (3, 280, NULL, NULL);
INSERT INTO USER_GROUP_MESSAGE(USER_ID, GROUP_MESSAGE_ID, READ_TIMESTAMP, REACTION)
VALUES (4, 280, NULL, 'happy');
INSERT INTO USER_GROUP_MESSAGE(USER_ID, GROUP_MESSAGE_ID, READ_TIMESTAMP, REACTION)
VALUES (5, 280, NULL, NULL);
INSERT INTO USER_GROUP_MESSAGE(USER_ID, GROUP_MESSAGE_ID, READ_TIMESTAMP, REACTION)
VALUES (6, 280, NULL, NULL);
INSERT INTO USER_GROUP_MESSAGE(USER_ID, GROUP_MESSAGE_ID, READ_TIMESTAMP, REACTION)
VALUES (7, 280, NULL, 'angry');
INSERT INTO GROUP_MESSAGE(ID, VALUE, TIMESTAMP, AUTHOR_ID, GROUP_ID)
VALUES (281, 'Test', '2019-03-28', '4', 2);
INSERT INTO USER_GROUP_MESSAGE(USER_ID, GROUP_MESSAGE_ID, READ_TIMESTAMP, REACTION)
VALUES (1, 281, NULL, 'happy');
INSERT INTO USER_GROUP_MESSAGE(USER_ID, GROUP_MESSAGE_ID, READ_TIMESTAMP, REACTION)
VALUES (2, 281, NULL, 'crying');
INSERT INTO USER_GROUP_MESSAGE(USER_ID, GROUP_MESSAGE_ID, READ_TIMESTAMP, REACTION)
VALUES (3, 281, NULL, 'angry');
INSERT INTO USER_GROUP_MESSAGE(USER_ID, GROUP_MESSAGE_ID, READ_TIMESTAMP, REACTION)
VALUES (4, 281, NULL, NULL);
INSERT INTO USER_GROUP_MESSAGE(USER_ID, GROUP_MESSAGE_ID, READ_TIMESTAMP, REACTION)
VALUES (5, 281, NULL, 'happy');
INSERT INTO USER_GROUP_MESSAGE(USER_ID, GROUP_MESSAGE_ID, READ_TIMESTAMP, REACTION)
VALUES (6, 281, NULL, 'crying');
INSERT INTO USER_GROUP_MESSAGE(USER_ID, GROUP_MESSAGE_ID, READ_TIMESTAMP, REACTION)
VALUES (7, 281, NULL, 'crying');
INSERT INTO GROUP_MESSAGE(ID, VALUE, TIMESTAMP, AUTHOR_ID, GROUP_ID)
VALUES (282, 'Test', '2019-03-27', '5', 2);
INSERT INTO USER_GROUP_MESSAGE(USER_ID, GROUP_MESSAGE_ID, READ_TIMESTAMP, REACTION)
VALUES (1, 282, NULL, NULL);
INSERT INTO USER_GROUP_MESSAGE(USER_ID, GROUP_MESSAGE_ID, READ_TIMESTAMP, REACTION)
VALUES (2, 282, NULL, 'happy');
INSERT INTO USER_GROUP_MESSAGE(USER_ID, GROUP_MESSAGE_ID, READ_TIMESTAMP, REACTION)
VALUES (3, 282, NULL, NULL);
INSERT INTO USER_GROUP_MESSAGE(USER_ID, GROUP_MESSAGE_ID, READ_TIMESTAMP, REACTION)
VALUES (4, 282, NULL, NULL);
INSERT INTO USER_GROUP_MESSAGE(USER_ID, GROUP_MESSAGE_ID, READ_TIMESTAMP, REACTION)
VALUES (5, 282, NULL, 'happy');
INSERT INTO USER_GROUP_MESSAGE(USER_ID, GROUP_MESSAGE_ID, READ_TIMESTAMP, REACTION)
VALUES (6, 282, NULL, 'angry');
INSERT INTO USER_GROUP_MESSAGE(USER_ID, GROUP_MESSAGE_ID, READ_TIMESTAMP, REACTION)
VALUES (7, 282, NULL, 'happy');
INSERT INTO GROUP_MESSAGE(ID, VALUE, TIMESTAMP, AUTHOR_ID, GROUP_ID)
VALUES (283, 'Test', '2019-03-26', '4', 2);
INSERT INTO USER_GROUP_MESSAGE(USER_ID, GROUP_MESSAGE_ID, READ_TIMESTAMP, REACTION)
VALUES (1, 283, NULL, 'happy');
INSERT INTO USER_GROUP_MESSAGE(USER_ID, GROUP_MESSAGE_ID, READ_TIMESTAMP, REACTION)
VALUES (2, 283, NULL, 'crying');
INSERT INTO USER_GROUP_MESSAGE(USER_ID, GROUP_MESSAGE_ID, READ_TIMESTAMP, REACTION)
VALUES (3, 283, NULL, NULL);
INSERT INTO USER_GROUP_MESSAGE(USER_ID, GROUP_MESSAGE_ID, READ_TIMESTAMP, REACTION)
VALUES (4, 283, NULL, NULL);
INSERT INTO USER_GROUP_MESSAGE(USER_ID, GROUP_MESSAGE_ID, READ_TIMESTAMP, REACTION)
VALUES (5, 283, NULL, 'crying');
INSERT INTO USER_GROUP_MESSAGE(USER_ID, GROUP_MESSAGE_ID, READ_TIMESTAMP, REACTION)
VALUES (6, 283, NULL, 'crying');
INSERT INTO USER_GROUP_MESSAGE(USER_ID, GROUP_MESSAGE_ID, READ_TIMESTAMP, REACTION)
VALUES (7, 283, NULL, NULL);
INSERT INTO GROUP_MESSAGE(ID, VALUE, TIMESTAMP, AUTHOR_ID, GROUP_ID)
VALUES (284, 'Test', '2019-03-25', '2', 2);
INSERT INTO USER_GROUP_MESSAGE(USER_ID, GROUP_MESSAGE_ID, READ_TIMESTAMP, REACTION)
VALUES (1, 284, NULL, NULL);
INSERT INTO USER_GROUP_MESSAGE(USER_ID, GROUP_MESSAGE_ID, READ_TIMESTAMP, REACTION)
VALUES (2, 284, NULL, 'crying');
INSERT INTO USER_GROUP_MESSAGE(USER_ID, GROUP_MESSAGE_ID, READ_TIMESTAMP, REACTION)
VALUES (3, 284, NULL, 'angry');
INSERT INTO USER_GROUP_MESSAGE(USER_ID, GROUP_MESSAGE_ID, READ_TIMESTAMP, REACTION)
VALUES (4, 284, NULL, NULL);
INSERT INTO USER_GROUP_MESSAGE(USER_ID, GROUP_MESSAGE_ID, READ_TIMESTAMP, REACTION)
VALUES (5, 284, NULL, 'happy');
INSERT INTO USER_GROUP_MESSAGE(USER_ID, GROUP_MESSAGE_ID, READ_TIMESTAMP, REACTION)
VALUES (6, 284, NULL, 'crying');
INSERT INTO USER_GROUP_MESSAGE(USER_ID, GROUP_MESSAGE_ID, READ_TIMESTAMP, REACTION)
VALUES (7, 284, NULL, 'angry');
INSERT INTO GROUP_MESSAGE(ID, VALUE, TIMESTAMP, AUTHOR_ID, GROUP_ID)
VALUES (285, 'Test', '2019-03-24', '1', 2);
INSERT INTO USER_GROUP_MESSAGE(USER_ID, GROUP_MESSAGE_ID, READ_TIMESTAMP, REACTION)
VALUES (1, 285, NULL, NULL);
INSERT INTO USER_GROUP_MESSAGE(USER_ID, GROUP_MESSAGE_ID, READ_TIMESTAMP, REACTION)
VALUES (2, 285, NULL, 'crying');
INSERT INTO USER_GROUP_MESSAGE(USER_ID, GROUP_MESSAGE_ID, READ_TIMESTAMP, REACTION)
VALUES (3, 285, NULL, 'crying');
INSERT INTO USER_GROUP_MESSAGE(USER_ID, GROUP_MESSAGE_ID, READ_TIMESTAMP, REACTION)
VALUES (4, 285, NULL, 'crying');
INSERT INTO USER_GROUP_MESSAGE(USER_ID, GROUP_MESSAGE_ID, READ_TIMESTAMP, REACTION)
VALUES (5, 285, NULL, 'happy');
INSERT INTO USER_GROUP_MESSAGE(USER_ID, GROUP_MESSAGE_ID, READ_TIMESTAMP, REACTION)
VALUES (6, 285, NULL, NULL);
INSERT INTO USER_GROUP_MESSAGE(USER_ID, GROUP_MESSAGE_ID, READ_TIMESTAMP, REACTION)
VALUES (7, 285, NULL, 'happy');
INSERT INTO GROUP_MESSAGE(ID, VALUE, TIMESTAMP, AUTHOR_ID, GROUP_ID)
VALUES (286, 'Test', '2019-03-23', '3', 2);
INSERT INTO USER_GROUP_MESSAGE(USER_ID, GROUP_MESSAGE_ID, READ_TIMESTAMP, REACTION)
VALUES (1, 286, NULL, 'angry');
INSERT INTO USER_GROUP_MESSAGE(USER_ID, GROUP_MESSAGE_ID, READ_TIMESTAMP, REACTION)
VALUES (2, 286, NULL, 'happy');
INSERT INTO USER_GROUP_MESSAGE(USER_ID, GROUP_MESSAGE_ID, READ_TIMESTAMP, REACTION)
VALUES (3, 286, NULL, 'crying');
INSERT INTO USER_GROUP_MESSAGE(USER_ID, GROUP_MESSAGE_ID, READ_TIMESTAMP, REACTION)
VALUES (4, 286, NULL, NULL);
INSERT INTO USER_GROUP_MESSAGE(USER_ID, GROUP_MESSAGE_ID, READ_TIMESTAMP, REACTION)
VALUES (5, 286, NULL, 'crying');
INSERT INTO USER_GROUP_MESSAGE(USER_ID, GROUP_MESSAGE_ID, READ_TIMESTAMP, REACTION)
VALUES (6, 286, NULL, 'angry');
INSERT INTO USER_GROUP_MESSAGE(USER_ID, GROUP_MESSAGE_ID, READ_TIMESTAMP, REACTION)
VALUES (7, 286, NULL, 'happy');
INSERT INTO GROUP_MESSAGE(ID, VALUE, TIMESTAMP, AUTHOR_ID, GROUP_ID)
VALUES (287, 'Test', '2019-03-22', '7', 2);
INSERT INTO USER_GROUP_MESSAGE(USER_ID, GROUP_MESSAGE_ID, READ_TIMESTAMP, REACTION)
VALUES (1, 287, NULL, 'angry');
INSERT INTO USER_GROUP_MESSAGE(USER_ID, GROUP_MESSAGE_ID, READ_TIMESTAMP, REACTION)
VALUES (2, 287, NULL, 'crying');
INSERT INTO USER_GROUP_MESSAGE(USER_ID, GROUP_MESSAGE_ID, READ_TIMESTAMP, REACTION)
VALUES (3, 287, NULL, 'happy');
INSERT INTO USER_GROUP_MESSAGE(USER_ID, GROUP_MESSAGE_ID, READ_TIMESTAMP, REACTION)
VALUES (4, 287, NULL, 'happy');
INSERT INTO USER_GROUP_MESSAGE(USER_ID, GROUP_MESSAGE_ID, READ_TIMESTAMP, REACTION)
VALUES (5, 287, NULL, 'crying');
INSERT INTO USER_GROUP_MESSAGE(USER_ID, GROUP_MESSAGE_ID, READ_TIMESTAMP, REACTION)
VALUES (6, 287, NULL, NULL);
INSERT INTO USER_GROUP_MESSAGE(USER_ID, GROUP_MESSAGE_ID, READ_TIMESTAMP, REACTION)
VALUES (7, 287, NULL, NULL);
INSERT INTO GROUP_MESSAGE(ID, VALUE, TIMESTAMP, AUTHOR_ID, GROUP_ID)
VALUES (288, 'Test', '2019-03-21', '5', 2);
INSERT INTO USER_GROUP_MESSAGE(USER_ID, GROUP_MESSAGE_ID, READ_TIMESTAMP, REACTION)
VALUES (1, 288, NULL, NULL);
INSERT INTO USER_GROUP_MESSAGE(USER_ID, GROUP_MESSAGE_ID, READ_TIMESTAMP, REACTION)
VALUES (2, 288, NULL, 'happy');
INSERT INTO USER_GROUP_MESSAGE(USER_ID, GROUP_MESSAGE_ID, READ_TIMESTAMP, REACTION)
VALUES (3, 288, NULL, NULL);
INSERT INTO USER_GROUP_MESSAGE(USER_ID, GROUP_MESSAGE_ID, READ_TIMESTAMP, REACTION)
VALUES (4, 288, NULL, NULL);
INSERT INTO USER_GROUP_MESSAGE(USER_ID, GROUP_MESSAGE_ID, READ_TIMESTAMP, REACTION)
VALUES (5, 288, NULL, 'crying');
INSERT INTO USER_GROUP_MESSAGE(USER_ID, GROUP_MESSAGE_ID, READ_TIMESTAMP, REACTION)
VALUES (6, 288, NULL, NULL);
INSERT INTO USER_GROUP_MESSAGE(USER_ID, GROUP_MESSAGE_ID, READ_TIMESTAMP, REACTION)
VALUES (7, 288, NULL, 'happy');
INSERT INTO GROUP_MESSAGE(ID, VALUE, TIMESTAMP, AUTHOR_ID, GROUP_ID)
VALUES (289, 'Test', '2019-03-20', '2', 2);
INSERT INTO USER_GROUP_MESSAGE(USER_ID, GROUP_MESSAGE_ID, READ_TIMESTAMP, REACTION)
VALUES (1, 289, NULL, NULL);
INSERT INTO USER_GROUP_MESSAGE(USER_ID, GROUP_MESSAGE_ID, READ_TIMESTAMP, REACTION)
VALUES (2, 289, NULL, 'happy');
INSERT INTO USER_GROUP_MESSAGE(USER_ID, GROUP_MESSAGE_ID, READ_TIMESTAMP, REACTION)
VALUES (3, 289, NULL, 'happy');
INSERT INTO USER_GROUP_MESSAGE(USER_ID, GROUP_MESSAGE_ID, READ_TIMESTAMP, REACTION)
VALUES (4, 289, NULL, 'crying');
INSERT INTO USER_GROUP_MESSAGE(USER_ID, GROUP_MESSAGE_ID, READ_TIMESTAMP, REACTION)
VALUES (5, 289, NULL, NULL);
INSERT INTO USER_GROUP_MESSAGE(USER_ID, GROUP_MESSAGE_ID, READ_TIMESTAMP, REACTION)
VALUES (6, 289, NULL, 'angry');
INSERT INTO USER_GROUP_MESSAGE(USER_ID, GROUP_MESSAGE_ID, READ_TIMESTAMP, REACTION)
VALUES (7, 289, NULL, 'crying');
INSERT INTO GROUP_MESSAGE(ID, VALUE, TIMESTAMP, AUTHOR_ID, GROUP_ID)
VALUES (290, 'Test', '2019-03-19', '1', 2);
INSERT INTO USER_GROUP_MESSAGE(USER_ID, GROUP_MESSAGE_ID, READ_TIMESTAMP, REACTION)
VALUES (1, 290, NULL, 'happy');
INSERT INTO USER_GROUP_MESSAGE(USER_ID, GROUP_MESSAGE_ID, READ_TIMESTAMP, REACTION)
VALUES (2, 290, NULL, 'crying');
INSERT INTO USER_GROUP_MESSAGE(USER_ID, GROUP_MESSAGE_ID, READ_TIMESTAMP, REACTION)
VALUES (3, 290, NULL, 'crying');
INSERT INTO USER_GROUP_MESSAGE(USER_ID, GROUP_MESSAGE_ID, READ_TIMESTAMP, REACTION)
VALUES (4, 290, NULL, 'angry');
INSERT INTO USER_GROUP_MESSAGE(USER_ID, GROUP_MESSAGE_ID, READ_TIMESTAMP, REACTION)
VALUES (5, 290, NULL, 'angry');
INSERT INTO USER_GROUP_MESSAGE(USER_ID, GROUP_MESSAGE_ID, READ_TIMESTAMP, REACTION)
VALUES (6, 290, NULL, NULL);
INSERT INTO USER_GROUP_MESSAGE(USER_ID, GROUP_MESSAGE_ID, READ_TIMESTAMP, REACTION)
VALUES (7, 290, NULL, 'happy');
INSERT INTO GROUP_MESSAGE(ID, VALUE, TIMESTAMP, AUTHOR_ID, GROUP_ID)
VALUES (291, 'Test', '2019-03-18', '4', 2);
INSERT INTO USER_GROUP_MESSAGE(USER_ID, GROUP_MESSAGE_ID, READ_TIMESTAMP, REACTION)
VALUES (1, 291, NULL, 'angry');
INSERT INTO USER_GROUP_MESSAGE(USER_ID, GROUP_MESSAGE_ID, READ_TIMESTAMP, REACTION)
VALUES (2, 291, NULL, 'happy');
INSERT INTO USER_GROUP_MESSAGE(USER_ID, GROUP_MESSAGE_ID, READ_TIMESTAMP, REACTION)
VALUES (3, 291, NULL, NULL);
INSERT INTO USER_GROUP_MESSAGE(USER_ID, GROUP_MESSAGE_ID, READ_TIMESTAMP, REACTION)
VALUES (4, 291, NULL, 'crying');
INSERT INTO USER_GROUP_MESSAGE(USER_ID, GROUP_MESSAGE_ID, READ_TIMESTAMP, REACTION)
VALUES (5, 291, NULL, NULL);
INSERT INTO USER_GROUP_MESSAGE(USER_ID, GROUP_MESSAGE_ID, READ_TIMESTAMP, REACTION)
VALUES (6, 291, NULL, 'angry');
INSERT INTO USER_GROUP_MESSAGE(USER_ID, GROUP_MESSAGE_ID, READ_TIMESTAMP, REACTION)
VALUES (7, 291, NULL, 'crying');
INSERT INTO GROUP_MESSAGE(ID, VALUE, TIMESTAMP, AUTHOR_ID, GROUP_ID)
VALUES (292, 'Test', '2019-03-17', '2', 2);
INSERT INTO USER_GROUP_MESSAGE(USER_ID, GROUP_MESSAGE_ID, READ_TIMESTAMP, REACTION)
VALUES (1, 292, NULL, NULL);
INSERT INTO USER_GROUP_MESSAGE(USER_ID, GROUP_MESSAGE_ID, READ_TIMESTAMP, REACTION)
VALUES (2, 292, NULL, 'happy');
INSERT INTO USER_GROUP_MESSAGE(USER_ID, GROUP_MESSAGE_ID, READ_TIMESTAMP, REACTION)
VALUES (3, 292, NULL, 'happy');
INSERT INTO USER_GROUP_MESSAGE(USER_ID, GROUP_MESSAGE_ID, READ_TIMESTAMP, REACTION)
VALUES (4, 292, NULL, 'crying');
INSERT INTO USER_GROUP_MESSAGE(USER_ID, GROUP_MESSAGE_ID, READ_TIMESTAMP, REACTION)
VALUES (5, 292, NULL, 'angry');
INSERT INTO USER_GROUP_MESSAGE(USER_ID, GROUP_MESSAGE_ID, READ_TIMESTAMP, REACTION)
VALUES (6, 292, NULL, 'happy');
INSERT INTO USER_GROUP_MESSAGE(USER_ID, GROUP_MESSAGE_ID, READ_TIMESTAMP, REACTION)
VALUES (7, 292, NULL, 'crying');
INSERT INTO GROUP_MESSAGE(ID, VALUE, TIMESTAMP, AUTHOR_ID, GROUP_ID)
VALUES (293, 'Test', '2019-03-16', '2', 2);
INSERT INTO USER_GROUP_MESSAGE(USER_ID, GROUP_MESSAGE_ID, READ_TIMESTAMP, REACTION)
VALUES (1, 293, NULL, 'angry');
INSERT INTO USER_GROUP_MESSAGE(USER_ID, GROUP_MESSAGE_ID, READ_TIMESTAMP, REACTION)
VALUES (2, 293, NULL, 'happy');
INSERT INTO USER_GROUP_MESSAGE(USER_ID, GROUP_MESSAGE_ID, READ_TIMESTAMP, REACTION)
VALUES (3, 293, NULL, 'angry');
INSERT INTO USER_GROUP_MESSAGE(USER_ID, GROUP_MESSAGE_ID, READ_TIMESTAMP, REACTION)
VALUES (4, 293, NULL, NULL);
INSERT INTO USER_GROUP_MESSAGE(USER_ID, GROUP_MESSAGE_ID, READ_TIMESTAMP, REACTION)
VALUES (5, 293, NULL, 'crying');
INSERT INTO USER_GROUP_MESSAGE(USER_ID, GROUP_MESSAGE_ID, READ_TIMESTAMP, REACTION)
VALUES (6, 293, NULL, 'crying');
INSERT INTO USER_GROUP_MESSAGE(USER_ID, GROUP_MESSAGE_ID, READ_TIMESTAMP, REACTION)
VALUES (7, 293, NULL, 'crying');
INSERT INTO GROUP_MESSAGE(ID, VALUE, TIMESTAMP, AUTHOR_ID, GROUP_ID)
VALUES (294, 'Test', '2019-03-15', '4', 2);
INSERT INTO USER_GROUP_MESSAGE(USER_ID, GROUP_MESSAGE_ID, READ_TIMESTAMP, REACTION)
VALUES (1, 294, NULL, 'happy');
INSERT INTO USER_GROUP_MESSAGE(USER_ID, GROUP_MESSAGE_ID, READ_TIMESTAMP, REACTION)
VALUES (2, 294, NULL, 'happy');
INSERT INTO USER_GROUP_MESSAGE(USER_ID, GROUP_MESSAGE_ID, READ_TIMESTAMP, REACTION)
VALUES (3, 294, NULL, 'crying');
INSERT INTO USER_GROUP_MESSAGE(USER_ID, GROUP_MESSAGE_ID, READ_TIMESTAMP, REACTION)
VALUES (4, 294, NULL, NULL);
INSERT INTO USER_GROUP_MESSAGE(USER_ID, GROUP_MESSAGE_ID, READ_TIMESTAMP, REACTION)
VALUES (5, 294, NULL, NULL);
INSERT INTO USER_GROUP_MESSAGE(USER_ID, GROUP_MESSAGE_ID, READ_TIMESTAMP, REACTION)
VALUES (6, 294, NULL, 'crying');
INSERT INTO USER_GROUP_MESSAGE(USER_ID, GROUP_MESSAGE_ID, READ_TIMESTAMP, REACTION)
VALUES (7, 294, NULL, 'crying');
INSERT INTO GROUP_MESSAGE(ID, VALUE, TIMESTAMP, AUTHOR_ID, GROUP_ID)
VALUES (295, 'Test', '2019-03-14', '4', 2);
INSERT INTO USER_GROUP_MESSAGE(USER_ID, GROUP_MESSAGE_ID, READ_TIMESTAMP, REACTION)
VALUES (1, 295, NULL, 'angry');
INSERT INTO USER_GROUP_MESSAGE(USER_ID, GROUP_MESSAGE_ID, READ_TIMESTAMP, REACTION)
VALUES (2, 295, NULL, 'crying');
INSERT INTO USER_GROUP_MESSAGE(USER_ID, GROUP_MESSAGE_ID, READ_TIMESTAMP, REACTION)
VALUES (3, 295, NULL, NULL);
INSERT INTO USER_GROUP_MESSAGE(USER_ID, GROUP_MESSAGE_ID, READ_TIMESTAMP, REACTION)
VALUES (4, 295, NULL, NULL);
INSERT INTO USER_GROUP_MESSAGE(USER_ID, GROUP_MESSAGE_ID, READ_TIMESTAMP, REACTION)
VALUES (5, 295, NULL, 'happy');
INSERT INTO USER_GROUP_MESSAGE(USER_ID, GROUP_MESSAGE_ID, READ_TIMESTAMP, REACTION)
VALUES (6, 295, NULL, 'angry');
INSERT INTO USER_GROUP_MESSAGE(USER_ID, GROUP_MESSAGE_ID, READ_TIMESTAMP, REACTION)
VALUES (7, 295, NULL, 'happy');
INSERT INTO GROUP_MESSAGE(ID, VALUE, TIMESTAMP, AUTHOR_ID, GROUP_ID)
VALUES (296, 'Test', '2019-03-13', '6', 2);
INSERT INTO USER_GROUP_MESSAGE(USER_ID, GROUP_MESSAGE_ID, READ_TIMESTAMP, REACTION)
VALUES (1, 296, NULL, 'happy');
INSERT INTO USER_GROUP_MESSAGE(USER_ID, GROUP_MESSAGE_ID, READ_TIMESTAMP, REACTION)
VALUES (2, 296, NULL, NULL);
INSERT INTO USER_GROUP_MESSAGE(USER_ID, GROUP_MESSAGE_ID, READ_TIMESTAMP, REACTION)
VALUES (3, 296, NULL, NULL);
INSERT INTO USER_GROUP_MESSAGE(USER_ID, GROUP_MESSAGE_ID, READ_TIMESTAMP, REACTION)
VALUES (4, 296, NULL, NULL);
INSERT INTO USER_GROUP_MESSAGE(USER_ID, GROUP_MESSAGE_ID, READ_TIMESTAMP, REACTION)
VALUES (5, 296, NULL, 'happy');
INSERT INTO USER_GROUP_MESSAGE(USER_ID, GROUP_MESSAGE_ID, READ_TIMESTAMP, REACTION)
VALUES (6, 296, NULL, 'angry');
INSERT INTO USER_GROUP_MESSAGE(USER_ID, GROUP_MESSAGE_ID, READ_TIMESTAMP, REACTION)
VALUES (7, 296, NULL, 'happy');
INSERT INTO GROUP_MESSAGE(ID, VALUE, TIMESTAMP, AUTHOR_ID, GROUP_ID)
VALUES (297, 'Test', '2019-03-12', '5', 2);
INSERT INTO USER_GROUP_MESSAGE(USER_ID, GROUP_MESSAGE_ID, READ_TIMESTAMP, REACTION)
VALUES (1, 297, NULL, NULL);
INSERT INTO USER_GROUP_MESSAGE(USER_ID, GROUP_MESSAGE_ID, READ_TIMESTAMP, REACTION)
VALUES (2, 297, NULL, NULL);
INSERT INTO USER_GROUP_MESSAGE(USER_ID, GROUP_MESSAGE_ID, READ_TIMESTAMP, REACTION)
VALUES (3, 297, NULL, 'crying');
INSERT INTO USER_GROUP_MESSAGE(USER_ID, GROUP_MESSAGE_ID, READ_TIMESTAMP, REACTION)
VALUES (4, 297, NULL, 'angry');
INSERT INTO USER_GROUP_MESSAGE(USER_ID, GROUP_MESSAGE_ID, READ_TIMESTAMP, REACTION)
VALUES (5, 297, NULL, 'angry');
INSERT INTO USER_GROUP_MESSAGE(USER_ID, GROUP_MESSAGE_ID, READ_TIMESTAMP, REACTION)
VALUES (6, 297, NULL, 'angry');
INSERT INTO USER_GROUP_MESSAGE(USER_ID, GROUP_MESSAGE_ID, READ_TIMESTAMP, REACTION)
VALUES (7, 297, NULL, 'happy');
INSERT INTO GROUP_MESSAGE(ID, VALUE, TIMESTAMP, AUTHOR_ID, GROUP_ID)
VALUES (298, 'Test', '2019-03-11', '2', 2);
INSERT INTO USER_GROUP_MESSAGE(USER_ID, GROUP_MESSAGE_ID, READ_TIMESTAMP, REACTION)
VALUES (1, 298, NULL, 'crying');
INSERT INTO USER_GROUP_MESSAGE(USER_ID, GROUP_MESSAGE_ID, READ_TIMESTAMP, REACTION)
VALUES (2, 298, NULL, NULL);
INSERT INTO USER_GROUP_MESSAGE(USER_ID, GROUP_MESSAGE_ID, READ_TIMESTAMP, REACTION)
VALUES (3, 298, NULL, 'happy');
INSERT INTO USER_GROUP_MESSAGE(USER_ID, GROUP_MESSAGE_ID, READ_TIMESTAMP, REACTION)
VALUES (4, 298, NULL, 'crying');
INSERT INTO USER_GROUP_MESSAGE(USER_ID, GROUP_MESSAGE_ID, READ_TIMESTAMP, REACTION)
VALUES (5, 298, NULL, 'crying');
INSERT INTO USER_GROUP_MESSAGE(USER_ID, GROUP_MESSAGE_ID, READ_TIMESTAMP, REACTION)
VALUES (6, 298, NULL, NULL);
INSERT INTO USER_GROUP_MESSAGE(USER_ID, GROUP_MESSAGE_ID, READ_TIMESTAMP, REACTION)
VALUES (7, 298, NULL, NULL);
INSERT INTO GROUP_MESSAGE(ID, VALUE, TIMESTAMP, AUTHOR_ID, GROUP_ID)
VALUES (299, 'Test', '2019-03-10', '3', 2);
INSERT INTO USER_GROUP_MESSAGE(USER_ID, GROUP_MESSAGE_ID, READ_TIMESTAMP, REACTION)
VALUES (1, 299, NULL, 'angry');
INSERT INTO USER_GROUP_MESSAGE(USER_ID, GROUP_MESSAGE_ID, READ_TIMESTAMP, REACTION)
VALUES (2, 299, NULL, NULL);
INSERT INTO USER_GROUP_MESSAGE(USER_ID, GROUP_MESSAGE_ID, READ_TIMESTAMP, REACTION)
VALUES (3, 299, NULL, 'happy');
INSERT INTO USER_GROUP_MESSAGE(USER_ID, GROUP_MESSAGE_ID, READ_TIMESTAMP, REACTION)
VALUES (4, 299, NULL, 'angry');
INSERT INTO USER_GROUP_MESSAGE(USER_ID, GROUP_MESSAGE_ID, READ_TIMESTAMP, REACTION)
VALUES (5, 299, NULL, NULL);
INSERT INTO USER_GROUP_MESSAGE(USER_ID, GROUP_MESSAGE_ID, READ_TIMESTAMP, REACTION)
VALUES (6, 299, NULL, 'crying');
INSERT INTO USER_GROUP_MESSAGE(USER_ID, GROUP_MESSAGE_ID, READ_TIMESTAMP, REACTION)
VALUES (7, 299, NULL, 'happy');
INSERT INTO GROUP_MESSAGE(ID, VALUE, TIMESTAMP, AUTHOR_ID, GROUP_ID)
VALUES (300, 'Test', '2019-03-09', '1', 2);
INSERT INTO USER_GROUP_MESSAGE(USER_ID, GROUP_MESSAGE_ID, READ_TIMESTAMP, REACTION)
VALUES (1, 300, NULL, 'angry');
INSERT INTO USER_GROUP_MESSAGE(USER_ID, GROUP_MESSAGE_ID, READ_TIMESTAMP, REACTION)
VALUES (2, 300, NULL, 'happy');
INSERT INTO USER_GROUP_MESSAGE(USER_ID, GROUP_MESSAGE_ID, READ_TIMESTAMP, REACTION)
VALUES (3, 300, NULL, 'crying');
INSERT INTO USER_GROUP_MESSAGE(USER_ID, GROUP_MESSAGE_ID, READ_TIMESTAMP, REACTION)
VALUES (4, 300, NULL, 'angry');
INSERT INTO USER_GROUP_MESSAGE(USER_ID, GROUP_MESSAGE_ID, READ_TIMESTAMP, REACTION)
VALUES (5, 300, NULL, NULL);
INSERT INTO USER_GROUP_MESSAGE(USER_ID, GROUP_MESSAGE_ID, READ_TIMESTAMP, REACTION)
VALUES (6, 300, NULL, NULL);
INSERT INTO USER_GROUP_MESSAGE(USER_ID, GROUP_MESSAGE_ID, READ_TIMESTAMP, REACTION)
VALUES (7, 300, NULL, 'crying');
INSERT INTO GROUP_MESSAGE(ID, VALUE, TIMESTAMP, AUTHOR_ID, GROUP_ID)
VALUES (301, 'Test', '2019-03-08', '1', 2);
INSERT INTO USER_GROUP_MESSAGE(USER_ID, GROUP_MESSAGE_ID, READ_TIMESTAMP, REACTION)
VALUES (1, 301, NULL, 'crying');
INSERT INTO USER_GROUP_MESSAGE(USER_ID, GROUP_MESSAGE_ID, READ_TIMESTAMP, REACTION)
VALUES (2, 301, NULL, 'crying');
INSERT INTO USER_GROUP_MESSAGE(USER_ID, GROUP_MESSAGE_ID, READ_TIMESTAMP, REACTION)
VALUES (3, 301, NULL, 'happy');
INSERT INTO USER_GROUP_MESSAGE(USER_ID, GROUP_MESSAGE_ID, READ_TIMESTAMP, REACTION)
VALUES (4, 301, NULL, 'crying');
INSERT INTO USER_GROUP_MESSAGE(USER_ID, GROUP_MESSAGE_ID, READ_TIMESTAMP, REACTION)
VALUES (5, 301, NULL, 'happy');
INSERT INTO USER_GROUP_MESSAGE(USER_ID, GROUP_MESSAGE_ID, READ_TIMESTAMP, REACTION)
VALUES (6, 301, NULL, 'crying');
INSERT INTO USER_GROUP_MESSAGE(USER_ID, GROUP_MESSAGE_ID, READ_TIMESTAMP, REACTION)
VALUES (7, 301, NULL, 'crying');
INSERT INTO GROUP_MESSAGE(ID, VALUE, TIMESTAMP, AUTHOR_ID, GROUP_ID)
VALUES (302, 'Test', '2019-03-07', '1', 2);
INSERT INTO USER_GROUP_MESSAGE(USER_ID, GROUP_MESSAGE_ID, READ_TIMESTAMP, REACTION)
VALUES (1, 302, NULL, 'angry');
INSERT INTO USER_GROUP_MESSAGE(USER_ID, GROUP_MESSAGE_ID, READ_TIMESTAMP, REACTION)
VALUES (2, 302, NULL, 'crying');
INSERT INTO USER_GROUP_MESSAGE(USER_ID, GROUP_MESSAGE_ID, READ_TIMESTAMP, REACTION)
VALUES (3, 302, NULL, NULL);
INSERT INTO USER_GROUP_MESSAGE(USER_ID, GROUP_MESSAGE_ID, READ_TIMESTAMP, REACTION)
VALUES (4, 302, NULL, NULL);
INSERT INTO USER_GROUP_MESSAGE(USER_ID, GROUP_MESSAGE_ID, READ_TIMESTAMP, REACTION)
VALUES (5, 302, NULL, 'crying');
INSERT INTO USER_GROUP_MESSAGE(USER_ID, GROUP_MESSAGE_ID, READ_TIMESTAMP, REACTION)
VALUES (6, 302, NULL, 'crying');
INSERT INTO USER_GROUP_MESSAGE(USER_ID, GROUP_MESSAGE_ID, READ_TIMESTAMP, REACTION)
VALUES (7, 302, NULL, 'happy');
INSERT INTO GROUP_MESSAGE(ID, VALUE, TIMESTAMP, AUTHOR_ID, GROUP_ID)
VALUES (303, 'Test', '2019-03-06', '7', 2);
INSERT INTO USER_GROUP_MESSAGE(USER_ID, GROUP_MESSAGE_ID, READ_TIMESTAMP, REACTION)
VALUES (1, 303, NULL, 'happy');
INSERT INTO USER_GROUP_MESSAGE(USER_ID, GROUP_MESSAGE_ID, READ_TIMESTAMP, REACTION)
VALUES (2, 303, NULL, 'happy');
INSERT INTO USER_GROUP_MESSAGE(USER_ID, GROUP_MESSAGE_ID, READ_TIMESTAMP, REACTION)
VALUES (3, 303, NULL, 'happy');
INSERT INTO USER_GROUP_MESSAGE(USER_ID, GROUP_MESSAGE_ID, READ_TIMESTAMP, REACTION)
VALUES (4, 303, NULL, 'happy');
INSERT INTO USER_GROUP_MESSAGE(USER_ID, GROUP_MESSAGE_ID, READ_TIMESTAMP, REACTION)
VALUES (5, 303, NULL, 'happy');
INSERT INTO USER_GROUP_MESSAGE(USER_ID, GROUP_MESSAGE_ID, READ_TIMESTAMP, REACTION)
VALUES (6, 303, NULL, 'happy');
INSERT INTO USER_GROUP_MESSAGE(USER_ID, GROUP_MESSAGE_ID, READ_TIMESTAMP, REACTION)
VALUES (7, 303, NULL, 'happy');
INSERT INTO GROUP_MESSAGE(ID, VALUE, TIMESTAMP, AUTHOR_ID, GROUP_ID)
VALUES (304, 'Test', '2019-03-05', '2', 2);
INSERT INTO USER_GROUP_MESSAGE(USER_ID, GROUP_MESSAGE_ID, READ_TIMESTAMP, REACTION)
VALUES (1, 304, NULL, NULL);
INSERT INTO USER_GROUP_MESSAGE(USER_ID, GROUP_MESSAGE_ID, READ_TIMESTAMP, REACTION)
VALUES (2, 304, NULL, NULL);
INSERT INTO USER_GROUP_MESSAGE(USER_ID, GROUP_MESSAGE_ID, READ_TIMESTAMP, REACTION)
VALUES (3, 304, NULL, NULL);
INSERT INTO USER_GROUP_MESSAGE(USER_ID, GROUP_MESSAGE_ID, READ_TIMESTAMP, REACTION)
VALUES (4, 304, NULL, 'angry');
INSERT INTO USER_GROUP_MESSAGE(USER_ID, GROUP_MESSAGE_ID, READ_TIMESTAMP, REACTION)
VALUES (5, 304, NULL, NULL);
INSERT INTO USER_GROUP_MESSAGE(USER_ID, GROUP_MESSAGE_ID, READ_TIMESTAMP, REACTION)
VALUES (6, 304, NULL, 'happy');
INSERT INTO USER_GROUP_MESSAGE(USER_ID, GROUP_MESSAGE_ID, READ_TIMESTAMP, REACTION)
VALUES (7, 304, NULL, 'crying');
INSERT INTO GROUP_MESSAGE(ID, VALUE, TIMESTAMP, AUTHOR_ID, GROUP_ID)
VALUES (305, 'Test', '2019-03-04', '7', 2);
INSERT INTO USER_GROUP_MESSAGE(USER_ID, GROUP_MESSAGE_ID, READ_TIMESTAMP, REACTION)
VALUES (1, 305, NULL, 'happy');
INSERT INTO USER_GROUP_MESSAGE(USER_ID, GROUP_MESSAGE_ID, READ_TIMESTAMP, REACTION)
VALUES (2, 305, NULL, 'crying');
INSERT INTO USER_GROUP_MESSAGE(USER_ID, GROUP_MESSAGE_ID, READ_TIMESTAMP, REACTION)
VALUES (3, 305, NULL, 'crying');
INSERT INTO USER_GROUP_MESSAGE(USER_ID, GROUP_MESSAGE_ID, READ_TIMESTAMP, REACTION)
VALUES (4, 305, NULL, 'happy');
INSERT INTO USER_GROUP_MESSAGE(USER_ID, GROUP_MESSAGE_ID, READ_TIMESTAMP, REACTION)
VALUES (5, 305, NULL, 'angry');
INSERT INTO USER_GROUP_MESSAGE(USER_ID, GROUP_MESSAGE_ID, READ_TIMESTAMP, REACTION)
VALUES (6, 305, NULL, 'crying');
INSERT INTO USER_GROUP_MESSAGE(USER_ID, GROUP_MESSAGE_ID, READ_TIMESTAMP, REACTION)
VALUES (7, 305, NULL, NULL);
INSERT INTO GROUP_MESSAGE(ID, VALUE, TIMESTAMP, AUTHOR_ID, GROUP_ID)
VALUES (306, 'Test', '2019-03-03', '4', 2);
INSERT INTO USER_GROUP_MESSAGE(USER_ID, GROUP_MESSAGE_ID, READ_TIMESTAMP, REACTION)
VALUES (1, 306, NULL, 'angry');
INSERT INTO USER_GROUP_MESSAGE(USER_ID, GROUP_MESSAGE_ID, READ_TIMESTAMP, REACTION)
VALUES (2, 306, NULL, 'angry');
INSERT INTO USER_GROUP_MESSAGE(USER_ID, GROUP_MESSAGE_ID, READ_TIMESTAMP, REACTION)
VALUES (3, 306, NULL, 'happy');
INSERT INTO USER_GROUP_MESSAGE(USER_ID, GROUP_MESSAGE_ID, READ_TIMESTAMP, REACTION)
VALUES (4, 306, NULL, NULL);
INSERT INTO USER_GROUP_MESSAGE(USER_ID, GROUP_MESSAGE_ID, READ_TIMESTAMP, REACTION)
VALUES (5, 306, NULL, 'happy');
INSERT INTO USER_GROUP_MESSAGE(USER_ID, GROUP_MESSAGE_ID, READ_TIMESTAMP, REACTION)
VALUES (6, 306, NULL, 'happy');
INSERT INTO USER_GROUP_MESSAGE(USER_ID, GROUP_MESSAGE_ID, READ_TIMESTAMP, REACTION)
VALUES (7, 306, NULL, 'happy');
INSERT INTO GROUP_MESSAGE(ID, VALUE, TIMESTAMP, AUTHOR_ID, GROUP_ID)
VALUES (307, 'Test', '2019-03-02', '1', 2);
INSERT INTO USER_GROUP_MESSAGE(USER_ID, GROUP_MESSAGE_ID, READ_TIMESTAMP, REACTION)
VALUES (1, 307, NULL, 'angry');
INSERT INTO USER_GROUP_MESSAGE(USER_ID, GROUP_MESSAGE_ID, READ_TIMESTAMP, REACTION)
VALUES (2, 307, NULL, 'crying');
INSERT INTO USER_GROUP_MESSAGE(USER_ID, GROUP_MESSAGE_ID, READ_TIMESTAMP, REACTION)
VALUES (3, 307, NULL, 'angry');
INSERT INTO USER_GROUP_MESSAGE(USER_ID, GROUP_MESSAGE_ID, READ_TIMESTAMP, REACTION)
VALUES (4, 307, NULL, 'happy');
INSERT INTO USER_GROUP_MESSAGE(USER_ID, GROUP_MESSAGE_ID, READ_TIMESTAMP, REACTION)
VALUES (5, 307, NULL, 'happy');
INSERT INTO USER_GROUP_MESSAGE(USER_ID, GROUP_MESSAGE_ID, READ_TIMESTAMP, REACTION)
VALUES (6, 307, NULL, 'happy');
INSERT INTO USER_GROUP_MESSAGE(USER_ID, GROUP_MESSAGE_ID, READ_TIMESTAMP, REACTION)
VALUES (7, 307, NULL, 'angry');
INSERT INTO GROUP_MESSAGE(ID, VALUE, TIMESTAMP, AUTHOR_ID, GROUP_ID)
VALUES (308, 'Test', '2019-03-01', '1', 2);
INSERT INTO USER_GROUP_MESSAGE(USER_ID, GROUP_MESSAGE_ID, READ_TIMESTAMP, REACTION)
VALUES (1, 308, NULL, 'crying');
INSERT INTO USER_GROUP_MESSAGE(USER_ID, GROUP_MESSAGE_ID, READ_TIMESTAMP, REACTION)
VALUES (2, 308, NULL, 'crying');
INSERT INTO USER_GROUP_MESSAGE(USER_ID, GROUP_MESSAGE_ID, READ_TIMESTAMP, REACTION)
VALUES (3, 308, NULL, 'crying');
INSERT INTO USER_GROUP_MESSAGE(USER_ID, GROUP_MESSAGE_ID, READ_TIMESTAMP, REACTION)
VALUES (4, 308, NULL, NULL);
INSERT INTO USER_GROUP_MESSAGE(USER_ID, GROUP_MESSAGE_ID, READ_TIMESTAMP, REACTION)
VALUES (5, 308, NULL, 'happy');
INSERT INTO USER_GROUP_MESSAGE(USER_ID, GROUP_MESSAGE_ID, READ_TIMESTAMP, REACTION)
VALUES (6, 308, NULL, 'happy');
INSERT INTO USER_GROUP_MESSAGE(USER_ID, GROUP_MESSAGE_ID, READ_TIMESTAMP, REACTION)
VALUES (7, 308, NULL, 'happy');
INSERT INTO GROUP_MESSAGE(ID, VALUE, TIMESTAMP, AUTHOR_ID, GROUP_ID)
VALUES (309, 'Test', '2019-02-28', '6', 2);
INSERT INTO USER_GROUP_MESSAGE(USER_ID, GROUP_MESSAGE_ID, READ_TIMESTAMP, REACTION)
VALUES (1, 309, NULL, 'happy');
INSERT INTO USER_GROUP_MESSAGE(USER_ID, GROUP_MESSAGE_ID, READ_TIMESTAMP, REACTION)
VALUES (2, 309, NULL, 'crying');
INSERT INTO USER_GROUP_MESSAGE(USER_ID, GROUP_MESSAGE_ID, READ_TIMESTAMP, REACTION)
VALUES (3, 309, NULL, 'angry');
INSERT INTO USER_GROUP_MESSAGE(USER_ID, GROUP_MESSAGE_ID, READ_TIMESTAMP, REACTION)
VALUES (4, 309, NULL, 'crying');
INSERT INTO USER_GROUP_MESSAGE(USER_ID, GROUP_MESSAGE_ID, READ_TIMESTAMP, REACTION)
VALUES (5, 309, NULL, 'happy');
INSERT INTO USER_GROUP_MESSAGE(USER_ID, GROUP_MESSAGE_ID, READ_TIMESTAMP, REACTION)
VALUES (6, 309, NULL, 'happy');
INSERT INTO USER_GROUP_MESSAGE(USER_ID, GROUP_MESSAGE_ID, READ_TIMESTAMP, REACTION)
VALUES (7, 309, NULL, 'crying');
INSERT INTO GROUP_MESSAGE(ID, VALUE, TIMESTAMP, AUTHOR_ID, GROUP_ID)
VALUES (310, 'Test', '2019-02-27', '6', 2);
INSERT INTO USER_GROUP_MESSAGE(USER_ID, GROUP_MESSAGE_ID, READ_TIMESTAMP, REACTION)
VALUES (1, 310, NULL, 'crying');
INSERT INTO USER_GROUP_MESSAGE(USER_ID, GROUP_MESSAGE_ID, READ_TIMESTAMP, REACTION)
VALUES (2, 310, NULL, 'angry');
INSERT INTO USER_GROUP_MESSAGE(USER_ID, GROUP_MESSAGE_ID, READ_TIMESTAMP, REACTION)
VALUES (3, 310, NULL, NULL);
INSERT INTO USER_GROUP_MESSAGE(USER_ID, GROUP_MESSAGE_ID, READ_TIMESTAMP, REACTION)
VALUES (4, 310, NULL, NULL);
INSERT INTO USER_GROUP_MESSAGE(USER_ID, GROUP_MESSAGE_ID, READ_TIMESTAMP, REACTION)
VALUES (5, 310, NULL, NULL);
INSERT INTO USER_GROUP_MESSAGE(USER_ID, GROUP_MESSAGE_ID, READ_TIMESTAMP, REACTION)
VALUES (6, 310, NULL, NULL);
INSERT INTO USER_GROUP_MESSAGE(USER_ID, GROUP_MESSAGE_ID, READ_TIMESTAMP, REACTION)
VALUES (7, 310, NULL, 'angry');
INSERT INTO GROUP_MESSAGE(ID, VALUE, TIMESTAMP, AUTHOR_ID, GROUP_ID)
VALUES (311, 'Test', '2019-02-26', '3', 2);
INSERT INTO USER_GROUP_MESSAGE(USER_ID, GROUP_MESSAGE_ID, READ_TIMESTAMP, REACTION)
VALUES (1, 311, NULL, 'happy');
INSERT INTO USER_GROUP_MESSAGE(USER_ID, GROUP_MESSAGE_ID, READ_TIMESTAMP, REACTION)
VALUES (2, 311, NULL, NULL);
INSERT INTO USER_GROUP_MESSAGE(USER_ID, GROUP_MESSAGE_ID, READ_TIMESTAMP, REACTION)
VALUES (3, 311, NULL, 'crying');
INSERT INTO USER_GROUP_MESSAGE(USER_ID, GROUP_MESSAGE_ID, READ_TIMESTAMP, REACTION)
VALUES (4, 311, NULL, NULL);
INSERT INTO USER_GROUP_MESSAGE(USER_ID, GROUP_MESSAGE_ID, READ_TIMESTAMP, REACTION)
VALUES (5, 311, NULL, 'angry');
INSERT INTO USER_GROUP_MESSAGE(USER_ID, GROUP_MESSAGE_ID, READ_TIMESTAMP, REACTION)
VALUES (6, 311, NULL, 'crying');
INSERT INTO USER_GROUP_MESSAGE(USER_ID, GROUP_MESSAGE_ID, READ_TIMESTAMP, REACTION)
VALUES (7, 311, NULL, 'angry');
INSERT INTO GROUP_MESSAGE(ID, VALUE, TIMESTAMP, AUTHOR_ID, GROUP_ID)
VALUES (312, 'Test', '2019-02-25', '7', 2);
INSERT INTO USER_GROUP_MESSAGE(USER_ID, GROUP_MESSAGE_ID, READ_TIMESTAMP, REACTION)
VALUES (1, 312, NULL, 'crying');
INSERT INTO USER_GROUP_MESSAGE(USER_ID, GROUP_MESSAGE_ID, READ_TIMESTAMP, REACTION)
VALUES (2, 312, NULL, 'angry');
INSERT INTO USER_GROUP_MESSAGE(USER_ID, GROUP_MESSAGE_ID, READ_TIMESTAMP, REACTION)
VALUES (3, 312, NULL, 'crying');
INSERT INTO USER_GROUP_MESSAGE(USER_ID, GROUP_MESSAGE_ID, READ_TIMESTAMP, REACTION)
VALUES (4, 312, NULL, 'crying');
INSERT INTO USER_GROUP_MESSAGE(USER_ID, GROUP_MESSAGE_ID, READ_TIMESTAMP, REACTION)
VALUES (5, 312, NULL, 'angry');
INSERT INTO USER_GROUP_MESSAGE(USER_ID, GROUP_MESSAGE_ID, READ_TIMESTAMP, REACTION)
VALUES (6, 312, NULL, 'happy');
INSERT INTO USER_GROUP_MESSAGE(USER_ID, GROUP_MESSAGE_ID, READ_TIMESTAMP, REACTION)
VALUES (7, 312, NULL, 'crying');
INSERT INTO GROUP_MESSAGE(ID, VALUE, TIMESTAMP, AUTHOR_ID, GROUP_ID)
VALUES (313, 'Test', '2019-02-24', '6', 2);
INSERT INTO USER_GROUP_MESSAGE(USER_ID, GROUP_MESSAGE_ID, READ_TIMESTAMP, REACTION)
VALUES (1, 313, NULL, NULL);
INSERT INTO USER_GROUP_MESSAGE(USER_ID, GROUP_MESSAGE_ID, READ_TIMESTAMP, REACTION)
VALUES (2, 313, NULL, 'happy');
INSERT INTO USER_GROUP_MESSAGE(USER_ID, GROUP_MESSAGE_ID, READ_TIMESTAMP, REACTION)
VALUES (3, 313, NULL, 'crying');
INSERT INTO USER_GROUP_MESSAGE(USER_ID, GROUP_MESSAGE_ID, READ_TIMESTAMP, REACTION)
VALUES (4, 313, NULL, NULL);
INSERT INTO USER_GROUP_MESSAGE(USER_ID, GROUP_MESSAGE_ID, READ_TIMESTAMP, REACTION)
VALUES (5, 313, NULL, 'happy');
INSERT INTO USER_GROUP_MESSAGE(USER_ID, GROUP_MESSAGE_ID, READ_TIMESTAMP, REACTION)
VALUES (6, 313, NULL, 'happy');
INSERT INTO USER_GROUP_MESSAGE(USER_ID, GROUP_MESSAGE_ID, READ_TIMESTAMP, REACTION)
VALUES (7, 313, NULL, 'happy');
INSERT INTO GROUP_MESSAGE(ID, VALUE, TIMESTAMP, AUTHOR_ID, GROUP_ID)
VALUES (314, 'Test', '2019-02-23', '2', 2);
INSERT INTO USER_GROUP_MESSAGE(USER_ID, GROUP_MESSAGE_ID, READ_TIMESTAMP, REACTION)
VALUES (1, 314, NULL, 'angry');
INSERT INTO USER_GROUP_MESSAGE(USER_ID, GROUP_MESSAGE_ID, READ_TIMESTAMP, REACTION)
VALUES (2, 314, NULL, 'angry');
INSERT INTO USER_GROUP_MESSAGE(USER_ID, GROUP_MESSAGE_ID, READ_TIMESTAMP, REACTION)
VALUES (3, 314, NULL, NULL);
INSERT INTO USER_GROUP_MESSAGE(USER_ID, GROUP_MESSAGE_ID, READ_TIMESTAMP, REACTION)
VALUES (4, 314, NULL, NULL);
INSERT INTO USER_GROUP_MESSAGE(USER_ID, GROUP_MESSAGE_ID, READ_TIMESTAMP, REACTION)
VALUES (5, 314, NULL, NULL);
INSERT INTO USER_GROUP_MESSAGE(USER_ID, GROUP_MESSAGE_ID, READ_TIMESTAMP, REACTION)
VALUES (6, 314, NULL, NULL);
INSERT INTO USER_GROUP_MESSAGE(USER_ID, GROUP_MESSAGE_ID, READ_TIMESTAMP, REACTION)
VALUES (7, 314, NULL, 'happy');
INSERT INTO GROUP_MESSAGE(ID, VALUE, TIMESTAMP, AUTHOR_ID, GROUP_ID)
VALUES (315, 'Test', '2019-02-22', '4', 2);
INSERT INTO USER_GROUP_MESSAGE(USER_ID, GROUP_MESSAGE_ID, READ_TIMESTAMP, REACTION)
VALUES (1, 315, NULL, 'crying');
INSERT INTO USER_GROUP_MESSAGE(USER_ID, GROUP_MESSAGE_ID, READ_TIMESTAMP, REACTION)
VALUES (2, 315, NULL, 'happy');
INSERT INTO USER_GROUP_MESSAGE(USER_ID, GROUP_MESSAGE_ID, READ_TIMESTAMP, REACTION)
VALUES (3, 315, NULL, 'happy');
INSERT INTO USER_GROUP_MESSAGE(USER_ID, GROUP_MESSAGE_ID, READ_TIMESTAMP, REACTION)
VALUES (4, 315, NULL, 'crying');
INSERT INTO USER_GROUP_MESSAGE(USER_ID, GROUP_MESSAGE_ID, READ_TIMESTAMP, REACTION)
VALUES (5, 315, NULL, NULL);
INSERT INTO USER_GROUP_MESSAGE(USER_ID, GROUP_MESSAGE_ID, READ_TIMESTAMP, REACTION)
VALUES (6, 315, NULL, 'happy');
INSERT INTO USER_GROUP_MESSAGE(USER_ID, GROUP_MESSAGE_ID, READ_TIMESTAMP, REACTION)
VALUES (7, 315, NULL, 'angry');
INSERT INTO GROUP_MESSAGE(ID, VALUE, TIMESTAMP, AUTHOR_ID, GROUP_ID)
VALUES (316, 'Test', '2019-02-21', '6', 2);
INSERT INTO USER_GROUP_MESSAGE(USER_ID, GROUP_MESSAGE_ID, READ_TIMESTAMP, REACTION)
VALUES (1, 316, NULL, NULL);
INSERT INTO USER_GROUP_MESSAGE(USER_ID, GROUP_MESSAGE_ID, READ_TIMESTAMP, REACTION)
VALUES (2, 316, NULL, 'crying');
INSERT INTO USER_GROUP_MESSAGE(USER_ID, GROUP_MESSAGE_ID, READ_TIMESTAMP, REACTION)
VALUES (3, 316, NULL, 'crying');
INSERT INTO USER_GROUP_MESSAGE(USER_ID, GROUP_MESSAGE_ID, READ_TIMESTAMP, REACTION)
VALUES (4, 316, NULL, 'happy');
INSERT INTO USER_GROUP_MESSAGE(USER_ID, GROUP_MESSAGE_ID, READ_TIMESTAMP, REACTION)
VALUES (5, 316, NULL, 'angry');
INSERT INTO USER_GROUP_MESSAGE(USER_ID, GROUP_MESSAGE_ID, READ_TIMESTAMP, REACTION)
VALUES (6, 316, NULL, 'happy');
INSERT INTO USER_GROUP_MESSAGE(USER_ID, GROUP_MESSAGE_ID, READ_TIMESTAMP, REACTION)
VALUES (7, 316, NULL, 'happy');
INSERT INTO GROUP_MESSAGE(ID, VALUE, TIMESTAMP, AUTHOR_ID, GROUP_ID)
VALUES (317, 'Test', '2019-02-20', '2', 2);
INSERT INTO USER_GROUP_MESSAGE(USER_ID, GROUP_MESSAGE_ID, READ_TIMESTAMP, REACTION)
VALUES (1, 317, NULL, 'happy');
INSERT INTO USER_GROUP_MESSAGE(USER_ID, GROUP_MESSAGE_ID, READ_TIMESTAMP, REACTION)
VALUES (2, 317, NULL, 'angry');
INSERT INTO USER_GROUP_MESSAGE(USER_ID, GROUP_MESSAGE_ID, READ_TIMESTAMP, REACTION)
VALUES (3, 317, NULL, 'happy');
INSERT INTO USER_GROUP_MESSAGE(USER_ID, GROUP_MESSAGE_ID, READ_TIMESTAMP, REACTION)
VALUES (4, 317, NULL, 'happy');
INSERT INTO USER_GROUP_MESSAGE(USER_ID, GROUP_MESSAGE_ID, READ_TIMESTAMP, REACTION)
VALUES (5, 317, NULL, 'crying');
INSERT INTO USER_GROUP_MESSAGE(USER_ID, GROUP_MESSAGE_ID, READ_TIMESTAMP, REACTION)
VALUES (6, 317, NULL, 'angry');
INSERT INTO USER_GROUP_MESSAGE(USER_ID, GROUP_MESSAGE_ID, READ_TIMESTAMP, REACTION)
VALUES (7, 317, NULL, 'angry');
INSERT INTO GROUP_MESSAGE(ID, VALUE, TIMESTAMP, AUTHOR_ID, GROUP_ID)
VALUES (318, 'Test', '2019-02-19', '5', 2);
INSERT INTO USER_GROUP_MESSAGE(USER_ID, GROUP_MESSAGE_ID, READ_TIMESTAMP, REACTION)
VALUES (1, 318, NULL, NULL);
INSERT INTO USER_GROUP_MESSAGE(USER_ID, GROUP_MESSAGE_ID, READ_TIMESTAMP, REACTION)
VALUES (2, 318, NULL, 'crying');
INSERT INTO USER_GROUP_MESSAGE(USER_ID, GROUP_MESSAGE_ID, READ_TIMESTAMP, REACTION)
VALUES (3, 318, NULL, NULL);
INSERT INTO USER_GROUP_MESSAGE(USER_ID, GROUP_MESSAGE_ID, READ_TIMESTAMP, REACTION)
VALUES (4, 318, NULL, 'crying');
INSERT INTO USER_GROUP_MESSAGE(USER_ID, GROUP_MESSAGE_ID, READ_TIMESTAMP, REACTION)
VALUES (5, 318, NULL, 'happy');
INSERT INTO USER_GROUP_MESSAGE(USER_ID, GROUP_MESSAGE_ID, READ_TIMESTAMP, REACTION)
VALUES (6, 318, NULL, 'angry');
INSERT INTO USER_GROUP_MESSAGE(USER_ID, GROUP_MESSAGE_ID, READ_TIMESTAMP, REACTION)
VALUES (7, 318, NULL, 'happy');
INSERT INTO GROUP_MESSAGE(ID, VALUE, TIMESTAMP, AUTHOR_ID, GROUP_ID)
VALUES (319, 'Test', '2019-02-18', '3', 2);
INSERT INTO USER_GROUP_MESSAGE(USER_ID, GROUP_MESSAGE_ID, READ_TIMESTAMP, REACTION)
VALUES (1, 319, NULL, NULL);
INSERT INTO USER_GROUP_MESSAGE(USER_ID, GROUP_MESSAGE_ID, READ_TIMESTAMP, REACTION)
VALUES (2, 319, NULL, 'happy');
INSERT INTO USER_GROUP_MESSAGE(USER_ID, GROUP_MESSAGE_ID, READ_TIMESTAMP, REACTION)
VALUES (3, 319, NULL, NULL);
INSERT INTO USER_GROUP_MESSAGE(USER_ID, GROUP_MESSAGE_ID, READ_TIMESTAMP, REACTION)
VALUES (4, 319, NULL, 'crying');
INSERT INTO USER_GROUP_MESSAGE(USER_ID, GROUP_MESSAGE_ID, READ_TIMESTAMP, REACTION)
VALUES (5, 319, NULL, 'happy');
INSERT INTO USER_GROUP_MESSAGE(USER_ID, GROUP_MESSAGE_ID, READ_TIMESTAMP, REACTION)
VALUES (6, 319, NULL, 'angry');
INSERT INTO USER_GROUP_MESSAGE(USER_ID, GROUP_MESSAGE_ID, READ_TIMESTAMP, REACTION)
VALUES (7, 319, NULL, 'angry');
INSERT INTO GROUP_MESSAGE(ID, VALUE, TIMESTAMP, AUTHOR_ID, GROUP_ID)
VALUES (320, 'Test', '2019-02-17', '6', 2);
INSERT INTO USER_GROUP_MESSAGE(USER_ID, GROUP_MESSAGE_ID, READ_TIMESTAMP, REACTION)
VALUES (1, 320, NULL, 'angry');
INSERT INTO USER_GROUP_MESSAGE(USER_ID, GROUP_MESSAGE_ID, READ_TIMESTAMP, REACTION)
VALUES (2, 320, NULL, NULL);
INSERT INTO USER_GROUP_MESSAGE(USER_ID, GROUP_MESSAGE_ID, READ_TIMESTAMP, REACTION)
VALUES (3, 320, NULL, 'angry');
INSERT INTO USER_GROUP_MESSAGE(USER_ID, GROUP_MESSAGE_ID, READ_TIMESTAMP, REACTION)
VALUES (4, 320, NULL, NULL);
INSERT INTO USER_GROUP_MESSAGE(USER_ID, GROUP_MESSAGE_ID, READ_TIMESTAMP, REACTION)
VALUES (5, 320, NULL, 'crying');
INSERT INTO USER_GROUP_MESSAGE(USER_ID, GROUP_MESSAGE_ID, READ_TIMESTAMP, REACTION)
VALUES (6, 320, NULL, 'crying');
INSERT INTO USER_GROUP_MESSAGE(USER_ID, GROUP_MESSAGE_ID, READ_TIMESTAMP, REACTION)
VALUES (7, 320, NULL, NULL);
INSERT INTO GROUP_MESSAGE(ID, VALUE, TIMESTAMP, AUTHOR_ID, GROUP_ID)
VALUES (321, 'Test', '2019-02-16', '5', 2);
INSERT INTO USER_GROUP_MESSAGE(USER_ID, GROUP_MESSAGE_ID, READ_TIMESTAMP, REACTION)
VALUES (1, 321, NULL, NULL);
INSERT INTO USER_GROUP_MESSAGE(USER_ID, GROUP_MESSAGE_ID, READ_TIMESTAMP, REACTION)
VALUES (2, 321, NULL, 'crying');
INSERT INTO USER_GROUP_MESSAGE(USER_ID, GROUP_MESSAGE_ID, READ_TIMESTAMP, REACTION)
VALUES (3, 321, NULL, NULL);
INSERT INTO USER_GROUP_MESSAGE(USER_ID, GROUP_MESSAGE_ID, READ_TIMESTAMP, REACTION)
VALUES (4, 321, NULL, NULL);
INSERT INTO USER_GROUP_MESSAGE(USER_ID, GROUP_MESSAGE_ID, READ_TIMESTAMP, REACTION)
VALUES (5, 321, NULL, NULL);
INSERT INTO USER_GROUP_MESSAGE(USER_ID, GROUP_MESSAGE_ID, READ_TIMESTAMP, REACTION)
VALUES (6, 321, NULL, 'crying');
INSERT INTO USER_GROUP_MESSAGE(USER_ID, GROUP_MESSAGE_ID, READ_TIMESTAMP, REACTION)
VALUES (7, 321, NULL, 'crying');
INSERT INTO GROUP_MESSAGE(ID, VALUE, TIMESTAMP, AUTHOR_ID, GROUP_ID)
VALUES (322, 'Test', '2019-02-15', '5', 2);
INSERT INTO USER_GROUP_MESSAGE(USER_ID, GROUP_MESSAGE_ID, READ_TIMESTAMP, REACTION)
VALUES (1, 322, NULL, 'happy');
INSERT INTO USER_GROUP_MESSAGE(USER_ID, GROUP_MESSAGE_ID, READ_TIMESTAMP, REACTION)
VALUES (2, 322, NULL, 'crying');
INSERT INTO USER_GROUP_MESSAGE(USER_ID, GROUP_MESSAGE_ID, READ_TIMESTAMP, REACTION)
VALUES (3, 322, NULL, 'angry');
INSERT INTO USER_GROUP_MESSAGE(USER_ID, GROUP_MESSAGE_ID, READ_TIMESTAMP, REACTION)
VALUES (4, 322, NULL, NULL);
INSERT INTO USER_GROUP_MESSAGE(USER_ID, GROUP_MESSAGE_ID, READ_TIMESTAMP, REACTION)
VALUES (5, 322, NULL, 'angry');
INSERT INTO USER_GROUP_MESSAGE(USER_ID, GROUP_MESSAGE_ID, READ_TIMESTAMP, REACTION)
VALUES (6, 322, NULL, 'crying');
INSERT INTO USER_GROUP_MESSAGE(USER_ID, GROUP_MESSAGE_ID, READ_TIMESTAMP, REACTION)
VALUES (7, 322, NULL, NULL);
INSERT INTO GROUP_MESSAGE(ID, VALUE, TIMESTAMP, AUTHOR_ID, GROUP_ID)
VALUES (323, 'Test', '2019-02-14', '5', 2);
INSERT INTO USER_GROUP_MESSAGE(USER_ID, GROUP_MESSAGE_ID, READ_TIMESTAMP, REACTION)
VALUES (1, 323, NULL, 'crying');
INSERT INTO USER_GROUP_MESSAGE(USER_ID, GROUP_MESSAGE_ID, READ_TIMESTAMP, REACTION)
VALUES (2, 323, NULL, 'angry');
INSERT INTO USER_GROUP_MESSAGE(USER_ID, GROUP_MESSAGE_ID, READ_TIMESTAMP, REACTION)
VALUES (3, 323, NULL, 'happy');
INSERT INTO USER_GROUP_MESSAGE(USER_ID, GROUP_MESSAGE_ID, READ_TIMESTAMP, REACTION)
VALUES (4, 323, NULL, 'angry');
INSERT INTO USER_GROUP_MESSAGE(USER_ID, GROUP_MESSAGE_ID, READ_TIMESTAMP, REACTION)
VALUES (5, 323, NULL, NULL);
INSERT INTO USER_GROUP_MESSAGE(USER_ID, GROUP_MESSAGE_ID, READ_TIMESTAMP, REACTION)
VALUES (6, 323, NULL, 'crying');
INSERT INTO USER_GROUP_MESSAGE(USER_ID, GROUP_MESSAGE_ID, READ_TIMESTAMP, REACTION)
VALUES (7, 323, NULL, 'crying');
INSERT INTO GROUP_MESSAGE(ID, VALUE, TIMESTAMP, AUTHOR_ID, GROUP_ID)
VALUES (324, 'Test', '2019-02-13', '1', 2);
INSERT INTO USER_GROUP_MESSAGE(USER_ID, GROUP_MESSAGE_ID, READ_TIMESTAMP, REACTION)
VALUES (1, 324, NULL, 'angry');
INSERT INTO USER_GROUP_MESSAGE(USER_ID, GROUP_MESSAGE_ID, READ_TIMESTAMP, REACTION)
VALUES (2, 324, NULL, 'angry');
INSERT INTO USER_GROUP_MESSAGE(USER_ID, GROUP_MESSAGE_ID, READ_TIMESTAMP, REACTION)
VALUES (3, 324, NULL, 'happy');
INSERT INTO USER_GROUP_MESSAGE(USER_ID, GROUP_MESSAGE_ID, READ_TIMESTAMP, REACTION)
VALUES (4, 324, NULL, 'crying');
INSERT INTO USER_GROUP_MESSAGE(USER_ID, GROUP_MESSAGE_ID, READ_TIMESTAMP, REACTION)
VALUES (5, 324, NULL, 'crying');
INSERT INTO USER_GROUP_MESSAGE(USER_ID, GROUP_MESSAGE_ID, READ_TIMESTAMP, REACTION)
VALUES (6, 324, NULL, 'angry');
INSERT INTO USER_GROUP_MESSAGE(USER_ID, GROUP_MESSAGE_ID, READ_TIMESTAMP, REACTION)
VALUES (7, 324, NULL, 'happy');
INSERT INTO GROUP_MESSAGE(ID, VALUE, TIMESTAMP, AUTHOR_ID, GROUP_ID)
VALUES (325, 'Test', '2019-02-12', '6', 2);
INSERT INTO USER_GROUP_MESSAGE(USER_ID, GROUP_MESSAGE_ID, READ_TIMESTAMP, REACTION)
VALUES (1, 325, NULL, 'crying');
INSERT INTO USER_GROUP_MESSAGE(USER_ID, GROUP_MESSAGE_ID, READ_TIMESTAMP, REACTION)
VALUES (2, 325, NULL, 'crying');
INSERT INTO USER_GROUP_MESSAGE(USER_ID, GROUP_MESSAGE_ID, READ_TIMESTAMP, REACTION)
VALUES (3, 325, NULL, 'crying');
INSERT INTO USER_GROUP_MESSAGE(USER_ID, GROUP_MESSAGE_ID, READ_TIMESTAMP, REACTION)
VALUES (4, 325, NULL, 'crying');
INSERT INTO USER_GROUP_MESSAGE(USER_ID, GROUP_MESSAGE_ID, READ_TIMESTAMP, REACTION)
VALUES (5, 325, NULL, 'happy');
INSERT INTO USER_GROUP_MESSAGE(USER_ID, GROUP_MESSAGE_ID, READ_TIMESTAMP, REACTION)
VALUES (6, 325, NULL, 'angry');
INSERT INTO USER_GROUP_MESSAGE(USER_ID, GROUP_MESSAGE_ID, READ_TIMESTAMP, REACTION)
VALUES (7, 325, NULL, 'crying');
INSERT INTO GROUP_MESSAGE(ID, VALUE, TIMESTAMP, AUTHOR_ID, GROUP_ID)
VALUES (326, 'Test', '2019-02-11', '4', 2);
INSERT INTO USER_GROUP_MESSAGE(USER_ID, GROUP_MESSAGE_ID, READ_TIMESTAMP, REACTION)
VALUES (1, 326, NULL, 'happy');
INSERT INTO USER_GROUP_MESSAGE(USER_ID, GROUP_MESSAGE_ID, READ_TIMESTAMP, REACTION)
VALUES (2, 326, NULL, NULL);
INSERT INTO USER_GROUP_MESSAGE(USER_ID, GROUP_MESSAGE_ID, READ_TIMESTAMP, REACTION)
VALUES (3, 326, NULL, 'happy');
INSERT INTO USER_GROUP_MESSAGE(USER_ID, GROUP_MESSAGE_ID, READ_TIMESTAMP, REACTION)
VALUES (4, 326, NULL, 'happy');
INSERT INTO USER_GROUP_MESSAGE(USER_ID, GROUP_MESSAGE_ID, READ_TIMESTAMP, REACTION)
VALUES (5, 326, NULL, NULL);
INSERT INTO USER_GROUP_MESSAGE(USER_ID, GROUP_MESSAGE_ID, READ_TIMESTAMP, REACTION)
VALUES (6, 326, NULL, 'angry');
INSERT INTO USER_GROUP_MESSAGE(USER_ID, GROUP_MESSAGE_ID, READ_TIMESTAMP, REACTION)
VALUES (7, 326, NULL, 'angry');
INSERT INTO GROUP_MESSAGE(ID, VALUE, TIMESTAMP, AUTHOR_ID, GROUP_ID)
VALUES (327, 'Test', '2019-02-10', '4', 2);
INSERT INTO USER_GROUP_MESSAGE(USER_ID, GROUP_MESSAGE_ID, READ_TIMESTAMP, REACTION)
VALUES (1, 327, NULL, 'angry');
INSERT INTO USER_GROUP_MESSAGE(USER_ID, GROUP_MESSAGE_ID, READ_TIMESTAMP, REACTION)
VALUES (2, 327, NULL, 'angry');
INSERT INTO USER_GROUP_MESSAGE(USER_ID, GROUP_MESSAGE_ID, READ_TIMESTAMP, REACTION)
VALUES (3, 327, NULL, 'happy');
INSERT INTO USER_GROUP_MESSAGE(USER_ID, GROUP_MESSAGE_ID, READ_TIMESTAMP, REACTION)
VALUES (4, 327, NULL, 'angry');
INSERT INTO USER_GROUP_MESSAGE(USER_ID, GROUP_MESSAGE_ID, READ_TIMESTAMP, REACTION)
VALUES (5, 327, NULL, NULL);
INSERT INTO USER_GROUP_MESSAGE(USER_ID, GROUP_MESSAGE_ID, READ_TIMESTAMP, REACTION)
VALUES (6, 327, NULL, NULL);
INSERT INTO USER_GROUP_MESSAGE(USER_ID, GROUP_MESSAGE_ID, READ_TIMESTAMP, REACTION)
VALUES (7, 327, NULL, 'happy');
INSERT INTO GROUP_MESSAGE(ID, VALUE, TIMESTAMP, AUTHOR_ID, GROUP_ID)
VALUES (328, 'Test', '2019-02-09', '1', 2);
INSERT INTO USER_GROUP_MESSAGE(USER_ID, GROUP_MESSAGE_ID, READ_TIMESTAMP, REACTION)
VALUES (1, 328, NULL, 'angry');
INSERT INTO USER_GROUP_MESSAGE(USER_ID, GROUP_MESSAGE_ID, READ_TIMESTAMP, REACTION)
VALUES (2, 328, NULL, 'angry');
INSERT INTO USER_GROUP_MESSAGE(USER_ID, GROUP_MESSAGE_ID, READ_TIMESTAMP, REACTION)
VALUES (3, 328, NULL, NULL);
INSERT INTO USER_GROUP_MESSAGE(USER_ID, GROUP_MESSAGE_ID, READ_TIMESTAMP, REACTION)
VALUES (4, 328, NULL, 'crying');
INSERT INTO USER_GROUP_MESSAGE(USER_ID, GROUP_MESSAGE_ID, READ_TIMESTAMP, REACTION)
VALUES (5, 328, NULL, NULL);
INSERT INTO USER_GROUP_MESSAGE(USER_ID, GROUP_MESSAGE_ID, READ_TIMESTAMP, REACTION)
VALUES (6, 328, NULL, 'crying');
INSERT INTO USER_GROUP_MESSAGE(USER_ID, GROUP_MESSAGE_ID, READ_TIMESTAMP, REACTION)
VALUES (7, 328, NULL, 'crying');
INSERT INTO GROUP_MESSAGE(ID, VALUE, TIMESTAMP, AUTHOR_ID, GROUP_ID)
VALUES (329, 'Test', '2019-02-08', '4', 2);
INSERT INTO USER_GROUP_MESSAGE(USER_ID, GROUP_MESSAGE_ID, READ_TIMESTAMP, REACTION)
VALUES (1, 329, NULL, NULL);
INSERT INTO USER_GROUP_MESSAGE(USER_ID, GROUP_MESSAGE_ID, READ_TIMESTAMP, REACTION)
VALUES (2, 329, NULL, 'happy');
INSERT INTO USER_GROUP_MESSAGE(USER_ID, GROUP_MESSAGE_ID, READ_TIMESTAMP, REACTION)
VALUES (3, 329, NULL, 'angry');
INSERT INTO USER_GROUP_MESSAGE(USER_ID, GROUP_MESSAGE_ID, READ_TIMESTAMP, REACTION)
VALUES (4, 329, NULL, NULL);
INSERT INTO USER_GROUP_MESSAGE(USER_ID, GROUP_MESSAGE_ID, READ_TIMESTAMP, REACTION)
VALUES (5, 329, NULL, 'angry');
INSERT INTO USER_GROUP_MESSAGE(USER_ID, GROUP_MESSAGE_ID, READ_TIMESTAMP, REACTION)
VALUES (6, 329, NULL, NULL);
INSERT INTO USER_GROUP_MESSAGE(USER_ID, GROUP_MESSAGE_ID, READ_TIMESTAMP, REACTION)
VALUES (7, 329, NULL, NULL);
INSERT INTO GROUP_MESSAGE(ID, VALUE, TIMESTAMP, AUTHOR_ID, GROUP_ID)
VALUES (330, 'Test', '2019-02-07', '3', 2);
INSERT INTO USER_GROUP_MESSAGE(USER_ID, GROUP_MESSAGE_ID, READ_TIMESTAMP, REACTION)
VALUES (1, 330, NULL, 'crying');
INSERT INTO USER_GROUP_MESSAGE(USER_ID, GROUP_MESSAGE_ID, READ_TIMESTAMP, REACTION)
VALUES (2, 330, NULL, NULL);
INSERT INTO USER_GROUP_MESSAGE(USER_ID, GROUP_MESSAGE_ID, READ_TIMESTAMP, REACTION)
VALUES (3, 330, NULL, 'angry');
INSERT INTO USER_GROUP_MESSAGE(USER_ID, GROUP_MESSAGE_ID, READ_TIMESTAMP, REACTION)
VALUES (4, 330, NULL, NULL);
INSERT INTO USER_GROUP_MESSAGE(USER_ID, GROUP_MESSAGE_ID, READ_TIMESTAMP, REACTION)
VALUES (5, 330, NULL, NULL);
INSERT INTO USER_GROUP_MESSAGE(USER_ID, GROUP_MESSAGE_ID, READ_TIMESTAMP, REACTION)
VALUES (6, 330, NULL, NULL);
INSERT INTO USER_GROUP_MESSAGE(USER_ID, GROUP_MESSAGE_ID, READ_TIMESTAMP, REACTION)
VALUES (7, 330, NULL, NULL);
INSERT INTO GROUP_MESSAGE(ID, VALUE, TIMESTAMP, AUTHOR_ID, GROUP_ID)
VALUES (331, 'Test', '2019-02-06', '7', 2);
INSERT INTO USER_GROUP_MESSAGE(USER_ID, GROUP_MESSAGE_ID, READ_TIMESTAMP, REACTION)
VALUES (1, 331, NULL, 'angry');
INSERT INTO USER_GROUP_MESSAGE(USER_ID, GROUP_MESSAGE_ID, READ_TIMESTAMP, REACTION)
VALUES (2, 331, NULL, 'crying');
INSERT INTO USER_GROUP_MESSAGE(USER_ID, GROUP_MESSAGE_ID, READ_TIMESTAMP, REACTION)
VALUES (3, 331, NULL, 'happy');
INSERT INTO USER_GROUP_MESSAGE(USER_ID, GROUP_MESSAGE_ID, READ_TIMESTAMP, REACTION)
VALUES (4, 331, NULL, 'angry');
INSERT INTO USER_GROUP_MESSAGE(USER_ID, GROUP_MESSAGE_ID, READ_TIMESTAMP, REACTION)
VALUES (5, 331, NULL, 'happy');
INSERT INTO USER_GROUP_MESSAGE(USER_ID, GROUP_MESSAGE_ID, READ_TIMESTAMP, REACTION)
VALUES (6, 331, NULL, 'crying');
INSERT INTO USER_GROUP_MESSAGE(USER_ID, GROUP_MESSAGE_ID, READ_TIMESTAMP, REACTION)
VALUES (7, 331, NULL, 'happy');
INSERT INTO GROUP_MESSAGE(ID, VALUE, TIMESTAMP, AUTHOR_ID, GROUP_ID)
VALUES (332, 'Test', '2019-02-05', '1', 2);
INSERT INTO USER_GROUP_MESSAGE(USER_ID, GROUP_MESSAGE_ID, READ_TIMESTAMP, REACTION)
VALUES (1, 332, NULL, 'crying');
INSERT INTO USER_GROUP_MESSAGE(USER_ID, GROUP_MESSAGE_ID, READ_TIMESTAMP, REACTION)
VALUES (2, 332, NULL, 'angry');
INSERT INTO USER_GROUP_MESSAGE(USER_ID, GROUP_MESSAGE_ID, READ_TIMESTAMP, REACTION)
VALUES (3, 332, NULL, NULL);
INSERT INTO USER_GROUP_MESSAGE(USER_ID, GROUP_MESSAGE_ID, READ_TIMESTAMP, REACTION)
VALUES (4, 332, NULL, 'crying');
INSERT INTO USER_GROUP_MESSAGE(USER_ID, GROUP_MESSAGE_ID, READ_TIMESTAMP, REACTION)
VALUES (5, 332, NULL, 'angry');
INSERT INTO USER_GROUP_MESSAGE(USER_ID, GROUP_MESSAGE_ID, READ_TIMESTAMP, REACTION)
VALUES (6, 332, NULL, 'happy');
INSERT INTO USER_GROUP_MESSAGE(USER_ID, GROUP_MESSAGE_ID, READ_TIMESTAMP, REACTION)
VALUES (7, 332, NULL, 'angry');
INSERT INTO GROUP_MESSAGE(ID, VALUE, TIMESTAMP, AUTHOR_ID, GROUP_ID)
VALUES (333, 'Test', '2019-02-04', '4', 2);
INSERT INTO USER_GROUP_MESSAGE(USER_ID, GROUP_MESSAGE_ID, READ_TIMESTAMP, REACTION)
VALUES (1, 333, NULL, 'crying');
INSERT INTO USER_GROUP_MESSAGE(USER_ID, GROUP_MESSAGE_ID, READ_TIMESTAMP, REACTION)
VALUES (2, 333, NULL, 'angry');
INSERT INTO USER_GROUP_MESSAGE(USER_ID, GROUP_MESSAGE_ID, READ_TIMESTAMP, REACTION)
VALUES (3, 333, NULL, NULL);
INSERT INTO USER_GROUP_MESSAGE(USER_ID, GROUP_MESSAGE_ID, READ_TIMESTAMP, REACTION)
VALUES (4, 333, NULL, NULL);
INSERT INTO USER_GROUP_MESSAGE(USER_ID, GROUP_MESSAGE_ID, READ_TIMESTAMP, REACTION)
VALUES (5, 333, NULL, 'happy');
INSERT INTO USER_GROUP_MESSAGE(USER_ID, GROUP_MESSAGE_ID, READ_TIMESTAMP, REACTION)
VALUES (6, 333, NULL, NULL);
INSERT INTO USER_GROUP_MESSAGE(USER_ID, GROUP_MESSAGE_ID, READ_TIMESTAMP, REACTION)
VALUES (7, 333, NULL, NULL);
INSERT INTO GROUP_MESSAGE(ID, VALUE, TIMESTAMP, AUTHOR_ID, GROUP_ID)
VALUES (334, 'Test', '2019-02-03', '1', 2);
INSERT INTO USER_GROUP_MESSAGE(USER_ID, GROUP_MESSAGE_ID, READ_TIMESTAMP, REACTION)
VALUES (1, 334, NULL, 'angry');
INSERT INTO USER_GROUP_MESSAGE(USER_ID, GROUP_MESSAGE_ID, READ_TIMESTAMP, REACTION)
VALUES (2, 334, NULL, 'happy');
INSERT INTO USER_GROUP_MESSAGE(USER_ID, GROUP_MESSAGE_ID, READ_TIMESTAMP, REACTION)
VALUES (3, 334, NULL, 'crying');
INSERT INTO USER_GROUP_MESSAGE(USER_ID, GROUP_MESSAGE_ID, READ_TIMESTAMP, REACTION)
VALUES (4, 334, NULL, 'crying');
INSERT INTO USER_GROUP_MESSAGE(USER_ID, GROUP_MESSAGE_ID, READ_TIMESTAMP, REACTION)
VALUES (5, 334, NULL, 'crying');
INSERT INTO USER_GROUP_MESSAGE(USER_ID, GROUP_MESSAGE_ID, READ_TIMESTAMP, REACTION)
VALUES (6, 334, NULL, 'crying');
INSERT INTO USER_GROUP_MESSAGE(USER_ID, GROUP_MESSAGE_ID, READ_TIMESTAMP, REACTION)
VALUES (7, 334, NULL, NULL);
INSERT INTO GROUP_MESSAGE(ID, VALUE, TIMESTAMP, AUTHOR_ID, GROUP_ID)
VALUES (335, 'Test', '2019-02-02', '7', 2);
INSERT INTO USER_GROUP_MESSAGE(USER_ID, GROUP_MESSAGE_ID, READ_TIMESTAMP, REACTION)
VALUES (1, 335, NULL, NULL);
INSERT INTO USER_GROUP_MESSAGE(USER_ID, GROUP_MESSAGE_ID, READ_TIMESTAMP, REACTION)
VALUES (2, 335, NULL, 'angry');
INSERT INTO USER_GROUP_MESSAGE(USER_ID, GROUP_MESSAGE_ID, READ_TIMESTAMP, REACTION)
VALUES (3, 335, NULL, 'angry');
INSERT INTO USER_GROUP_MESSAGE(USER_ID, GROUP_MESSAGE_ID, READ_TIMESTAMP, REACTION)
VALUES (4, 335, NULL, NULL);
INSERT INTO USER_GROUP_MESSAGE(USER_ID, GROUP_MESSAGE_ID, READ_TIMESTAMP, REACTION)
VALUES (5, 335, NULL, 'angry');
INSERT INTO USER_GROUP_MESSAGE(USER_ID, GROUP_MESSAGE_ID, READ_TIMESTAMP, REACTION)
VALUES (6, 335, NULL, 'angry');
INSERT INTO USER_GROUP_MESSAGE(USER_ID, GROUP_MESSAGE_ID, READ_TIMESTAMP, REACTION)
VALUES (7, 335, NULL, 'happy');
INSERT INTO GROUP_MESSAGE(ID, VALUE, TIMESTAMP, AUTHOR_ID, GROUP_ID)
VALUES (336, 'Test', '2019-02-01', '1', 2);
INSERT INTO USER_GROUP_MESSAGE(USER_ID, GROUP_MESSAGE_ID, READ_TIMESTAMP, REACTION)
VALUES (1, 336, NULL, NULL);
INSERT INTO USER_GROUP_MESSAGE(USER_ID, GROUP_MESSAGE_ID, READ_TIMESTAMP, REACTION)
VALUES (2, 336, NULL, 'angry');
INSERT INTO USER_GROUP_MESSAGE(USER_ID, GROUP_MESSAGE_ID, READ_TIMESTAMP, REACTION)
VALUES (3, 336, NULL, 'crying');
INSERT INTO USER_GROUP_MESSAGE(USER_ID, GROUP_MESSAGE_ID, READ_TIMESTAMP, REACTION)
VALUES (4, 336, NULL, NULL);
INSERT INTO USER_GROUP_MESSAGE(USER_ID, GROUP_MESSAGE_ID, READ_TIMESTAMP, REACTION)
VALUES (5, 336, NULL, NULL);
INSERT INTO USER_GROUP_MESSAGE(USER_ID, GROUP_MESSAGE_ID, READ_TIMESTAMP, REACTION)
VALUES (6, 336, NULL, NULL);
INSERT INTO USER_GROUP_MESSAGE(USER_ID, GROUP_MESSAGE_ID, READ_TIMESTAMP, REACTION)
VALUES (7, 336, NULL, 'angry');
INSERT INTO GROUP_MESSAGE(ID, VALUE, TIMESTAMP, AUTHOR_ID, GROUP_ID)
VALUES (337, 'Test', '2019-01-31', '5', 2);
INSERT INTO USER_GROUP_MESSAGE(USER_ID, GROUP_MESSAGE_ID, READ_TIMESTAMP, REACTION)
VALUES (1, 337, NULL, 'crying');
INSERT INTO USER_GROUP_MESSAGE(USER_ID, GROUP_MESSAGE_ID, READ_TIMESTAMP, REACTION)
VALUES (2, 337, NULL, 'happy');
INSERT INTO USER_GROUP_MESSAGE(USER_ID, GROUP_MESSAGE_ID, READ_TIMESTAMP, REACTION)
VALUES (3, 337, NULL, 'crying');
INSERT INTO USER_GROUP_MESSAGE(USER_ID, GROUP_MESSAGE_ID, READ_TIMESTAMP, REACTION)
VALUES (4, 337, NULL, 'crying');
INSERT INTO USER_GROUP_MESSAGE(USER_ID, GROUP_MESSAGE_ID, READ_TIMESTAMP, REACTION)
VALUES (5, 337, NULL, 'happy');
INSERT INTO USER_GROUP_MESSAGE(USER_ID, GROUP_MESSAGE_ID, READ_TIMESTAMP, REACTION)
VALUES (6, 337, NULL, 'happy');
INSERT INTO USER_GROUP_MESSAGE(USER_ID, GROUP_MESSAGE_ID, READ_TIMESTAMP, REACTION)
VALUES (7, 337, NULL, 'crying');
INSERT INTO GROUP_MESSAGE(ID, VALUE, TIMESTAMP, AUTHOR_ID, GROUP_ID)
VALUES (338, 'Test', '2019-01-30', '2', 2);
INSERT INTO USER_GROUP_MESSAGE(USER_ID, GROUP_MESSAGE_ID, READ_TIMESTAMP, REACTION)
VALUES (1, 338, NULL, 'angry');
INSERT INTO USER_GROUP_MESSAGE(USER_ID, GROUP_MESSAGE_ID, READ_TIMESTAMP, REACTION)
VALUES (2, 338, NULL, NULL);
INSERT INTO USER_GROUP_MESSAGE(USER_ID, GROUP_MESSAGE_ID, READ_TIMESTAMP, REACTION)
VALUES (3, 338, NULL, NULL);
INSERT INTO USER_GROUP_MESSAGE(USER_ID, GROUP_MESSAGE_ID, READ_TIMESTAMP, REACTION)
VALUES (4, 338, NULL, 'happy');
INSERT INTO USER_GROUP_MESSAGE(USER_ID, GROUP_MESSAGE_ID, READ_TIMESTAMP, REACTION)
VALUES (5, 338, NULL, 'crying');
INSERT INTO USER_GROUP_MESSAGE(USER_ID, GROUP_MESSAGE_ID, READ_TIMESTAMP, REACTION)
VALUES (6, 338, NULL, NULL);
INSERT INTO USER_GROUP_MESSAGE(USER_ID, GROUP_MESSAGE_ID, READ_TIMESTAMP, REACTION)
VALUES (7, 338, NULL, 'crying');
INSERT INTO GROUP_MESSAGE(ID, VALUE, TIMESTAMP, AUTHOR_ID, GROUP_ID)
VALUES (339, 'Test', '2019-01-29', '1', 2);
INSERT INTO USER_GROUP_MESSAGE(USER_ID, GROUP_MESSAGE_ID, READ_TIMESTAMP, REACTION)
VALUES (1, 339, NULL, 'crying');
INSERT INTO USER_GROUP_MESSAGE(USER_ID, GROUP_MESSAGE_ID, READ_TIMESTAMP, REACTION)
VALUES (2, 339, NULL, 'crying');
INSERT INTO USER_GROUP_MESSAGE(USER_ID, GROUP_MESSAGE_ID, READ_TIMESTAMP, REACTION)
VALUES (3, 339, NULL, NULL);
INSERT INTO USER_GROUP_MESSAGE(USER_ID, GROUP_MESSAGE_ID, READ_TIMESTAMP, REACTION)
VALUES (4, 339, NULL, NULL);
INSERT INTO USER_GROUP_MESSAGE(USER_ID, GROUP_MESSAGE_ID, READ_TIMESTAMP, REACTION)
VALUES (5, 339, NULL, 'crying');
INSERT INTO USER_GROUP_MESSAGE(USER_ID, GROUP_MESSAGE_ID, READ_TIMESTAMP, REACTION)
VALUES (6, 339, NULL, 'angry');
INSERT INTO USER_GROUP_MESSAGE(USER_ID, GROUP_MESSAGE_ID, READ_TIMESTAMP, REACTION)
VALUES (7, 339, NULL, 'crying');
INSERT INTO GROUP_MESSAGE(ID, VALUE, TIMESTAMP, AUTHOR_ID, GROUP_ID)
VALUES (340, 'Test', '2019-01-28', '6', 2);
INSERT INTO USER_GROUP_MESSAGE(USER_ID, GROUP_MESSAGE_ID, READ_TIMESTAMP, REACTION)
VALUES (1, 340, NULL, 'crying');
INSERT INTO USER_GROUP_MESSAGE(USER_ID, GROUP_MESSAGE_ID, READ_TIMESTAMP, REACTION)
VALUES (2, 340, NULL, NULL);
INSERT INTO USER_GROUP_MESSAGE(USER_ID, GROUP_MESSAGE_ID, READ_TIMESTAMP, REACTION)
VALUES (3, 340, NULL, 'angry');
INSERT INTO USER_GROUP_MESSAGE(USER_ID, GROUP_MESSAGE_ID, READ_TIMESTAMP, REACTION)
VALUES (4, 340, NULL, 'angry');
INSERT INTO USER_GROUP_MESSAGE(USER_ID, GROUP_MESSAGE_ID, READ_TIMESTAMP, REACTION)
VALUES (5, 340, NULL, 'happy');
INSERT INTO USER_GROUP_MESSAGE(USER_ID, GROUP_MESSAGE_ID, READ_TIMESTAMP, REACTION)
VALUES (6, 340, NULL, 'happy');
INSERT INTO USER_GROUP_MESSAGE(USER_ID, GROUP_MESSAGE_ID, READ_TIMESTAMP, REACTION)
VALUES (7, 340, NULL, 'crying');
INSERT INTO GROUP_MESSAGE(ID, VALUE, TIMESTAMP, AUTHOR_ID, GROUP_ID)
VALUES (341, 'Test', '2019-01-27', '2', 2);
INSERT INTO USER_GROUP_MESSAGE(USER_ID, GROUP_MESSAGE_ID, READ_TIMESTAMP, REACTION)
VALUES (1, 341, NULL, 'angry');
INSERT INTO USER_GROUP_MESSAGE(USER_ID, GROUP_MESSAGE_ID, READ_TIMESTAMP, REACTION)
VALUES (2, 341, NULL, 'angry');
INSERT INTO USER_GROUP_MESSAGE(USER_ID, GROUP_MESSAGE_ID, READ_TIMESTAMP, REACTION)
VALUES (3, 341, NULL, 'crying');
INSERT INTO USER_GROUP_MESSAGE(USER_ID, GROUP_MESSAGE_ID, READ_TIMESTAMP, REACTION)
VALUES (4, 341, NULL, 'happy');
INSERT INTO USER_GROUP_MESSAGE(USER_ID, GROUP_MESSAGE_ID, READ_TIMESTAMP, REACTION)
VALUES (5, 341, NULL, 'crying');
INSERT INTO USER_GROUP_MESSAGE(USER_ID, GROUP_MESSAGE_ID, READ_TIMESTAMP, REACTION)
VALUES (6, 341, NULL, 'crying');
INSERT INTO USER_GROUP_MESSAGE(USER_ID, GROUP_MESSAGE_ID, READ_TIMESTAMP, REACTION)
VALUES (7, 341, NULL, 'angry');
INSERT INTO GROUP_MESSAGE(ID, VALUE, TIMESTAMP, AUTHOR_ID, GROUP_ID)
VALUES (342, 'Test', '2019-01-26', '1', 2);
INSERT INTO USER_GROUP_MESSAGE(USER_ID, GROUP_MESSAGE_ID, READ_TIMESTAMP, REACTION)
VALUES (1, 342, NULL, 'crying');
INSERT INTO USER_GROUP_MESSAGE(USER_ID, GROUP_MESSAGE_ID, READ_TIMESTAMP, REACTION)
VALUES (2, 342, NULL, 'happy');
INSERT INTO USER_GROUP_MESSAGE(USER_ID, GROUP_MESSAGE_ID, READ_TIMESTAMP, REACTION)
VALUES (3, 342, NULL, NULL);
INSERT INTO USER_GROUP_MESSAGE(USER_ID, GROUP_MESSAGE_ID, READ_TIMESTAMP, REACTION)
VALUES (4, 342, NULL, NULL);
INSERT INTO USER_GROUP_MESSAGE(USER_ID, GROUP_MESSAGE_ID, READ_TIMESTAMP, REACTION)
VALUES (5, 342, NULL, 'crying');
INSERT INTO USER_GROUP_MESSAGE(USER_ID, GROUP_MESSAGE_ID, READ_TIMESTAMP, REACTION)
VALUES (6, 342, NULL, 'angry');
INSERT INTO USER_GROUP_MESSAGE(USER_ID, GROUP_MESSAGE_ID, READ_TIMESTAMP, REACTION)
VALUES (7, 342, NULL, 'happy');
INSERT INTO GROUP_MESSAGE(ID, VALUE, TIMESTAMP, AUTHOR_ID, GROUP_ID)
VALUES (343, 'Test', '2019-01-25', '7', 2);
INSERT INTO USER_GROUP_MESSAGE(USER_ID, GROUP_MESSAGE_ID, READ_TIMESTAMP, REACTION)
VALUES (1, 343, NULL, 'crying');
INSERT INTO USER_GROUP_MESSAGE(USER_ID, GROUP_MESSAGE_ID, READ_TIMESTAMP, REACTION)
VALUES (2, 343, NULL, NULL);
INSERT INTO USER_GROUP_MESSAGE(USER_ID, GROUP_MESSAGE_ID, READ_TIMESTAMP, REACTION)
VALUES (3, 343, NULL, 'happy');
INSERT INTO USER_GROUP_MESSAGE(USER_ID, GROUP_MESSAGE_ID, READ_TIMESTAMP, REACTION)
VALUES (4, 343, NULL, 'happy');
INSERT INTO USER_GROUP_MESSAGE(USER_ID, GROUP_MESSAGE_ID, READ_TIMESTAMP, REACTION)
VALUES (5, 343, NULL, NULL);
INSERT INTO USER_GROUP_MESSAGE(USER_ID, GROUP_MESSAGE_ID, READ_TIMESTAMP, REACTION)
VALUES (6, 343, NULL, 'happy');
INSERT INTO USER_GROUP_MESSAGE(USER_ID, GROUP_MESSAGE_ID, READ_TIMESTAMP, REACTION)
VALUES (7, 343, NULL, 'crying');
INSERT INTO GROUP_MESSAGE(ID, VALUE, TIMESTAMP, AUTHOR_ID, GROUP_ID)
VALUES (344, 'Test', '2019-01-24', '2', 2);
INSERT INTO USER_GROUP_MESSAGE(USER_ID, GROUP_MESSAGE_ID, READ_TIMESTAMP, REACTION)
VALUES (1, 344, NULL, 'happy');
INSERT INTO USER_GROUP_MESSAGE(USER_ID, GROUP_MESSAGE_ID, READ_TIMESTAMP, REACTION)
VALUES (2, 344, NULL, 'happy');
INSERT INTO USER_GROUP_MESSAGE(USER_ID, GROUP_MESSAGE_ID, READ_TIMESTAMP, REACTION)
VALUES (3, 344, NULL, 'happy');
INSERT INTO USER_GROUP_MESSAGE(USER_ID, GROUP_MESSAGE_ID, READ_TIMESTAMP, REACTION)
VALUES (4, 344, NULL, NULL);
INSERT INTO USER_GROUP_MESSAGE(USER_ID, GROUP_MESSAGE_ID, READ_TIMESTAMP, REACTION)
VALUES (5, 344, NULL, 'crying');
INSERT INTO USER_GROUP_MESSAGE(USER_ID, GROUP_MESSAGE_ID, READ_TIMESTAMP, REACTION)
VALUES (6, 344, NULL, 'angry');
INSERT INTO USER_GROUP_MESSAGE(USER_ID, GROUP_MESSAGE_ID, READ_TIMESTAMP, REACTION)
VALUES (7, 344, NULL, 'happy');
INSERT INTO GROUP_MESSAGE(ID, VALUE, TIMESTAMP, AUTHOR_ID, GROUP_ID)
VALUES (345, 'Test', '2019-01-23', '7', 2);
INSERT INTO USER_GROUP_MESSAGE(USER_ID, GROUP_MESSAGE_ID, READ_TIMESTAMP, REACTION)
VALUES (1, 345, NULL, 'happy');
INSERT INTO USER_GROUP_MESSAGE(USER_ID, GROUP_MESSAGE_ID, READ_TIMESTAMP, REACTION)
VALUES (2, 345, NULL, 'crying');
INSERT INTO USER_GROUP_MESSAGE(USER_ID, GROUP_MESSAGE_ID, READ_TIMESTAMP, REACTION)
VALUES (3, 345, NULL, 'crying');
INSERT INTO USER_GROUP_MESSAGE(USER_ID, GROUP_MESSAGE_ID, READ_TIMESTAMP, REACTION)
VALUES (4, 345, NULL, NULL);
INSERT INTO USER_GROUP_MESSAGE(USER_ID, GROUP_MESSAGE_ID, READ_TIMESTAMP, REACTION)
VALUES (5, 345, NULL, 'crying');
INSERT INTO USER_GROUP_MESSAGE(USER_ID, GROUP_MESSAGE_ID, READ_TIMESTAMP, REACTION)
VALUES (6, 345, NULL, NULL);
INSERT INTO USER_GROUP_MESSAGE(USER_ID, GROUP_MESSAGE_ID, READ_TIMESTAMP, REACTION)
VALUES (7, 345, NULL, 'angry');
INSERT INTO GROUP_MESSAGE(ID, VALUE, TIMESTAMP, AUTHOR_ID, GROUP_ID)
VALUES (346, 'Test', '2019-01-22', '4', 2);
INSERT INTO USER_GROUP_MESSAGE(USER_ID, GROUP_MESSAGE_ID, READ_TIMESTAMP, REACTION)
VALUES (1, 346, NULL, NULL);
INSERT INTO USER_GROUP_MESSAGE(USER_ID, GROUP_MESSAGE_ID, READ_TIMESTAMP, REACTION)
VALUES (2, 346, NULL, 'angry');
INSERT INTO USER_GROUP_MESSAGE(USER_ID, GROUP_MESSAGE_ID, READ_TIMESTAMP, REACTION)
VALUES (3, 346, NULL, NULL);
INSERT INTO USER_GROUP_MESSAGE(USER_ID, GROUP_MESSAGE_ID, READ_TIMESTAMP, REACTION)
VALUES (4, 346, NULL, 'angry');
INSERT INTO USER_GROUP_MESSAGE(USER_ID, GROUP_MESSAGE_ID, READ_TIMESTAMP, REACTION)
VALUES (5, 346, NULL, 'happy');
INSERT INTO USER_GROUP_MESSAGE(USER_ID, GROUP_MESSAGE_ID, READ_TIMESTAMP, REACTION)
VALUES (6, 346, NULL, 'angry');
INSERT INTO USER_GROUP_MESSAGE(USER_ID, GROUP_MESSAGE_ID, READ_TIMESTAMP, REACTION)
VALUES (7, 346, NULL, NULL);
INSERT INTO GROUP_MESSAGE(ID, VALUE, TIMESTAMP, AUTHOR_ID, GROUP_ID)
VALUES (347, 'Test', '2019-01-21', '5', 2);
INSERT INTO USER_GROUP_MESSAGE(USER_ID, GROUP_MESSAGE_ID, READ_TIMESTAMP, REACTION)
VALUES (1, 347, NULL, 'crying');
INSERT INTO USER_GROUP_MESSAGE(USER_ID, GROUP_MESSAGE_ID, READ_TIMESTAMP, REACTION)
VALUES (2, 347, NULL, NULL);
INSERT INTO USER_GROUP_MESSAGE(USER_ID, GROUP_MESSAGE_ID, READ_TIMESTAMP, REACTION)
VALUES (3, 347, NULL, 'crying');
INSERT INTO USER_GROUP_MESSAGE(USER_ID, GROUP_MESSAGE_ID, READ_TIMESTAMP, REACTION)
VALUES (4, 347, NULL, 'crying');
INSERT INTO USER_GROUP_MESSAGE(USER_ID, GROUP_MESSAGE_ID, READ_TIMESTAMP, REACTION)
VALUES (5, 347, NULL, 'crying');
INSERT INTO USER_GROUP_MESSAGE(USER_ID, GROUP_MESSAGE_ID, READ_TIMESTAMP, REACTION)
VALUES (6, 347, NULL, 'angry');
INSERT INTO USER_GROUP_MESSAGE(USER_ID, GROUP_MESSAGE_ID, READ_TIMESTAMP, REACTION)
VALUES (7, 347, NULL, 'angry');
INSERT INTO GROUP_MESSAGE(ID, VALUE, TIMESTAMP, AUTHOR_ID, GROUP_ID)
VALUES (348, 'Test', '2019-01-20', '1', 2);
INSERT INTO USER_GROUP_MESSAGE(USER_ID, GROUP_MESSAGE_ID, READ_TIMESTAMP, REACTION)
VALUES (1, 348, NULL, NULL);
INSERT INTO USER_GROUP_MESSAGE(USER_ID, GROUP_MESSAGE_ID, READ_TIMESTAMP, REACTION)
VALUES (2, 348, NULL, 'angry');
INSERT INTO USER_GROUP_MESSAGE(USER_ID, GROUP_MESSAGE_ID, READ_TIMESTAMP, REACTION)
VALUES (3, 348, NULL, 'crying');
INSERT INTO USER_GROUP_MESSAGE(USER_ID, GROUP_MESSAGE_ID, READ_TIMESTAMP, REACTION)
VALUES (4, 348, NULL, NULL);
INSERT INTO USER_GROUP_MESSAGE(USER_ID, GROUP_MESSAGE_ID, READ_TIMESTAMP, REACTION)
VALUES (5, 348, NULL, 'happy');
INSERT INTO USER_GROUP_MESSAGE(USER_ID, GROUP_MESSAGE_ID, READ_TIMESTAMP, REACTION)
VALUES (6, 348, NULL, 'crying');
INSERT INTO USER_GROUP_MESSAGE(USER_ID, GROUP_MESSAGE_ID, READ_TIMESTAMP, REACTION)
VALUES (7, 348, NULL, 'crying');
INSERT INTO GROUP_MESSAGE(ID, VALUE, TIMESTAMP, AUTHOR_ID, GROUP_ID)
VALUES (349, 'Test', '2019-01-19', '5', 2);
INSERT INTO USER_GROUP_MESSAGE(USER_ID, GROUP_MESSAGE_ID, READ_TIMESTAMP, REACTION)
VALUES (1, 349, NULL, 'crying');
INSERT INTO USER_GROUP_MESSAGE(USER_ID, GROUP_MESSAGE_ID, READ_TIMESTAMP, REACTION)
VALUES (2, 349, NULL, 'crying');
INSERT INTO USER_GROUP_MESSAGE(USER_ID, GROUP_MESSAGE_ID, READ_TIMESTAMP, REACTION)
VALUES (3, 349, NULL, 'happy');
INSERT INTO USER_GROUP_MESSAGE(USER_ID, GROUP_MESSAGE_ID, READ_TIMESTAMP, REACTION)
VALUES (4, 349, NULL, 'crying');
INSERT INTO USER_GROUP_MESSAGE(USER_ID, GROUP_MESSAGE_ID, READ_TIMESTAMP, REACTION)
VALUES (5, 349, NULL, NULL);
INSERT INTO USER_GROUP_MESSAGE(USER_ID, GROUP_MESSAGE_ID, READ_TIMESTAMP, REACTION)
VALUES (6, 349, NULL, 'happy');
INSERT INTO USER_GROUP_MESSAGE(USER_ID, GROUP_MESSAGE_ID, READ_TIMESTAMP, REACTION)
VALUES (7, 349, NULL, 'crying');
INSERT INTO GROUP_MESSAGE(ID, VALUE, TIMESTAMP, AUTHOR_ID, GROUP_ID)
VALUES (350, 'Test', '2019-01-18', '6', 2);
INSERT INTO USER_GROUP_MESSAGE(USER_ID, GROUP_MESSAGE_ID, READ_TIMESTAMP, REACTION)
VALUES (1, 350, NULL, 'crying');
INSERT INTO USER_GROUP_MESSAGE(USER_ID, GROUP_MESSAGE_ID, READ_TIMESTAMP, REACTION)
VALUES (2, 350, NULL, 'angry');
INSERT INTO USER_GROUP_MESSAGE(USER_ID, GROUP_MESSAGE_ID, READ_TIMESTAMP, REACTION)
VALUES (3, 350, NULL, 'angry');
INSERT INTO USER_GROUP_MESSAGE(USER_ID, GROUP_MESSAGE_ID, READ_TIMESTAMP, REACTION)
VALUES (4, 350, NULL, NULL);
INSERT INTO USER_GROUP_MESSAGE(USER_ID, GROUP_MESSAGE_ID, READ_TIMESTAMP, REACTION)
VALUES (5, 350, NULL, NULL);
INSERT INTO USER_GROUP_MESSAGE(USER_ID, GROUP_MESSAGE_ID, READ_TIMESTAMP, REACTION)
VALUES (6, 350, NULL, 'happy');
INSERT INTO USER_GROUP_MESSAGE(USER_ID, GROUP_MESSAGE_ID, READ_TIMESTAMP, REACTION)
VALUES (7, 350, NULL, 'crying');
INSERT INTO GROUP_MESSAGE(ID, VALUE, TIMESTAMP, AUTHOR_ID, GROUP_ID)
VALUES (351, 'Test', '2019-01-17', '2', 2);
INSERT INTO USER_GROUP_MESSAGE(USER_ID, GROUP_MESSAGE_ID, READ_TIMESTAMP, REACTION)
VALUES (1, 351, NULL, NULL);
INSERT INTO USER_GROUP_MESSAGE(USER_ID, GROUP_MESSAGE_ID, READ_TIMESTAMP, REACTION)
VALUES (2, 351, NULL, 'crying');
INSERT INTO USER_GROUP_MESSAGE(USER_ID, GROUP_MESSAGE_ID, READ_TIMESTAMP, REACTION)
VALUES (3, 351, NULL, 'angry');
INSERT INTO USER_GROUP_MESSAGE(USER_ID, GROUP_MESSAGE_ID, READ_TIMESTAMP, REACTION)
VALUES (4, 351, NULL, NULL);
INSERT INTO USER_GROUP_MESSAGE(USER_ID, GROUP_MESSAGE_ID, READ_TIMESTAMP, REACTION)
VALUES (5, 351, NULL, 'happy');
INSERT INTO USER_GROUP_MESSAGE(USER_ID, GROUP_MESSAGE_ID, READ_TIMESTAMP, REACTION)
VALUES (6, 351, NULL, 'crying');
INSERT INTO USER_GROUP_MESSAGE(USER_ID, GROUP_MESSAGE_ID, READ_TIMESTAMP, REACTION)
VALUES (7, 351, NULL, 'angry');
INSERT INTO GROUP_MESSAGE(ID, VALUE, TIMESTAMP, AUTHOR_ID, GROUP_ID)
VALUES (352, 'Test', '2019-01-16', '3', 2);
INSERT INTO USER_GROUP_MESSAGE(USER_ID, GROUP_MESSAGE_ID, READ_TIMESTAMP, REACTION)
VALUES (1, 352, NULL, NULL);
INSERT INTO USER_GROUP_MESSAGE(USER_ID, GROUP_MESSAGE_ID, READ_TIMESTAMP, REACTION)
VALUES (2, 352, NULL, 'happy');
INSERT INTO USER_GROUP_MESSAGE(USER_ID, GROUP_MESSAGE_ID, READ_TIMESTAMP, REACTION)
VALUES (3, 352, NULL, 'happy');
INSERT INTO USER_GROUP_MESSAGE(USER_ID, GROUP_MESSAGE_ID, READ_TIMESTAMP, REACTION)
VALUES (4, 352, NULL, 'angry');
INSERT INTO USER_GROUP_MESSAGE(USER_ID, GROUP_MESSAGE_ID, READ_TIMESTAMP, REACTION)
VALUES (5, 352, NULL, 'happy');
INSERT INTO USER_GROUP_MESSAGE(USER_ID, GROUP_MESSAGE_ID, READ_TIMESTAMP, REACTION)
VALUES (6, 352, NULL, NULL);
INSERT INTO USER_GROUP_MESSAGE(USER_ID, GROUP_MESSAGE_ID, READ_TIMESTAMP, REACTION)
VALUES (7, 352, NULL, 'crying');
INSERT INTO GROUP_MESSAGE(ID, VALUE, TIMESTAMP, AUTHOR_ID, GROUP_ID)
VALUES (353, 'Test', '2019-01-15', '3', 2);
INSERT INTO USER_GROUP_MESSAGE(USER_ID, GROUP_MESSAGE_ID, READ_TIMESTAMP, REACTION)
VALUES (1, 353, NULL, 'angry');
INSERT INTO USER_GROUP_MESSAGE(USER_ID, GROUP_MESSAGE_ID, READ_TIMESTAMP, REACTION)
VALUES (2, 353, NULL, 'angry');
INSERT INTO USER_GROUP_MESSAGE(USER_ID, GROUP_MESSAGE_ID, READ_TIMESTAMP, REACTION)
VALUES (3, 353, NULL, 'crying');
INSERT INTO USER_GROUP_MESSAGE(USER_ID, GROUP_MESSAGE_ID, READ_TIMESTAMP, REACTION)
VALUES (4, 353, NULL, 'happy');
INSERT INTO USER_GROUP_MESSAGE(USER_ID, GROUP_MESSAGE_ID, READ_TIMESTAMP, REACTION)
VALUES (5, 353, NULL, 'happy');
INSERT INTO USER_GROUP_MESSAGE(USER_ID, GROUP_MESSAGE_ID, READ_TIMESTAMP, REACTION)
VALUES (6, 353, NULL, NULL);
INSERT INTO USER_GROUP_MESSAGE(USER_ID, GROUP_MESSAGE_ID, READ_TIMESTAMP, REACTION)
VALUES (7, 353, NULL, NULL);
INSERT INTO GROUP_MESSAGE(ID, VALUE, TIMESTAMP, AUTHOR_ID, GROUP_ID)
VALUES (354, 'Test', '2019-01-14', '7', 2);
INSERT INTO USER_GROUP_MESSAGE(USER_ID, GROUP_MESSAGE_ID, READ_TIMESTAMP, REACTION)
VALUES (1, 354, NULL, 'happy');
INSERT INTO USER_GROUP_MESSAGE(USER_ID, GROUP_MESSAGE_ID, READ_TIMESTAMP, REACTION)
VALUES (2, 354, NULL, 'happy');
INSERT INTO USER_GROUP_MESSAGE(USER_ID, GROUP_MESSAGE_ID, READ_TIMESTAMP, REACTION)
VALUES (3, 354, NULL, 'angry');
INSERT INTO USER_GROUP_MESSAGE(USER_ID, GROUP_MESSAGE_ID, READ_TIMESTAMP, REACTION)
VALUES (4, 354, NULL, 'crying');
INSERT INTO USER_GROUP_MESSAGE(USER_ID, GROUP_MESSAGE_ID, READ_TIMESTAMP, REACTION)
VALUES (5, 354, NULL, 'crying');
INSERT INTO USER_GROUP_MESSAGE(USER_ID, GROUP_MESSAGE_ID, READ_TIMESTAMP, REACTION)
VALUES (6, 354, NULL, 'crying');
INSERT INTO USER_GROUP_MESSAGE(USER_ID, GROUP_MESSAGE_ID, READ_TIMESTAMP, REACTION)
VALUES (7, 354, NULL, 'happy');
INSERT INTO GROUP_MESSAGE(ID, VALUE, TIMESTAMP, AUTHOR_ID, GROUP_ID)
VALUES (355, 'Test', '2019-01-13', '6', 2);
INSERT INTO USER_GROUP_MESSAGE(USER_ID, GROUP_MESSAGE_ID, READ_TIMESTAMP, REACTION)
VALUES (1, 355, NULL, 'happy');
INSERT INTO USER_GROUP_MESSAGE(USER_ID, GROUP_MESSAGE_ID, READ_TIMESTAMP, REACTION)
VALUES (2, 355, NULL, NULL);
INSERT INTO USER_GROUP_MESSAGE(USER_ID, GROUP_MESSAGE_ID, READ_TIMESTAMP, REACTION)
VALUES (3, 355, NULL, 'angry');
INSERT INTO USER_GROUP_MESSAGE(USER_ID, GROUP_MESSAGE_ID, READ_TIMESTAMP, REACTION)
VALUES (4, 355, NULL, NULL);
INSERT INTO USER_GROUP_MESSAGE(USER_ID, GROUP_MESSAGE_ID, READ_TIMESTAMP, REACTION)
VALUES (5, 355, NULL, 'happy');
INSERT INTO USER_GROUP_MESSAGE(USER_ID, GROUP_MESSAGE_ID, READ_TIMESTAMP, REACTION)
VALUES (6, 355, NULL, 'angry');
INSERT INTO USER_GROUP_MESSAGE(USER_ID, GROUP_MESSAGE_ID, READ_TIMESTAMP, REACTION)
VALUES (7, 355, NULL, NULL);
INSERT INTO GROUP_MESSAGE(ID, VALUE, TIMESTAMP, AUTHOR_ID, GROUP_ID)
VALUES (356, 'Test', '2019-01-12', '6', 2);
INSERT INTO USER_GROUP_MESSAGE(USER_ID, GROUP_MESSAGE_ID, READ_TIMESTAMP, REACTION)
VALUES (1, 356, NULL, 'crying');
INSERT INTO USER_GROUP_MESSAGE(USER_ID, GROUP_MESSAGE_ID, READ_TIMESTAMP, REACTION)
VALUES (2, 356, NULL, 'angry');
INSERT INTO USER_GROUP_MESSAGE(USER_ID, GROUP_MESSAGE_ID, READ_TIMESTAMP, REACTION)
VALUES (3, 356, NULL, NULL);
INSERT INTO USER_GROUP_MESSAGE(USER_ID, GROUP_MESSAGE_ID, READ_TIMESTAMP, REACTION)
VALUES (4, 356, NULL, 'crying');
INSERT INTO USER_GROUP_MESSAGE(USER_ID, GROUP_MESSAGE_ID, READ_TIMESTAMP, REACTION)
VALUES (5, 356, NULL, 'angry');
INSERT INTO USER_GROUP_MESSAGE(USER_ID, GROUP_MESSAGE_ID, READ_TIMESTAMP, REACTION)
VALUES (6, 356, NULL, 'crying');
INSERT INTO USER_GROUP_MESSAGE(USER_ID, GROUP_MESSAGE_ID, READ_TIMESTAMP, REACTION)
VALUES (7, 356, NULL, 'angry');
INSERT INTO GROUP_MESSAGE(ID, VALUE, TIMESTAMP, AUTHOR_ID, GROUP_ID)
VALUES (357, 'Test', '2019-01-11', '5', 2);
INSERT INTO USER_GROUP_MESSAGE(USER_ID, GROUP_MESSAGE_ID, READ_TIMESTAMP, REACTION)
VALUES (1, 357, NULL, 'angry');
INSERT INTO USER_GROUP_MESSAGE(USER_ID, GROUP_MESSAGE_ID, READ_TIMESTAMP, REACTION)
VALUES (2, 357, NULL, 'happy');
INSERT INTO USER_GROUP_MESSAGE(USER_ID, GROUP_MESSAGE_ID, READ_TIMESTAMP, REACTION)
VALUES (3, 357, NULL, 'crying');
INSERT INTO USER_GROUP_MESSAGE(USER_ID, GROUP_MESSAGE_ID, READ_TIMESTAMP, REACTION)
VALUES (4, 357, NULL, 'angry');
INSERT INTO USER_GROUP_MESSAGE(USER_ID, GROUP_MESSAGE_ID, READ_TIMESTAMP, REACTION)
VALUES (5, 357, NULL, NULL);
INSERT INTO USER_GROUP_MESSAGE(USER_ID, GROUP_MESSAGE_ID, READ_TIMESTAMP, REACTION)
VALUES (6, 357, NULL, 'crying');
INSERT INTO USER_GROUP_MESSAGE(USER_ID, GROUP_MESSAGE_ID, READ_TIMESTAMP, REACTION)
VALUES (7, 357, NULL, 'angry');
INSERT INTO GROUP_MESSAGE(ID, VALUE, TIMESTAMP, AUTHOR_ID, GROUP_ID)
VALUES (358, 'Test', '2019-01-10', '6', 2);
INSERT INTO USER_GROUP_MESSAGE(USER_ID, GROUP_MESSAGE_ID, READ_TIMESTAMP, REACTION)
VALUES (1, 358, NULL, 'crying');
INSERT INTO USER_GROUP_MESSAGE(USER_ID, GROUP_MESSAGE_ID, READ_TIMESTAMP, REACTION)
VALUES (2, 358, NULL, 'crying');
INSERT INTO USER_GROUP_MESSAGE(USER_ID, GROUP_MESSAGE_ID, READ_TIMESTAMP, REACTION)
VALUES (3, 358, NULL, NULL);
INSERT INTO USER_GROUP_MESSAGE(USER_ID, GROUP_MESSAGE_ID, READ_TIMESTAMP, REACTION)
VALUES (4, 358, NULL, 'crying');
INSERT INTO USER_GROUP_MESSAGE(USER_ID, GROUP_MESSAGE_ID, READ_TIMESTAMP, REACTION)
VALUES (5, 358, NULL, 'crying');
INSERT INTO USER_GROUP_MESSAGE(USER_ID, GROUP_MESSAGE_ID, READ_TIMESTAMP, REACTION)
VALUES (6, 358, NULL, NULL);
INSERT INTO USER_GROUP_MESSAGE(USER_ID, GROUP_MESSAGE_ID, READ_TIMESTAMP, REACTION)
VALUES (7, 358, NULL, NULL);
INSERT INTO GROUP_MESSAGE(ID, VALUE, TIMESTAMP, AUTHOR_ID, GROUP_ID)
VALUES (359, 'Test', '2019-01-09', '4', 2);
INSERT INTO USER_GROUP_MESSAGE(USER_ID, GROUP_MESSAGE_ID, READ_TIMESTAMP, REACTION)
VALUES (1, 359, NULL, 'crying');
INSERT INTO USER_GROUP_MESSAGE(USER_ID, GROUP_MESSAGE_ID, READ_TIMESTAMP, REACTION)
VALUES (2, 359, NULL, 'crying');
INSERT INTO USER_GROUP_MESSAGE(USER_ID, GROUP_MESSAGE_ID, READ_TIMESTAMP, REACTION)
VALUES (3, 359, NULL, 'angry');
INSERT INTO USER_GROUP_MESSAGE(USER_ID, GROUP_MESSAGE_ID, READ_TIMESTAMP, REACTION)
VALUES (4, 359, NULL, 'crying');
INSERT INTO USER_GROUP_MESSAGE(USER_ID, GROUP_MESSAGE_ID, READ_TIMESTAMP, REACTION)
VALUES (5, 359, NULL, NULL);
INSERT INTO USER_GROUP_MESSAGE(USER_ID, GROUP_MESSAGE_ID, READ_TIMESTAMP, REACTION)
VALUES (6, 359, NULL, 'angry');
INSERT INTO USER_GROUP_MESSAGE(USER_ID, GROUP_MESSAGE_ID, READ_TIMESTAMP, REACTION)
VALUES (7, 359, NULL, 'angry');
INSERT INTO GROUP_MESSAGE(ID, VALUE, TIMESTAMP, AUTHOR_ID, GROUP_ID)
VALUES (360, 'Test', '2019-01-08', '2', 2);
INSERT INTO USER_GROUP_MESSAGE(USER_ID, GROUP_MESSAGE_ID, READ_TIMESTAMP, REACTION)
VALUES (1, 360, NULL, NULL);
INSERT INTO USER_GROUP_MESSAGE(USER_ID, GROUP_MESSAGE_ID, READ_TIMESTAMP, REACTION)
VALUES (2, 360, NULL, NULL);
INSERT INTO USER_GROUP_MESSAGE(USER_ID, GROUP_MESSAGE_ID, READ_TIMESTAMP, REACTION)
VALUES (3, 360, NULL, 'happy');
INSERT INTO USER_GROUP_MESSAGE(USER_ID, GROUP_MESSAGE_ID, READ_TIMESTAMP, REACTION)
VALUES (4, 360, NULL, 'crying');
INSERT INTO USER_GROUP_MESSAGE(USER_ID, GROUP_MESSAGE_ID, READ_TIMESTAMP, REACTION)
VALUES (5, 360, NULL, NULL);
INSERT INTO USER_GROUP_MESSAGE(USER_ID, GROUP_MESSAGE_ID, READ_TIMESTAMP, REACTION)
VALUES (6, 360, NULL, NULL);
INSERT INTO USER_GROUP_MESSAGE(USER_ID, GROUP_MESSAGE_ID, READ_TIMESTAMP, REACTION)
VALUES (7, 360, NULL, 'happy');
INSERT INTO GROUP_MESSAGE(ID, VALUE, TIMESTAMP, AUTHOR_ID, GROUP_ID)
VALUES (361, 'Test', '2019-01-07', '2', 2);
INSERT INTO USER_GROUP_MESSAGE(USER_ID, GROUP_MESSAGE_ID, READ_TIMESTAMP, REACTION)
VALUES (1, 361, NULL, NULL);
INSERT INTO USER_GROUP_MESSAGE(USER_ID, GROUP_MESSAGE_ID, READ_TIMESTAMP, REACTION)
VALUES (2, 361, NULL, 'angry');
INSERT INTO USER_GROUP_MESSAGE(USER_ID, GROUP_MESSAGE_ID, READ_TIMESTAMP, REACTION)
VALUES (3, 361, NULL, 'happy');
INSERT INTO USER_GROUP_MESSAGE(USER_ID, GROUP_MESSAGE_ID, READ_TIMESTAMP, REACTION)
VALUES (4, 361, NULL, 'happy');
INSERT INTO USER_GROUP_MESSAGE(USER_ID, GROUP_MESSAGE_ID, READ_TIMESTAMP, REACTION)
VALUES (5, 361, NULL, 'angry');
INSERT INTO USER_GROUP_MESSAGE(USER_ID, GROUP_MESSAGE_ID, READ_TIMESTAMP, REACTION)
VALUES (6, 361, NULL, NULL);
INSERT INTO USER_GROUP_MESSAGE(USER_ID, GROUP_MESSAGE_ID, READ_TIMESTAMP, REACTION)
VALUES (7, 361, NULL, 'angry');
INSERT INTO GROUP_MESSAGE(ID, VALUE, TIMESTAMP, AUTHOR_ID, GROUP_ID)
VALUES (362, 'Test', '2019-01-06', '1', 2);
INSERT INTO USER_GROUP_MESSAGE(USER_ID, GROUP_MESSAGE_ID, READ_TIMESTAMP, REACTION)
VALUES (1, 362, NULL, NULL);
INSERT INTO USER_GROUP_MESSAGE(USER_ID, GROUP_MESSAGE_ID, READ_TIMESTAMP, REACTION)
VALUES (2, 362, NULL, 'happy');
INSERT INTO USER_GROUP_MESSAGE(USER_ID, GROUP_MESSAGE_ID, READ_TIMESTAMP, REACTION)
VALUES (3, 362, NULL, 'happy');
INSERT INTO USER_GROUP_MESSAGE(USER_ID, GROUP_MESSAGE_ID, READ_TIMESTAMP, REACTION)
VALUES (4, 362, NULL, NULL);
INSERT INTO USER_GROUP_MESSAGE(USER_ID, GROUP_MESSAGE_ID, READ_TIMESTAMP, REACTION)
VALUES (5, 362, NULL, 'happy');
INSERT INTO USER_GROUP_MESSAGE(USER_ID, GROUP_MESSAGE_ID, READ_TIMESTAMP, REACTION)
VALUES (6, 362, NULL, 'happy');
INSERT INTO USER_GROUP_MESSAGE(USER_ID, GROUP_MESSAGE_ID, READ_TIMESTAMP, REACTION)
VALUES (7, 362, NULL, 'angry');
INSERT INTO GROUP_MESSAGE(ID, VALUE, TIMESTAMP, AUTHOR_ID, GROUP_ID)
VALUES (363, 'Test', '2019-01-05', '2', 2);
INSERT INTO USER_GROUP_MESSAGE(USER_ID, GROUP_MESSAGE_ID, READ_TIMESTAMP, REACTION)
VALUES (1, 363, NULL, 'crying');
INSERT INTO USER_GROUP_MESSAGE(USER_ID, GROUP_MESSAGE_ID, READ_TIMESTAMP, REACTION)
VALUES (2, 363, NULL, 'happy');
INSERT INTO USER_GROUP_MESSAGE(USER_ID, GROUP_MESSAGE_ID, READ_TIMESTAMP, REACTION)
VALUES (3, 363, NULL, NULL);
INSERT INTO USER_GROUP_MESSAGE(USER_ID, GROUP_MESSAGE_ID, READ_TIMESTAMP, REACTION)
VALUES (4, 363, NULL, 'angry');
INSERT INTO USER_GROUP_MESSAGE(USER_ID, GROUP_MESSAGE_ID, READ_TIMESTAMP, REACTION)
VALUES (5, 363, NULL, 'crying');
INSERT INTO USER_GROUP_MESSAGE(USER_ID, GROUP_MESSAGE_ID, READ_TIMESTAMP, REACTION)
VALUES (6, 363, NULL, 'crying');
INSERT INTO USER_GROUP_MESSAGE(USER_ID, GROUP_MESSAGE_ID, READ_TIMESTAMP, REACTION)
VALUES (7, 363, NULL, 'angry');
INSERT INTO GROUP_MESSAGE(ID, VALUE, TIMESTAMP, AUTHOR_ID, GROUP_ID)
VALUES (364, 'Test', '2019-01-04', '5', 2);
INSERT INTO USER_GROUP_MESSAGE(USER_ID, GROUP_MESSAGE_ID, READ_TIMESTAMP, REACTION)
VALUES (1, 364, NULL, 'crying');
INSERT INTO USER_GROUP_MESSAGE(USER_ID, GROUP_MESSAGE_ID, READ_TIMESTAMP, REACTION)
VALUES (2, 364, NULL, 'happy');
INSERT INTO USER_GROUP_MESSAGE(USER_ID, GROUP_MESSAGE_ID, READ_TIMESTAMP, REACTION)
VALUES (3, 364, NULL, 'crying');
INSERT INTO USER_GROUP_MESSAGE(USER_ID, GROUP_MESSAGE_ID, READ_TIMESTAMP, REACTION)
VALUES (4, 364, NULL, 'happy');
INSERT INTO USER_GROUP_MESSAGE(USER_ID, GROUP_MESSAGE_ID, READ_TIMESTAMP, REACTION)
VALUES (5, 364, NULL, 'crying');
INSERT INTO USER_GROUP_MESSAGE(USER_ID, GROUP_MESSAGE_ID, READ_TIMESTAMP, REACTION)
VALUES (6, 364, NULL, 'happy');
INSERT INTO USER_GROUP_MESSAGE(USER_ID, GROUP_MESSAGE_ID, READ_TIMESTAMP, REACTION)
VALUES (7, 364, NULL, NULL);


INSERT INTO POMODORO(ID, USER, CREATION_TIMESTAMP, WORK_TIME, BREAK_TIME, INTERRUPTED)
VALUES (1, 1, '2019-10-05', 0, 0, false);
INSERT INTO POMODORO(ID, USER, CREATION_TIMESTAMP, WORK_TIME, BREAK_TIME, INTERRUPTED)
VALUES (2, 1, '2019-10-05', 0, 0, false);
INSERT INTO POMODORO(ID, USER, CREATION_TIMESTAMP, WORK_TIME, BREAK_TIME, INTERRUPTED)
VALUES (3, 1, '2019-10-05', 0, 0, false);
INSERT INTO POMODORO(ID, USER, CREATION_TIMESTAMP, WORK_TIME, BREAK_TIME, INTERRUPTED)
VALUES (4, 1, '2019-10-05', 0, 0, false);
INSERT INTO POMODORO(ID, USER, CREATION_TIMESTAMP, WORK_TIME, BREAK_TIME, INTERRUPTED)
VALUES (5, 1, '2019-10-05', 0, 0, false);
INSERT INTO POMODORO(ID, USER, CREATION_TIMESTAMP, WORK_TIME, BREAK_TIME, INTERRUPTED)
VALUES (6, 1, '2019-10-05', 0, 0, false);
INSERT INTO POMODORO(ID, USER, CREATION_TIMESTAMP, WORK_TIME, BREAK_TIME, INTERRUPTED)
VALUES (7, 1, '2019-10-05', 0, 0, false);
INSERT INTO POMODORO(ID, USER, CREATION_TIMESTAMP, WORK_TIME, BREAK_TIME, INTERRUPTED)
VALUES (8, 1, '2019-10-05', 0, 0, false);
INSERT INTO POMODORO(ID, USER, CREATION_TIMESTAMP, WORK_TIME, BREAK_TIME, INTERRUPTED)
VALUES (9, 1, '2019-10-05', 0, 0, false);
INSERT INTO POMODORO(ID, USER, CREATION_TIMESTAMP, WORK_TIME, BREAK_TIME, INTERRUPTED)
VALUES (10, 1, '2019-10-05', 0, 0, false);
INSERT INTO POMODORO(ID, USER, CREATION_TIMESTAMP, WORK_TIME, BREAK_TIME, INTERRUPTED)
VALUES (11, 1, '2019-10-05', 0, 0, false);
INSERT INTO POMODORO(ID, USER, CREATION_TIMESTAMP, WORK_TIME, BREAK_TIME, INTERRUPTED)
VALUES (12, 1, '2019-10-05', 0, 0, false);
INSERT INTO POMODORO(ID, USER, CREATION_TIMESTAMP, WORK_TIME, BREAK_TIME, INTERRUPTED)
VALUES (13, 1, '2019-10-05', 0, 0, false);
INSERT INTO POMODORO(ID, USER, CREATION_TIMESTAMP, WORK_TIME, BREAK_TIME, INTERRUPTED)
VALUES (14, 1, '2019-10-05', 0, 0, false);
INSERT INTO POMODORO(ID, USER, CREATION_TIMESTAMP, WORK_TIME, BREAK_TIME, INTERRUPTED)
VALUES (15, 1, '2019-10-05', 0, 0, false);
INSERT INTO POMODORO(ID, USER, CREATION_TIMESTAMP, WORK_TIME, BREAK_TIME, INTERRUPTED)
VALUES (16, 1, '2019-10-04', 0, 0, false);
INSERT INTO POMODORO(ID, USER, CREATION_TIMESTAMP, WORK_TIME, BREAK_TIME, INTERRUPTED)
VALUES (17, 1, '2019-10-04', 0, 0, true);
INSERT INTO POMODORO(ID, USER, CREATION_TIMESTAMP, WORK_TIME, BREAK_TIME, INTERRUPTED)
VALUES (18, 1, '2019-10-04', 0, 0, false);
INSERT INTO POMODORO(ID, USER, CREATION_TIMESTAMP, WORK_TIME, BREAK_TIME, INTERRUPTED)
VALUES (19, 1, '2019-10-04', 0, 0, false);
INSERT INTO POMODORO(ID, USER, CREATION_TIMESTAMP, WORK_TIME, BREAK_TIME, INTERRUPTED)
VALUES (20, 1, '2019-10-04', 0, 0, true);
INSERT INTO POMODORO(ID, USER, CREATION_TIMESTAMP, WORK_TIME, BREAK_TIME, INTERRUPTED)
VALUES (21, 1, '2019-10-04', 0, 0, false);
INSERT INTO POMODORO(ID, USER, CREATION_TIMESTAMP, WORK_TIME, BREAK_TIME, INTERRUPTED)
VALUES (22, 1, '2019-10-04', 0, 0, false);
INSERT INTO POMODORO(ID, USER, CREATION_TIMESTAMP, WORK_TIME, BREAK_TIME, INTERRUPTED)
VALUES (23, 1, '2019-10-04', 0, 0, false);
INSERT INTO POMODORO(ID, USER, CREATION_TIMESTAMP, WORK_TIME, BREAK_TIME, INTERRUPTED)
VALUES (24, 1, '2019-10-06', 0, 0, false);
INSERT INTO POMODORO(ID, USER, CREATION_TIMESTAMP, WORK_TIME, BREAK_TIME, INTERRUPTED)
VALUES (25, 1, '2019-10-06', 0, 0, true);
INSERT INTO POMODORO(ID, USER, CREATION_TIMESTAMP, WORK_TIME, BREAK_TIME, INTERRUPTED)
VALUES (26, 1, '2019-10-06', 0, 0, true);
INSERT INTO POMODORO(ID, USER, CREATION_TIMESTAMP, WORK_TIME, BREAK_TIME, INTERRUPTED)
VALUES (27, 1, '2019-10-06', 0, 0, false);
INSERT INTO POMODORO(ID, USER, CREATION_TIMESTAMP, WORK_TIME, BREAK_TIME, INTERRUPTED)
VALUES (28, 1, '2019-10-06', 0, 0, true);
INSERT INTO POMODORO(ID, USER, CREATION_TIMESTAMP, WORK_TIME, BREAK_TIME, INTERRUPTED)
VALUES (29, 1, '2019-10-06', 0, 0, false);
INSERT INTO POMODORO(ID, USER, CREATION_TIMESTAMP, WORK_TIME, BREAK_TIME, INTERRUPTED)
VALUES (30, 1, '2019-10-06', 0, 0, false);
INSERT INTO POMODORO(ID, USER, CREATION_TIMESTAMP, WORK_TIME, BREAK_TIME, INTERRUPTED)
VALUES (31, 1, '2019-10-06', 0, 0, true);
INSERT INTO POMODORO(ID, USER, CREATION_TIMESTAMP, WORK_TIME, BREAK_TIME, INTERRUPTED)
VALUES (32, 1, '2019-10-06', 0, 0, false);
INSERT INTO POMODORO(ID, USER, CREATION_TIMESTAMP, WORK_TIME, BREAK_TIME, INTERRUPTED)
VALUES (33, 1, '2019-10-06', 0, 0, false);
INSERT INTO POMODORO(ID, USER, CREATION_TIMESTAMP, WORK_TIME, BREAK_TIME, INTERRUPTED)
VALUES (34, 1, '2019-10-06', 0, 0, true);
INSERT INTO POMODORO(ID, USER, CREATION_TIMESTAMP, WORK_TIME, BREAK_TIME, INTERRUPTED)
VALUES (35, 1, '2019-10-06', 0, 0, false);
INSERT INTO POMODORO(ID, USER, CREATION_TIMESTAMP, WORK_TIME, BREAK_TIME, INTERRUPTED)
VALUES (36, 1, '2019-10-06', 0, 0, false);
INSERT INTO POMODORO(ID, USER, CREATION_TIMESTAMP, WORK_TIME, BREAK_TIME, INTERRUPTED)
VALUES (37, 1, '2019-10-06', 0, 0, true);
INSERT INTO POMODORO(ID, USER, CREATION_TIMESTAMP, WORK_TIME, BREAK_TIME, INTERRUPTED)
VALUES (38, 1, '2019-10-06', 0, 0, true);
INSERT INTO POMODORO(ID, USER, CREATION_TIMESTAMP, WORK_TIME, BREAK_TIME, INTERRUPTED)
VALUES (39, 1, '2019-10-06', 0, 0, false);
INSERT INTO POMODORO(ID, USER, CREATION_TIMESTAMP, WORK_TIME, BREAK_TIME, INTERRUPTED)
VALUES (40, 1, '2019-10-06', 0, 0, true);
INSERT INTO POMODORO(ID, USER, CREATION_TIMESTAMP, WORK_TIME, BREAK_TIME, INTERRUPTED)
VALUES (41, 1, '2019-10-06', 0, 0, false);
INSERT INTO POMODORO(ID, USER, CREATION_TIMESTAMP, WORK_TIME, BREAK_TIME, INTERRUPTED)
VALUES (42, 1, '2019-10-06', 0, 0, false);
INSERT INTO POMODORO(ID, USER, CREATION_TIMESTAMP, WORK_TIME, BREAK_TIME, INTERRUPTED)
VALUES (43, 1, '2019-10-06', 0, 0, true);
INSERT INTO POMODORO(ID, USER, CREATION_TIMESTAMP, WORK_TIME, BREAK_TIME, INTERRUPTED)
VALUES (44, 1, '2019-10-06', 0, 0, true);
INSERT INTO POMODORO(ID, USER, CREATION_TIMESTAMP, WORK_TIME, BREAK_TIME, INTERRUPTED)
VALUES (45, 1, '2019-10-06', 0, 0, true);
INSERT INTO POMODORO(ID, USER, CREATION_TIMESTAMP, WORK_TIME, BREAK_TIME, INTERRUPTED)
VALUES (46, 1, '2019-10-06', 0, 0, true);
INSERT INTO POMODORO(ID, USER, CREATION_TIMESTAMP, WORK_TIME, BREAK_TIME, INTERRUPTED)
VALUES (47, 1, '2019-10-06', 0, 0, false);
INSERT INTO POMODORO(ID, USER, CREATION_TIMESTAMP, WORK_TIME, BREAK_TIME, INTERRUPTED)
VALUES (48, 1, '2019-10-06', 0, 0, false);
INSERT INTO POMODORO(ID, USER, CREATION_TIMESTAMP, WORK_TIME, BREAK_TIME, INTERRUPTED)
VALUES (49, 1, '2019-10-06', 0, 0, false);
INSERT INTO POMODORO(ID, USER, CREATION_TIMESTAMP, WORK_TIME, BREAK_TIME, INTERRUPTED)
VALUES (50, 1, '2019-10-06', 0, 0, false);
INSERT INTO POMODORO(ID, USER, CREATION_TIMESTAMP, WORK_TIME, BREAK_TIME, INTERRUPTED)
VALUES (51, 1, '2019-10-06', 0, 0, true);
INSERT INTO POMODORO(ID, USER, CREATION_TIMESTAMP, WORK_TIME, BREAK_TIME, INTERRUPTED)
VALUES (52, 1, '2019-10-06', 0, 0, true);
INSERT INTO POMODORO(ID, USER, CREATION_TIMESTAMP, WORK_TIME, BREAK_TIME, INTERRUPTED)
VALUES (53, 1, '2019-10-06', 0, 0, false);
INSERT INTO POMODORO(ID, USER, CREATION_TIMESTAMP, WORK_TIME, BREAK_TIME, INTERRUPTED)
VALUES (54, 1, '2019-10-06', 0, 0, true);
INSERT INTO POMODORO(ID, USER, CREATION_TIMESTAMP, WORK_TIME, BREAK_TIME, INTERRUPTED)
VALUES (55, 1, '2019-10-06', 0, 0, false);
INSERT INTO POMODORO(ID, USER, CREATION_TIMESTAMP, WORK_TIME, BREAK_TIME, INTERRUPTED)
VALUES (56, 1, '2019-10-06', 0, 0, true);
INSERT INTO POMODORO(ID, USER, CREATION_TIMESTAMP, WORK_TIME, BREAK_TIME, INTERRUPTED)
VALUES (57, 1, '2019-10-06', 0, 0, false);
INSERT INTO POMODORO(ID, USER, CREATION_TIMESTAMP, WORK_TIME, BREAK_TIME, INTERRUPTED)
VALUES (58, 1, '2019-10-05', 0, 0, true);
INSERT INTO POMODORO(ID, USER, CREATION_TIMESTAMP, WORK_TIME, BREAK_TIME, INTERRUPTED)
VALUES (59, 1, '2019-10-05', 0, 0, false);
INSERT INTO POMODORO(ID, USER, CREATION_TIMESTAMP, WORK_TIME, BREAK_TIME, INTERRUPTED)
VALUES (60, 1, '2019-10-05', 0, 0, true);
INSERT INTO POMODORO(ID, USER, CREATION_TIMESTAMP, WORK_TIME, BREAK_TIME, INTERRUPTED)
VALUES (61, 1, '2019-10-05', 0, 0, false);
INSERT INTO POMODORO(ID, USER, CREATION_TIMESTAMP, WORK_TIME, BREAK_TIME, INTERRUPTED)
VALUES (62, 1, '2019-10-05', 0, 0, true);
INSERT INTO POMODORO(ID, USER, CREATION_TIMESTAMP, WORK_TIME, BREAK_TIME, INTERRUPTED)
VALUES (63, 1, '2019-10-05', 0, 0, false);
INSERT INTO POMODORO(ID, USER, CREATION_TIMESTAMP, WORK_TIME, BREAK_TIME, INTERRUPTED)
VALUES (64, 1, '2019-10-05', 0, 0, false);
INSERT INTO POMODORO(ID, USER, CREATION_TIMESTAMP, WORK_TIME, BREAK_TIME, INTERRUPTED)
VALUES (65, 1, '2019-10-05', 0, 0, true);
INSERT INTO POMODORO(ID, USER, CREATION_TIMESTAMP, WORK_TIME, BREAK_TIME, INTERRUPTED)
VALUES (66, 1, '2019-10-05', 0, 0, false);
INSERT INTO POMODORO(ID, USER, CREATION_TIMESTAMP, WORK_TIME, BREAK_TIME, INTERRUPTED)
VALUES (67, 1, '2019-10-05', 0, 0, true);
INSERT INTO POMODORO(ID, USER, CREATION_TIMESTAMP, WORK_TIME, BREAK_TIME, INTERRUPTED)
VALUES (68, 1, '2019-10-05', 0, 0, true);
INSERT INTO POMODORO(ID, USER, CREATION_TIMESTAMP, WORK_TIME, BREAK_TIME, INTERRUPTED)
VALUES (69, 1, '2019-10-05', 0, 0, true);
INSERT INTO POMODORO(ID, USER, CREATION_TIMESTAMP, WORK_TIME, BREAK_TIME, INTERRUPTED)
VALUES (70, 1, '2019-10-05', 0, 0, false);
INSERT INTO POMODORO(ID, USER, CREATION_TIMESTAMP, WORK_TIME, BREAK_TIME, INTERRUPTED)
VALUES (71, 1, '2019-10-05', 0, 0, true);
INSERT INTO POMODORO(ID, USER, CREATION_TIMESTAMP, WORK_TIME, BREAK_TIME, INTERRUPTED)
VALUES (72, 1, '2019-10-05', 0, 0, true);
INSERT INTO POMODORO(ID, USER, CREATION_TIMESTAMP, WORK_TIME, BREAK_TIME, INTERRUPTED)
VALUES (73, 1, '2019-10-05', 0, 0, true);
INSERT INTO POMODORO(ID, USER, CREATION_TIMESTAMP, WORK_TIME, BREAK_TIME, INTERRUPTED)
VALUES (74, 1, '2019-10-05', 0, 0, false);
INSERT INTO POMODORO(ID, USER, CREATION_TIMESTAMP, WORK_TIME, BREAK_TIME, INTERRUPTED)
VALUES (75, 1, '2019-10-05', 0, 0, false);
INSERT INTO POMODORO(ID, USER, CREATION_TIMESTAMP, WORK_TIME, BREAK_TIME, INTERRUPTED)
VALUES (76, 1, '2019-10-05', 0, 0, false);
INSERT INTO POMODORO(ID, USER, CREATION_TIMESTAMP, WORK_TIME, BREAK_TIME, INTERRUPTED)
VALUES (77, 1, '2019-10-05', 0, 0, false);
INSERT INTO POMODORO(ID, USER, CREATION_TIMESTAMP, WORK_TIME, BREAK_TIME, INTERRUPTED)
VALUES (78, 1, '2019-10-05', 0, 0, true);
INSERT INTO POMODORO(ID, USER, CREATION_TIMESTAMP, WORK_TIME, BREAK_TIME, INTERRUPTED)
VALUES (79, 1, '2019-10-05', 0, 0, true);
INSERT INTO POMODORO(ID, USER, CREATION_TIMESTAMP, WORK_TIME, BREAK_TIME, INTERRUPTED)
VALUES (80, 1, '2019-10-05', 0, 0, true);
INSERT INTO POMODORO(ID, USER, CREATION_TIMESTAMP, WORK_TIME, BREAK_TIME, INTERRUPTED)
VALUES (81, 1, '2019-10-05', 0, 0, true);
INSERT INTO POMODORO(ID, USER, CREATION_TIMESTAMP, WORK_TIME, BREAK_TIME, INTERRUPTED)
VALUES (82, 1, '2019-10-05', 0, 0, true);
INSERT INTO POMODORO(ID, USER, CREATION_TIMESTAMP, WORK_TIME, BREAK_TIME, INTERRUPTED)
VALUES (83, 1, '2019-10-05', 0, 0, false);
INSERT INTO POMODORO(ID, USER, CREATION_TIMESTAMP, WORK_TIME, BREAK_TIME, INTERRUPTED)
VALUES (84, 1, '2019-10-05', 0, 0, true);
INSERT INTO POMODORO(ID, USER, CREATION_TIMESTAMP, WORK_TIME, BREAK_TIME, INTERRUPTED)
VALUES (85, 1, '2019-10-05', 0, 0, false);
INSERT INTO POMODORO(ID, USER, CREATION_TIMESTAMP, WORK_TIME, BREAK_TIME, INTERRUPTED)
VALUES (86, 1, '2019-10-05', 0, 0, true);
INSERT INTO POMODORO(ID, USER, CREATION_TIMESTAMP, WORK_TIME, BREAK_TIME, INTERRUPTED)
VALUES (87, 1, '2019-10-05', 0, 0, false);
INSERT INTO POMODORO(ID, USER, CREATION_TIMESTAMP, WORK_TIME, BREAK_TIME, INTERRUPTED)
VALUES (88, 1, '2019-10-05', 0, 0, false);
INSERT INTO POMODORO(ID, USER, CREATION_TIMESTAMP, WORK_TIME, BREAK_TIME, INTERRUPTED)
VALUES (89, 1, '2019-10-05', 0, 0, true);
INSERT INTO POMODORO(ID, USER, CREATION_TIMESTAMP, WORK_TIME, BREAK_TIME, INTERRUPTED)
VALUES (90, 1, '2019-10-05', 0, 0, true);
INSERT INTO POMODORO(ID, USER, CREATION_TIMESTAMP, WORK_TIME, BREAK_TIME, INTERRUPTED)
VALUES (91, 1, '2019-10-05', 0, 0, false);
INSERT INTO POMODORO(ID, USER, CREATION_TIMESTAMP, WORK_TIME, BREAK_TIME, INTERRUPTED)
VALUES (92, 1, '2019-10-05', 0, 0, false);
INSERT INTO POMODORO(ID, USER, CREATION_TIMESTAMP, WORK_TIME, BREAK_TIME, INTERRUPTED)
VALUES (93, 1, '2019-10-05', 0, 0, true);
INSERT INTO POMODORO(ID, USER, CREATION_TIMESTAMP, WORK_TIME, BREAK_TIME, INTERRUPTED)
VALUES (94, 1, '2019-10-05', 0, 0, false);
INSERT INTO POMODORO(ID, USER, CREATION_TIMESTAMP, WORK_TIME, BREAK_TIME, INTERRUPTED)
VALUES (95, 1, '2019-10-05', 0, 0, true);
INSERT INTO POMODORO(ID, USER, CREATION_TIMESTAMP, WORK_TIME, BREAK_TIME, INTERRUPTED)
VALUES (96, 1, '2019-10-05', 0, 0, true);
INSERT INTO POMODORO(ID, USER, CREATION_TIMESTAMP, WORK_TIME, BREAK_TIME, INTERRUPTED)
VALUES (97, 1, '2019-10-05', 0, 0, false);
INSERT INTO POMODORO(ID, USER, CREATION_TIMESTAMP, WORK_TIME, BREAK_TIME, INTERRUPTED)
VALUES (98, 1, '2019-10-04', 0, 0, true);
INSERT INTO POMODORO(ID, USER, CREATION_TIMESTAMP, WORK_TIME, BREAK_TIME, INTERRUPTED)
VALUES (99, 1, '2019-10-04', 0, 0, false);
INSERT INTO POMODORO(ID, USER, CREATION_TIMESTAMP, WORK_TIME, BREAK_TIME, INTERRUPTED)
VALUES (100, 1, '2019-10-04', 0, 0, true);
INSERT INTO POMODORO(ID, USER, CREATION_TIMESTAMP, WORK_TIME, BREAK_TIME, INTERRUPTED)
VALUES (101, 1, '2019-10-04', 0, 0, false);
INSERT INTO POMODORO(ID, USER, CREATION_TIMESTAMP, WORK_TIME, BREAK_TIME, INTERRUPTED)
VALUES (102, 1, '2019-10-04', 0, 0, false);
INSERT INTO POMODORO(ID, USER, CREATION_TIMESTAMP, WORK_TIME, BREAK_TIME, INTERRUPTED)
VALUES (103, 1, '2019-10-04', 0, 0, true);
INSERT INTO POMODORO(ID, USER, CREATION_TIMESTAMP, WORK_TIME, BREAK_TIME, INTERRUPTED)
VALUES (104, 1, '2019-10-04', 0, 0, false);
INSERT INTO POMODORO(ID, USER, CREATION_TIMESTAMP, WORK_TIME, BREAK_TIME, INTERRUPTED)
VALUES (105, 1, '2019-10-04', 0, 0, true);
INSERT INTO POMODORO(ID, USER, CREATION_TIMESTAMP, WORK_TIME, BREAK_TIME, INTERRUPTED)
VALUES (106, 1, '2019-10-04', 0, 0, true);
INSERT INTO POMODORO(ID, USER, CREATION_TIMESTAMP, WORK_TIME, BREAK_TIME, INTERRUPTED)
VALUES (107, 1, '2019-10-04', 0, 0, false);
INSERT INTO POMODORO(ID, USER, CREATION_TIMESTAMP, WORK_TIME, BREAK_TIME, INTERRUPTED)
VALUES (108, 1, '2019-10-04', 0, 0, false);
INSERT INTO POMODORO(ID, USER, CREATION_TIMESTAMP, WORK_TIME, BREAK_TIME, INTERRUPTED)
VALUES (109, 1, '2019-10-04', 0, 0, true);
INSERT INTO POMODORO(ID, USER, CREATION_TIMESTAMP, WORK_TIME, BREAK_TIME, INTERRUPTED)
VALUES (110, 1, '2019-10-04', 0, 0, true);
INSERT INTO POMODORO(ID, USER, CREATION_TIMESTAMP, WORK_TIME, BREAK_TIME, INTERRUPTED)
VALUES (111, 1, '2019-10-04', 0, 0, true);
INSERT INTO POMODORO(ID, USER, CREATION_TIMESTAMP, WORK_TIME, BREAK_TIME, INTERRUPTED)
VALUES (112, 1, '2019-10-04', 0, 0, true);
INSERT INTO POMODORO(ID, USER, CREATION_TIMESTAMP, WORK_TIME, BREAK_TIME, INTERRUPTED)
VALUES (113, 1, '2019-10-04', 0, 0, true);
INSERT INTO POMODORO(ID, USER, CREATION_TIMESTAMP, WORK_TIME, BREAK_TIME, INTERRUPTED)
VALUES (114, 1, '2019-10-04', 0, 0, false);
INSERT INTO POMODORO(ID, USER, CREATION_TIMESTAMP, WORK_TIME, BREAK_TIME, INTERRUPTED)
VALUES (115, 1, '2019-10-04', 0, 0, true);
INSERT INTO POMODORO(ID, USER, CREATION_TIMESTAMP, WORK_TIME, BREAK_TIME, INTERRUPTED)
VALUES (116, 1, '2019-10-04', 0, 0, false);
INSERT INTO POMODORO(ID, USER, CREATION_TIMESTAMP, WORK_TIME, BREAK_TIME, INTERRUPTED)
VALUES (117, 1, '2019-10-04', 0, 0, true);
INSERT INTO POMODORO(ID, USER, CREATION_TIMESTAMP, WORK_TIME, BREAK_TIME, INTERRUPTED)
VALUES (118, 1, '2019-10-04', 0, 0, false);
INSERT INTO POMODORO(ID, USER, CREATION_TIMESTAMP, WORK_TIME, BREAK_TIME, INTERRUPTED)
VALUES (119, 1, '2019-10-04', 0, 0, false);
INSERT INTO POMODORO(ID, USER, CREATION_TIMESTAMP, WORK_TIME, BREAK_TIME, INTERRUPTED)
VALUES (120, 1, '2019-10-04', 0, 0, true);
INSERT INTO POMODORO(ID, USER, CREATION_TIMESTAMP, WORK_TIME, BREAK_TIME, INTERRUPTED)
VALUES (121, 1, '2019-10-04', 0, 0, true);
INSERT INTO POMODORO(ID, USER, CREATION_TIMESTAMP, WORK_TIME, BREAK_TIME, INTERRUPTED)
VALUES (122, 1, '2019-10-04', 0, 0, true);
INSERT INTO POMODORO(ID, USER, CREATION_TIMESTAMP, WORK_TIME, BREAK_TIME, INTERRUPTED)
VALUES (123, 1, '2019-10-04', 0, 0, false);
INSERT INTO POMODORO(ID, USER, CREATION_TIMESTAMP, WORK_TIME, BREAK_TIME, INTERRUPTED)
VALUES (124, 1, '2019-10-04', 0, 0, true);
INSERT INTO POMODORO(ID, USER, CREATION_TIMESTAMP, WORK_TIME, BREAK_TIME, INTERRUPTED)
VALUES (125, 1, '2019-10-04', 0, 0, true);
INSERT INTO POMODORO(ID, USER, CREATION_TIMESTAMP, WORK_TIME, BREAK_TIME, INTERRUPTED)
VALUES (126, 1, '2019-10-04', 0, 0, false);
INSERT INTO POMODORO(ID, USER, CREATION_TIMESTAMP, WORK_TIME, BREAK_TIME, INTERRUPTED)
VALUES (127, 1, '2019-10-04', 0, 0, false);
INSERT INTO POMODORO(ID, USER, CREATION_TIMESTAMP, WORK_TIME, BREAK_TIME, INTERRUPTED)
VALUES (128, 1, '2019-10-03', 0, 0, false);
INSERT INTO POMODORO(ID, USER, CREATION_TIMESTAMP, WORK_TIME, BREAK_TIME, INTERRUPTED)
VALUES (129, 1, '2019-10-03', 0, 0, false);
INSERT INTO POMODORO(ID, USER, CREATION_TIMESTAMP, WORK_TIME, BREAK_TIME, INTERRUPTED)
VALUES (130, 1, '2019-10-03', 0, 0, false);
INSERT INTO POMODORO(ID, USER, CREATION_TIMESTAMP, WORK_TIME, BREAK_TIME, INTERRUPTED)
VALUES (131, 1, '2019-10-03', 0, 0, false);
INSERT INTO POMODORO(ID, USER, CREATION_TIMESTAMP, WORK_TIME, BREAK_TIME, INTERRUPTED)
VALUES (132, 1, '2019-10-03', 0, 0, true);
INSERT INTO POMODORO(ID, USER, CREATION_TIMESTAMP, WORK_TIME, BREAK_TIME, INTERRUPTED)
VALUES (133, 1, '2019-10-03', 0, 0, true);
INSERT INTO POMODORO(ID, USER, CREATION_TIMESTAMP, WORK_TIME, BREAK_TIME, INTERRUPTED)
VALUES (134, 1, '2019-10-02', 0, 0, true);
INSERT INTO POMODORO(ID, USER, CREATION_TIMESTAMP, WORK_TIME, BREAK_TIME, INTERRUPTED)
VALUES (135, 1, '2019-10-02', 0, 0, false);
INSERT INTO POMODORO(ID, USER, CREATION_TIMESTAMP, WORK_TIME, BREAK_TIME, INTERRUPTED)
VALUES (136, 1, '2019-10-02', 0, 0, false);
INSERT INTO POMODORO(ID, USER, CREATION_TIMESTAMP, WORK_TIME, BREAK_TIME, INTERRUPTED)
VALUES (137, 1, '2019-10-02', 0, 0, false);
INSERT INTO POMODORO(ID, USER, CREATION_TIMESTAMP, WORK_TIME, BREAK_TIME, INTERRUPTED)
VALUES (138, 1, '2019-10-02', 0, 0, false);
INSERT INTO POMODORO(ID, USER, CREATION_TIMESTAMP, WORK_TIME, BREAK_TIME, INTERRUPTED)
VALUES (139, 1, '2019-10-02', 0, 0, false);
INSERT INTO POMODORO(ID, USER, CREATION_TIMESTAMP, WORK_TIME, BREAK_TIME, INTERRUPTED)
VALUES (140, 1, '2019-10-02', 0, 0, true);
INSERT INTO POMODORO(ID, USER, CREATION_TIMESTAMP, WORK_TIME, BREAK_TIME, INTERRUPTED)
VALUES (141, 1, '2019-10-02', 0, 0, false);
INSERT INTO POMODORO(ID, USER, CREATION_TIMESTAMP, WORK_TIME, BREAK_TIME, INTERRUPTED)
VALUES (142, 1, '2019-10-02', 0, 0, false);
INSERT INTO POMODORO(ID, USER, CREATION_TIMESTAMP, WORK_TIME, BREAK_TIME, INTERRUPTED)
VALUES (143, 1, '2019-10-02', 0, 0, true);
INSERT INTO POMODORO(ID, USER, CREATION_TIMESTAMP, WORK_TIME, BREAK_TIME, INTERRUPTED)
VALUES (144, 1, '2019-10-02', 0, 0, true);
INSERT INTO POMODORO(ID, USER, CREATION_TIMESTAMP, WORK_TIME, BREAK_TIME, INTERRUPTED)
VALUES (145, 1, '2019-10-02', 0, 0, false);
INSERT INTO POMODORO(ID, USER, CREATION_TIMESTAMP, WORK_TIME, BREAK_TIME, INTERRUPTED)
VALUES (146, 1, '2019-10-02', 0, 0, false);
INSERT INTO POMODORO(ID, USER, CREATION_TIMESTAMP, WORK_TIME, BREAK_TIME, INTERRUPTED)
VALUES (147, 1, '2019-10-02', 0, 0, false);
INSERT INTO POMODORO(ID, USER, CREATION_TIMESTAMP, WORK_TIME, BREAK_TIME, INTERRUPTED)
VALUES (148, 1, '2019-10-02', 0, 0, false);
INSERT INTO POMODORO(ID, USER, CREATION_TIMESTAMP, WORK_TIME, BREAK_TIME, INTERRUPTED)
VALUES (149, 1, '2019-10-01', 0, 0, true);
INSERT INTO POMODORO(ID, USER, CREATION_TIMESTAMP, WORK_TIME, BREAK_TIME, INTERRUPTED)
VALUES (150, 1, '2019-10-01', 0, 0, true);
INSERT INTO POMODORO(ID, USER, CREATION_TIMESTAMP, WORK_TIME, BREAK_TIME, INTERRUPTED)
VALUES (151, 1, '2019-10-01', 0, 0, false);
INSERT INTO POMODORO(ID, USER, CREATION_TIMESTAMP, WORK_TIME, BREAK_TIME, INTERRUPTED)
VALUES (152, 1, '2019-10-01', 0, 0, true);
INSERT INTO POMODORO(ID, USER, CREATION_TIMESTAMP, WORK_TIME, BREAK_TIME, INTERRUPTED)
VALUES (153, 1, '2019-10-01', 0, 0, false);
INSERT INTO POMODORO(ID, USER, CREATION_TIMESTAMP, WORK_TIME, BREAK_TIME, INTERRUPTED)
VALUES (154, 1, '2019-10-01', 0, 0, true);
INSERT INTO POMODORO(ID, USER, CREATION_TIMESTAMP, WORK_TIME, BREAK_TIME, INTERRUPTED)
VALUES (155, 1, '2019-10-01', 0, 0, false);
INSERT INTO POMODORO(ID, USER, CREATION_TIMESTAMP, WORK_TIME, BREAK_TIME, INTERRUPTED)
VALUES (156, 1, '2019-10-01', 0, 0, false);
INSERT INTO POMODORO(ID, USER, CREATION_TIMESTAMP, WORK_TIME, BREAK_TIME, INTERRUPTED)
VALUES (157, 1, '2019-10-01', 0, 0, true);
INSERT INTO POMODORO(ID, USER, CREATION_TIMESTAMP, WORK_TIME, BREAK_TIME, INTERRUPTED)
VALUES (158, 1, '2019-10-01', 0, 0, true);
INSERT INTO POMODORO(ID, USER, CREATION_TIMESTAMP, WORK_TIME, BREAK_TIME, INTERRUPTED)
VALUES (159, 1, '2019-10-01', 0, 0, false);
INSERT INTO POMODORO(ID, USER, CREATION_TIMESTAMP, WORK_TIME, BREAK_TIME, INTERRUPTED)
VALUES (160, 1, '2019-10-01', 0, 0, true);
INSERT INTO POMODORO(ID, USER, CREATION_TIMESTAMP, WORK_TIME, BREAK_TIME, INTERRUPTED)
VALUES (161, 1, '2019-10-01', 0, 0, false);
INSERT INTO POMODORO(ID, USER, CREATION_TIMESTAMP, WORK_TIME, BREAK_TIME, INTERRUPTED)
VALUES (162, 1, '2019-10-01', 0, 0, false);
INSERT INTO POMODORO(ID, USER, CREATION_TIMESTAMP, WORK_TIME, BREAK_TIME, INTERRUPTED)
VALUES (163, 1, '2019-10-01', 0, 0, true);
INSERT INTO POMODORO(ID, USER, CREATION_TIMESTAMP, WORK_TIME, BREAK_TIME, INTERRUPTED)
VALUES (164, 1, '2019-10-01', 0, 0, true);
INSERT INTO POMODORO(ID, USER, CREATION_TIMESTAMP, WORK_TIME, BREAK_TIME, INTERRUPTED)
VALUES (165, 1, '2019-10-01', 0, 0, true);
INSERT INTO POMODORO(ID, USER, CREATION_TIMESTAMP, WORK_TIME, BREAK_TIME, INTERRUPTED)
VALUES (166, 1, '2019-10-01', 0, 0, true);
INSERT INTO POMODORO(ID, USER, CREATION_TIMESTAMP, WORK_TIME, BREAK_TIME, INTERRUPTED)
VALUES (167, 1, '2019-10-01', 0, 0, true);
INSERT INTO POMODORO(ID, USER, CREATION_TIMESTAMP, WORK_TIME, BREAK_TIME, INTERRUPTED)
VALUES (168, 1, '2019-10-01', 0, 0, true);
INSERT INTO POMODORO(ID, USER, CREATION_TIMESTAMP, WORK_TIME, BREAK_TIME, INTERRUPTED)
VALUES (169, 1, '2019-10-01', 0, 0, true);
INSERT INTO POMODORO(ID, USER, CREATION_TIMESTAMP, WORK_TIME, BREAK_TIME, INTERRUPTED)
VALUES (170, 1, '2019-10-01', 0, 0, false);
INSERT INTO POMODORO(ID, USER, CREATION_TIMESTAMP, WORK_TIME, BREAK_TIME, INTERRUPTED)
VALUES (171, 1, '2019-10-01', 0, 0, true);
INSERT INTO POMODORO(ID, USER, CREATION_TIMESTAMP, WORK_TIME, BREAK_TIME, INTERRUPTED)
VALUES (172, 1, '2019-10-01', 0, 0, false);
INSERT INTO POMODORO(ID, USER, CREATION_TIMESTAMP, WORK_TIME, BREAK_TIME, INTERRUPTED)
VALUES (173, 1, '2019-10-01', 0, 0, true);
INSERT INTO POMODORO(ID, USER, CREATION_TIMESTAMP, WORK_TIME, BREAK_TIME, INTERRUPTED)
VALUES (174, 1, '2019-10-01', 0, 0, false);
INSERT INTO POMODORO(ID, USER, CREATION_TIMESTAMP, WORK_TIME, BREAK_TIME, INTERRUPTED)
VALUES (175, 1, '2019-10-01', 0, 0, false);
INSERT INTO POMODORO(ID, USER, CREATION_TIMESTAMP, WORK_TIME, BREAK_TIME, INTERRUPTED)
VALUES (176, 1, '2019-10-01', 0, 0, true);
INSERT INTO POMODORO(ID, USER, CREATION_TIMESTAMP, WORK_TIME, BREAK_TIME, INTERRUPTED)
VALUES (177, 1, '2019-10-01', 0, 0, true);
INSERT INTO POMODORO(ID, USER, CREATION_TIMESTAMP, WORK_TIME, BREAK_TIME, INTERRUPTED)
VALUES (178, 1, '2019-10-01', 0, 0, true);
INSERT INTO POMODORO(ID, USER, CREATION_TIMESTAMP, WORK_TIME, BREAK_TIME, INTERRUPTED)
VALUES (179, 1, '2019-10-01', 0, 0, true);
INSERT INTO POMODORO(ID, USER, CREATION_TIMESTAMP, WORK_TIME, BREAK_TIME, INTERRUPTED)
VALUES (180, 1, '2019-10-01', 0, 0, false);
INSERT INTO POMODORO(ID, USER, CREATION_TIMESTAMP, WORK_TIME, BREAK_TIME, INTERRUPTED)
VALUES (181, 1, '2019-10-01', 0, 0, true);
INSERT INTO POMODORO(ID, USER, CREATION_TIMESTAMP, WORK_TIME, BREAK_TIME, INTERRUPTED)
VALUES (182, 1, '2019-10-01', 0, 0, false);
INSERT INTO POMODORO(ID, USER, CREATION_TIMESTAMP, WORK_TIME, BREAK_TIME, INTERRUPTED)
VALUES (183, 1, '2019-10-01', 0, 0, true);
INSERT INTO POMODORO(ID, USER, CREATION_TIMESTAMP, WORK_TIME, BREAK_TIME, INTERRUPTED)
VALUES (184, 1, '2019-10-01', 0, 0, true);
INSERT INTO POMODORO(ID, USER, CREATION_TIMESTAMP, WORK_TIME, BREAK_TIME, INTERRUPTED)
VALUES (185, 1, '2019-10-01', 0, 0, true);
INSERT INTO POMODORO(ID, USER, CREATION_TIMESTAMP, WORK_TIME, BREAK_TIME, INTERRUPTED)
VALUES (186, 1, '2019-10-01', 0, 0, false);
INSERT INTO POMODORO(ID, USER, CREATION_TIMESTAMP, WORK_TIME, BREAK_TIME, INTERRUPTED)
VALUES (187, 1, '2019-10-01', 0, 0, true);
INSERT INTO POMODORO(ID, USER, CREATION_TIMESTAMP, WORK_TIME, BREAK_TIME, INTERRUPTED)
VALUES (188, 1, '2019-10-01', 0, 0, true);
INSERT INTO POMODORO(ID, USER, CREATION_TIMESTAMP, WORK_TIME, BREAK_TIME, INTERRUPTED)
VALUES (189, 1, '2019-10-01', 0, 0, true);
INSERT INTO POMODORO(ID, USER, CREATION_TIMESTAMP, WORK_TIME, BREAK_TIME, INTERRUPTED)
VALUES (190, 1, '2019-10-01', 0, 0, true);
INSERT INTO POMODORO(ID, USER, CREATION_TIMESTAMP, WORK_TIME, BREAK_TIME, INTERRUPTED)
VALUES (191, 1, '2019-10-01', 0, 0, false);
INSERT INTO POMODORO(ID, USER, CREATION_TIMESTAMP, WORK_TIME, BREAK_TIME, INTERRUPTED)
VALUES (192, 1, '2019-10-01', 0, 0, true);
INSERT INTO POMODORO(ID, USER, CREATION_TIMESTAMP, WORK_TIME, BREAK_TIME, INTERRUPTED)
VALUES (193, 1, '2019-09-30', 0, 0, true);
INSERT INTO POMODORO(ID, USER, CREATION_TIMESTAMP, WORK_TIME, BREAK_TIME, INTERRUPTED)
VALUES (194, 1, '2019-09-30', 0, 0, false);
INSERT INTO POMODORO(ID, USER, CREATION_TIMESTAMP, WORK_TIME, BREAK_TIME, INTERRUPTED)
VALUES (195, 1, '2019-09-30', 0, 0, true);
INSERT INTO POMODORO(ID, USER, CREATION_TIMESTAMP, WORK_TIME, BREAK_TIME, INTERRUPTED)
VALUES (196, 1, '2019-09-30', 0, 0, false);
INSERT INTO POMODORO(ID, USER, CREATION_TIMESTAMP, WORK_TIME, BREAK_TIME, INTERRUPTED)
VALUES (197, 1, '2019-09-30', 0, 0, false);
INSERT INTO POMODORO(ID, USER, CREATION_TIMESTAMP, WORK_TIME, BREAK_TIME, INTERRUPTED)
VALUES (198, 1, '2019-09-30', 0, 0, false);
INSERT INTO POMODORO(ID, USER, CREATION_TIMESTAMP, WORK_TIME, BREAK_TIME, INTERRUPTED)
VALUES (199, 1, '2019-09-30', 0, 0, false);
INSERT INTO POMODORO(ID, USER, CREATION_TIMESTAMP, WORK_TIME, BREAK_TIME, INTERRUPTED)
VALUES (200, 1, '2019-09-30', 0, 0, false);
INSERT INTO POMODORO(ID, USER, CREATION_TIMESTAMP, WORK_TIME, BREAK_TIME, INTERRUPTED)
VALUES (201, 1, '2019-09-30', 0, 0, false);
INSERT INTO POMODORO(ID, USER, CREATION_TIMESTAMP, WORK_TIME, BREAK_TIME, INTERRUPTED)
VALUES (202, 1, '2019-09-30', 0, 0, true);
INSERT INTO POMODORO(ID, USER, CREATION_TIMESTAMP, WORK_TIME, BREAK_TIME, INTERRUPTED)
VALUES (203, 1, '2019-09-30', 0, 0, false);
INSERT INTO POMODORO(ID, USER, CREATION_TIMESTAMP, WORK_TIME, BREAK_TIME, INTERRUPTED)
VALUES (204, 1, '2019-09-30', 0, 0, false);
INSERT INTO POMODORO(ID, USER, CREATION_TIMESTAMP, WORK_TIME, BREAK_TIME, INTERRUPTED)
VALUES (205, 1, '2019-09-30', 0, 0, true);
INSERT INTO POMODORO(ID, USER, CREATION_TIMESTAMP, WORK_TIME, BREAK_TIME, INTERRUPTED)
VALUES (206, 1, '2019-09-30', 0, 0, false);
INSERT INTO POMODORO(ID, USER, CREATION_TIMESTAMP, WORK_TIME, BREAK_TIME, INTERRUPTED)
VALUES (207, 1, '2019-09-30', 0, 0, true);
INSERT INTO POMODORO(ID, USER, CREATION_TIMESTAMP, WORK_TIME, BREAK_TIME, INTERRUPTED)
VALUES (208, 1, '2019-09-30', 0, 0, true);
INSERT INTO POMODORO(ID, USER, CREATION_TIMESTAMP, WORK_TIME, BREAK_TIME, INTERRUPTED)
VALUES (209, 1, '2019-09-30', 0, 0, true);
INSERT INTO POMODORO(ID, USER, CREATION_TIMESTAMP, WORK_TIME, BREAK_TIME, INTERRUPTED)
VALUES (210, 1, '2019-09-30', 0, 0, false);
INSERT INTO POMODORO(ID, USER, CREATION_TIMESTAMP, WORK_TIME, BREAK_TIME, INTERRUPTED)
VALUES (211, 1, '2019-09-30', 0, 0, true);
INSERT INTO POMODORO(ID, USER, CREATION_TIMESTAMP, WORK_TIME, BREAK_TIME, INTERRUPTED)
VALUES (212, 1, '2019-09-30', 0, 0, false);
INSERT INTO POMODORO(ID, USER, CREATION_TIMESTAMP, WORK_TIME, BREAK_TIME, INTERRUPTED)
VALUES (213, 1, '2019-09-30', 0, 0, false);
INSERT INTO POMODORO(ID, USER, CREATION_TIMESTAMP, WORK_TIME, BREAK_TIME, INTERRUPTED)
VALUES (214, 1, '2019-09-30', 0, 0, false);
INSERT INTO POMODORO(ID, USER, CREATION_TIMESTAMP, WORK_TIME, BREAK_TIME, INTERRUPTED)
VALUES (215, 1, '2019-09-30', 0, 0, true);
INSERT INTO POMODORO(ID, USER, CREATION_TIMESTAMP, WORK_TIME, BREAK_TIME, INTERRUPTED)
VALUES (216, 1, '2019-09-30', 0, 0, true);
INSERT INTO POMODORO(ID, USER, CREATION_TIMESTAMP, WORK_TIME, BREAK_TIME, INTERRUPTED)
VALUES (217, 1, '2019-09-30', 0, 0, false);
INSERT INTO POMODORO(ID, USER, CREATION_TIMESTAMP, WORK_TIME, BREAK_TIME, INTERRUPTED)
VALUES (218, 1, '2019-09-30', 0, 0, true);
INSERT INTO POMODORO(ID, USER, CREATION_TIMESTAMP, WORK_TIME, BREAK_TIME, INTERRUPTED)
VALUES (219, 1, '2019-09-30', 0, 0, true);
INSERT INTO POMODORO(ID, USER, CREATION_TIMESTAMP, WORK_TIME, BREAK_TIME, INTERRUPTED)
VALUES (220, 1, '2019-09-30', 0, 0, true);
INSERT INTO POMODORO(ID, USER, CREATION_TIMESTAMP, WORK_TIME, BREAK_TIME, INTERRUPTED)
VALUES (221, 1, '2019-09-30', 0, 0, true);
INSERT INTO POMODORO(ID, USER, CREATION_TIMESTAMP, WORK_TIME, BREAK_TIME, INTERRUPTED)
VALUES (222, 1, '2019-09-30', 0, 0, false);
INSERT INTO POMODORO(ID, USER, CREATION_TIMESTAMP, WORK_TIME, BREAK_TIME, INTERRUPTED)
VALUES (223, 1, '2019-09-30', 0, 0, false);
INSERT INTO POMODORO(ID, USER, CREATION_TIMESTAMP, WORK_TIME, BREAK_TIME, INTERRUPTED)
VALUES (224, 1, '2019-09-30', 0, 0, true);
INSERT INTO POMODORO(ID, USER, CREATION_TIMESTAMP, WORK_TIME, BREAK_TIME, INTERRUPTED)
VALUES (225, 1, '2019-09-30', 0, 0, true);
INSERT INTO POMODORO(ID, USER, CREATION_TIMESTAMP, WORK_TIME, BREAK_TIME, INTERRUPTED)
VALUES (226, 1, '2019-09-30', 0, 0, false);
INSERT INTO POMODORO(ID, USER, CREATION_TIMESTAMP, WORK_TIME, BREAK_TIME, INTERRUPTED)
VALUES (227, 1, '2019-09-29', 0, 0, true);
INSERT INTO POMODORO(ID, USER, CREATION_TIMESTAMP, WORK_TIME, BREAK_TIME, INTERRUPTED)
VALUES (228, 1, '2019-09-29', 0, 0, false);
INSERT INTO POMODORO(ID, USER, CREATION_TIMESTAMP, WORK_TIME, BREAK_TIME, INTERRUPTED)
VALUES (229, 1, '2019-09-29', 0, 0, false);
INSERT INTO POMODORO(ID, USER, CREATION_TIMESTAMP, WORK_TIME, BREAK_TIME, INTERRUPTED)
VALUES (230, 1, '2019-09-29', 0, 0, false);
INSERT INTO POMODORO(ID, USER, CREATION_TIMESTAMP, WORK_TIME, BREAK_TIME, INTERRUPTED)
VALUES (231, 1, '2019-09-29', 0, 0, false);
INSERT INTO POMODORO(ID, USER, CREATION_TIMESTAMP, WORK_TIME, BREAK_TIME, INTERRUPTED)
VALUES (232, 1, '2019-09-29', 0, 0, true);
INSERT INTO POMODORO(ID, USER, CREATION_TIMESTAMP, WORK_TIME, BREAK_TIME, INTERRUPTED)
VALUES (233, 1, '2019-09-29', 0, 0, false);
INSERT INTO POMODORO(ID, USER, CREATION_TIMESTAMP, WORK_TIME, BREAK_TIME, INTERRUPTED)
VALUES (234, 1, '2019-09-29', 0, 0, false);
INSERT INTO POMODORO(ID, USER, CREATION_TIMESTAMP, WORK_TIME, BREAK_TIME, INTERRUPTED)
VALUES (235, 1, '2019-09-29', 0, 0, true);
INSERT INTO POMODORO(ID, USER, CREATION_TIMESTAMP, WORK_TIME, BREAK_TIME, INTERRUPTED)
VALUES (236, 1, '2019-09-29', 0, 0, true);
INSERT INTO POMODORO(ID, USER, CREATION_TIMESTAMP, WORK_TIME, BREAK_TIME, INTERRUPTED)
VALUES (237, 1, '2019-09-29', 0, 0, false);
INSERT INTO POMODORO(ID, USER, CREATION_TIMESTAMP, WORK_TIME, BREAK_TIME, INTERRUPTED)
VALUES (238, 1, '2019-09-29', 0, 0, true);
INSERT INTO POMODORO(ID, USER, CREATION_TIMESTAMP, WORK_TIME, BREAK_TIME, INTERRUPTED)
VALUES (239, 1, '2019-09-29', 0, 0, false);
INSERT INTO POMODORO(ID, USER, CREATION_TIMESTAMP, WORK_TIME, BREAK_TIME, INTERRUPTED)
VALUES (240, 1, '2019-09-29', 0, 0, true);
INSERT INTO POMODORO(ID, USER, CREATION_TIMESTAMP, WORK_TIME, BREAK_TIME, INTERRUPTED)
VALUES (241, 1, '2019-09-29', 0, 0, false);
INSERT INTO POMODORO(ID, USER, CREATION_TIMESTAMP, WORK_TIME, BREAK_TIME, INTERRUPTED)
VALUES (242, 1, '2019-09-29', 0, 0, false);
INSERT INTO POMODORO(ID, USER, CREATION_TIMESTAMP, WORK_TIME, BREAK_TIME, INTERRUPTED)
VALUES (243, 1, '2019-09-29', 0, 0, true);
INSERT INTO POMODORO(ID, USER, CREATION_TIMESTAMP, WORK_TIME, BREAK_TIME, INTERRUPTED)
VALUES (244, 1, '2019-09-29', 0, 0, true);
INSERT INTO POMODORO(ID, USER, CREATION_TIMESTAMP, WORK_TIME, BREAK_TIME, INTERRUPTED)
VALUES (245, 1, '2019-09-29', 0, 0, false);
INSERT INTO POMODORO(ID, USER, CREATION_TIMESTAMP, WORK_TIME, BREAK_TIME, INTERRUPTED)
VALUES (246, 1, '2019-09-29', 0, 0, true);
INSERT INTO POMODORO(ID, USER, CREATION_TIMESTAMP, WORK_TIME, BREAK_TIME, INTERRUPTED)
VALUES (247, 1, '2019-09-29', 0, 0, false);
INSERT INTO POMODORO(ID, USER, CREATION_TIMESTAMP, WORK_TIME, BREAK_TIME, INTERRUPTED)
VALUES (248, 1, '2019-09-29', 0, 0, true);
INSERT INTO POMODORO(ID, USER, CREATION_TIMESTAMP, WORK_TIME, BREAK_TIME, INTERRUPTED)
VALUES (249, 1, '2019-09-29', 0, 0, true);
INSERT INTO POMODORO(ID, USER, CREATION_TIMESTAMP, WORK_TIME, BREAK_TIME, INTERRUPTED)
VALUES (250, 1, '2019-09-29', 0, 0, true);
INSERT INTO POMODORO(ID, USER, CREATION_TIMESTAMP, WORK_TIME, BREAK_TIME, INTERRUPTED)
VALUES (251, 1, '2019-09-29', 0, 0, false);
INSERT INTO POMODORO(ID, USER, CREATION_TIMESTAMP, WORK_TIME, BREAK_TIME, INTERRUPTED)
VALUES (252, 1, '2019-09-29', 0, 0, false);
INSERT INTO POMODORO(ID, USER, CREATION_TIMESTAMP, WORK_TIME, BREAK_TIME, INTERRUPTED)
VALUES (253, 1, '2019-09-29', 0, 0, false);
INSERT INTO POMODORO(ID, USER, CREATION_TIMESTAMP, WORK_TIME, BREAK_TIME, INTERRUPTED)
VALUES (254, 1, '2019-09-29', 0, 0, true);
INSERT INTO POMODORO(ID, USER, CREATION_TIMESTAMP, WORK_TIME, BREAK_TIME, INTERRUPTED)
VALUES (255, 1, '2019-09-29', 0, 0, true);
INSERT INTO POMODORO(ID, USER, CREATION_TIMESTAMP, WORK_TIME, BREAK_TIME, INTERRUPTED)
VALUES (256, 1, '2019-09-29', 0, 0, true);
INSERT INTO POMODORO(ID, USER, CREATION_TIMESTAMP, WORK_TIME, BREAK_TIME, INTERRUPTED)
VALUES (257, 1, '2019-09-29', 0, 0, true);
INSERT INTO POMODORO(ID, USER, CREATION_TIMESTAMP, WORK_TIME, BREAK_TIME, INTERRUPTED)
VALUES (258, 1, '2019-09-29', 0, 0, false);
INSERT INTO POMODORO(ID, USER, CREATION_TIMESTAMP, WORK_TIME, BREAK_TIME, INTERRUPTED)
VALUES (259, 1, '2019-09-29', 0, 0, false);
INSERT INTO POMODORO(ID, USER, CREATION_TIMESTAMP, WORK_TIME, BREAK_TIME, INTERRUPTED)
VALUES (260, 1, '2019-09-29', 0, 0, false);
INSERT INTO POMODORO(ID, USER, CREATION_TIMESTAMP, WORK_TIME, BREAK_TIME, INTERRUPTED)
VALUES (261, 1, '2019-09-29', 0, 0, false);
INSERT INTO POMODORO(ID, USER, CREATION_TIMESTAMP, WORK_TIME, BREAK_TIME, INTERRUPTED)
VALUES (262, 1, '2019-09-29', 0, 0, false);
INSERT INTO POMODORO(ID, USER, CREATION_TIMESTAMP, WORK_TIME, BREAK_TIME, INTERRUPTED)
VALUES (263, 1, '2019-09-29', 0, 0, false);
INSERT INTO POMODORO(ID, USER, CREATION_TIMESTAMP, WORK_TIME, BREAK_TIME, INTERRUPTED)
VALUES (264, 1, '2019-09-28', 0, 0, true);
INSERT INTO POMODORO(ID, USER, CREATION_TIMESTAMP, WORK_TIME, BREAK_TIME, INTERRUPTED)
VALUES (265, 1, '2019-09-28', 0, 0, false);
INSERT INTO POMODORO(ID, USER, CREATION_TIMESTAMP, WORK_TIME, BREAK_TIME, INTERRUPTED)
VALUES (266, 1, '2019-09-28', 0, 0, true);
INSERT INTO POMODORO(ID, USER, CREATION_TIMESTAMP, WORK_TIME, BREAK_TIME, INTERRUPTED)
VALUES (267, 1, '2019-09-28', 0, 0, false);
INSERT INTO POMODORO(ID, USER, CREATION_TIMESTAMP, WORK_TIME, BREAK_TIME, INTERRUPTED)
VALUES (268, 1, '2019-09-28', 0, 0, true);
INSERT INTO POMODORO(ID, USER, CREATION_TIMESTAMP, WORK_TIME, BREAK_TIME, INTERRUPTED)
VALUES (269, 1, '2019-09-28', 0, 0, false);
INSERT INTO POMODORO(ID, USER, CREATION_TIMESTAMP, WORK_TIME, BREAK_TIME, INTERRUPTED)
VALUES (270, 1, '2019-09-28', 0, 0, false);
INSERT INTO POMODORO(ID, USER, CREATION_TIMESTAMP, WORK_TIME, BREAK_TIME, INTERRUPTED)
VALUES (271, 1, '2019-09-28', 0, 0, false);
INSERT INTO POMODORO(ID, USER, CREATION_TIMESTAMP, WORK_TIME, BREAK_TIME, INTERRUPTED)
VALUES (272, 1, '2019-09-28', 0, 0, false);
INSERT INTO POMODORO(ID, USER, CREATION_TIMESTAMP, WORK_TIME, BREAK_TIME, INTERRUPTED)
VALUES (273, 1, '2019-09-28', 0, 0, false);
INSERT INTO POMODORO(ID, USER, CREATION_TIMESTAMP, WORK_TIME, BREAK_TIME, INTERRUPTED)
VALUES (274, 1, '2019-09-28', 0, 0, true);
INSERT INTO POMODORO(ID, USER, CREATION_TIMESTAMP, WORK_TIME, BREAK_TIME, INTERRUPTED)
VALUES (275, 1, '2019-09-28', 0, 0, true);
INSERT INTO POMODORO(ID, USER, CREATION_TIMESTAMP, WORK_TIME, BREAK_TIME, INTERRUPTED)
VALUES (276, 1, '2019-09-28', 0, 0, true);
INSERT INTO POMODORO(ID, USER, CREATION_TIMESTAMP, WORK_TIME, BREAK_TIME, INTERRUPTED)
VALUES (277, 1, '2019-09-28', 0, 0, false);
INSERT INTO POMODORO(ID, USER, CREATION_TIMESTAMP, WORK_TIME, BREAK_TIME, INTERRUPTED)
VALUES (278, 1, '2019-09-28', 0, 0, false);
INSERT INTO POMODORO(ID, USER, CREATION_TIMESTAMP, WORK_TIME, BREAK_TIME, INTERRUPTED)
VALUES (279, 1, '2019-09-28', 0, 0, true);
INSERT INTO POMODORO(ID, USER, CREATION_TIMESTAMP, WORK_TIME, BREAK_TIME, INTERRUPTED)
VALUES (280, 1, '2019-09-28', 0, 0, false);
INSERT INTO POMODORO(ID, USER, CREATION_TIMESTAMP, WORK_TIME, BREAK_TIME, INTERRUPTED)
VALUES (281, 1, '2019-09-28', 0, 0, true);
INSERT INTO POMODORO(ID, USER, CREATION_TIMESTAMP, WORK_TIME, BREAK_TIME, INTERRUPTED)
VALUES (282, 1, '2019-09-28', 0, 0, false);
INSERT INTO POMODORO(ID, USER, CREATION_TIMESTAMP, WORK_TIME, BREAK_TIME, INTERRUPTED)
VALUES (283, 1, '2019-09-28', 0, 0, false);
INSERT INTO POMODORO(ID, USER, CREATION_TIMESTAMP, WORK_TIME, BREAK_TIME, INTERRUPTED)
VALUES (284, 1, '2019-09-28', 0, 0, false);
INSERT INTO POMODORO(ID, USER, CREATION_TIMESTAMP, WORK_TIME, BREAK_TIME, INTERRUPTED)
VALUES (285, 1, '2019-09-28', 0, 0, false);
INSERT INTO POMODORO(ID, USER, CREATION_TIMESTAMP, WORK_TIME, BREAK_TIME, INTERRUPTED)
VALUES (286, 1, '2019-09-28', 0, 0, false);
INSERT INTO POMODORO(ID, USER, CREATION_TIMESTAMP, WORK_TIME, BREAK_TIME, INTERRUPTED)
VALUES (287, 1, '2019-09-28', 0, 0, true);
INSERT INTO POMODORO(ID, USER, CREATION_TIMESTAMP, WORK_TIME, BREAK_TIME, INTERRUPTED)
VALUES (288, 1, '2019-09-28', 0, 0, true);
INSERT INTO POMODORO(ID, USER, CREATION_TIMESTAMP, WORK_TIME, BREAK_TIME, INTERRUPTED)
VALUES (289, 1, '2019-09-28', 0, 0, true);
INSERT INTO POMODORO(ID, USER, CREATION_TIMESTAMP, WORK_TIME, BREAK_TIME, INTERRUPTED)
VALUES (290, 1, '2019-09-28', 0, 0, true);
INSERT INTO POMODORO(ID, USER, CREATION_TIMESTAMP, WORK_TIME, BREAK_TIME, INTERRUPTED)
VALUES (291, 1, '2019-09-28', 0, 0, false);
INSERT INTO POMODORO(ID, USER, CREATION_TIMESTAMP, WORK_TIME, BREAK_TIME, INTERRUPTED)
VALUES (292, 1, '2019-09-28', 0, 0, true);
INSERT INTO POMODORO(ID, USER, CREATION_TIMESTAMP, WORK_TIME, BREAK_TIME, INTERRUPTED)
VALUES (293, 1, '2019-09-28', 0, 0, false);
INSERT INTO POMODORO(ID, USER, CREATION_TIMESTAMP, WORK_TIME, BREAK_TIME, INTERRUPTED)
VALUES (294, 1, '2019-09-28', 0, 0, true);
INSERT INTO POMODORO(ID, USER, CREATION_TIMESTAMP, WORK_TIME, BREAK_TIME, INTERRUPTED)
VALUES (295, 1, '2019-09-28', 0, 0, true);
INSERT INTO POMODORO(ID, USER, CREATION_TIMESTAMP, WORK_TIME, BREAK_TIME, INTERRUPTED)
VALUES (296, 1, '2019-09-28', 0, 0, true);
INSERT INTO POMODORO(ID, USER, CREATION_TIMESTAMP, WORK_TIME, BREAK_TIME, INTERRUPTED)
VALUES (297, 1, '2019-09-28', 0, 0, true);
INSERT INTO POMODORO(ID, USER, CREATION_TIMESTAMP, WORK_TIME, BREAK_TIME, INTERRUPTED)
VALUES (298, 1, '2019-09-28', 0, 0, false);
INSERT INTO POMODORO(ID, USER, CREATION_TIMESTAMP, WORK_TIME, BREAK_TIME, INTERRUPTED)
VALUES (299, 1, '2019-09-28', 0, 0, true);
INSERT INTO POMODORO(ID, USER, CREATION_TIMESTAMP, WORK_TIME, BREAK_TIME, INTERRUPTED)
VALUES (300, 1, '2019-09-28', 0, 0, true);
INSERT INTO POMODORO(ID, USER, CREATION_TIMESTAMP, WORK_TIME, BREAK_TIME, INTERRUPTED)
VALUES (301, 1, '2019-09-28', 0, 0, true);
INSERT INTO POMODORO(ID, USER, CREATION_TIMESTAMP, WORK_TIME, BREAK_TIME, INTERRUPTED)
VALUES (302, 1, '2019-09-28', 0, 0, true);
INSERT INTO POMODORO(ID, USER, CREATION_TIMESTAMP, WORK_TIME, BREAK_TIME, INTERRUPTED)
VALUES (303, 1, '2019-09-28', 0, 0, true);
INSERT INTO POMODORO(ID, USER, CREATION_TIMESTAMP, WORK_TIME, BREAK_TIME, INTERRUPTED)
VALUES (304, 1, '2019-09-28', 0, 0, false);
INSERT INTO POMODORO(ID, USER, CREATION_TIMESTAMP, WORK_TIME, BREAK_TIME, INTERRUPTED)
VALUES (305, 1, '2019-09-28', 0, 0, false);
INSERT INTO POMODORO(ID, USER, CREATION_TIMESTAMP, WORK_TIME, BREAK_TIME, INTERRUPTED)
VALUES (306, 1, '2019-09-27', 0, 0, true);
INSERT INTO POMODORO(ID, USER, CREATION_TIMESTAMP, WORK_TIME, BREAK_TIME, INTERRUPTED)
VALUES (307, 1, '2019-09-27', 0, 0, false);
INSERT INTO POMODORO(ID, USER, CREATION_TIMESTAMP, WORK_TIME, BREAK_TIME, INTERRUPTED)
VALUES (308, 1, '2019-09-27', 0, 0, false);
INSERT INTO POMODORO(ID, USER, CREATION_TIMESTAMP, WORK_TIME, BREAK_TIME, INTERRUPTED)
VALUES (309, 1, '2019-09-27', 0, 0, true);
INSERT INTO POMODORO(ID, USER, CREATION_TIMESTAMP, WORK_TIME, BREAK_TIME, INTERRUPTED)
VALUES (310, 1, '2019-09-27', 0, 0, false);
INSERT INTO POMODORO(ID, USER, CREATION_TIMESTAMP, WORK_TIME, BREAK_TIME, INTERRUPTED)
VALUES (311, 1, '2019-09-27', 0, 0, true);
INSERT INTO POMODORO(ID, USER, CREATION_TIMESTAMP, WORK_TIME, BREAK_TIME, INTERRUPTED)
VALUES (312, 1, '2019-09-27', 0, 0, true);
INSERT INTO POMODORO(ID, USER, CREATION_TIMESTAMP, WORK_TIME, BREAK_TIME, INTERRUPTED)
VALUES (313, 1, '2019-09-27', 0, 0, true);
INSERT INTO POMODORO(ID, USER, CREATION_TIMESTAMP, WORK_TIME, BREAK_TIME, INTERRUPTED)
VALUES (314, 1, '2019-09-27', 0, 0, false);
INSERT INTO POMODORO(ID, USER, CREATION_TIMESTAMP, WORK_TIME, BREAK_TIME, INTERRUPTED)
VALUES (315, 1, '2019-09-27', 0, 0, true);
INSERT INTO POMODORO(ID, USER, CREATION_TIMESTAMP, WORK_TIME, BREAK_TIME, INTERRUPTED)
VALUES (316, 1, '2019-09-27', 0, 0, true);
INSERT INTO POMODORO(ID, USER, CREATION_TIMESTAMP, WORK_TIME, BREAK_TIME, INTERRUPTED)
VALUES (317, 1, '2019-09-27', 0, 0, true);
INSERT INTO POMODORO(ID, USER, CREATION_TIMESTAMP, WORK_TIME, BREAK_TIME, INTERRUPTED)
VALUES (318, 1, '2019-09-27', 0, 0, true);
INSERT INTO POMODORO(ID, USER, CREATION_TIMESTAMP, WORK_TIME, BREAK_TIME, INTERRUPTED)
VALUES (319, 1, '2019-09-27', 0, 0, false);
INSERT INTO POMODORO(ID, USER, CREATION_TIMESTAMP, WORK_TIME, BREAK_TIME, INTERRUPTED)
VALUES (320, 1, '2019-09-27', 0, 0, true);
INSERT INTO POMODORO(ID, USER, CREATION_TIMESTAMP, WORK_TIME, BREAK_TIME, INTERRUPTED)
VALUES (321, 1, '2019-09-27', 0, 0, false);
INSERT INTO POMODORO(ID, USER, CREATION_TIMESTAMP, WORK_TIME, BREAK_TIME, INTERRUPTED)
VALUES (322, 1, '2019-09-27', 0, 0, true);
INSERT INTO POMODORO(ID, USER, CREATION_TIMESTAMP, WORK_TIME, BREAK_TIME, INTERRUPTED)
VALUES (323, 1, '2019-09-27', 0, 0, false);
INSERT INTO POMODORO(ID, USER, CREATION_TIMESTAMP, WORK_TIME, BREAK_TIME, INTERRUPTED)
VALUES (324, 1, '2019-09-27', 0, 0, false);
INSERT INTO POMODORO(ID, USER, CREATION_TIMESTAMP, WORK_TIME, BREAK_TIME, INTERRUPTED)
VALUES (325, 1, '2019-09-27', 0, 0, true);
INSERT INTO POMODORO(ID, USER, CREATION_TIMESTAMP, WORK_TIME, BREAK_TIME, INTERRUPTED)
VALUES (326, 1, '2019-09-27', 0, 0, true);
INSERT INTO POMODORO(ID, USER, CREATION_TIMESTAMP, WORK_TIME, BREAK_TIME, INTERRUPTED)
VALUES (327, 1, '2019-09-27', 0, 0, true);
INSERT INTO POMODORO(ID, USER, CREATION_TIMESTAMP, WORK_TIME, BREAK_TIME, INTERRUPTED)
VALUES (328, 1, '2019-09-27', 0, 0, true);
INSERT INTO POMODORO(ID, USER, CREATION_TIMESTAMP, WORK_TIME, BREAK_TIME, INTERRUPTED)
VALUES (329, 1, '2019-09-27', 0, 0, false);
INSERT INTO POMODORO(ID, USER, CREATION_TIMESTAMP, WORK_TIME, BREAK_TIME, INTERRUPTED)
VALUES (330, 1, '2019-09-27', 0, 0, true);
INSERT INTO POMODORO(ID, USER, CREATION_TIMESTAMP, WORK_TIME, BREAK_TIME, INTERRUPTED)
VALUES (331, 1, '2019-09-27', 0, 0, false);
INSERT INTO POMODORO(ID, USER, CREATION_TIMESTAMP, WORK_TIME, BREAK_TIME, INTERRUPTED)
VALUES (332, 1, '2019-09-27', 0, 0, false);
INSERT INTO POMODORO(ID, USER, CREATION_TIMESTAMP, WORK_TIME, BREAK_TIME, INTERRUPTED)
VALUES (333, 1, '2019-09-27', 0, 0, true);
INSERT INTO POMODORO(ID, USER, CREATION_TIMESTAMP, WORK_TIME, BREAK_TIME, INTERRUPTED)
VALUES (334, 1, '2019-09-27', 0, 0, false);
INSERT INTO POMODORO(ID, USER, CREATION_TIMESTAMP, WORK_TIME, BREAK_TIME, INTERRUPTED)
VALUES (335, 1, '2019-09-27', 0, 0, true);
INSERT INTO POMODORO(ID, USER, CREATION_TIMESTAMP, WORK_TIME, BREAK_TIME, INTERRUPTED)
VALUES (336, 1, '2019-09-27', 0, 0, true);
INSERT INTO POMODORO(ID, USER, CREATION_TIMESTAMP, WORK_TIME, BREAK_TIME, INTERRUPTED)
VALUES (337, 1, '2019-09-27', 0, 0, false);
INSERT INTO POMODORO(ID, USER, CREATION_TIMESTAMP, WORK_TIME, BREAK_TIME, INTERRUPTED)
VALUES (338, 1, '2019-09-27', 0, 0, true);
INSERT INTO POMODORO(ID, USER, CREATION_TIMESTAMP, WORK_TIME, BREAK_TIME, INTERRUPTED)
VALUES (339, 1, '2019-09-26', 0, 0, false);
INSERT INTO POMODORO(ID, USER, CREATION_TIMESTAMP, WORK_TIME, BREAK_TIME, INTERRUPTED)
VALUES (340, 1, '2019-09-26', 0, 0, false);
INSERT INTO POMODORO(ID, USER, CREATION_TIMESTAMP, WORK_TIME, BREAK_TIME, INTERRUPTED)
VALUES (341, 1, '2019-09-26', 0, 0, false);
INSERT INTO POMODORO(ID, USER, CREATION_TIMESTAMP, WORK_TIME, BREAK_TIME, INTERRUPTED)
VALUES (342, 1, '2019-09-26', 0, 0, true);
INSERT INTO POMODORO(ID, USER, CREATION_TIMESTAMP, WORK_TIME, BREAK_TIME, INTERRUPTED)
VALUES (343, 1, '2019-09-26', 0, 0, false);
INSERT INTO POMODORO(ID, USER, CREATION_TIMESTAMP, WORK_TIME, BREAK_TIME, INTERRUPTED)
VALUES (344, 1, '2019-09-26', 0, 0, false);
INSERT INTO POMODORO(ID, USER, CREATION_TIMESTAMP, WORK_TIME, BREAK_TIME, INTERRUPTED)
VALUES (345, 1, '2019-09-26', 0, 0, true);
INSERT INTO POMODORO(ID, USER, CREATION_TIMESTAMP, WORK_TIME, BREAK_TIME, INTERRUPTED)
VALUES (346, 1, '2019-09-26', 0, 0, false);
INSERT INTO POMODORO(ID, USER, CREATION_TIMESTAMP, WORK_TIME, BREAK_TIME, INTERRUPTED)
VALUES (347, 1, '2019-09-26', 0, 0, false);
INSERT INTO POMODORO(ID, USER, CREATION_TIMESTAMP, WORK_TIME, BREAK_TIME, INTERRUPTED)
VALUES (348, 1, '2019-09-26', 0, 0, true);
INSERT INTO POMODORO(ID, USER, CREATION_TIMESTAMP, WORK_TIME, BREAK_TIME, INTERRUPTED)
VALUES (349, 1, '2019-09-26', 0, 0, false);
INSERT INTO POMODORO(ID, USER, CREATION_TIMESTAMP, WORK_TIME, BREAK_TIME, INTERRUPTED)
VALUES (350, 1, '2019-09-26', 0, 0, true);
INSERT INTO POMODORO(ID, USER, CREATION_TIMESTAMP, WORK_TIME, BREAK_TIME, INTERRUPTED)
VALUES (351, 1, '2019-09-26', 0, 0, true);
INSERT INTO POMODORO(ID, USER, CREATION_TIMESTAMP, WORK_TIME, BREAK_TIME, INTERRUPTED)
VALUES (352, 1, '2019-09-26', 0, 0, true);
INSERT INTO POMODORO(ID, USER, CREATION_TIMESTAMP, WORK_TIME, BREAK_TIME, INTERRUPTED)
VALUES (353, 1, '2019-09-26', 0, 0, false);
INSERT INTO POMODORO(ID, USER, CREATION_TIMESTAMP, WORK_TIME, BREAK_TIME, INTERRUPTED)
VALUES (354, 1, '2019-09-26', 0, 0, true);
INSERT INTO POMODORO(ID, USER, CREATION_TIMESTAMP, WORK_TIME, BREAK_TIME, INTERRUPTED)
VALUES (355, 1, '2019-09-26', 0, 0, true);
INSERT INTO POMODORO(ID, USER, CREATION_TIMESTAMP, WORK_TIME, BREAK_TIME, INTERRUPTED)
VALUES (356, 1, '2019-09-26', 0, 0, true);
INSERT INTO POMODORO(ID, USER, CREATION_TIMESTAMP, WORK_TIME, BREAK_TIME, INTERRUPTED)
VALUES (357, 1, '2019-09-26', 0, 0, false);
INSERT INTO POMODORO(ID, USER, CREATION_TIMESTAMP, WORK_TIME, BREAK_TIME, INTERRUPTED)
VALUES (358, 1, '2019-09-26', 0, 0, false);
INSERT INTO POMODORO(ID, USER, CREATION_TIMESTAMP, WORK_TIME, BREAK_TIME, INTERRUPTED)
VALUES (359, 1, '2019-09-26', 0, 0, true);
INSERT INTO POMODORO(ID, USER, CREATION_TIMESTAMP, WORK_TIME, BREAK_TIME, INTERRUPTED)
VALUES (360, 1, '2019-09-26', 0, 0, false);
INSERT INTO POMODORO(ID, USER, CREATION_TIMESTAMP, WORK_TIME, BREAK_TIME, INTERRUPTED)
VALUES (361, 1, '2019-09-26', 0, 0, false);
INSERT INTO POMODORO(ID, USER, CREATION_TIMESTAMP, WORK_TIME, BREAK_TIME, INTERRUPTED)
VALUES (362, 1, '2019-09-26', 0, 0, true);
INSERT INTO POMODORO(ID, USER, CREATION_TIMESTAMP, WORK_TIME, BREAK_TIME, INTERRUPTED)
VALUES (363, 1, '2019-09-26', 0, 0, true);
INSERT INTO POMODORO(ID, USER, CREATION_TIMESTAMP, WORK_TIME, BREAK_TIME, INTERRUPTED)
VALUES (364, 1, '2019-09-26', 0, 0, false);
INSERT INTO POMODORO(ID, USER, CREATION_TIMESTAMP, WORK_TIME, BREAK_TIME, INTERRUPTED)
VALUES (365, 1, '2019-09-26', 0, 0, true);
INSERT INTO POMODORO(ID, USER, CREATION_TIMESTAMP, WORK_TIME, BREAK_TIME, INTERRUPTED)
VALUES (366, 1, '2019-09-26', 0, 0, true);
INSERT INTO POMODORO(ID, USER, CREATION_TIMESTAMP, WORK_TIME, BREAK_TIME, INTERRUPTED)
VALUES (367, 1, '2019-09-26', 0, 0, true);
INSERT INTO POMODORO(ID, USER, CREATION_TIMESTAMP, WORK_TIME, BREAK_TIME, INTERRUPTED)
VALUES (368, 1, '2019-09-26', 0, 0, false);
INSERT INTO POMODORO(ID, USER, CREATION_TIMESTAMP, WORK_TIME, BREAK_TIME, INTERRUPTED)
VALUES (369, 1, '2019-09-26', 0, 0, false);
INSERT INTO POMODORO(ID, USER, CREATION_TIMESTAMP, WORK_TIME, BREAK_TIME, INTERRUPTED)
VALUES (370, 1, '2019-09-26', 0, 0, false);
INSERT INTO POMODORO(ID, USER, CREATION_TIMESTAMP, WORK_TIME, BREAK_TIME, INTERRUPTED)
VALUES (371, 1, '2019-09-26', 0, 0, true);
INSERT INTO POMODORO(ID, USER, CREATION_TIMESTAMP, WORK_TIME, BREAK_TIME, INTERRUPTED)
VALUES (372, 1, '2019-09-26', 0, 0, true);
INSERT INTO POMODORO(ID, USER, CREATION_TIMESTAMP, WORK_TIME, BREAK_TIME, INTERRUPTED)
VALUES (373, 1, '2019-09-26', 0, 0, false);
INSERT INTO POMODORO(ID, USER, CREATION_TIMESTAMP, WORK_TIME, BREAK_TIME, INTERRUPTED)
VALUES (374, 1, '2019-09-26', 0, 0, false);
INSERT INTO POMODORO(ID, USER, CREATION_TIMESTAMP, WORK_TIME, BREAK_TIME, INTERRUPTED)
VALUES (375, 1, '2019-09-25', 0, 0, true);
INSERT INTO POMODORO(ID, USER, CREATION_TIMESTAMP, WORK_TIME, BREAK_TIME, INTERRUPTED)
VALUES (376, 1, '2019-09-25', 0, 0, false);
INSERT INTO POMODORO(ID, USER, CREATION_TIMESTAMP, WORK_TIME, BREAK_TIME, INTERRUPTED)
VALUES (377, 1, '2019-09-25', 0, 0, false);
INSERT INTO POMODORO(ID, USER, CREATION_TIMESTAMP, WORK_TIME, BREAK_TIME, INTERRUPTED)
VALUES (378, 1, '2019-09-25', 0, 0, false);
INSERT INTO POMODORO(ID, USER, CREATION_TIMESTAMP, WORK_TIME, BREAK_TIME, INTERRUPTED)
VALUES (379, 1, '2019-09-25', 0, 0, true);
INSERT INTO POMODORO(ID, USER, CREATION_TIMESTAMP, WORK_TIME, BREAK_TIME, INTERRUPTED)
VALUES (380, 1, '2019-09-25', 0, 0, false);
INSERT INTO POMODORO(ID, USER, CREATION_TIMESTAMP, WORK_TIME, BREAK_TIME, INTERRUPTED)
VALUES (381, 1, '2019-09-25', 0, 0, true);
INSERT INTO POMODORO(ID, USER, CREATION_TIMESTAMP, WORK_TIME, BREAK_TIME, INTERRUPTED)
VALUES (382, 1, '2019-09-25', 0, 0, false);
INSERT INTO POMODORO(ID, USER, CREATION_TIMESTAMP, WORK_TIME, BREAK_TIME, INTERRUPTED)
VALUES (383, 1, '2019-09-25', 0, 0, true);
INSERT INTO POMODORO(ID, USER, CREATION_TIMESTAMP, WORK_TIME, BREAK_TIME, INTERRUPTED)
VALUES (384, 1, '2019-09-25', 0, 0, false);
INSERT INTO POMODORO(ID, USER, CREATION_TIMESTAMP, WORK_TIME, BREAK_TIME, INTERRUPTED)
VALUES (385, 1, '2019-09-25', 0, 0, false);
INSERT INTO POMODORO(ID, USER, CREATION_TIMESTAMP, WORK_TIME, BREAK_TIME, INTERRUPTED)
VALUES (386, 1, '2019-09-25', 0, 0, true);
INSERT INTO POMODORO(ID, USER, CREATION_TIMESTAMP, WORK_TIME, BREAK_TIME, INTERRUPTED)
VALUES (387, 1, '2019-09-25', 0, 0, false);
INSERT INTO POMODORO(ID, USER, CREATION_TIMESTAMP, WORK_TIME, BREAK_TIME, INTERRUPTED)
VALUES (388, 1, '2019-09-25', 0, 0, false);
INSERT INTO POMODORO(ID, USER, CREATION_TIMESTAMP, WORK_TIME, BREAK_TIME, INTERRUPTED)
VALUES (389, 1, '2019-09-25', 0, 0, false);
INSERT INTO POMODORO(ID, USER, CREATION_TIMESTAMP, WORK_TIME, BREAK_TIME, INTERRUPTED)
VALUES (390, 1, '2019-09-25', 0, 0, false);
INSERT INTO POMODORO(ID, USER, CREATION_TIMESTAMP, WORK_TIME, BREAK_TIME, INTERRUPTED)
VALUES (391, 1, '2019-09-25', 0, 0, false);
INSERT INTO POMODORO(ID, USER, CREATION_TIMESTAMP, WORK_TIME, BREAK_TIME, INTERRUPTED)
VALUES (392, 1, '2019-09-24', 0, 0, false);
INSERT INTO POMODORO(ID, USER, CREATION_TIMESTAMP, WORK_TIME, BREAK_TIME, INTERRUPTED)
VALUES (393, 1, '2019-09-24', 0, 0, true);
INSERT INTO POMODORO(ID, USER, CREATION_TIMESTAMP, WORK_TIME, BREAK_TIME, INTERRUPTED)
VALUES (394, 1, '2019-09-24', 0, 0, false);
INSERT INTO POMODORO(ID, USER, CREATION_TIMESTAMP, WORK_TIME, BREAK_TIME, INTERRUPTED)
VALUES (395, 1, '2019-09-24', 0, 0, false);
INSERT INTO POMODORO(ID, USER, CREATION_TIMESTAMP, WORK_TIME, BREAK_TIME, INTERRUPTED)
VALUES (396, 1, '2019-09-24', 0, 0, false);
INSERT INTO POMODORO(ID, USER, CREATION_TIMESTAMP, WORK_TIME, BREAK_TIME, INTERRUPTED)
VALUES (397, 1, '2019-09-24', 0, 0, false);
INSERT INTO POMODORO(ID, USER, CREATION_TIMESTAMP, WORK_TIME, BREAK_TIME, INTERRUPTED)
VALUES (398, 1, '2019-09-24', 0, 0, false);
INSERT INTO POMODORO(ID, USER, CREATION_TIMESTAMP, WORK_TIME, BREAK_TIME, INTERRUPTED)
VALUES (399, 1, '2019-09-24', 0, 0, false);
INSERT INTO POMODORO(ID, USER, CREATION_TIMESTAMP, WORK_TIME, BREAK_TIME, INTERRUPTED)
VALUES (400, 1, '2019-09-24', 0, 0, true);
INSERT INTO POMODORO(ID, USER, CREATION_TIMESTAMP, WORK_TIME, BREAK_TIME, INTERRUPTED)
VALUES (401, 1, '2019-09-24', 0, 0, false);
INSERT INTO POMODORO(ID, USER, CREATION_TIMESTAMP, WORK_TIME, BREAK_TIME, INTERRUPTED)
VALUES (402, 1, '2019-09-24', 0, 0, true);
INSERT INTO POMODORO(ID, USER, CREATION_TIMESTAMP, WORK_TIME, BREAK_TIME, INTERRUPTED)
VALUES (403, 1, '2019-09-23', 0, 0, true);
INSERT INTO POMODORO(ID, USER, CREATION_TIMESTAMP, WORK_TIME, BREAK_TIME, INTERRUPTED)
VALUES (404, 1, '2019-09-23', 0, 0, false);
INSERT INTO POMODORO(ID, USER, CREATION_TIMESTAMP, WORK_TIME, BREAK_TIME, INTERRUPTED)
VALUES (405, 1, '2019-09-23', 0, 0, true);
INSERT INTO POMODORO(ID, USER, CREATION_TIMESTAMP, WORK_TIME, BREAK_TIME, INTERRUPTED)
VALUES (406, 1, '2019-09-23', 0, 0, true);
INSERT INTO POMODORO(ID, USER, CREATION_TIMESTAMP, WORK_TIME, BREAK_TIME, INTERRUPTED)
VALUES (407, 1, '2019-09-23', 0, 0, false);
INSERT INTO POMODORO(ID, USER, CREATION_TIMESTAMP, WORK_TIME, BREAK_TIME, INTERRUPTED)
VALUES (408, 1, '2019-09-23', 0, 0, true);
INSERT INTO POMODORO(ID, USER, CREATION_TIMESTAMP, WORK_TIME, BREAK_TIME, INTERRUPTED)
VALUES (409, 1, '2019-09-23', 0, 0, true);
INSERT INTO POMODORO(ID, USER, CREATION_TIMESTAMP, WORK_TIME, BREAK_TIME, INTERRUPTED)
VALUES (410, 1, '2019-09-23', 0, 0, false);
INSERT INTO POMODORO(ID, USER, CREATION_TIMESTAMP, WORK_TIME, BREAK_TIME, INTERRUPTED)
VALUES (411, 1, '2019-09-23', 0, 0, false);
INSERT INTO POMODORO(ID, USER, CREATION_TIMESTAMP, WORK_TIME, BREAK_TIME, INTERRUPTED)
VALUES (412, 1, '2019-09-23', 0, 0, false);
INSERT INTO POMODORO(ID, USER, CREATION_TIMESTAMP, WORK_TIME, BREAK_TIME, INTERRUPTED)
VALUES (413, 1, '2019-09-23', 0, 0, true);
INSERT INTO POMODORO(ID, USER, CREATION_TIMESTAMP, WORK_TIME, BREAK_TIME, INTERRUPTED)
VALUES (414, 1, '2019-09-23', 0, 0, false);
INSERT INTO POMODORO(ID, USER, CREATION_TIMESTAMP, WORK_TIME, BREAK_TIME, INTERRUPTED)
VALUES (415, 1, '2019-09-23', 0, 0, false);
INSERT INTO POMODORO(ID, USER, CREATION_TIMESTAMP, WORK_TIME, BREAK_TIME, INTERRUPTED)
VALUES (416, 1, '2019-09-23', 0, 0, true);
INSERT INTO POMODORO(ID, USER, CREATION_TIMESTAMP, WORK_TIME, BREAK_TIME, INTERRUPTED)
VALUES (417, 1, '2019-09-23', 0, 0, true);
INSERT INTO POMODORO(ID, USER, CREATION_TIMESTAMP, WORK_TIME, BREAK_TIME, INTERRUPTED)
VALUES (418, 1, '2019-09-23', 0, 0, true);
INSERT INTO POMODORO(ID, USER, CREATION_TIMESTAMP, WORK_TIME, BREAK_TIME, INTERRUPTED)
VALUES (419, 1, '2019-09-23', 0, 0, false);
INSERT INTO POMODORO(ID, USER, CREATION_TIMESTAMP, WORK_TIME, BREAK_TIME, INTERRUPTED)
VALUES (420, 1, '2019-09-23', 0, 0, true);
INSERT INTO POMODORO(ID, USER, CREATION_TIMESTAMP, WORK_TIME, BREAK_TIME, INTERRUPTED)
VALUES (421, 1, '2019-09-23', 0, 0, true);
INSERT INTO POMODORO(ID, USER, CREATION_TIMESTAMP, WORK_TIME, BREAK_TIME, INTERRUPTED)
VALUES (422, 1, '2019-09-23', 0, 0, false);
INSERT INTO POMODORO(ID, USER, CREATION_TIMESTAMP, WORK_TIME, BREAK_TIME, INTERRUPTED)
VALUES (423, 1, '2019-09-23', 0, 0, true);
INSERT INTO POMODORO(ID, USER, CREATION_TIMESTAMP, WORK_TIME, BREAK_TIME, INTERRUPTED)
VALUES (424, 1, '2019-09-23', 0, 0, true);
INSERT INTO POMODORO(ID, USER, CREATION_TIMESTAMP, WORK_TIME, BREAK_TIME, INTERRUPTED)
VALUES (425, 1, '2019-09-23', 0, 0, false);
INSERT INTO POMODORO(ID, USER, CREATION_TIMESTAMP, WORK_TIME, BREAK_TIME, INTERRUPTED)
VALUES (426, 1, '2019-09-23', 0, 0, true);
INSERT INTO POMODORO(ID, USER, CREATION_TIMESTAMP, WORK_TIME, BREAK_TIME, INTERRUPTED)
VALUES (427, 1, '2019-09-23', 0, 0, true);
INSERT INTO POMODORO(ID, USER, CREATION_TIMESTAMP, WORK_TIME, BREAK_TIME, INTERRUPTED)
VALUES (428, 1, '2019-09-23', 0, 0, false);
INSERT INTO POMODORO(ID, USER, CREATION_TIMESTAMP, WORK_TIME, BREAK_TIME, INTERRUPTED)
VALUES (429, 1, '2019-09-23', 0, 0, true);
INSERT INTO POMODORO(ID, USER, CREATION_TIMESTAMP, WORK_TIME, BREAK_TIME, INTERRUPTED)
VALUES (430, 1, '2019-09-23', 0, 0, true);
INSERT INTO POMODORO(ID, USER, CREATION_TIMESTAMP, WORK_TIME, BREAK_TIME, INTERRUPTED)
VALUES (431, 1, '2019-09-23', 0, 0, true);
INSERT INTO POMODORO(ID, USER, CREATION_TIMESTAMP, WORK_TIME, BREAK_TIME, INTERRUPTED)
VALUES (432, 1, '2019-09-23', 0, 0, false);
INSERT INTO POMODORO(ID, USER, CREATION_TIMESTAMP, WORK_TIME, BREAK_TIME, INTERRUPTED)
VALUES (433, 1, '2019-09-23', 0, 0, true);
INSERT INTO POMODORO(ID, USER, CREATION_TIMESTAMP, WORK_TIME, BREAK_TIME, INTERRUPTED)
VALUES (434, 1, '2019-09-23', 0, 0, false);
INSERT INTO POMODORO(ID, USER, CREATION_TIMESTAMP, WORK_TIME, BREAK_TIME, INTERRUPTED)
VALUES (435, 1, '2019-09-23', 0, 0, true);
INSERT INTO POMODORO(ID, USER, CREATION_TIMESTAMP, WORK_TIME, BREAK_TIME, INTERRUPTED)
VALUES (436, 1, '2019-09-23', 0, 0, true);
INSERT INTO POMODORO(ID, USER, CREATION_TIMESTAMP, WORK_TIME, BREAK_TIME, INTERRUPTED)
VALUES (437, 1, '2019-09-23', 0, 0, true);
INSERT INTO POMODORO(ID, USER, CREATION_TIMESTAMP, WORK_TIME, BREAK_TIME, INTERRUPTED)
VALUES (438, 1, '2019-09-23', 0, 0, false);
INSERT INTO POMODORO(ID, USER, CREATION_TIMESTAMP, WORK_TIME, BREAK_TIME, INTERRUPTED)
VALUES (439, 1, '2019-09-23', 0, 0, true);
INSERT INTO POMODORO(ID, USER, CREATION_TIMESTAMP, WORK_TIME, BREAK_TIME, INTERRUPTED)
VALUES (440, 1, '2019-09-23', 0, 0, true);
INSERT INTO POMODORO(ID, USER, CREATION_TIMESTAMP, WORK_TIME, BREAK_TIME, INTERRUPTED)
VALUES (441, 1, '2019-09-23', 0, 0, true);
INSERT INTO POMODORO(ID, USER, CREATION_TIMESTAMP, WORK_TIME, BREAK_TIME, INTERRUPTED)
VALUES (442, 1, '2019-09-23', 0, 0, false);
INSERT INTO POMODORO(ID, USER, CREATION_TIMESTAMP, WORK_TIME, BREAK_TIME, INTERRUPTED)
VALUES (443, 1, '2019-09-23', 0, 0, false);
INSERT INTO POMODORO(ID, USER, CREATION_TIMESTAMP, WORK_TIME, BREAK_TIME, INTERRUPTED)
VALUES (444, 1, '2019-09-23', 0, 0, true);
INSERT INTO POMODORO(ID, USER, CREATION_TIMESTAMP, WORK_TIME, BREAK_TIME, INTERRUPTED)
VALUES (445, 1, '2019-09-23', 0, 0, true);
INSERT INTO POMODORO(ID, USER, CREATION_TIMESTAMP, WORK_TIME, BREAK_TIME, INTERRUPTED)
VALUES (446, 1, '2019-09-22', 0, 0, false);
INSERT INTO POMODORO(ID, USER, CREATION_TIMESTAMP, WORK_TIME, BREAK_TIME, INTERRUPTED)
VALUES (447, 1, '2019-09-22', 0, 0, false);
INSERT INTO POMODORO(ID, USER, CREATION_TIMESTAMP, WORK_TIME, BREAK_TIME, INTERRUPTED)
VALUES (448, 1, '2019-09-22', 0, 0, true);
INSERT INTO POMODORO(ID, USER, CREATION_TIMESTAMP, WORK_TIME, BREAK_TIME, INTERRUPTED)
VALUES (449, 1, '2019-09-22', 0, 0, true);
INSERT INTO POMODORO(ID, USER, CREATION_TIMESTAMP, WORK_TIME, BREAK_TIME, INTERRUPTED)
VALUES (450, 1, '2019-09-22', 0, 0, false);
INSERT INTO POMODORO(ID, USER, CREATION_TIMESTAMP, WORK_TIME, BREAK_TIME, INTERRUPTED)
VALUES (451, 1, '2019-09-22', 0, 0, true);
INSERT INTO POMODORO(ID, USER, CREATION_TIMESTAMP, WORK_TIME, BREAK_TIME, INTERRUPTED)
VALUES (452, 1, '2019-09-22', 0, 0, true);
INSERT INTO POMODORO(ID, USER, CREATION_TIMESTAMP, WORK_TIME, BREAK_TIME, INTERRUPTED)
VALUES (453, 1, '2019-09-22', 0, 0, true);
INSERT INTO POMODORO(ID, USER, CREATION_TIMESTAMP, WORK_TIME, BREAK_TIME, INTERRUPTED)
VALUES (454, 1, '2019-09-22', 0, 0, true);
INSERT INTO POMODORO(ID, USER, CREATION_TIMESTAMP, WORK_TIME, BREAK_TIME, INTERRUPTED)
VALUES (455, 1, '2019-09-22', 0, 0, false);
INSERT INTO POMODORO(ID, USER, CREATION_TIMESTAMP, WORK_TIME, BREAK_TIME, INTERRUPTED)
VALUES (456, 1, '2019-09-22', 0, 0, true);
INSERT INTO POMODORO(ID, USER, CREATION_TIMESTAMP, WORK_TIME, BREAK_TIME, INTERRUPTED)
VALUES (457, 1, '2019-09-22', 0, 0, true);
INSERT INTO POMODORO(ID, USER, CREATION_TIMESTAMP, WORK_TIME, BREAK_TIME, INTERRUPTED)
VALUES (458, 1, '2019-09-22', 0, 0, false);
INSERT INTO POMODORO(ID, USER, CREATION_TIMESTAMP, WORK_TIME, BREAK_TIME, INTERRUPTED)
VALUES (459, 1, '2019-09-22', 0, 0, false);
INSERT INTO POMODORO(ID, USER, CREATION_TIMESTAMP, WORK_TIME, BREAK_TIME, INTERRUPTED)
VALUES (460, 1, '2019-09-22', 0, 0, true);
INSERT INTO POMODORO(ID, USER, CREATION_TIMESTAMP, WORK_TIME, BREAK_TIME, INTERRUPTED)
VALUES (461, 1, '2019-09-22', 0, 0, true);
INSERT INTO POMODORO(ID, USER, CREATION_TIMESTAMP, WORK_TIME, BREAK_TIME, INTERRUPTED)
VALUES (462, 1, '2019-09-22', 0, 0, false);
INSERT INTO POMODORO(ID, USER, CREATION_TIMESTAMP, WORK_TIME, BREAK_TIME, INTERRUPTED)
VALUES (463, 1, '2019-09-22', 0, 0, true);
INSERT INTO POMODORO(ID, USER, CREATION_TIMESTAMP, WORK_TIME, BREAK_TIME, INTERRUPTED)
VALUES (464, 1, '2019-09-22', 0, 0, true);
INSERT INTO POMODORO(ID, USER, CREATION_TIMESTAMP, WORK_TIME, BREAK_TIME, INTERRUPTED)
VALUES (465, 1, '2019-09-22', 0, 0, false);
INSERT INTO POMODORO(ID, USER, CREATION_TIMESTAMP, WORK_TIME, BREAK_TIME, INTERRUPTED)
VALUES (466, 1, '2019-09-22', 0, 0, false);
INSERT INTO POMODORO(ID, USER, CREATION_TIMESTAMP, WORK_TIME, BREAK_TIME, INTERRUPTED)
VALUES (467, 1, '2019-09-22', 0, 0, false);
INSERT INTO POMODORO(ID, USER, CREATION_TIMESTAMP, WORK_TIME, BREAK_TIME, INTERRUPTED)
VALUES (468, 1, '2019-09-22', 0, 0, false);
INSERT INTO POMODORO(ID, USER, CREATION_TIMESTAMP, WORK_TIME, BREAK_TIME, INTERRUPTED)
VALUES (469, 1, '2019-09-22', 0, 0, true);
INSERT INTO POMODORO(ID, USER, CREATION_TIMESTAMP, WORK_TIME, BREAK_TIME, INTERRUPTED)
VALUES (470, 1, '2019-09-22', 0, 0, true);
INSERT INTO POMODORO(ID, USER, CREATION_TIMESTAMP, WORK_TIME, BREAK_TIME, INTERRUPTED)
VALUES (471, 1, '2019-09-22', 0, 0, true);
INSERT INTO POMODORO(ID, USER, CREATION_TIMESTAMP, WORK_TIME, BREAK_TIME, INTERRUPTED)
VALUES (472, 1, '2019-09-22', 0, 0, false);
INSERT INTO POMODORO(ID, USER, CREATION_TIMESTAMP, WORK_TIME, BREAK_TIME, INTERRUPTED)
VALUES (473, 1, '2019-09-22', 0, 0, false);
INSERT INTO POMODORO(ID, USER, CREATION_TIMESTAMP, WORK_TIME, BREAK_TIME, INTERRUPTED)
VALUES (474, 1, '2019-09-22', 0, 0, true);
INSERT INTO POMODORO(ID, USER, CREATION_TIMESTAMP, WORK_TIME, BREAK_TIME, INTERRUPTED)
VALUES (475, 1, '2019-09-22', 0, 0, true);
INSERT INTO POMODORO(ID, USER, CREATION_TIMESTAMP, WORK_TIME, BREAK_TIME, INTERRUPTED)
VALUES (476, 1, '2019-09-22', 0, 0, true);
INSERT INTO POMODORO(ID, USER, CREATION_TIMESTAMP, WORK_TIME, BREAK_TIME, INTERRUPTED)
VALUES (477, 1, '2019-09-22', 0, 0, false);
INSERT INTO POMODORO(ID, USER, CREATION_TIMESTAMP, WORK_TIME, BREAK_TIME, INTERRUPTED)
VALUES (478, 1, '2019-09-22', 0, 0, true);
INSERT INTO POMODORO(ID, USER, CREATION_TIMESTAMP, WORK_TIME, BREAK_TIME, INTERRUPTED)
VALUES (479, 1, '2019-09-22', 0, 0, false);
INSERT INTO POMODORO(ID, USER, CREATION_TIMESTAMP, WORK_TIME, BREAK_TIME, INTERRUPTED)
VALUES (480, 1, '2019-09-22', 0, 0, true);
INSERT INTO POMODORO(ID, USER, CREATION_TIMESTAMP, WORK_TIME, BREAK_TIME, INTERRUPTED)
VALUES (481, 1, '2019-09-22', 0, 0, true);
INSERT INTO POMODORO(ID, USER, CREATION_TIMESTAMP, WORK_TIME, BREAK_TIME, INTERRUPTED)
VALUES (482, 1, '2019-09-22', 0, 0, false);
INSERT INTO POMODORO(ID, USER, CREATION_TIMESTAMP, WORK_TIME, BREAK_TIME, INTERRUPTED)
VALUES (483, 1, '2019-09-22', 0, 0, true);
INSERT INTO POMODORO(ID, USER, CREATION_TIMESTAMP, WORK_TIME, BREAK_TIME, INTERRUPTED)
VALUES (484, 1, '2019-09-22', 0, 0, true);
INSERT INTO POMODORO(ID, USER, CREATION_TIMESTAMP, WORK_TIME, BREAK_TIME, INTERRUPTED)
VALUES (485, 1, '2019-09-22', 0, 0, false);
INSERT INTO POMODORO(ID, USER, CREATION_TIMESTAMP, WORK_TIME, BREAK_TIME, INTERRUPTED)
VALUES (486, 1, '2019-09-22', 0, 0, true);
INSERT INTO POMODORO(ID, USER, CREATION_TIMESTAMP, WORK_TIME, BREAK_TIME, INTERRUPTED)
VALUES (487, 1, '2019-09-22', 0, 0, false);
INSERT INTO POMODORO(ID, USER, CREATION_TIMESTAMP, WORK_TIME, BREAK_TIME, INTERRUPTED)
VALUES (488, 1, '2019-09-22', 0, 0, false);
INSERT INTO POMODORO(ID, USER, CREATION_TIMESTAMP, WORK_TIME, BREAK_TIME, INTERRUPTED)
VALUES (489, 1, '2019-09-22', 0, 0, false);
INSERT INTO POMODORO(ID, USER, CREATION_TIMESTAMP, WORK_TIME, BREAK_TIME, INTERRUPTED)
VALUES (490, 1, '2019-09-22', 0, 0, false);
INSERT INTO POMODORO(ID, USER, CREATION_TIMESTAMP, WORK_TIME, BREAK_TIME, INTERRUPTED)
VALUES (491, 1, '2019-09-22', 0, 0, true);
INSERT INTO POMODORO(ID, USER, CREATION_TIMESTAMP, WORK_TIME, BREAK_TIME, INTERRUPTED)
VALUES (492, 1, '2019-09-21', 0, 0, false);
INSERT INTO POMODORO(ID, USER, CREATION_TIMESTAMP, WORK_TIME, BREAK_TIME, INTERRUPTED)
VALUES (493, 1, '2019-09-21', 0, 0, true);
INSERT INTO POMODORO(ID, USER, CREATION_TIMESTAMP, WORK_TIME, BREAK_TIME, INTERRUPTED)
VALUES (494, 1, '2019-09-21', 0, 0, true);
INSERT INTO POMODORO(ID, USER, CREATION_TIMESTAMP, WORK_TIME, BREAK_TIME, INTERRUPTED)
VALUES (495, 1, '2019-09-21', 0, 0, false);
INSERT INTO POMODORO(ID, USER, CREATION_TIMESTAMP, WORK_TIME, BREAK_TIME, INTERRUPTED)
VALUES (496, 1, '2019-09-21', 0, 0, true);
INSERT INTO POMODORO(ID, USER, CREATION_TIMESTAMP, WORK_TIME, BREAK_TIME, INTERRUPTED)
VALUES (497, 1, '2019-09-21', 0, 0, false);
INSERT INTO POMODORO(ID, USER, CREATION_TIMESTAMP, WORK_TIME, BREAK_TIME, INTERRUPTED)
VALUES (498, 1, '2019-09-21', 0, 0, false);
INSERT INTO POMODORO(ID, USER, CREATION_TIMESTAMP, WORK_TIME, BREAK_TIME, INTERRUPTED)
VALUES (499, 1, '2019-09-21', 0, 0, false);
INSERT INTO POMODORO(ID, USER, CREATION_TIMESTAMP, WORK_TIME, BREAK_TIME, INTERRUPTED)
VALUES (500, 1, '2019-09-21', 0, 0, true);
INSERT INTO POMODORO(ID, USER, CREATION_TIMESTAMP, WORK_TIME, BREAK_TIME, INTERRUPTED)
VALUES (501, 1, '2019-09-21', 0, 0, false);
INSERT INTO POMODORO(ID, USER, CREATION_TIMESTAMP, WORK_TIME, BREAK_TIME, INTERRUPTED)
VALUES (502, 1, '2019-09-21', 0, 0, true);
INSERT INTO POMODORO(ID, USER, CREATION_TIMESTAMP, WORK_TIME, BREAK_TIME, INTERRUPTED)
VALUES (503, 1, '2019-09-21', 0, 0, true);
INSERT INTO POMODORO(ID, USER, CREATION_TIMESTAMP, WORK_TIME, BREAK_TIME, INTERRUPTED)
VALUES (504, 1, '2019-09-21', 0, 0, true);
INSERT INTO POMODORO(ID, USER, CREATION_TIMESTAMP, WORK_TIME, BREAK_TIME, INTERRUPTED)
VALUES (505, 1, '2019-09-21', 0, 0, false);
INSERT INTO POMODORO(ID, USER, CREATION_TIMESTAMP, WORK_TIME, BREAK_TIME, INTERRUPTED)
VALUES (506, 1, '2019-09-21', 0, 0, false);
INSERT INTO POMODORO(ID, USER, CREATION_TIMESTAMP, WORK_TIME, BREAK_TIME, INTERRUPTED)
VALUES (507, 1, '2019-09-21', 0, 0, true);
INSERT INTO POMODORO(ID, USER, CREATION_TIMESTAMP, WORK_TIME, BREAK_TIME, INTERRUPTED)
VALUES (508, 1, '2019-09-21', 0, 0, false);
INSERT INTO POMODORO(ID, USER, CREATION_TIMESTAMP, WORK_TIME, BREAK_TIME, INTERRUPTED)
VALUES (509, 1, '2019-09-21', 0, 0, true);
INSERT INTO POMODORO(ID, USER, CREATION_TIMESTAMP, WORK_TIME, BREAK_TIME, INTERRUPTED)
VALUES (510, 1, '2019-09-21', 0, 0, true);
INSERT INTO POMODORO(ID, USER, CREATION_TIMESTAMP, WORK_TIME, BREAK_TIME, INTERRUPTED)
VALUES (511, 1, '2019-09-21', 0, 0, false);
INSERT INTO POMODORO(ID, USER, CREATION_TIMESTAMP, WORK_TIME, BREAK_TIME, INTERRUPTED)
VALUES (512, 1, '2019-09-21', 0, 0, false);
INSERT INTO POMODORO(ID, USER, CREATION_TIMESTAMP, WORK_TIME, BREAK_TIME, INTERRUPTED)
VALUES (513, 1, '2019-09-21', 0, 0, true);
INSERT INTO POMODORO(ID, USER, CREATION_TIMESTAMP, WORK_TIME, BREAK_TIME, INTERRUPTED)
VALUES (514, 1, '2019-09-21', 0, 0, false);
INSERT INTO POMODORO(ID, USER, CREATION_TIMESTAMP, WORK_TIME, BREAK_TIME, INTERRUPTED)
VALUES (515, 1, '2019-09-21', 0, 0, true);
INSERT INTO POMODORO(ID, USER, CREATION_TIMESTAMP, WORK_TIME, BREAK_TIME, INTERRUPTED)
VALUES (516, 1, '2019-09-21', 0, 0, false);
INSERT INTO POMODORO(ID, USER, CREATION_TIMESTAMP, WORK_TIME, BREAK_TIME, INTERRUPTED)
VALUES (517, 1, '2019-09-21', 0, 0, false);
INSERT INTO POMODORO(ID, USER, CREATION_TIMESTAMP, WORK_TIME, BREAK_TIME, INTERRUPTED)
VALUES (518, 1, '2019-09-21', 0, 0, true);
INSERT INTO POMODORO(ID, USER, CREATION_TIMESTAMP, WORK_TIME, BREAK_TIME, INTERRUPTED)
VALUES (519, 1, '2019-09-20', 0, 0, false);
INSERT INTO POMODORO(ID, USER, CREATION_TIMESTAMP, WORK_TIME, BREAK_TIME, INTERRUPTED)
VALUES (520, 1, '2019-09-20', 0, 0, true);
INSERT INTO POMODORO(ID, USER, CREATION_TIMESTAMP, WORK_TIME, BREAK_TIME, INTERRUPTED)
VALUES (521, 1, '2019-09-20', 0, 0, false);
INSERT INTO POMODORO(ID, USER, CREATION_TIMESTAMP, WORK_TIME, BREAK_TIME, INTERRUPTED)
VALUES (522, 1, '2019-09-20', 0, 0, true);
INSERT INTO POMODORO(ID, USER, CREATION_TIMESTAMP, WORK_TIME, BREAK_TIME, INTERRUPTED)
VALUES (523, 1, '2019-09-20', 0, 0, true);
INSERT INTO POMODORO(ID, USER, CREATION_TIMESTAMP, WORK_TIME, BREAK_TIME, INTERRUPTED)
VALUES (524, 1, '2019-09-20', 0, 0, true);
INSERT INTO POMODORO(ID, USER, CREATION_TIMESTAMP, WORK_TIME, BREAK_TIME, INTERRUPTED)
VALUES (525, 1, '2019-09-20', 0, 0, true);
INSERT INTO POMODORO(ID, USER, CREATION_TIMESTAMP, WORK_TIME, BREAK_TIME, INTERRUPTED)
VALUES (526, 1, '2019-09-20', 0, 0, true);
INSERT INTO POMODORO(ID, USER, CREATION_TIMESTAMP, WORK_TIME, BREAK_TIME, INTERRUPTED)
VALUES (527, 1, '2019-09-20', 0, 0, false);
INSERT INTO POMODORO(ID, USER, CREATION_TIMESTAMP, WORK_TIME, BREAK_TIME, INTERRUPTED)
VALUES (528, 1, '2019-09-20', 0, 0, false);
INSERT INTO POMODORO(ID, USER, CREATION_TIMESTAMP, WORK_TIME, BREAK_TIME, INTERRUPTED)
VALUES (529, 1, '2019-09-20', 0, 0, true);
INSERT INTO POMODORO(ID, USER, CREATION_TIMESTAMP, WORK_TIME, BREAK_TIME, INTERRUPTED)
VALUES (530, 1, '2019-09-19', 0, 0, false);
INSERT INTO POMODORO(ID, USER, CREATION_TIMESTAMP, WORK_TIME, BREAK_TIME, INTERRUPTED)
VALUES (531, 1, '2019-09-19', 0, 0, true);
INSERT INTO POMODORO(ID, USER, CREATION_TIMESTAMP, WORK_TIME, BREAK_TIME, INTERRUPTED)
VALUES (532, 1, '2019-09-19', 0, 0, false);
INSERT INTO POMODORO(ID, USER, CREATION_TIMESTAMP, WORK_TIME, BREAK_TIME, INTERRUPTED)
VALUES (533, 1, '2019-09-19', 0, 0, true);
INSERT INTO POMODORO(ID, USER, CREATION_TIMESTAMP, WORK_TIME, BREAK_TIME, INTERRUPTED)
VALUES (534, 1, '2019-09-19', 0, 0, false);
INSERT INTO POMODORO(ID, USER, CREATION_TIMESTAMP, WORK_TIME, BREAK_TIME, INTERRUPTED)
VALUES (535, 1, '2019-09-19', 0, 0, false);
INSERT INTO POMODORO(ID, USER, CREATION_TIMESTAMP, WORK_TIME, BREAK_TIME, INTERRUPTED)
VALUES (536, 1, '2019-09-19', 0, 0, true);
INSERT INTO POMODORO(ID, USER, CREATION_TIMESTAMP, WORK_TIME, BREAK_TIME, INTERRUPTED)
VALUES (537, 1, '2019-09-19', 0, 0, false);
INSERT INTO POMODORO(ID, USER, CREATION_TIMESTAMP, WORK_TIME, BREAK_TIME, INTERRUPTED)
VALUES (538, 1, '2019-09-17', 0, 0, false);
INSERT INTO POMODORO(ID, USER, CREATION_TIMESTAMP, WORK_TIME, BREAK_TIME, INTERRUPTED)
VALUES (539, 1, '2019-09-17', 0, 0, true);
INSERT INTO POMODORO(ID, USER, CREATION_TIMESTAMP, WORK_TIME, BREAK_TIME, INTERRUPTED)
VALUES (540, 1, '2019-09-17', 0, 0, true);
INSERT INTO POMODORO(ID, USER, CREATION_TIMESTAMP, WORK_TIME, BREAK_TIME, INTERRUPTED)
VALUES (541, 1, '2019-09-17', 0, 0, false);
INSERT INTO POMODORO(ID, USER, CREATION_TIMESTAMP, WORK_TIME, BREAK_TIME, INTERRUPTED)
VALUES (542, 1, '2019-09-17', 0, 0, false);
INSERT INTO POMODORO(ID, USER, CREATION_TIMESTAMP, WORK_TIME, BREAK_TIME, INTERRUPTED)
VALUES (543, 1, '2019-09-17', 0, 0, true);
INSERT INTO POMODORO(ID, USER, CREATION_TIMESTAMP, WORK_TIME, BREAK_TIME, INTERRUPTED)
VALUES (544, 1, '2019-09-17', 0, 0, true);
INSERT INTO POMODORO(ID, USER, CREATION_TIMESTAMP, WORK_TIME, BREAK_TIME, INTERRUPTED)
VALUES (545, 1, '2019-09-17', 0, 0, false);
INSERT INTO POMODORO(ID, USER, CREATION_TIMESTAMP, WORK_TIME, BREAK_TIME, INTERRUPTED)
VALUES (546, 1, '2019-09-17', 0, 0, false);
INSERT INTO POMODORO(ID, USER, CREATION_TIMESTAMP, WORK_TIME, BREAK_TIME, INTERRUPTED)
VALUES (547, 1, '2019-09-17', 0, 0, true);
INSERT INTO POMODORO(ID, USER, CREATION_TIMESTAMP, WORK_TIME, BREAK_TIME, INTERRUPTED)
VALUES (548, 1, '2019-09-17', 0, 0, false);
INSERT INTO POMODORO(ID, USER, CREATION_TIMESTAMP, WORK_TIME, BREAK_TIME, INTERRUPTED)
VALUES (549, 1, '2019-09-17', 0, 0, false);
INSERT INTO POMODORO(ID, USER, CREATION_TIMESTAMP, WORK_TIME, BREAK_TIME, INTERRUPTED)
VALUES (550, 1, '2019-09-17', 0, 0, false);
INSERT INTO POMODORO(ID, USER, CREATION_TIMESTAMP, WORK_TIME, BREAK_TIME, INTERRUPTED)
VALUES (551, 1, '2019-09-17', 0, 0, false);
INSERT INTO POMODORO(ID, USER, CREATION_TIMESTAMP, WORK_TIME, BREAK_TIME, INTERRUPTED)
VALUES (552, 1, '2019-09-17', 0, 0, true);
INSERT INTO POMODORO(ID, USER, CREATION_TIMESTAMP, WORK_TIME, BREAK_TIME, INTERRUPTED)
VALUES (553, 1, '2019-09-17', 0, 0, true);
INSERT INTO POMODORO(ID, USER, CREATION_TIMESTAMP, WORK_TIME, BREAK_TIME, INTERRUPTED)
VALUES (554, 1, '2019-09-17', 0, 0, true);
INSERT INTO POMODORO(ID, USER, CREATION_TIMESTAMP, WORK_TIME, BREAK_TIME, INTERRUPTED)
VALUES (555, 1, '2019-09-17', 0, 0, true);
INSERT INTO POMODORO(ID, USER, CREATION_TIMESTAMP, WORK_TIME, BREAK_TIME, INTERRUPTED)
VALUES (556, 1, '2019-09-17', 0, 0, true);
INSERT INTO POMODORO(ID, USER, CREATION_TIMESTAMP, WORK_TIME, BREAK_TIME, INTERRUPTED)
VALUES (557, 1, '2019-09-17', 0, 0, false);
INSERT INTO POMODORO(ID, USER, CREATION_TIMESTAMP, WORK_TIME, BREAK_TIME, INTERRUPTED)
VALUES (558, 1, '2019-09-17', 0, 0, true);
INSERT INTO POMODORO(ID, USER, CREATION_TIMESTAMP, WORK_TIME, BREAK_TIME, INTERRUPTED)
VALUES (559, 1, '2019-09-17', 0, 0, true);
INSERT INTO POMODORO(ID, USER, CREATION_TIMESTAMP, WORK_TIME, BREAK_TIME, INTERRUPTED)
VALUES (560, 1, '2019-09-17', 0, 0, true);
INSERT INTO POMODORO(ID, USER, CREATION_TIMESTAMP, WORK_TIME, BREAK_TIME, INTERRUPTED)
VALUES (561, 1, '2019-09-17', 0, 0, false);
INSERT INTO POMODORO(ID, USER, CREATION_TIMESTAMP, WORK_TIME, BREAK_TIME, INTERRUPTED)
VALUES (562, 1, '2019-09-17', 0, 0, false);
INSERT INTO POMODORO(ID, USER, CREATION_TIMESTAMP, WORK_TIME, BREAK_TIME, INTERRUPTED)
VALUES (563, 1, '2019-09-17', 0, 0, false);
INSERT INTO POMODORO(ID, USER, CREATION_TIMESTAMP, WORK_TIME, BREAK_TIME, INTERRUPTED)
VALUES (564, 1, '2019-09-17', 0, 0, true);
INSERT INTO POMODORO(ID, USER, CREATION_TIMESTAMP, WORK_TIME, BREAK_TIME, INTERRUPTED)
VALUES (565, 1, '2019-09-17', 0, 0, true);
INSERT INTO POMODORO(ID, USER, CREATION_TIMESTAMP, WORK_TIME, BREAK_TIME, INTERRUPTED)
VALUES (566, 1, '2019-09-17', 0, 0, false);
INSERT INTO POMODORO(ID, USER, CREATION_TIMESTAMP, WORK_TIME, BREAK_TIME, INTERRUPTED)
VALUES (567, 1, '2019-09-17', 0, 0, true);
INSERT INTO POMODORO(ID, USER, CREATION_TIMESTAMP, WORK_TIME, BREAK_TIME, INTERRUPTED)
VALUES (568, 1, '2019-09-17', 0, 0, false);
INSERT INTO POMODORO(ID, USER, CREATION_TIMESTAMP, WORK_TIME, BREAK_TIME, INTERRUPTED)
VALUES (569, 1, '2019-09-17', 0, 0, true);
INSERT INTO POMODORO(ID, USER, CREATION_TIMESTAMP, WORK_TIME, BREAK_TIME, INTERRUPTED)
VALUES (570, 1, '2019-09-17', 0, 0, false);
INSERT INTO POMODORO(ID, USER, CREATION_TIMESTAMP, WORK_TIME, BREAK_TIME, INTERRUPTED)
VALUES (571, 1, '2019-09-17', 0, 0, false);
INSERT INTO POMODORO(ID, USER, CREATION_TIMESTAMP, WORK_TIME, BREAK_TIME, INTERRUPTED)
VALUES (572, 1, '2019-09-17', 0, 0, true);
INSERT INTO POMODORO(ID, USER, CREATION_TIMESTAMP, WORK_TIME, BREAK_TIME, INTERRUPTED)
VALUES (573, 1, '2019-09-17', 0, 0, true);
INSERT INTO POMODORO(ID, USER, CREATION_TIMESTAMP, WORK_TIME, BREAK_TIME, INTERRUPTED)
VALUES (574, 1, '2019-09-17', 0, 0, false);
INSERT INTO POMODORO(ID, USER, CREATION_TIMESTAMP, WORK_TIME, BREAK_TIME, INTERRUPTED)
VALUES (575, 1, '2019-09-17', 0, 0, true);
INSERT INTO POMODORO(ID, USER, CREATION_TIMESTAMP, WORK_TIME, BREAK_TIME, INTERRUPTED)
VALUES (576, 1, '2019-09-16', 0, 0, false);
INSERT INTO POMODORO(ID, USER, CREATION_TIMESTAMP, WORK_TIME, BREAK_TIME, INTERRUPTED)
VALUES (577, 1, '2019-09-16', 0, 0, true);
INSERT INTO POMODORO(ID, USER, CREATION_TIMESTAMP, WORK_TIME, BREAK_TIME, INTERRUPTED)
VALUES (578, 1, '2019-09-16', 0, 0, false);
INSERT INTO POMODORO(ID, USER, CREATION_TIMESTAMP, WORK_TIME, BREAK_TIME, INTERRUPTED)
VALUES (579, 1, '2019-09-16', 0, 0, true);
INSERT INTO POMODORO(ID, USER, CREATION_TIMESTAMP, WORK_TIME, BREAK_TIME, INTERRUPTED)
VALUES (580, 1, '2019-09-16', 0, 0, false);
INSERT INTO POMODORO(ID, USER, CREATION_TIMESTAMP, WORK_TIME, BREAK_TIME, INTERRUPTED)
VALUES (581, 1, '2019-09-16', 0, 0, true);
INSERT INTO POMODORO(ID, USER, CREATION_TIMESTAMP, WORK_TIME, BREAK_TIME, INTERRUPTED)
VALUES (582, 1, '2019-09-16', 0, 0, true);
INSERT INTO POMODORO(ID, USER, CREATION_TIMESTAMP, WORK_TIME, BREAK_TIME, INTERRUPTED)
VALUES (583, 1, '2019-09-16', 0, 0, false);
INSERT INTO POMODORO(ID, USER, CREATION_TIMESTAMP, WORK_TIME, BREAK_TIME, INTERRUPTED)
VALUES (584, 1, '2019-09-16', 0, 0, true);
INSERT INTO POMODORO(ID, USER, CREATION_TIMESTAMP, WORK_TIME, BREAK_TIME, INTERRUPTED)
VALUES (585, 1, '2019-09-16', 0, 0, true);
INSERT INTO POMODORO(ID, USER, CREATION_TIMESTAMP, WORK_TIME, BREAK_TIME, INTERRUPTED)
VALUES (586, 1, '2019-09-16', 0, 0, true);
INSERT INTO POMODORO(ID, USER, CREATION_TIMESTAMP, WORK_TIME, BREAK_TIME, INTERRUPTED)
VALUES (587, 1, '2019-09-16', 0, 0, false);
INSERT INTO POMODORO(ID, USER, CREATION_TIMESTAMP, WORK_TIME, BREAK_TIME, INTERRUPTED)
VALUES (588, 1, '2019-09-16', 0, 0, true);
INSERT INTO POMODORO(ID, USER, CREATION_TIMESTAMP, WORK_TIME, BREAK_TIME, INTERRUPTED)
VALUES (589, 1, '2019-09-16', 0, 0, true);
INSERT INTO POMODORO(ID, USER, CREATION_TIMESTAMP, WORK_TIME, BREAK_TIME, INTERRUPTED)
VALUES (590, 1, '2019-09-16', 0, 0, true);
INSERT INTO POMODORO(ID, USER, CREATION_TIMESTAMP, WORK_TIME, BREAK_TIME, INTERRUPTED)
VALUES (591, 1, '2019-09-16', 0, 0, true);
INSERT INTO POMODORO(ID, USER, CREATION_TIMESTAMP, WORK_TIME, BREAK_TIME, INTERRUPTED)
VALUES (592, 1, '2019-09-15', 0, 0, false);
INSERT INTO POMODORO(ID, USER, CREATION_TIMESTAMP, WORK_TIME, BREAK_TIME, INTERRUPTED)
VALUES (593, 1, '2019-09-15', 0, 0, true);
INSERT INTO POMODORO(ID, USER, CREATION_TIMESTAMP, WORK_TIME, BREAK_TIME, INTERRUPTED)
VALUES (594, 1, '2019-09-15', 0, 0, true);
INSERT INTO POMODORO(ID, USER, CREATION_TIMESTAMP, WORK_TIME, BREAK_TIME, INTERRUPTED)
VALUES (595, 1, '2019-09-15', 0, 0, true);
INSERT INTO POMODORO(ID, USER, CREATION_TIMESTAMP, WORK_TIME, BREAK_TIME, INTERRUPTED)
VALUES (596, 1, '2019-09-15', 0, 0, true);
INSERT INTO POMODORO(ID, USER, CREATION_TIMESTAMP, WORK_TIME, BREAK_TIME, INTERRUPTED)
VALUES (597, 1, '2019-09-15', 0, 0, true);
INSERT INTO POMODORO(ID, USER, CREATION_TIMESTAMP, WORK_TIME, BREAK_TIME, INTERRUPTED)
VALUES (598, 1, '2019-09-15', 0, 0, false);
INSERT INTO POMODORO(ID, USER, CREATION_TIMESTAMP, WORK_TIME, BREAK_TIME, INTERRUPTED)
VALUES (599, 1, '2019-09-15', 0, 0, false);
INSERT INTO POMODORO(ID, USER, CREATION_TIMESTAMP, WORK_TIME, BREAK_TIME, INTERRUPTED)
VALUES (600, 1, '2019-09-15', 0, 0, false);
INSERT INTO POMODORO(ID, USER, CREATION_TIMESTAMP, WORK_TIME, BREAK_TIME, INTERRUPTED)
VALUES (601, 1, '2019-09-15', 0, 0, false);
INSERT INTO POMODORO(ID, USER, CREATION_TIMESTAMP, WORK_TIME, BREAK_TIME, INTERRUPTED)
VALUES (602, 1, '2019-09-15', 0, 0, true);
INSERT INTO POMODORO(ID, USER, CREATION_TIMESTAMP, WORK_TIME, BREAK_TIME, INTERRUPTED)
VALUES (603, 1, '2019-09-14', 0, 0, false);
INSERT INTO POMODORO(ID, USER, CREATION_TIMESTAMP, WORK_TIME, BREAK_TIME, INTERRUPTED)
VALUES (604, 1, '2019-09-14', 0, 0, false);
INSERT INTO POMODORO(ID, USER, CREATION_TIMESTAMP, WORK_TIME, BREAK_TIME, INTERRUPTED)
VALUES (605, 1, '2019-09-14', 0, 0, false);
INSERT INTO POMODORO(ID, USER, CREATION_TIMESTAMP, WORK_TIME, BREAK_TIME, INTERRUPTED)
VALUES (606, 1, '2019-09-14', 0, 0, false);
INSERT INTO POMODORO(ID, USER, CREATION_TIMESTAMP, WORK_TIME, BREAK_TIME, INTERRUPTED)
VALUES (607, 1, '2019-09-14', 0, 0, false);
INSERT INTO POMODORO(ID, USER, CREATION_TIMESTAMP, WORK_TIME, BREAK_TIME, INTERRUPTED)
VALUES (608, 1, '2019-09-14', 0, 0, true);
INSERT INTO POMODORO(ID, USER, CREATION_TIMESTAMP, WORK_TIME, BREAK_TIME, INTERRUPTED)
VALUES (609, 1, '2019-09-14', 0, 0, true);
INSERT INTO POMODORO(ID, USER, CREATION_TIMESTAMP, WORK_TIME, BREAK_TIME, INTERRUPTED)
VALUES (610, 1, '2019-09-14', 0, 0, true);
INSERT INTO POMODORO(ID, USER, CREATION_TIMESTAMP, WORK_TIME, BREAK_TIME, INTERRUPTED)
VALUES (611, 1, '2019-09-14', 0, 0, false);
INSERT INTO POMODORO(ID, USER, CREATION_TIMESTAMP, WORK_TIME, BREAK_TIME, INTERRUPTED)
VALUES (612, 1, '2019-09-14', 0, 0, false);
INSERT INTO POMODORO(ID, USER, CREATION_TIMESTAMP, WORK_TIME, BREAK_TIME, INTERRUPTED)
VALUES (613, 1, '2019-09-14', 0, 0, false);
INSERT INTO POMODORO(ID, USER, CREATION_TIMESTAMP, WORK_TIME, BREAK_TIME, INTERRUPTED)
VALUES (614, 1, '2019-09-14', 0, 0, false);
INSERT INTO POMODORO(ID, USER, CREATION_TIMESTAMP, WORK_TIME, BREAK_TIME, INTERRUPTED)
VALUES (615, 1, '2019-09-14', 0, 0, true);
INSERT INTO POMODORO(ID, USER, CREATION_TIMESTAMP, WORK_TIME, BREAK_TIME, INTERRUPTED)
VALUES (616, 1, '2019-09-13', 0, 0, false);
INSERT INTO POMODORO(ID, USER, CREATION_TIMESTAMP, WORK_TIME, BREAK_TIME, INTERRUPTED)
VALUES (617, 1, '2019-09-12', 0, 0, true);
INSERT INTO POMODORO(ID, USER, CREATION_TIMESTAMP, WORK_TIME, BREAK_TIME, INTERRUPTED)
VALUES (618, 1, '2019-09-12', 0, 0, true);
INSERT INTO POMODORO(ID, USER, CREATION_TIMESTAMP, WORK_TIME, BREAK_TIME, INTERRUPTED)
VALUES (619, 1, '2019-09-12', 0, 0, false);
INSERT INTO POMODORO(ID, USER, CREATION_TIMESTAMP, WORK_TIME, BREAK_TIME, INTERRUPTED)
VALUES (620, 1, '2019-09-12', 0, 0, true);
INSERT INTO POMODORO(ID, USER, CREATION_TIMESTAMP, WORK_TIME, BREAK_TIME, INTERRUPTED)
VALUES (621, 1, '2019-09-12', 0, 0, true);
INSERT INTO POMODORO(ID, USER, CREATION_TIMESTAMP, WORK_TIME, BREAK_TIME, INTERRUPTED)
VALUES (622, 1, '2019-09-12', 0, 0, true);
INSERT INTO POMODORO(ID, USER, CREATION_TIMESTAMP, WORK_TIME, BREAK_TIME, INTERRUPTED)
VALUES (623, 1, '2019-09-12', 0, 0, true);
INSERT INTO POMODORO(ID, USER, CREATION_TIMESTAMP, WORK_TIME, BREAK_TIME, INTERRUPTED)
VALUES (624, 1, '2019-09-12', 0, 0, true);
INSERT INTO POMODORO(ID, USER, CREATION_TIMESTAMP, WORK_TIME, BREAK_TIME, INTERRUPTED)
VALUES (625, 1, '2019-09-12', 0, 0, false);
INSERT INTO POMODORO(ID, USER, CREATION_TIMESTAMP, WORK_TIME, BREAK_TIME, INTERRUPTED)
VALUES (626, 1, '2019-09-12', 0, 0, true);
INSERT INTO POMODORO(ID, USER, CREATION_TIMESTAMP, WORK_TIME, BREAK_TIME, INTERRUPTED)
VALUES (627, 1, '2019-09-12', 0, 0, false);
INSERT INTO POMODORO(ID, USER, CREATION_TIMESTAMP, WORK_TIME, BREAK_TIME, INTERRUPTED)
VALUES (628, 1, '2019-09-12', 0, 0, true);
INSERT INTO POMODORO(ID, USER, CREATION_TIMESTAMP, WORK_TIME, BREAK_TIME, INTERRUPTED)
VALUES (629, 1, '2019-09-12', 0, 0, false);
INSERT INTO POMODORO(ID, USER, CREATION_TIMESTAMP, WORK_TIME, BREAK_TIME, INTERRUPTED)
VALUES (630, 1, '2019-09-12', 0, 0, true);
INSERT INTO POMODORO(ID, USER, CREATION_TIMESTAMP, WORK_TIME, BREAK_TIME, INTERRUPTED)
VALUES (631, 1, '2019-09-12', 0, 0, true);
INSERT INTO POMODORO(ID, USER, CREATION_TIMESTAMP, WORK_TIME, BREAK_TIME, INTERRUPTED)
VALUES (632, 1, '2019-09-12', 0, 0, false);
INSERT INTO POMODORO(ID, USER, CREATION_TIMESTAMP, WORK_TIME, BREAK_TIME, INTERRUPTED)
VALUES (633, 1, '2019-09-12', 0, 0, true);
INSERT INTO POMODORO(ID, USER, CREATION_TIMESTAMP, WORK_TIME, BREAK_TIME, INTERRUPTED)
VALUES (634, 1, '2019-09-12', 0, 0, true);
INSERT INTO POMODORO(ID, USER, CREATION_TIMESTAMP, WORK_TIME, BREAK_TIME, INTERRUPTED)
VALUES (635, 1, '2019-09-12', 0, 0, false);
INSERT INTO POMODORO(ID, USER, CREATION_TIMESTAMP, WORK_TIME, BREAK_TIME, INTERRUPTED)
VALUES (636, 1, '2019-09-12', 0, 0, false);
INSERT INTO POMODORO(ID, USER, CREATION_TIMESTAMP, WORK_TIME, BREAK_TIME, INTERRUPTED)
VALUES (637, 1, '2019-09-12', 0, 0, true);
INSERT INTO POMODORO(ID, USER, CREATION_TIMESTAMP, WORK_TIME, BREAK_TIME, INTERRUPTED)
VALUES (638, 1, '2019-09-12', 0, 0, false);
INSERT INTO POMODORO(ID, USER, CREATION_TIMESTAMP, WORK_TIME, BREAK_TIME, INTERRUPTED)
VALUES (639, 1, '2019-09-12', 0, 0, false);
INSERT INTO POMODORO(ID, USER, CREATION_TIMESTAMP, WORK_TIME, BREAK_TIME, INTERRUPTED)
VALUES (640, 1, '2019-09-12', 0, 0, false);
INSERT INTO POMODORO(ID, USER, CREATION_TIMESTAMP, WORK_TIME, BREAK_TIME, INTERRUPTED)
VALUES (641, 1, '2019-09-12', 0, 0, true);
INSERT INTO POMODORO(ID, USER, CREATION_TIMESTAMP, WORK_TIME, BREAK_TIME, INTERRUPTED)
VALUES (642, 1, '2019-09-12', 0, 0, false);
INSERT INTO POMODORO(ID, USER, CREATION_TIMESTAMP, WORK_TIME, BREAK_TIME, INTERRUPTED)
VALUES (643, 1, '2019-09-12', 0, 0, true);
INSERT INTO POMODORO(ID, USER, CREATION_TIMESTAMP, WORK_TIME, BREAK_TIME, INTERRUPTED)
VALUES (644, 1, '2019-09-12', 0, 0, true);
INSERT INTO POMODORO(ID, USER, CREATION_TIMESTAMP, WORK_TIME, BREAK_TIME, INTERRUPTED)
VALUES (645, 1, '2019-09-12', 0, 0, false);
INSERT INTO POMODORO(ID, USER, CREATION_TIMESTAMP, WORK_TIME, BREAK_TIME, INTERRUPTED)
VALUES (646, 1, '2019-09-12', 0, 0, false);
INSERT INTO POMODORO(ID, USER, CREATION_TIMESTAMP, WORK_TIME, BREAK_TIME, INTERRUPTED)
VALUES (647, 1, '2019-09-12', 0, 0, true);
INSERT INTO POMODORO(ID, USER, CREATION_TIMESTAMP, WORK_TIME, BREAK_TIME, INTERRUPTED)
VALUES (648, 1, '2019-09-12', 0, 0, true);
INSERT INTO POMODORO(ID, USER, CREATION_TIMESTAMP, WORK_TIME, BREAK_TIME, INTERRUPTED)
VALUES (649, 1, '2019-09-12', 0, 0, false);
INSERT INTO POMODORO(ID, USER, CREATION_TIMESTAMP, WORK_TIME, BREAK_TIME, INTERRUPTED)
VALUES (650, 1, '2019-09-11', 0, 0, true);
INSERT INTO POMODORO(ID, USER, CREATION_TIMESTAMP, WORK_TIME, BREAK_TIME, INTERRUPTED)
VALUES (651, 1, '2019-09-11', 0, 0, true);
INSERT INTO POMODORO(ID, USER, CREATION_TIMESTAMP, WORK_TIME, BREAK_TIME, INTERRUPTED)
VALUES (652, 1, '2019-09-11', 0, 0, true);
INSERT INTO POMODORO(ID, USER, CREATION_TIMESTAMP, WORK_TIME, BREAK_TIME, INTERRUPTED)
VALUES (653, 1, '2019-09-11', 0, 0, true);
INSERT INTO POMODORO(ID, USER, CREATION_TIMESTAMP, WORK_TIME, BREAK_TIME, INTERRUPTED)
VALUES (654, 1, '2019-09-11', 0, 0, true);
INSERT INTO POMODORO(ID, USER, CREATION_TIMESTAMP, WORK_TIME, BREAK_TIME, INTERRUPTED)
VALUES (655, 1, '2019-09-11', 0, 0, true);
INSERT INTO POMODORO(ID, USER, CREATION_TIMESTAMP, WORK_TIME, BREAK_TIME, INTERRUPTED)
VALUES (656, 1, '2019-09-11', 0, 0, true);
INSERT INTO POMODORO(ID, USER, CREATION_TIMESTAMP, WORK_TIME, BREAK_TIME, INTERRUPTED)
VALUES (657, 1, '2019-09-11', 0, 0, false);
INSERT INTO POMODORO(ID, USER, CREATION_TIMESTAMP, WORK_TIME, BREAK_TIME, INTERRUPTED)
VALUES (658, 1, '2019-09-11', 0, 0, false);
INSERT INTO POMODORO(ID, USER, CREATION_TIMESTAMP, WORK_TIME, BREAK_TIME, INTERRUPTED)
VALUES (659, 1, '2019-09-10', 0, 0, true);
INSERT INTO POMODORO(ID, USER, CREATION_TIMESTAMP, WORK_TIME, BREAK_TIME, INTERRUPTED)
VALUES (660, 1, '2019-09-10', 0, 0, true);
INSERT INTO POMODORO(ID, USER, CREATION_TIMESTAMP, WORK_TIME, BREAK_TIME, INTERRUPTED)
VALUES (661, 1, '2019-09-10', 0, 0, true);
INSERT INTO POMODORO(ID, USER, CREATION_TIMESTAMP, WORK_TIME, BREAK_TIME, INTERRUPTED)
VALUES (662, 1, '2019-09-10', 0, 0, true);
INSERT INTO POMODORO(ID, USER, CREATION_TIMESTAMP, WORK_TIME, BREAK_TIME, INTERRUPTED)
VALUES (663, 1, '2019-09-10', 0, 0, false);
INSERT INTO POMODORO(ID, USER, CREATION_TIMESTAMP, WORK_TIME, BREAK_TIME, INTERRUPTED)
VALUES (664, 1, '2019-09-10', 0, 0, true);
INSERT INTO POMODORO(ID, USER, CREATION_TIMESTAMP, WORK_TIME, BREAK_TIME, INTERRUPTED)
VALUES (665, 1, '2019-09-10', 0, 0, true);
INSERT INTO POMODORO(ID, USER, CREATION_TIMESTAMP, WORK_TIME, BREAK_TIME, INTERRUPTED)
VALUES (666, 1, '2019-09-10', 0, 0, false);
INSERT INTO POMODORO(ID, USER, CREATION_TIMESTAMP, WORK_TIME, BREAK_TIME, INTERRUPTED)
VALUES (667, 1, '2019-09-10', 0, 0, false);
INSERT INTO POMODORO(ID, USER, CREATION_TIMESTAMP, WORK_TIME, BREAK_TIME, INTERRUPTED)
VALUES (668, 1, '2019-09-10', 0, 0, true);
INSERT INTO POMODORO(ID, USER, CREATION_TIMESTAMP, WORK_TIME, BREAK_TIME, INTERRUPTED)
VALUES (669, 1, '2019-09-10', 0, 0, true);
INSERT INTO POMODORO(ID, USER, CREATION_TIMESTAMP, WORK_TIME, BREAK_TIME, INTERRUPTED)
VALUES (670, 1, '2019-09-10', 0, 0, false);
INSERT INTO POMODORO(ID, USER, CREATION_TIMESTAMP, WORK_TIME, BREAK_TIME, INTERRUPTED)
VALUES (671, 1, '2019-09-10', 0, 0, false);
INSERT INTO POMODORO(ID, USER, CREATION_TIMESTAMP, WORK_TIME, BREAK_TIME, INTERRUPTED)
VALUES (672, 1, '2019-09-10', 0, 0, true);
INSERT INTO POMODORO(ID, USER, CREATION_TIMESTAMP, WORK_TIME, BREAK_TIME, INTERRUPTED)
VALUES (673, 1, '2019-09-10', 0, 0, true);
INSERT INTO POMODORO(ID, USER, CREATION_TIMESTAMP, WORK_TIME, BREAK_TIME, INTERRUPTED)
VALUES (674, 1, '2019-09-10', 0, 0, false);
INSERT INTO POMODORO(ID, USER, CREATION_TIMESTAMP, WORK_TIME, BREAK_TIME, INTERRUPTED)
VALUES (675, 1, '2019-09-10', 0, 0, true);
INSERT INTO POMODORO(ID, USER, CREATION_TIMESTAMP, WORK_TIME, BREAK_TIME, INTERRUPTED)
VALUES (676, 1, '2019-09-10', 0, 0, true);
INSERT INTO POMODORO(ID, USER, CREATION_TIMESTAMP, WORK_TIME, BREAK_TIME, INTERRUPTED)
VALUES (677, 1, '2019-09-10', 0, 0, true);
INSERT INTO POMODORO(ID, USER, CREATION_TIMESTAMP, WORK_TIME, BREAK_TIME, INTERRUPTED)
VALUES (678, 1, '2019-09-10', 0, 0, false);
INSERT INTO POMODORO(ID, USER, CREATION_TIMESTAMP, WORK_TIME, BREAK_TIME, INTERRUPTED)
VALUES (679, 1, '2019-09-10', 0, 0, true);
INSERT INTO POMODORO(ID, USER, CREATION_TIMESTAMP, WORK_TIME, BREAK_TIME, INTERRUPTED)
VALUES (680, 1, '2019-09-10', 0, 0, true);
INSERT INTO POMODORO(ID, USER, CREATION_TIMESTAMP, WORK_TIME, BREAK_TIME, INTERRUPTED)
VALUES (681, 1, '2019-09-10', 0, 0, true);
INSERT INTO POMODORO(ID, USER, CREATION_TIMESTAMP, WORK_TIME, BREAK_TIME, INTERRUPTED)
VALUES (682, 1, '2019-09-10', 0, 0, false);
INSERT INTO POMODORO(ID, USER, CREATION_TIMESTAMP, WORK_TIME, BREAK_TIME, INTERRUPTED)
VALUES (683, 1, '2019-09-10', 0, 0, false);
INSERT INTO POMODORO(ID, USER, CREATION_TIMESTAMP, WORK_TIME, BREAK_TIME, INTERRUPTED)
VALUES (684, 1, '2019-09-10', 0, 0, false);
INSERT INTO POMODORO(ID, USER, CREATION_TIMESTAMP, WORK_TIME, BREAK_TIME, INTERRUPTED)
VALUES (685, 1, '2019-09-10', 0, 0, true);
INSERT INTO POMODORO(ID, USER, CREATION_TIMESTAMP, WORK_TIME, BREAK_TIME, INTERRUPTED)
VALUES (686, 1, '2019-09-10', 0, 0, true);
INSERT INTO POMODORO(ID, USER, CREATION_TIMESTAMP, WORK_TIME, BREAK_TIME, INTERRUPTED)
VALUES (687, 1, '2019-09-10', 0, 0, false);
INSERT INTO POMODORO(ID, USER, CREATION_TIMESTAMP, WORK_TIME, BREAK_TIME, INTERRUPTED)
VALUES (688, 1, '2019-09-09', 0, 0, true);
INSERT INTO POMODORO(ID, USER, CREATION_TIMESTAMP, WORK_TIME, BREAK_TIME, INTERRUPTED)
VALUES (689, 1, '2019-09-09', 0, 0, false);
INSERT INTO POMODORO(ID, USER, CREATION_TIMESTAMP, WORK_TIME, BREAK_TIME, INTERRUPTED)
VALUES (690, 1, '2019-09-09', 0, 0, true);
INSERT INTO POMODORO(ID, USER, CREATION_TIMESTAMP, WORK_TIME, BREAK_TIME, INTERRUPTED)
VALUES (691, 1, '2019-09-09', 0, 0, false);
INSERT INTO POMODORO(ID, USER, CREATION_TIMESTAMP, WORK_TIME, BREAK_TIME, INTERRUPTED)
VALUES (692, 1, '2019-09-09', 0, 0, true);
INSERT INTO POMODORO(ID, USER, CREATION_TIMESTAMP, WORK_TIME, BREAK_TIME, INTERRUPTED)
VALUES (693, 1, '2019-09-09', 0, 0, true);
INSERT INTO POMODORO(ID, USER, CREATION_TIMESTAMP, WORK_TIME, BREAK_TIME, INTERRUPTED)
VALUES (694, 1, '2019-09-09', 0, 0, false);
INSERT INTO POMODORO(ID, USER, CREATION_TIMESTAMP, WORK_TIME, BREAK_TIME, INTERRUPTED)
VALUES (695, 1, '2019-09-09', 0, 0, false);
INSERT INTO POMODORO(ID, USER, CREATION_TIMESTAMP, WORK_TIME, BREAK_TIME, INTERRUPTED)
VALUES (696, 1, '2019-09-09', 0, 0, true);
INSERT INTO POMODORO(ID, USER, CREATION_TIMESTAMP, WORK_TIME, BREAK_TIME, INTERRUPTED)
VALUES (697, 1, '2019-09-09', 0, 0, true);
INSERT INTO POMODORO(ID, USER, CREATION_TIMESTAMP, WORK_TIME, BREAK_TIME, INTERRUPTED)
VALUES (698, 1, '2019-09-09', 0, 0, false);
INSERT INTO POMODORO(ID, USER, CREATION_TIMESTAMP, WORK_TIME, BREAK_TIME, INTERRUPTED)
VALUES (699, 1, '2019-09-09', 0, 0, true);
INSERT INTO POMODORO(ID, USER, CREATION_TIMESTAMP, WORK_TIME, BREAK_TIME, INTERRUPTED)
VALUES (700, 1, '2019-09-09', 0, 0, true);
INSERT INTO POMODORO(ID, USER, CREATION_TIMESTAMP, WORK_TIME, BREAK_TIME, INTERRUPTED)
VALUES (701, 1, '2019-09-09', 0, 0, false);
INSERT INTO POMODORO(ID, USER, CREATION_TIMESTAMP, WORK_TIME, BREAK_TIME, INTERRUPTED)
VALUES (702, 1, '2019-09-09', 0, 0, false);
INSERT INTO POMODORO(ID, USER, CREATION_TIMESTAMP, WORK_TIME, BREAK_TIME, INTERRUPTED)
VALUES (703, 1, '2019-09-09', 0, 0, false);
INSERT INTO POMODORO(ID, USER, CREATION_TIMESTAMP, WORK_TIME, BREAK_TIME, INTERRUPTED)
VALUES (704, 1, '2019-09-09', 0, 0, true);
INSERT INTO POMODORO(ID, USER, CREATION_TIMESTAMP, WORK_TIME, BREAK_TIME, INTERRUPTED)
VALUES (705, 1, '2019-09-09', 0, 0, false);
INSERT INTO POMODORO(ID, USER, CREATION_TIMESTAMP, WORK_TIME, BREAK_TIME, INTERRUPTED)
VALUES (706, 1, '2019-09-09', 0, 0, true);
INSERT INTO POMODORO(ID, USER, CREATION_TIMESTAMP, WORK_TIME, BREAK_TIME, INTERRUPTED)
VALUES (707, 1, '2019-09-09', 0, 0, false);
INSERT INTO POMODORO(ID, USER, CREATION_TIMESTAMP, WORK_TIME, BREAK_TIME, INTERRUPTED)
VALUES (708, 1, '2019-09-09', 0, 0, true);
INSERT INTO POMODORO(ID, USER, CREATION_TIMESTAMP, WORK_TIME, BREAK_TIME, INTERRUPTED)
VALUES (709, 1, '2019-09-09', 0, 0, false);
INSERT INTO POMODORO(ID, USER, CREATION_TIMESTAMP, WORK_TIME, BREAK_TIME, INTERRUPTED)
VALUES (710, 1, '2019-09-09', 0, 0, false);
INSERT INTO POMODORO(ID, USER, CREATION_TIMESTAMP, WORK_TIME, BREAK_TIME, INTERRUPTED)
VALUES (711, 1, '2019-09-09', 0, 0, false);
INSERT INTO POMODORO(ID, USER, CREATION_TIMESTAMP, WORK_TIME, BREAK_TIME, INTERRUPTED)
VALUES (712, 1, '2019-09-09', 0, 0, false);
INSERT INTO POMODORO(ID, USER, CREATION_TIMESTAMP, WORK_TIME, BREAK_TIME, INTERRUPTED)
VALUES (713, 1, '2019-09-09', 0, 0, true);
INSERT INTO POMODORO(ID, USER, CREATION_TIMESTAMP, WORK_TIME, BREAK_TIME, INTERRUPTED)
VALUES (714, 1, '2019-09-09', 0, 0, true);
INSERT INTO POMODORO(ID, USER, CREATION_TIMESTAMP, WORK_TIME, BREAK_TIME, INTERRUPTED)
VALUES (715, 1, '2019-09-09', 0, 0, true);
INSERT INTO POMODORO(ID, USER, CREATION_TIMESTAMP, WORK_TIME, BREAK_TIME, INTERRUPTED)
VALUES (716, 1, '2019-09-09', 0, 0, true);
INSERT INTO POMODORO(ID, USER, CREATION_TIMESTAMP, WORK_TIME, BREAK_TIME, INTERRUPTED)
VALUES (717, 1, '2019-09-09', 0, 0, false);
INSERT INTO POMODORO(ID, USER, CREATION_TIMESTAMP, WORK_TIME, BREAK_TIME, INTERRUPTED)
VALUES (718, 1, '2019-09-09', 0, 0, true);
INSERT INTO POMODORO(ID, USER, CREATION_TIMESTAMP, WORK_TIME, BREAK_TIME, INTERRUPTED)
VALUES (719, 1, '2019-09-09', 0, 0, true);
INSERT INTO POMODORO(ID, USER, CREATION_TIMESTAMP, WORK_TIME, BREAK_TIME, INTERRUPTED)
VALUES (720, 1, '2019-09-09', 0, 0, false);
INSERT INTO POMODORO(ID, USER, CREATION_TIMESTAMP, WORK_TIME, BREAK_TIME, INTERRUPTED)
VALUES (721, 1, '2019-09-09', 0, 0, false);
INSERT INTO POMODORO(ID, USER, CREATION_TIMESTAMP, WORK_TIME, BREAK_TIME, INTERRUPTED)
VALUES (722, 1, '2019-09-09', 0, 0, false);
INSERT INTO POMODORO(ID, USER, CREATION_TIMESTAMP, WORK_TIME, BREAK_TIME, INTERRUPTED)
VALUES (723, 1, '2019-09-08', 0, 0, false);
INSERT INTO POMODORO(ID, USER, CREATION_TIMESTAMP, WORK_TIME, BREAK_TIME, INTERRUPTED)
VALUES (724, 1, '2019-09-08', 0, 0, false);
INSERT INTO POMODORO(ID, USER, CREATION_TIMESTAMP, WORK_TIME, BREAK_TIME, INTERRUPTED)
VALUES (725, 1, '2019-09-08', 0, 0, false);
INSERT INTO POMODORO(ID, USER, CREATION_TIMESTAMP, WORK_TIME, BREAK_TIME, INTERRUPTED)
VALUES (726, 1, '2019-09-08', 0, 0, false);
INSERT INTO POMODORO(ID, USER, CREATION_TIMESTAMP, WORK_TIME, BREAK_TIME, INTERRUPTED)
VALUES (727, 1, '2019-09-08', 0, 0, false);
INSERT INTO POMODORO(ID, USER, CREATION_TIMESTAMP, WORK_TIME, BREAK_TIME, INTERRUPTED)
VALUES (728, 1, '2019-09-08', 0, 0, true);
INSERT INTO POMODORO(ID, USER, CREATION_TIMESTAMP, WORK_TIME, BREAK_TIME, INTERRUPTED)
VALUES (729, 1, '2019-09-08', 0, 0, false);
INSERT INTO POMODORO(ID, USER, CREATION_TIMESTAMP, WORK_TIME, BREAK_TIME, INTERRUPTED)
VALUES (730, 1, '2019-09-08', 0, 0, true);
INSERT INTO POMODORO(ID, USER, CREATION_TIMESTAMP, WORK_TIME, BREAK_TIME, INTERRUPTED)
VALUES (731, 1, '2019-09-08', 0, 0, true);
INSERT INTO POMODORO(ID, USER, CREATION_TIMESTAMP, WORK_TIME, BREAK_TIME, INTERRUPTED)
VALUES (732, 1, '2019-09-07', 0, 0, false);
INSERT INTO POMODORO(ID, USER, CREATION_TIMESTAMP, WORK_TIME, BREAK_TIME, INTERRUPTED)
VALUES (733, 1, '2019-09-07', 0, 0, false);
INSERT INTO POMODORO(ID, USER, CREATION_TIMESTAMP, WORK_TIME, BREAK_TIME, INTERRUPTED)
VALUES (734, 1, '2019-09-07', 0, 0, true);
INSERT INTO POMODORO(ID, USER, CREATION_TIMESTAMP, WORK_TIME, BREAK_TIME, INTERRUPTED)
VALUES (735, 1, '2019-09-07', 0, 0, false);
INSERT INTO POMODORO(ID, USER, CREATION_TIMESTAMP, WORK_TIME, BREAK_TIME, INTERRUPTED)
VALUES (736, 1, '2019-09-07', 0, 0, true);
INSERT INTO POMODORO(ID, USER, CREATION_TIMESTAMP, WORK_TIME, BREAK_TIME, INTERRUPTED)
VALUES (737, 1, '2019-09-07', 0, 0, false);
INSERT INTO POMODORO(ID, USER, CREATION_TIMESTAMP, WORK_TIME, BREAK_TIME, INTERRUPTED)
VALUES (738, 1, '2019-09-07', 0, 0, true);
INSERT INTO POMODORO(ID, USER, CREATION_TIMESTAMP, WORK_TIME, BREAK_TIME, INTERRUPTED)
VALUES (739, 1, '2019-09-07', 0, 0, false);
INSERT INTO POMODORO(ID, USER, CREATION_TIMESTAMP, WORK_TIME, BREAK_TIME, INTERRUPTED)
VALUES (740, 1, '2019-09-07', 0, 0, true);
INSERT INTO POMODORO(ID, USER, CREATION_TIMESTAMP, WORK_TIME, BREAK_TIME, INTERRUPTED)
VALUES (741, 1, '2019-09-07', 0, 0, true);
INSERT INTO POMODORO(ID, USER, CREATION_TIMESTAMP, WORK_TIME, BREAK_TIME, INTERRUPTED)
VALUES (742, 1, '2019-09-07', 0, 0, false);
INSERT INTO POMODORO(ID, USER, CREATION_TIMESTAMP, WORK_TIME, BREAK_TIME, INTERRUPTED)
VALUES (743, 1, '2019-09-07', 0, 0, false);
INSERT INTO POMODORO(ID, USER, CREATION_TIMESTAMP, WORK_TIME, BREAK_TIME, INTERRUPTED)
VALUES (744, 1, '2019-09-07', 0, 0, false);
INSERT INTO POMODORO(ID, USER, CREATION_TIMESTAMP, WORK_TIME, BREAK_TIME, INTERRUPTED)
VALUES (745, 1, '2019-09-07', 0, 0, true);
INSERT INTO POMODORO(ID, USER, CREATION_TIMESTAMP, WORK_TIME, BREAK_TIME, INTERRUPTED)
VALUES (746, 1, '2019-09-07', 0, 0, false);
INSERT INTO POMODORO(ID, USER, CREATION_TIMESTAMP, WORK_TIME, BREAK_TIME, INTERRUPTED)
VALUES (747, 1, '2019-09-07', 0, 0, true);
INSERT INTO POMODORO(ID, USER, CREATION_TIMESTAMP, WORK_TIME, BREAK_TIME, INTERRUPTED)
VALUES (748, 1, '2019-09-07', 0, 0, false);
INSERT INTO POMODORO(ID, USER, CREATION_TIMESTAMP, WORK_TIME, BREAK_TIME, INTERRUPTED)
VALUES (749, 1, '2019-09-07', 0, 0, true);
INSERT INTO POMODORO(ID, USER, CREATION_TIMESTAMP, WORK_TIME, BREAK_TIME, INTERRUPTED)
VALUES (750, 1, '2019-09-07', 0, 0, false);
INSERT INTO POMODORO(ID, USER, CREATION_TIMESTAMP, WORK_TIME, BREAK_TIME, INTERRUPTED)
VALUES (751, 1, '2019-09-07', 0, 0, false);
INSERT INTO POMODORO(ID, USER, CREATION_TIMESTAMP, WORK_TIME, BREAK_TIME, INTERRUPTED)
VALUES (752, 1, '2019-09-07', 0, 0, false);
INSERT INTO POMODORO(ID, USER, CREATION_TIMESTAMP, WORK_TIME, BREAK_TIME, INTERRUPTED)
VALUES (753, 1, '2019-09-07', 0, 0, true);
INSERT INTO POMODORO(ID, USER, CREATION_TIMESTAMP, WORK_TIME, BREAK_TIME, INTERRUPTED)
VALUES (754, 1, '2019-09-07', 0, 0, false);
INSERT INTO POMODORO(ID, USER, CREATION_TIMESTAMP, WORK_TIME, BREAK_TIME, INTERRUPTED)
VALUES (755, 1, '2019-09-07', 0, 0, true);
INSERT INTO POMODORO(ID, USER, CREATION_TIMESTAMP, WORK_TIME, BREAK_TIME, INTERRUPTED)
VALUES (756, 1, '2019-09-07', 0, 0, false);
INSERT INTO POMODORO(ID, USER, CREATION_TIMESTAMP, WORK_TIME, BREAK_TIME, INTERRUPTED)
VALUES (757, 1, '2019-09-06', 0, 0, true);
INSERT INTO POMODORO(ID, USER, CREATION_TIMESTAMP, WORK_TIME, BREAK_TIME, INTERRUPTED)
VALUES (758, 1, '2019-09-06', 0, 0, false);
INSERT INTO POMODORO(ID, USER, CREATION_TIMESTAMP, WORK_TIME, BREAK_TIME, INTERRUPTED)
VALUES (759, 1, '2019-09-06', 0, 0, true);
INSERT INTO POMODORO(ID, USER, CREATION_TIMESTAMP, WORK_TIME, BREAK_TIME, INTERRUPTED)
VALUES (760, 1, '2019-09-06', 0, 0, false);
INSERT INTO POMODORO(ID, USER, CREATION_TIMESTAMP, WORK_TIME, BREAK_TIME, INTERRUPTED)
VALUES (761, 1, '2019-09-06', 0, 0, true);
INSERT INTO POMODORO(ID, USER, CREATION_TIMESTAMP, WORK_TIME, BREAK_TIME, INTERRUPTED)
VALUES (762, 1, '2019-09-06', 0, 0, false);
INSERT INTO POMODORO(ID, USER, CREATION_TIMESTAMP, WORK_TIME, BREAK_TIME, INTERRUPTED)
VALUES (763, 1, '2019-09-06', 0, 0, true);
INSERT INTO POMODORO(ID, USER, CREATION_TIMESTAMP, WORK_TIME, BREAK_TIME, INTERRUPTED)
VALUES (764, 1, '2019-09-06', 0, 0, false);
INSERT INTO POMODORO(ID, USER, CREATION_TIMESTAMP, WORK_TIME, BREAK_TIME, INTERRUPTED)
VALUES (765, 1, '2019-09-06', 0, 0, true);
INSERT INTO POMODORO(ID, USER, CREATION_TIMESTAMP, WORK_TIME, BREAK_TIME, INTERRUPTED)
VALUES (766, 1, '2019-09-06', 0, 0, true);
INSERT INTO POMODORO(ID, USER, CREATION_TIMESTAMP, WORK_TIME, BREAK_TIME, INTERRUPTED)
VALUES (767, 1, '2019-09-06', 0, 0, true);
INSERT INTO POMODORO(ID, USER, CREATION_TIMESTAMP, WORK_TIME, BREAK_TIME, INTERRUPTED)
VALUES (768, 1, '2019-09-06', 0, 0, true);
INSERT INTO POMODORO(ID, USER, CREATION_TIMESTAMP, WORK_TIME, BREAK_TIME, INTERRUPTED)
VALUES (769, 1, '2019-09-06', 0, 0, true);
INSERT INTO POMODORO(ID, USER, CREATION_TIMESTAMP, WORK_TIME, BREAK_TIME, INTERRUPTED)
VALUES (770, 1, '2019-09-06', 0, 0, true);
INSERT INTO POMODORO(ID, USER, CREATION_TIMESTAMP, WORK_TIME, BREAK_TIME, INTERRUPTED)
VALUES (771, 1, '2019-09-06', 0, 0, false);
INSERT INTO POMODORO(ID, USER, CREATION_TIMESTAMP, WORK_TIME, BREAK_TIME, INTERRUPTED)
VALUES (772, 1, '2019-09-06', 0, 0, false);
INSERT INTO POMODORO(ID, USER, CREATION_TIMESTAMP, WORK_TIME, BREAK_TIME, INTERRUPTED)
VALUES (773, 1, '2019-09-06', 0, 0, false);
INSERT INTO POMODORO(ID, USER, CREATION_TIMESTAMP, WORK_TIME, BREAK_TIME, INTERRUPTED)
VALUES (774, 1, '2019-09-06', 0, 0, true);
INSERT INTO POMODORO(ID, USER, CREATION_TIMESTAMP, WORK_TIME, BREAK_TIME, INTERRUPTED)
VALUES (775, 1, '2019-09-06', 0, 0, true);
INSERT INTO POMODORO(ID, USER, CREATION_TIMESTAMP, WORK_TIME, BREAK_TIME, INTERRUPTED)
VALUES (776, 1, '2019-09-06', 0, 0, false);
INSERT INTO POMODORO(ID, USER, CREATION_TIMESTAMP, WORK_TIME, BREAK_TIME, INTERRUPTED)
VALUES (777, 1, '2019-09-06', 0, 0, true);
INSERT INTO POMODORO(ID, USER, CREATION_TIMESTAMP, WORK_TIME, BREAK_TIME, INTERRUPTED)
VALUES (778, 1, '2019-09-06', 0, 0, false);
INSERT INTO POMODORO(ID, USER, CREATION_TIMESTAMP, WORK_TIME, BREAK_TIME, INTERRUPTED)
VALUES (779, 1, '2019-09-06', 0, 0, true);
INSERT INTO POMODORO(ID, USER, CREATION_TIMESTAMP, WORK_TIME, BREAK_TIME, INTERRUPTED)
VALUES (780, 1, '2019-09-06', 0, 0, false);
INSERT INTO POMODORO(ID, USER, CREATION_TIMESTAMP, WORK_TIME, BREAK_TIME, INTERRUPTED)
VALUES (781, 1, '2019-09-06', 0, 0, true);
INSERT INTO POMODORO(ID, USER, CREATION_TIMESTAMP, WORK_TIME, BREAK_TIME, INTERRUPTED)
VALUES (782, 1, '2019-09-06', 0, 0, true);
INSERT INTO POMODORO(ID, USER, CREATION_TIMESTAMP, WORK_TIME, BREAK_TIME, INTERRUPTED)
VALUES (783, 1, '2019-09-06', 0, 0, true);
INSERT INTO POMODORO(ID, USER, CREATION_TIMESTAMP, WORK_TIME, BREAK_TIME, INTERRUPTED)
VALUES (784, 1, '2019-09-06', 0, 0, false);
INSERT INTO POMODORO(ID, USER, CREATION_TIMESTAMP, WORK_TIME, BREAK_TIME, INTERRUPTED)
VALUES (785, 1, '2019-09-06', 0, 0, false);
INSERT INTO POMODORO(ID, USER, CREATION_TIMESTAMP, WORK_TIME, BREAK_TIME, INTERRUPTED)
VALUES (786, 1, '2019-09-06', 0, 0, true);
INSERT INTO POMODORO(ID, USER, CREATION_TIMESTAMP, WORK_TIME, BREAK_TIME, INTERRUPTED)
VALUES (787, 1, '2019-09-06', 0, 0, true);
INSERT INTO POMODORO(ID, USER, CREATION_TIMESTAMP, WORK_TIME, BREAK_TIME, INTERRUPTED)
VALUES (788, 1, '2019-09-06', 0, 0, false);
INSERT INTO POMODORO(ID, USER, CREATION_TIMESTAMP, WORK_TIME, BREAK_TIME, INTERRUPTED)
VALUES (789, 1, '2019-09-06', 0, 0, true);
INSERT INTO POMODORO(ID, USER, CREATION_TIMESTAMP, WORK_TIME, BREAK_TIME, INTERRUPTED)
VALUES (790, 1, '2019-09-06', 0, 0, true);
INSERT INTO POMODORO(ID, USER, CREATION_TIMESTAMP, WORK_TIME, BREAK_TIME, INTERRUPTED)
VALUES (791, 1, '2019-09-06', 0, 0, false);
INSERT INTO POMODORO(ID, USER, CREATION_TIMESTAMP, WORK_TIME, BREAK_TIME, INTERRUPTED)
VALUES (792, 1, '2019-09-06', 0, 0, false);
INSERT INTO POMODORO(ID, USER, CREATION_TIMESTAMP, WORK_TIME, BREAK_TIME, INTERRUPTED)
VALUES (793, 1, '2019-09-06', 0, 0, false);
INSERT INTO POMODORO(ID, USER, CREATION_TIMESTAMP, WORK_TIME, BREAK_TIME, INTERRUPTED)
VALUES (794, 1, '2019-09-06', 0, 0, false);
INSERT INTO POMODORO(ID, USER, CREATION_TIMESTAMP, WORK_TIME, BREAK_TIME, INTERRUPTED)
VALUES (795, 1, '2019-09-06', 0, 0, true);
INSERT INTO POMODORO(ID, USER, CREATION_TIMESTAMP, WORK_TIME, BREAK_TIME, INTERRUPTED)
VALUES (796, 1, '2019-09-06', 0, 0, true);
INSERT INTO POMODORO(ID, USER, CREATION_TIMESTAMP, WORK_TIME, BREAK_TIME, INTERRUPTED)
VALUES (797, 1, '2019-09-06', 0, 0, true);
INSERT INTO POMODORO(ID, USER, CREATION_TIMESTAMP, WORK_TIME, BREAK_TIME, INTERRUPTED)
VALUES (798, 1, '2019-09-06', 0, 0, false);
INSERT INTO POMODORO(ID, USER, CREATION_TIMESTAMP, WORK_TIME, BREAK_TIME, INTERRUPTED)
VALUES (799, 1, '2019-09-05', 0, 0, true);
INSERT INTO POMODORO(ID, USER, CREATION_TIMESTAMP, WORK_TIME, BREAK_TIME, INTERRUPTED)
VALUES (800, 1, '2019-09-05', 0, 0, false);
INSERT INTO POMODORO(ID, USER, CREATION_TIMESTAMP, WORK_TIME, BREAK_TIME, INTERRUPTED)
VALUES (801, 1, '2019-09-05', 0, 0, true);
INSERT INTO POMODORO(ID, USER, CREATION_TIMESTAMP, WORK_TIME, BREAK_TIME, INTERRUPTED)
VALUES (802, 1, '2019-09-05', 0, 0, false);
INSERT INTO POMODORO(ID, USER, CREATION_TIMESTAMP, WORK_TIME, BREAK_TIME, INTERRUPTED)
VALUES (803, 1, '2019-09-05', 0, 0, true);
INSERT INTO POMODORO(ID, USER, CREATION_TIMESTAMP, WORK_TIME, BREAK_TIME, INTERRUPTED)
VALUES (804, 1, '2019-09-05', 0, 0, false);
INSERT INTO POMODORO(ID, USER, CREATION_TIMESTAMP, WORK_TIME, BREAK_TIME, INTERRUPTED)
VALUES (805, 1, '2019-09-05', 0, 0, true);
INSERT INTO POMODORO(ID, USER, CREATION_TIMESTAMP, WORK_TIME, BREAK_TIME, INTERRUPTED)
VALUES (806, 1, '2019-09-05', 0, 0, false);
INSERT INTO POMODORO(ID, USER, CREATION_TIMESTAMP, WORK_TIME, BREAK_TIME, INTERRUPTED)
VALUES (807, 1, '2019-09-05', 0, 0, false);
INSERT INTO POMODORO(ID, USER, CREATION_TIMESTAMP, WORK_TIME, BREAK_TIME, INTERRUPTED)
VALUES (808, 1, '2019-09-05', 0, 0, true);
INSERT INTO POMODORO(ID, USER, CREATION_TIMESTAMP, WORK_TIME, BREAK_TIME, INTERRUPTED)
VALUES (809, 1, '2019-09-05', 0, 0, false);
INSERT INTO POMODORO(ID, USER, CREATION_TIMESTAMP, WORK_TIME, BREAK_TIME, INTERRUPTED)
VALUES (810, 1, '2019-09-05', 0, 0, true);
INSERT INTO POMODORO(ID, USER, CREATION_TIMESTAMP, WORK_TIME, BREAK_TIME, INTERRUPTED)
VALUES (811, 1, '2019-09-05', 0, 0, false);
INSERT INTO POMODORO(ID, USER, CREATION_TIMESTAMP, WORK_TIME, BREAK_TIME, INTERRUPTED)
VALUES (812, 1, '2019-09-05', 0, 0, false);
INSERT INTO POMODORO(ID, USER, CREATION_TIMESTAMP, WORK_TIME, BREAK_TIME, INTERRUPTED)
VALUES (813, 1, '2019-09-05', 0, 0, true);
INSERT INTO POMODORO(ID, USER, CREATION_TIMESTAMP, WORK_TIME, BREAK_TIME, INTERRUPTED)
VALUES (814, 1, '2019-09-04', 0, 0, false);
INSERT INTO POMODORO(ID, USER, CREATION_TIMESTAMP, WORK_TIME, BREAK_TIME, INTERRUPTED)
VALUES (815, 1, '2019-09-04', 0, 0, true);
INSERT INTO POMODORO(ID, USER, CREATION_TIMESTAMP, WORK_TIME, BREAK_TIME, INTERRUPTED)
VALUES (816, 1, '2019-09-04', 0, 0, false);
INSERT INTO POMODORO(ID, USER, CREATION_TIMESTAMP, WORK_TIME, BREAK_TIME, INTERRUPTED)
VALUES (817, 1, '2019-09-04', 0, 0, true);
INSERT INTO POMODORO(ID, USER, CREATION_TIMESTAMP, WORK_TIME, BREAK_TIME, INTERRUPTED)
VALUES (818, 1, '2019-09-04', 0, 0, false);
INSERT INTO POMODORO(ID, USER, CREATION_TIMESTAMP, WORK_TIME, BREAK_TIME, INTERRUPTED)
VALUES (819, 1, '2019-09-04', 0, 0, false);
INSERT INTO POMODORO(ID, USER, CREATION_TIMESTAMP, WORK_TIME, BREAK_TIME, INTERRUPTED)
VALUES (820, 1, '2019-09-04', 0, 0, false);
INSERT INTO POMODORO(ID, USER, CREATION_TIMESTAMP, WORK_TIME, BREAK_TIME, INTERRUPTED)
VALUES (821, 1, '2019-09-04', 0, 0, true);
INSERT INTO POMODORO(ID, USER, CREATION_TIMESTAMP, WORK_TIME, BREAK_TIME, INTERRUPTED)
VALUES (822, 1, '2019-09-04', 0, 0, false);
INSERT INTO POMODORO(ID, USER, CREATION_TIMESTAMP, WORK_TIME, BREAK_TIME, INTERRUPTED)
VALUES (823, 1, '2019-09-04', 0, 0, true);
INSERT INTO POMODORO(ID, USER, CREATION_TIMESTAMP, WORK_TIME, BREAK_TIME, INTERRUPTED)
VALUES (824, 1, '2019-09-04', 0, 0, false);
INSERT INTO POMODORO(ID, USER, CREATION_TIMESTAMP, WORK_TIME, BREAK_TIME, INTERRUPTED)
VALUES (825, 1, '2019-09-04', 0, 0, false);
INSERT INTO POMODORO(ID, USER, CREATION_TIMESTAMP, WORK_TIME, BREAK_TIME, INTERRUPTED)
VALUES (826, 1, '2019-09-04', 0, 0, true);
INSERT INTO POMODORO(ID, USER, CREATION_TIMESTAMP, WORK_TIME, BREAK_TIME, INTERRUPTED)
VALUES (827, 1, '2019-09-04', 0, 0, false);
INSERT INTO POMODORO(ID, USER, CREATION_TIMESTAMP, WORK_TIME, BREAK_TIME, INTERRUPTED)
VALUES (828, 1, '2019-09-04', 0, 0, false);
INSERT INTO POMODORO(ID, USER, CREATION_TIMESTAMP, WORK_TIME, BREAK_TIME, INTERRUPTED)
VALUES (829, 1, '2019-09-04', 0, 0, true);
INSERT INTO POMODORO(ID, USER, CREATION_TIMESTAMP, WORK_TIME, BREAK_TIME, INTERRUPTED)
VALUES (830, 1, '2019-09-04', 0, 0, true);
INSERT INTO POMODORO(ID, USER, CREATION_TIMESTAMP, WORK_TIME, BREAK_TIME, INTERRUPTED)
VALUES (831, 1, '2019-09-04', 0, 0, true);
INSERT INTO POMODORO(ID, USER, CREATION_TIMESTAMP, WORK_TIME, BREAK_TIME, INTERRUPTED)
VALUES (832, 1, '2019-09-04', 0, 0, false);
INSERT INTO POMODORO(ID, USER, CREATION_TIMESTAMP, WORK_TIME, BREAK_TIME, INTERRUPTED)
VALUES (833, 1, '2019-09-04', 0, 0, true);
INSERT INTO POMODORO(ID, USER, CREATION_TIMESTAMP, WORK_TIME, BREAK_TIME, INTERRUPTED)
VALUES (834, 1, '2019-09-04', 0, 0, true);
INSERT INTO POMODORO(ID, USER, CREATION_TIMESTAMP, WORK_TIME, BREAK_TIME, INTERRUPTED)
VALUES (835, 1, '2019-09-04', 0, 0, true);
INSERT INTO POMODORO(ID, USER, CREATION_TIMESTAMP, WORK_TIME, BREAK_TIME, INTERRUPTED)
VALUES (836, 1, '2019-09-04', 0, 0, true);
INSERT INTO POMODORO(ID, USER, CREATION_TIMESTAMP, WORK_TIME, BREAK_TIME, INTERRUPTED)
VALUES (837, 1, '2019-09-04', 0, 0, true);
INSERT INTO POMODORO(ID, USER, CREATION_TIMESTAMP, WORK_TIME, BREAK_TIME, INTERRUPTED)
VALUES (838, 1, '2019-09-04', 0, 0, true);
INSERT INTO POMODORO(ID, USER, CREATION_TIMESTAMP, WORK_TIME, BREAK_TIME, INTERRUPTED)
VALUES (839, 1, '2019-09-04', 0, 0, false);
INSERT INTO POMODORO(ID, USER, CREATION_TIMESTAMP, WORK_TIME, BREAK_TIME, INTERRUPTED)
VALUES (840, 1, '2019-09-04', 0, 0, false);
INSERT INTO POMODORO(ID, USER, CREATION_TIMESTAMP, WORK_TIME, BREAK_TIME, INTERRUPTED)
VALUES (841, 1, '2019-09-03', 0, 0, true);
INSERT INTO POMODORO(ID, USER, CREATION_TIMESTAMP, WORK_TIME, BREAK_TIME, INTERRUPTED)
VALUES (842, 1, '2019-09-03', 0, 0, true);
INSERT INTO POMODORO(ID, USER, CREATION_TIMESTAMP, WORK_TIME, BREAK_TIME, INTERRUPTED)
VALUES (843, 1, '2019-09-03', 0, 0, true);
INSERT INTO POMODORO(ID, USER, CREATION_TIMESTAMP, WORK_TIME, BREAK_TIME, INTERRUPTED)
VALUES (844, 1, '2019-09-03', 0, 0, false);
INSERT INTO POMODORO(ID, USER, CREATION_TIMESTAMP, WORK_TIME, BREAK_TIME, INTERRUPTED)
VALUES (845, 1, '2019-09-03', 0, 0, false);
INSERT INTO POMODORO(ID, USER, CREATION_TIMESTAMP, WORK_TIME, BREAK_TIME, INTERRUPTED)
VALUES (846, 1, '2019-09-03', 0, 0, true);
INSERT INTO POMODORO(ID, USER, CREATION_TIMESTAMP, WORK_TIME, BREAK_TIME, INTERRUPTED)
VALUES (847, 1, '2019-09-03', 0, 0, true);
INSERT INTO POMODORO(ID, USER, CREATION_TIMESTAMP, WORK_TIME, BREAK_TIME, INTERRUPTED)
VALUES (848, 1, '2019-09-03', 0, 0, false);
INSERT INTO POMODORO(ID, USER, CREATION_TIMESTAMP, WORK_TIME, BREAK_TIME, INTERRUPTED)
VALUES (849, 1, '2019-09-03', 0, 0, true);
INSERT INTO POMODORO(ID, USER, CREATION_TIMESTAMP, WORK_TIME, BREAK_TIME, INTERRUPTED)
VALUES (850, 1, '2019-09-03', 0, 0, false);
INSERT INTO POMODORO(ID, USER, CREATION_TIMESTAMP, WORK_TIME, BREAK_TIME, INTERRUPTED)
VALUES (851, 1, '2019-09-03', 0, 0, true);
INSERT INTO POMODORO(ID, USER, CREATION_TIMESTAMP, WORK_TIME, BREAK_TIME, INTERRUPTED)
VALUES (852, 1, '2019-09-03', 0, 0, false);
INSERT INTO POMODORO(ID, USER, CREATION_TIMESTAMP, WORK_TIME, BREAK_TIME, INTERRUPTED)
VALUES (853, 1, '2019-09-03', 0, 0, false);
INSERT INTO POMODORO(ID, USER, CREATION_TIMESTAMP, WORK_TIME, BREAK_TIME, INTERRUPTED)
VALUES (854, 1, '2019-09-03', 0, 0, false);
INSERT INTO POMODORO(ID, USER, CREATION_TIMESTAMP, WORK_TIME, BREAK_TIME, INTERRUPTED)
VALUES (855, 1, '2019-09-03', 0, 0, true);
INSERT INTO POMODORO(ID, USER, CREATION_TIMESTAMP, WORK_TIME, BREAK_TIME, INTERRUPTED)
VALUES (856, 1, '2019-09-03', 0, 0, true);
INSERT INTO POMODORO(ID, USER, CREATION_TIMESTAMP, WORK_TIME, BREAK_TIME, INTERRUPTED)
VALUES (857, 1, '2019-09-03', 0, 0, true);
INSERT INTO POMODORO(ID, USER, CREATION_TIMESTAMP, WORK_TIME, BREAK_TIME, INTERRUPTED)
VALUES (858, 1, '2019-09-03', 0, 0, false);
INSERT INTO POMODORO(ID, USER, CREATION_TIMESTAMP, WORK_TIME, BREAK_TIME, INTERRUPTED)
VALUES (859, 1, '2019-09-03', 0, 0, true);
INSERT INTO POMODORO(ID, USER, CREATION_TIMESTAMP, WORK_TIME, BREAK_TIME, INTERRUPTED)
VALUES (860, 1, '2019-09-03', 0, 0, false);
INSERT INTO POMODORO(ID, USER, CREATION_TIMESTAMP, WORK_TIME, BREAK_TIME, INTERRUPTED)
VALUES (861, 1, '2019-09-03', 0, 0, false);
INSERT INTO POMODORO(ID, USER, CREATION_TIMESTAMP, WORK_TIME, BREAK_TIME, INTERRUPTED)
VALUES (862, 1, '2019-09-03', 0, 0, true);
INSERT INTO POMODORO(ID, USER, CREATION_TIMESTAMP, WORK_TIME, BREAK_TIME, INTERRUPTED)
VALUES (863, 1, '2019-09-03', 0, 0, false);
INSERT INTO POMODORO(ID, USER, CREATION_TIMESTAMP, WORK_TIME, BREAK_TIME, INTERRUPTED)
VALUES (864, 1, '2019-09-03', 0, 0, true);
INSERT INTO POMODORO(ID, USER, CREATION_TIMESTAMP, WORK_TIME, BREAK_TIME, INTERRUPTED)
VALUES (865, 1, '2019-09-03', 0, 0, true);
INSERT INTO POMODORO(ID, USER, CREATION_TIMESTAMP, WORK_TIME, BREAK_TIME, INTERRUPTED)
VALUES (866, 1, '2019-09-03', 0, 0, true);
INSERT INTO POMODORO(ID, USER, CREATION_TIMESTAMP, WORK_TIME, BREAK_TIME, INTERRUPTED)
VALUES (867, 1, '2019-09-03', 0, 0, false);
INSERT INTO POMODORO(ID, USER, CREATION_TIMESTAMP, WORK_TIME, BREAK_TIME, INTERRUPTED)
VALUES (868, 1, '2019-09-03', 0, 0, false);
INSERT INTO POMODORO(ID, USER, CREATION_TIMESTAMP, WORK_TIME, BREAK_TIME, INTERRUPTED)
VALUES (869, 1, '2019-09-03', 0, 0, false);
INSERT INTO POMODORO(ID, USER, CREATION_TIMESTAMP, WORK_TIME, BREAK_TIME, INTERRUPTED)
VALUES (870, 1, '2019-09-03', 0, 0, true);
INSERT INTO POMODORO(ID, USER, CREATION_TIMESTAMP, WORK_TIME, BREAK_TIME, INTERRUPTED)
VALUES (871, 1, '2019-09-02', 0, 0, true);
INSERT INTO POMODORO(ID, USER, CREATION_TIMESTAMP, WORK_TIME, BREAK_TIME, INTERRUPTED)
VALUES (872, 1, '2019-09-02', 0, 0, true);
INSERT INTO POMODORO(ID, USER, CREATION_TIMESTAMP, WORK_TIME, BREAK_TIME, INTERRUPTED)
VALUES (873, 1, '2019-09-02', 0, 0, true);
INSERT INTO POMODORO(ID, USER, CREATION_TIMESTAMP, WORK_TIME, BREAK_TIME, INTERRUPTED)
VALUES (874, 1, '2019-09-02', 0, 0, false);
INSERT INTO POMODORO(ID, USER, CREATION_TIMESTAMP, WORK_TIME, BREAK_TIME, INTERRUPTED)
VALUES (875, 1, '2019-09-02', 0, 0, false);
INSERT INTO POMODORO(ID, USER, CREATION_TIMESTAMP, WORK_TIME, BREAK_TIME, INTERRUPTED)
VALUES (876, 1, '2019-09-02', 0, 0, true);
INSERT INTO POMODORO(ID, USER, CREATION_TIMESTAMP, WORK_TIME, BREAK_TIME, INTERRUPTED)
VALUES (877, 1, '2019-09-02', 0, 0, false);
INSERT INTO POMODORO(ID, USER, CREATION_TIMESTAMP, WORK_TIME, BREAK_TIME, INTERRUPTED)
VALUES (878, 1, '2019-09-02', 0, 0, true);
INSERT INTO POMODORO(ID, USER, CREATION_TIMESTAMP, WORK_TIME, BREAK_TIME, INTERRUPTED)
VALUES (879, 1, '2019-09-02', 0, 0, false);
INSERT INTO POMODORO(ID, USER, CREATION_TIMESTAMP, WORK_TIME, BREAK_TIME, INTERRUPTED)
VALUES (880, 1, '2019-09-02', 0, 0, true);
INSERT INTO POMODORO(ID, USER, CREATION_TIMESTAMP, WORK_TIME, BREAK_TIME, INTERRUPTED)
VALUES (881, 1, '2019-09-02', 0, 0, false);
INSERT INTO POMODORO(ID, USER, CREATION_TIMESTAMP, WORK_TIME, BREAK_TIME, INTERRUPTED)
VALUES (882, 1, '2019-09-02', 0, 0, false);
INSERT INTO POMODORO(ID, USER, CREATION_TIMESTAMP, WORK_TIME, BREAK_TIME, INTERRUPTED)
VALUES (883, 1, '2019-09-02', 0, 0, false);
INSERT INTO POMODORO(ID, USER, CREATION_TIMESTAMP, WORK_TIME, BREAK_TIME, INTERRUPTED)
VALUES (884, 1, '2019-09-02', 0, 0, true);
INSERT INTO POMODORO(ID, USER, CREATION_TIMESTAMP, WORK_TIME, BREAK_TIME, INTERRUPTED)
VALUES (885, 1, '2019-09-02', 0, 0, true);
INSERT INTO POMODORO(ID, USER, CREATION_TIMESTAMP, WORK_TIME, BREAK_TIME, INTERRUPTED)
VALUES (886, 1, '2019-09-02', 0, 0, true);
INSERT INTO POMODORO(ID, USER, CREATION_TIMESTAMP, WORK_TIME, BREAK_TIME, INTERRUPTED)
VALUES (887, 1, '2019-09-02', 0, 0, true);
INSERT INTO POMODORO(ID, USER, CREATION_TIMESTAMP, WORK_TIME, BREAK_TIME, INTERRUPTED)
VALUES (888, 1, '2019-09-02', 0, 0, true);
INSERT INTO POMODORO(ID, USER, CREATION_TIMESTAMP, WORK_TIME, BREAK_TIME, INTERRUPTED)
VALUES (889, 1, '2019-09-02', 0, 0, false);
INSERT INTO POMODORO(ID, USER, CREATION_TIMESTAMP, WORK_TIME, BREAK_TIME, INTERRUPTED)
VALUES (890, 1, '2019-09-02', 0, 0, false);
INSERT INTO POMODORO(ID, USER, CREATION_TIMESTAMP, WORK_TIME, BREAK_TIME, INTERRUPTED)
VALUES (891, 1, '2019-09-02', 0, 0, false);
INSERT INTO POMODORO(ID, USER, CREATION_TIMESTAMP, WORK_TIME, BREAK_TIME, INTERRUPTED)
VALUES (892, 1, '2019-09-02', 0, 0, false);
INSERT INTO POMODORO(ID, USER, CREATION_TIMESTAMP, WORK_TIME, BREAK_TIME, INTERRUPTED)
VALUES (893, 1, '2019-09-02', 0, 0, true);
INSERT INTO POMODORO(ID, USER, CREATION_TIMESTAMP, WORK_TIME, BREAK_TIME, INTERRUPTED)
VALUES (894, 1, '2019-09-02', 0, 0, false);
INSERT INTO POMODORO(ID, USER, CREATION_TIMESTAMP, WORK_TIME, BREAK_TIME, INTERRUPTED)
VALUES (895, 1, '2019-09-02', 0, 0, false);
INSERT INTO POMODORO(ID, USER, CREATION_TIMESTAMP, WORK_TIME, BREAK_TIME, INTERRUPTED)
VALUES (896, 1, '2019-09-02', 0, 0, false);
INSERT INTO POMODORO(ID, USER, CREATION_TIMESTAMP, WORK_TIME, BREAK_TIME, INTERRUPTED)
VALUES (897, 1, '2019-09-02', 0, 0, true);
INSERT INTO POMODORO(ID, USER, CREATION_TIMESTAMP, WORK_TIME, BREAK_TIME, INTERRUPTED)
VALUES (898, 1, '2019-09-02', 0, 0, true);
INSERT INTO POMODORO(ID, USER, CREATION_TIMESTAMP, WORK_TIME, BREAK_TIME, INTERRUPTED)
VALUES (899, 1, '2019-09-02', 0, 0, false);
INSERT INTO POMODORO(ID, USER, CREATION_TIMESTAMP, WORK_TIME, BREAK_TIME, INTERRUPTED)
VALUES (900, 1, '2019-09-02', 0, 0, true);
INSERT INTO POMODORO(ID, USER, CREATION_TIMESTAMP, WORK_TIME, BREAK_TIME, INTERRUPTED)
VALUES (901, 1, '2019-09-02', 0, 0, true);
INSERT INTO POMODORO(ID, USER, CREATION_TIMESTAMP, WORK_TIME, BREAK_TIME, INTERRUPTED)
VALUES (902, 1, '2019-09-02', 0, 0, true);
INSERT INTO POMODORO(ID, USER, CREATION_TIMESTAMP, WORK_TIME, BREAK_TIME, INTERRUPTED)
VALUES (903, 1, '2019-09-02', 0, 0, true);
INSERT INTO POMODORO(ID, USER, CREATION_TIMESTAMP, WORK_TIME, BREAK_TIME, INTERRUPTED)
VALUES (904, 1, '2019-09-02', 0, 0, true);
INSERT INTO POMODORO(ID, USER, CREATION_TIMESTAMP, WORK_TIME, BREAK_TIME, INTERRUPTED)
VALUES (905, 1, '2019-09-02', 0, 0, true);
INSERT INTO POMODORO(ID, USER, CREATION_TIMESTAMP, WORK_TIME, BREAK_TIME, INTERRUPTED)
VALUES (906, 1, '2019-09-02', 0, 0, true);
INSERT INTO POMODORO(ID, USER, CREATION_TIMESTAMP, WORK_TIME, BREAK_TIME, INTERRUPTED)
VALUES (907, 1, '2019-09-01', 0, 0, false);
INSERT INTO POMODORO(ID, USER, CREATION_TIMESTAMP, WORK_TIME, BREAK_TIME, INTERRUPTED)
VALUES (908, 1, '2019-09-01', 0, 0, true);
INSERT INTO POMODORO(ID, USER, CREATION_TIMESTAMP, WORK_TIME, BREAK_TIME, INTERRUPTED)
VALUES (909, 1, '2019-09-01', 0, 0, false);
INSERT INTO POMODORO(ID, USER, CREATION_TIMESTAMP, WORK_TIME, BREAK_TIME, INTERRUPTED)
VALUES (910, 1, '2019-09-01', 0, 0, false);
INSERT INTO POMODORO(ID, USER, CREATION_TIMESTAMP, WORK_TIME, BREAK_TIME, INTERRUPTED)
VALUES (911, 1, '2019-09-01', 0, 0, true);
INSERT INTO POMODORO(ID, USER, CREATION_TIMESTAMP, WORK_TIME, BREAK_TIME, INTERRUPTED)
VALUES (912, 1, '2019-09-01', 0, 0, false);
INSERT INTO POMODORO(ID, USER, CREATION_TIMESTAMP, WORK_TIME, BREAK_TIME, INTERRUPTED)
VALUES (913, 1, '2019-09-01', 0, 0, true);
INSERT INTO POMODORO(ID, USER, CREATION_TIMESTAMP, WORK_TIME, BREAK_TIME, INTERRUPTED)
VALUES (914, 1, '2019-09-01', 0, 0, true);
INSERT INTO POMODORO(ID, USER, CREATION_TIMESTAMP, WORK_TIME, BREAK_TIME, INTERRUPTED)
VALUES (915, 1, '2019-09-01', 0, 0, true);
INSERT INTO POMODORO(ID, USER, CREATION_TIMESTAMP, WORK_TIME, BREAK_TIME, INTERRUPTED)
VALUES (916, 1, '2019-08-31', 0, 0, true);
INSERT INTO POMODORO(ID, USER, CREATION_TIMESTAMP, WORK_TIME, BREAK_TIME, INTERRUPTED)
VALUES (917, 1, '2019-08-31', 0, 0, false);
INSERT INTO POMODORO(ID, USER, CREATION_TIMESTAMP, WORK_TIME, BREAK_TIME, INTERRUPTED)
VALUES (918, 1, '2019-08-31', 0, 0, false);
INSERT INTO POMODORO(ID, USER, CREATION_TIMESTAMP, WORK_TIME, BREAK_TIME, INTERRUPTED)
VALUES (919, 1, '2019-08-31', 0, 0, true);
INSERT INTO POMODORO(ID, USER, CREATION_TIMESTAMP, WORK_TIME, BREAK_TIME, INTERRUPTED)
VALUES (920, 1, '2019-08-31', 0, 0, true);
INSERT INTO POMODORO(ID, USER, CREATION_TIMESTAMP, WORK_TIME, BREAK_TIME, INTERRUPTED)
VALUES (921, 1, '2019-08-31', 0, 0, true);
INSERT INTO POMODORO(ID, USER, CREATION_TIMESTAMP, WORK_TIME, BREAK_TIME, INTERRUPTED)
VALUES (922, 1, '2019-08-31', 0, 0, false);
INSERT INTO POMODORO(ID, USER, CREATION_TIMESTAMP, WORK_TIME, BREAK_TIME, INTERRUPTED)
VALUES (923, 1, '2019-08-31', 0, 0, false);
INSERT INTO POMODORO(ID, USER, CREATION_TIMESTAMP, WORK_TIME, BREAK_TIME, INTERRUPTED)
VALUES (924, 1, '2019-08-31', 0, 0, false);
INSERT INTO POMODORO(ID, USER, CREATION_TIMESTAMP, WORK_TIME, BREAK_TIME, INTERRUPTED)
VALUES (925, 1, '2019-08-31', 0, 0, false);
INSERT INTO POMODORO(ID, USER, CREATION_TIMESTAMP, WORK_TIME, BREAK_TIME, INTERRUPTED)
VALUES (926, 1, '2019-08-31', 0, 0, true);
INSERT INTO POMODORO(ID, USER, CREATION_TIMESTAMP, WORK_TIME, BREAK_TIME, INTERRUPTED)
VALUES (927, 1, '2019-08-31', 0, 0, true);
INSERT INTO POMODORO(ID, USER, CREATION_TIMESTAMP, WORK_TIME, BREAK_TIME, INTERRUPTED)
VALUES (928, 1, '2019-08-31', 0, 0, true);
INSERT INTO POMODORO(ID, USER, CREATION_TIMESTAMP, WORK_TIME, BREAK_TIME, INTERRUPTED)
VALUES (929, 1, '2019-08-31', 0, 0, true);
INSERT INTO POMODORO(ID, USER, CREATION_TIMESTAMP, WORK_TIME, BREAK_TIME, INTERRUPTED)
VALUES (930, 1, '2019-08-31', 0, 0, true);
INSERT INTO POMODORO(ID, USER, CREATION_TIMESTAMP, WORK_TIME, BREAK_TIME, INTERRUPTED)
VALUES (931, 1, '2019-08-31', 0, 0, true);
INSERT INTO POMODORO(ID, USER, CREATION_TIMESTAMP, WORK_TIME, BREAK_TIME, INTERRUPTED)
VALUES (932, 1, '2019-08-31', 0, 0, true);
INSERT INTO POMODORO(ID, USER, CREATION_TIMESTAMP, WORK_TIME, BREAK_TIME, INTERRUPTED)
VALUES (933, 1, '2019-08-31', 0, 0, true);
INSERT INTO POMODORO(ID, USER, CREATION_TIMESTAMP, WORK_TIME, BREAK_TIME, INTERRUPTED)
VALUES (934, 1, '2019-08-31', 0, 0, true);
INSERT INTO POMODORO(ID, USER, CREATION_TIMESTAMP, WORK_TIME, BREAK_TIME, INTERRUPTED)
VALUES (935, 1, '2019-08-31', 0, 0, true);
INSERT INTO POMODORO(ID, USER, CREATION_TIMESTAMP, WORK_TIME, BREAK_TIME, INTERRUPTED)
VALUES (936, 1, '2019-08-31', 0, 0, true);
INSERT INTO POMODORO(ID, USER, CREATION_TIMESTAMP, WORK_TIME, BREAK_TIME, INTERRUPTED)
VALUES (937, 1, '2019-08-31', 0, 0, true);
INSERT INTO POMODORO(ID, USER, CREATION_TIMESTAMP, WORK_TIME, BREAK_TIME, INTERRUPTED)
VALUES (938, 1, '2019-08-31', 0, 0, false);
INSERT INTO POMODORO(ID, USER, CREATION_TIMESTAMP, WORK_TIME, BREAK_TIME, INTERRUPTED)
VALUES (939, 1, '2019-08-31', 0, 0, true);
INSERT INTO POMODORO(ID, USER, CREATION_TIMESTAMP, WORK_TIME, BREAK_TIME, INTERRUPTED)
VALUES (940, 1, '2019-08-31', 0, 0, true);
INSERT INTO POMODORO(ID, USER, CREATION_TIMESTAMP, WORK_TIME, BREAK_TIME, INTERRUPTED)
VALUES (941, 1, '2019-08-31', 0, 0, true);
INSERT INTO POMODORO(ID, USER, CREATION_TIMESTAMP, WORK_TIME, BREAK_TIME, INTERRUPTED)
VALUES (942, 1, '2019-08-31', 0, 0, true);
INSERT INTO POMODORO(ID, USER, CREATION_TIMESTAMP, WORK_TIME, BREAK_TIME, INTERRUPTED)
VALUES (943, 1, '2019-08-31', 0, 0, true);
INSERT INTO POMODORO(ID, USER, CREATION_TIMESTAMP, WORK_TIME, BREAK_TIME, INTERRUPTED)
VALUES (944, 1, '2019-08-31', 0, 0, true);
INSERT INTO POMODORO(ID, USER, CREATION_TIMESTAMP, WORK_TIME, BREAK_TIME, INTERRUPTED)
VALUES (945, 1, '2019-08-31', 0, 0, false);
INSERT INTO POMODORO(ID, USER, CREATION_TIMESTAMP, WORK_TIME, BREAK_TIME, INTERRUPTED)
VALUES (946, 1, '2019-08-31', 0, 0, true);
INSERT INTO POMODORO(ID, USER, CREATION_TIMESTAMP, WORK_TIME, BREAK_TIME, INTERRUPTED)
VALUES (947, 1, '2019-08-31', 0, 0, false);
INSERT INTO POMODORO(ID, USER, CREATION_TIMESTAMP, WORK_TIME, BREAK_TIME, INTERRUPTED)
VALUES (948, 1, '2019-08-30', 0, 0, true);
INSERT INTO POMODORO(ID, USER, CREATION_TIMESTAMP, WORK_TIME, BREAK_TIME, INTERRUPTED)
VALUES (949, 1, '2019-08-29', 0, 0, false);
INSERT INTO POMODORO(ID, USER, CREATION_TIMESTAMP, WORK_TIME, BREAK_TIME, INTERRUPTED)
VALUES (950, 1, '2019-08-29', 0, 0, true);
INSERT INTO POMODORO(ID, USER, CREATION_TIMESTAMP, WORK_TIME, BREAK_TIME, INTERRUPTED)
VALUES (951, 1, '2019-08-29', 0, 0, false);
INSERT INTO POMODORO(ID, USER, CREATION_TIMESTAMP, WORK_TIME, BREAK_TIME, INTERRUPTED)
VALUES (952, 1, '2019-08-29', 0, 0, true);
INSERT INTO POMODORO(ID, USER, CREATION_TIMESTAMP, WORK_TIME, BREAK_TIME, INTERRUPTED)
VALUES (953, 1, '2019-08-29', 0, 0, false);
INSERT INTO POMODORO(ID, USER, CREATION_TIMESTAMP, WORK_TIME, BREAK_TIME, INTERRUPTED)
VALUES (954, 1, '2019-08-29', 0, 0, true);
INSERT INTO POMODORO(ID, USER, CREATION_TIMESTAMP, WORK_TIME, BREAK_TIME, INTERRUPTED)
VALUES (955, 1, '2019-08-29', 0, 0, false);
INSERT INTO POMODORO(ID, USER, CREATION_TIMESTAMP, WORK_TIME, BREAK_TIME, INTERRUPTED)
VALUES (956, 1, '2019-08-29', 0, 0, false);
INSERT INTO POMODORO(ID, USER, CREATION_TIMESTAMP, WORK_TIME, BREAK_TIME, INTERRUPTED)
VALUES (957, 1, '2019-08-29', 0, 0, false);
INSERT INTO POMODORO(ID, USER, CREATION_TIMESTAMP, WORK_TIME, BREAK_TIME, INTERRUPTED)
VALUES (958, 1, '2019-08-29', 0, 0, false);
INSERT INTO POMODORO(ID, USER, CREATION_TIMESTAMP, WORK_TIME, BREAK_TIME, INTERRUPTED)
VALUES (959, 1, '2019-08-29', 0, 0, true);
INSERT INTO POMODORO(ID, USER, CREATION_TIMESTAMP, WORK_TIME, BREAK_TIME, INTERRUPTED)
VALUES (960, 1, '2019-08-29', 0, 0, false);
INSERT INTO POMODORO(ID, USER, CREATION_TIMESTAMP, WORK_TIME, BREAK_TIME, INTERRUPTED)
VALUES (961, 1, '2019-08-29', 0, 0, false);
INSERT INTO POMODORO(ID, USER, CREATION_TIMESTAMP, WORK_TIME, BREAK_TIME, INTERRUPTED)
VALUES (962, 1, '2019-08-29', 0, 0, false);
INSERT INTO POMODORO(ID, USER, CREATION_TIMESTAMP, WORK_TIME, BREAK_TIME, INTERRUPTED)
VALUES (963, 1, '2019-08-29', 0, 0, false);
INSERT INTO POMODORO(ID, USER, CREATION_TIMESTAMP, WORK_TIME, BREAK_TIME, INTERRUPTED)
VALUES (964, 1, '2019-08-29', 0, 0, true);
INSERT INTO POMODORO(ID, USER, CREATION_TIMESTAMP, WORK_TIME, BREAK_TIME, INTERRUPTED)
VALUES (965, 1, '2019-08-29', 0, 0, false);
INSERT INTO POMODORO(ID, USER, CREATION_TIMESTAMP, WORK_TIME, BREAK_TIME, INTERRUPTED)
VALUES (966, 1, '2019-08-29', 0, 0, false);
INSERT INTO POMODORO(ID, USER, CREATION_TIMESTAMP, WORK_TIME, BREAK_TIME, INTERRUPTED)
VALUES (967, 1, '2019-08-29', 0, 0, true);
INSERT INTO POMODORO(ID, USER, CREATION_TIMESTAMP, WORK_TIME, BREAK_TIME, INTERRUPTED)
VALUES (968, 1, '2019-08-29', 0, 0, true);
INSERT INTO POMODORO(ID, USER, CREATION_TIMESTAMP, WORK_TIME, BREAK_TIME, INTERRUPTED)
VALUES (969, 1, '2019-08-29', 0, 0, true);
INSERT INTO POMODORO(ID, USER, CREATION_TIMESTAMP, WORK_TIME, BREAK_TIME, INTERRUPTED)
VALUES (970, 1, '2019-08-29', 0, 0, true);
INSERT INTO POMODORO(ID, USER, CREATION_TIMESTAMP, WORK_TIME, BREAK_TIME, INTERRUPTED)
VALUES (971, 1, '2019-08-29', 0, 0, false);
INSERT INTO POMODORO(ID, USER, CREATION_TIMESTAMP, WORK_TIME, BREAK_TIME, INTERRUPTED)
VALUES (972, 1, '2019-08-29', 0, 0, true);
INSERT INTO POMODORO(ID, USER, CREATION_TIMESTAMP, WORK_TIME, BREAK_TIME, INTERRUPTED)
VALUES (973, 1, '2019-08-29', 0, 0, false);
INSERT INTO POMODORO(ID, USER, CREATION_TIMESTAMP, WORK_TIME, BREAK_TIME, INTERRUPTED)
VALUES (974, 1, '2019-08-29', 0, 0, false);
INSERT INTO POMODORO(ID, USER, CREATION_TIMESTAMP, WORK_TIME, BREAK_TIME, INTERRUPTED)
VALUES (975, 1, '2019-08-29', 0, 0, true);
INSERT INTO POMODORO(ID, USER, CREATION_TIMESTAMP, WORK_TIME, BREAK_TIME, INTERRUPTED)
VALUES (976, 1, '2019-08-29', 0, 0, false);
INSERT INTO POMODORO(ID, USER, CREATION_TIMESTAMP, WORK_TIME, BREAK_TIME, INTERRUPTED)
VALUES (977, 1, '2019-08-29', 0, 0, true);
INSERT INTO POMODORO(ID, USER, CREATION_TIMESTAMP, WORK_TIME, BREAK_TIME, INTERRUPTED)
VALUES (978, 1, '2019-08-29', 0, 0, false);
INSERT INTO POMODORO(ID, USER, CREATION_TIMESTAMP, WORK_TIME, BREAK_TIME, INTERRUPTED)
VALUES (979, 1, '2019-08-29', 0, 0, false);
INSERT INTO POMODORO(ID, USER, CREATION_TIMESTAMP, WORK_TIME, BREAK_TIME, INTERRUPTED)
VALUES (980, 1, '2019-08-29', 0, 0, false);
INSERT INTO POMODORO(ID, USER, CREATION_TIMESTAMP, WORK_TIME, BREAK_TIME, INTERRUPTED)
VALUES (981, 1, '2019-08-29', 0, 0, false);
INSERT INTO POMODORO(ID, USER, CREATION_TIMESTAMP, WORK_TIME, BREAK_TIME, INTERRUPTED)
VALUES (982, 1, '2019-08-29', 0, 0, false);
INSERT INTO POMODORO(ID, USER, CREATION_TIMESTAMP, WORK_TIME, BREAK_TIME, INTERRUPTED)
VALUES (983, 1, '2019-08-29', 0, 0, false);
INSERT INTO POMODORO(ID, USER, CREATION_TIMESTAMP, WORK_TIME, BREAK_TIME, INTERRUPTED)
VALUES (984, 1, '2019-08-29', 0, 0, false);
INSERT INTO POMODORO(ID, USER, CREATION_TIMESTAMP, WORK_TIME, BREAK_TIME, INTERRUPTED)
VALUES (985, 1, '2019-08-29', 0, 0, true);
INSERT INTO POMODORO(ID, USER, CREATION_TIMESTAMP, WORK_TIME, BREAK_TIME, INTERRUPTED)
VALUES (986, 1, '2019-08-29', 0, 0, true);
INSERT INTO POMODORO(ID, USER, CREATION_TIMESTAMP, WORK_TIME, BREAK_TIME, INTERRUPTED)
VALUES (987, 1, '2019-08-29', 0, 0, true);
INSERT INTO POMODORO(ID, USER, CREATION_TIMESTAMP, WORK_TIME, BREAK_TIME, INTERRUPTED)
VALUES (988, 1, '2019-08-29', 0, 0, false);
INSERT INTO POMODORO(ID, USER, CREATION_TIMESTAMP, WORK_TIME, BREAK_TIME, INTERRUPTED)
VALUES (989, 1, '2019-08-29', 0, 0, false);
INSERT INTO POMODORO(ID, USER, CREATION_TIMESTAMP, WORK_TIME, BREAK_TIME, INTERRUPTED)
VALUES (990, 1, '2019-08-28', 0, 0, false);
INSERT INTO POMODORO(ID, USER, CREATION_TIMESTAMP, WORK_TIME, BREAK_TIME, INTERRUPTED)
VALUES (991, 1, '2019-08-28', 0, 0, true);
INSERT INTO POMODORO(ID, USER, CREATION_TIMESTAMP, WORK_TIME, BREAK_TIME, INTERRUPTED)
VALUES (992, 1, '2019-08-28', 0, 0, true);
INSERT INTO POMODORO(ID, USER, CREATION_TIMESTAMP, WORK_TIME, BREAK_TIME, INTERRUPTED)
VALUES (993, 1, '2019-08-28', 0, 0, true);
INSERT INTO POMODORO(ID, USER, CREATION_TIMESTAMP, WORK_TIME, BREAK_TIME, INTERRUPTED)
VALUES (994, 1, '2019-08-28', 0, 0, true);
INSERT INTO POMODORO(ID, USER, CREATION_TIMESTAMP, WORK_TIME, BREAK_TIME, INTERRUPTED)
VALUES (995, 1, '2019-08-28', 0, 0, true);
INSERT INTO POMODORO(ID, USER, CREATION_TIMESTAMP, WORK_TIME, BREAK_TIME, INTERRUPTED)
VALUES (996, 1, '2019-08-28', 0, 0, true);
INSERT INTO POMODORO(ID, USER, CREATION_TIMESTAMP, WORK_TIME, BREAK_TIME, INTERRUPTED)
VALUES (997, 1, '2019-08-28', 0, 0, true);
INSERT INTO POMODORO(ID, USER, CREATION_TIMESTAMP, WORK_TIME, BREAK_TIME, INTERRUPTED)
VALUES (998, 1, '2019-08-28', 0, 0, false);
INSERT INTO POMODORO(ID, USER, CREATION_TIMESTAMP, WORK_TIME, BREAK_TIME, INTERRUPTED)
VALUES (999, 1, '2019-08-28', 0, 0, false);
INSERT INTO POMODORO(ID, USER, CREATION_TIMESTAMP, WORK_TIME, BREAK_TIME, INTERRUPTED)
VALUES (1000, 1, '2019-08-28', 0, 0, false);
INSERT INTO POMODORO(ID, USER, CREATION_TIMESTAMP, WORK_TIME, BREAK_TIME, INTERRUPTED)
VALUES (1001, 1, '2019-08-28', 0, 0, true);
INSERT INTO POMODORO(ID, USER, CREATION_TIMESTAMP, WORK_TIME, BREAK_TIME, INTERRUPTED)
VALUES (1002, 1, '2019-08-28', 0, 0, true);
INSERT INTO POMODORO(ID, USER, CREATION_TIMESTAMP, WORK_TIME, BREAK_TIME, INTERRUPTED)
VALUES (1003, 1, '2019-08-28', 0, 0, false);
INSERT INTO POMODORO(ID, USER, CREATION_TIMESTAMP, WORK_TIME, BREAK_TIME, INTERRUPTED)
VALUES (1004, 1, '2019-08-28', 0, 0, true);
INSERT INTO POMODORO(ID, USER, CREATION_TIMESTAMP, WORK_TIME, BREAK_TIME, INTERRUPTED)
VALUES (1005, 1, '2019-08-28', 0, 0, false);
INSERT INTO POMODORO(ID, USER, CREATION_TIMESTAMP, WORK_TIME, BREAK_TIME, INTERRUPTED)
VALUES (1006, 1, '2019-08-28', 0, 0, false);
INSERT INTO POMODORO(ID, USER, CREATION_TIMESTAMP, WORK_TIME, BREAK_TIME, INTERRUPTED)
VALUES (1007, 1, '2019-08-28', 0, 0, false);
INSERT INTO POMODORO(ID, USER, CREATION_TIMESTAMP, WORK_TIME, BREAK_TIME, INTERRUPTED)
VALUES (1008, 1, '2019-08-28', 0, 0, false);
INSERT INTO POMODORO(ID, USER, CREATION_TIMESTAMP, WORK_TIME, BREAK_TIME, INTERRUPTED)
VALUES (1009, 1, '2019-08-28', 0, 0, true);
INSERT INTO POMODORO(ID, USER, CREATION_TIMESTAMP, WORK_TIME, BREAK_TIME, INTERRUPTED)
VALUES (1010, 1, '2019-08-28', 0, 0, false);
INSERT INTO POMODORO(ID, USER, CREATION_TIMESTAMP, WORK_TIME, BREAK_TIME, INTERRUPTED)
VALUES (1011, 1, '2019-08-28', 0, 0, false);
INSERT INTO POMODORO(ID, USER, CREATION_TIMESTAMP, WORK_TIME, BREAK_TIME, INTERRUPTED)
VALUES (1012, 1, '2019-08-28', 0, 0, true);
INSERT INTO POMODORO(ID, USER, CREATION_TIMESTAMP, WORK_TIME, BREAK_TIME, INTERRUPTED)
VALUES (1013, 1, '2019-08-28', 0, 0, true);
INSERT INTO POMODORO(ID, USER, CREATION_TIMESTAMP, WORK_TIME, BREAK_TIME, INTERRUPTED)
VALUES (1014, 1, '2019-08-28', 0, 0, true);
INSERT INTO POMODORO(ID, USER, CREATION_TIMESTAMP, WORK_TIME, BREAK_TIME, INTERRUPTED)
VALUES (1015, 1, '2019-08-28', 0, 0, true);
INSERT INTO POMODORO(ID, USER, CREATION_TIMESTAMP, WORK_TIME, BREAK_TIME, INTERRUPTED)
VALUES (1016, 1, '2019-08-28', 0, 0, false);
INSERT INTO POMODORO(ID, USER, CREATION_TIMESTAMP, WORK_TIME, BREAK_TIME, INTERRUPTED)
VALUES (1017, 1, '2019-08-28', 0, 0, true);
INSERT INTO POMODORO(ID, USER, CREATION_TIMESTAMP, WORK_TIME, BREAK_TIME, INTERRUPTED)
VALUES (1018, 1, '2019-08-28', 0, 0, false);
INSERT INTO POMODORO(ID, USER, CREATION_TIMESTAMP, WORK_TIME, BREAK_TIME, INTERRUPTED)
VALUES (1019, 1, '2019-08-28', 0, 0, false);
INSERT INTO POMODORO(ID, USER, CREATION_TIMESTAMP, WORK_TIME, BREAK_TIME, INTERRUPTED)
VALUES (1020, 1, '2019-08-28', 0, 0, false);
INSERT INTO POMODORO(ID, USER, CREATION_TIMESTAMP, WORK_TIME, BREAK_TIME, INTERRUPTED)
VALUES (1021, 1, '2019-08-28', 0, 0, false);
INSERT INTO POMODORO(ID, USER, CREATION_TIMESTAMP, WORK_TIME, BREAK_TIME, INTERRUPTED)
VALUES (1022, 1, '2019-08-28', 0, 0, true);
INSERT INTO POMODORO(ID, USER, CREATION_TIMESTAMP, WORK_TIME, BREAK_TIME, INTERRUPTED)
VALUES (1023, 1, '2019-08-28', 0, 0, true);
INSERT INTO POMODORO(ID, USER, CREATION_TIMESTAMP, WORK_TIME, BREAK_TIME, INTERRUPTED)
VALUES (1024, 1, '2019-08-27', 0, 0, false);
INSERT INTO POMODORO(ID, USER, CREATION_TIMESTAMP, WORK_TIME, BREAK_TIME, INTERRUPTED)
VALUES (1025, 1, '2019-08-27', 0, 0, true);
INSERT INTO POMODORO(ID, USER, CREATION_TIMESTAMP, WORK_TIME, BREAK_TIME, INTERRUPTED)
VALUES (1026, 1, '2019-08-27', 0, 0, true);
INSERT INTO POMODORO(ID, USER, CREATION_TIMESTAMP, WORK_TIME, BREAK_TIME, INTERRUPTED)
VALUES (1027, 1, '2019-08-27', 0, 0, false);
INSERT INTO POMODORO(ID, USER, CREATION_TIMESTAMP, WORK_TIME, BREAK_TIME, INTERRUPTED)
VALUES (1028, 1, '2019-08-27', 0, 0, true);
INSERT INTO POMODORO(ID, USER, CREATION_TIMESTAMP, WORK_TIME, BREAK_TIME, INTERRUPTED)
VALUES (1029, 1, '2019-08-27', 0, 0, true);
INSERT INTO POMODORO(ID, USER, CREATION_TIMESTAMP, WORK_TIME, BREAK_TIME, INTERRUPTED)
VALUES (1030, 1, '2019-08-27', 0, 0, false);
INSERT INTO POMODORO(ID, USER, CREATION_TIMESTAMP, WORK_TIME, BREAK_TIME, INTERRUPTED)
VALUES (1031, 1, '2019-08-27', 0, 0, true);
INSERT INTO POMODORO(ID, USER, CREATION_TIMESTAMP, WORK_TIME, BREAK_TIME, INTERRUPTED)
VALUES (1032, 1, '2019-08-27', 0, 0, false);
INSERT INTO POMODORO(ID, USER, CREATION_TIMESTAMP, WORK_TIME, BREAK_TIME, INTERRUPTED)
VALUES (1033, 1, '2019-08-27', 0, 0, false);
INSERT INTO POMODORO(ID, USER, CREATION_TIMESTAMP, WORK_TIME, BREAK_TIME, INTERRUPTED)
VALUES (1034, 1, '2019-08-27', 0, 0, true);
INSERT INTO POMODORO(ID, USER, CREATION_TIMESTAMP, WORK_TIME, BREAK_TIME, INTERRUPTED)
VALUES (1035, 1, '2019-08-27', 0, 0, true);
INSERT INTO POMODORO(ID, USER, CREATION_TIMESTAMP, WORK_TIME, BREAK_TIME, INTERRUPTED)
VALUES (1036, 1, '2019-08-27', 0, 0, false);
INSERT INTO POMODORO(ID, USER, CREATION_TIMESTAMP, WORK_TIME, BREAK_TIME, INTERRUPTED)
VALUES (1037, 1, '2019-08-27', 0, 0, false);
INSERT INTO POMODORO(ID, USER, CREATION_TIMESTAMP, WORK_TIME, BREAK_TIME, INTERRUPTED)
VALUES (1038, 1, '2019-08-26', 0, 0, false);
INSERT INTO POMODORO(ID, USER, CREATION_TIMESTAMP, WORK_TIME, BREAK_TIME, INTERRUPTED)
VALUES (1039, 1, '2019-08-26', 0, 0, false);
INSERT INTO POMODORO(ID, USER, CREATION_TIMESTAMP, WORK_TIME, BREAK_TIME, INTERRUPTED)
VALUES (1040, 1, '2019-08-26', 0, 0, false);
INSERT INTO POMODORO(ID, USER, CREATION_TIMESTAMP, WORK_TIME, BREAK_TIME, INTERRUPTED)
VALUES (1041, 1, '2019-08-26', 0, 0, true);
INSERT INTO POMODORO(ID, USER, CREATION_TIMESTAMP, WORK_TIME, BREAK_TIME, INTERRUPTED)
VALUES (1042, 1, '2019-08-26', 0, 0, true);
INSERT INTO POMODORO(ID, USER, CREATION_TIMESTAMP, WORK_TIME, BREAK_TIME, INTERRUPTED)
VALUES (1043, 1, '2019-08-26', 0, 0, true);
INSERT INTO POMODORO(ID, USER, CREATION_TIMESTAMP, WORK_TIME, BREAK_TIME, INTERRUPTED)
VALUES (1044, 1, '2019-08-26', 0, 0, false);
INSERT INTO POMODORO(ID, USER, CREATION_TIMESTAMP, WORK_TIME, BREAK_TIME, INTERRUPTED)
VALUES (1045, 1, '2019-08-26', 0, 0, true);
INSERT INTO POMODORO(ID, USER, CREATION_TIMESTAMP, WORK_TIME, BREAK_TIME, INTERRUPTED)
VALUES (1046, 1, '2019-08-26', 0, 0, false);
INSERT INTO POMODORO(ID, USER, CREATION_TIMESTAMP, WORK_TIME, BREAK_TIME, INTERRUPTED)
VALUES (1047, 1, '2019-08-26', 0, 0, true);
INSERT INTO POMODORO(ID, USER, CREATION_TIMESTAMP, WORK_TIME, BREAK_TIME, INTERRUPTED)
VALUES (1048, 1, '2019-08-26', 0, 0, false);
INSERT INTO POMODORO(ID, USER, CREATION_TIMESTAMP, WORK_TIME, BREAK_TIME, INTERRUPTED)
VALUES (1049, 1, '2019-08-26', 0, 0, false);
INSERT INTO POMODORO(ID, USER, CREATION_TIMESTAMP, WORK_TIME, BREAK_TIME, INTERRUPTED)
VALUES (1050, 1, '2019-08-26', 0, 0, false);
INSERT INTO POMODORO(ID, USER, CREATION_TIMESTAMP, WORK_TIME, BREAK_TIME, INTERRUPTED)
VALUES (1051, 1, '2019-08-26', 0, 0, false);
INSERT INTO POMODORO(ID, USER, CREATION_TIMESTAMP, WORK_TIME, BREAK_TIME, INTERRUPTED)
VALUES (1052, 1, '2019-08-26', 0, 0, false);
INSERT INTO POMODORO(ID, USER, CREATION_TIMESTAMP, WORK_TIME, BREAK_TIME, INTERRUPTED)
VALUES (1053, 1, '2019-08-26', 0, 0, false);
INSERT INTO POMODORO(ID, USER, CREATION_TIMESTAMP, WORK_TIME, BREAK_TIME, INTERRUPTED)
VALUES (1054, 1, '2019-08-26', 0, 0, false);
INSERT INTO POMODORO(ID, USER, CREATION_TIMESTAMP, WORK_TIME, BREAK_TIME, INTERRUPTED)
VALUES (1055, 1, '2019-08-26', 0, 0, false);
INSERT INTO POMODORO(ID, USER, CREATION_TIMESTAMP, WORK_TIME, BREAK_TIME, INTERRUPTED)
VALUES (1056, 1, '2019-08-26', 0, 0, true);
INSERT INTO POMODORO(ID, USER, CREATION_TIMESTAMP, WORK_TIME, BREAK_TIME, INTERRUPTED)
VALUES (1057, 1, '2019-08-26', 0, 0, true);
INSERT INTO POMODORO(ID, USER, CREATION_TIMESTAMP, WORK_TIME, BREAK_TIME, INTERRUPTED)
VALUES (1058, 1, '2019-08-26', 0, 0, true);
INSERT INTO POMODORO(ID, USER, CREATION_TIMESTAMP, WORK_TIME, BREAK_TIME, INTERRUPTED)
VALUES (1059, 1, '2019-08-26', 0, 0, false);
INSERT INTO POMODORO(ID, USER, CREATION_TIMESTAMP, WORK_TIME, BREAK_TIME, INTERRUPTED)
VALUES (1060, 1, '2019-08-26', 0, 0, false);
INSERT INTO POMODORO(ID, USER, CREATION_TIMESTAMP, WORK_TIME, BREAK_TIME, INTERRUPTED)
VALUES (1061, 1, '2019-08-26', 0, 0, false);
INSERT INTO POMODORO(ID, USER, CREATION_TIMESTAMP, WORK_TIME, BREAK_TIME, INTERRUPTED)
VALUES (1062, 1, '2019-08-26', 0, 0, true);
INSERT INTO POMODORO(ID, USER, CREATION_TIMESTAMP, WORK_TIME, BREAK_TIME, INTERRUPTED)
VALUES (1063, 1, '2019-08-26', 0, 0, true);
INSERT INTO POMODORO(ID, USER, CREATION_TIMESTAMP, WORK_TIME, BREAK_TIME, INTERRUPTED)
VALUES (1064, 1, '2019-08-26', 0, 0, true);
INSERT INTO POMODORO(ID, USER, CREATION_TIMESTAMP, WORK_TIME, BREAK_TIME, INTERRUPTED)
VALUES (1065, 1, '2019-08-26', 0, 0, true);
INSERT INTO POMODORO(ID, USER, CREATION_TIMESTAMP, WORK_TIME, BREAK_TIME, INTERRUPTED)
VALUES (1066, 1, '2019-08-26', 0, 0, false);
INSERT INTO POMODORO(ID, USER, CREATION_TIMESTAMP, WORK_TIME, BREAK_TIME, INTERRUPTED)
VALUES (1067, 1, '2019-08-26', 0, 0, false);
INSERT INTO POMODORO(ID, USER, CREATION_TIMESTAMP, WORK_TIME, BREAK_TIME, INTERRUPTED)
VALUES (1068, 1, '2019-08-26', 0, 0, false);
INSERT INTO POMODORO(ID, USER, CREATION_TIMESTAMP, WORK_TIME, BREAK_TIME, INTERRUPTED)
VALUES (1069, 1, '2019-08-26', 0, 0, true);
INSERT INTO POMODORO(ID, USER, CREATION_TIMESTAMP, WORK_TIME, BREAK_TIME, INTERRUPTED)
VALUES (1070, 1, '2019-08-26', 0, 0, false);
INSERT INTO POMODORO(ID, USER, CREATION_TIMESTAMP, WORK_TIME, BREAK_TIME, INTERRUPTED)
VALUES (1071, 1, '2019-08-26', 0, 0, false);
INSERT INTO POMODORO(ID, USER, CREATION_TIMESTAMP, WORK_TIME, BREAK_TIME, INTERRUPTED)
VALUES (1072, 1, '2019-08-26', 0, 0, true);
INSERT INTO POMODORO(ID, USER, CREATION_TIMESTAMP, WORK_TIME, BREAK_TIME, INTERRUPTED)
VALUES (1073, 1, '2019-08-26', 0, 0, false);
INSERT INTO POMODORO(ID, USER, CREATION_TIMESTAMP, WORK_TIME, BREAK_TIME, INTERRUPTED)
VALUES (1074, 1, '2019-08-26', 0, 0, true);
INSERT INTO POMODORO(ID, USER, CREATION_TIMESTAMP, WORK_TIME, BREAK_TIME, INTERRUPTED)
VALUES (1075, 1, '2019-08-25', 0, 0, true);
INSERT INTO POMODORO(ID, USER, CREATION_TIMESTAMP, WORK_TIME, BREAK_TIME, INTERRUPTED)
VALUES (1076, 1, '2019-08-25', 0, 0, false);
INSERT INTO POMODORO(ID, USER, CREATION_TIMESTAMP, WORK_TIME, BREAK_TIME, INTERRUPTED)
VALUES (1077, 1, '2019-08-25', 0, 0, true);
INSERT INTO POMODORO(ID, USER, CREATION_TIMESTAMP, WORK_TIME, BREAK_TIME, INTERRUPTED)
VALUES (1078, 1, '2019-08-25', 0, 0, true);
INSERT INTO POMODORO(ID, USER, CREATION_TIMESTAMP, WORK_TIME, BREAK_TIME, INTERRUPTED)
VALUES (1079, 1, '2019-08-25', 0, 0, true);
INSERT INTO POMODORO(ID, USER, CREATION_TIMESTAMP, WORK_TIME, BREAK_TIME, INTERRUPTED)
VALUES (1080, 1, '2019-08-25', 0, 0, true);
INSERT INTO POMODORO(ID, USER, CREATION_TIMESTAMP, WORK_TIME, BREAK_TIME, INTERRUPTED)
VALUES (1081, 1, '2019-08-25', 0, 0, false);
INSERT INTO POMODORO(ID, USER, CREATION_TIMESTAMP, WORK_TIME, BREAK_TIME, INTERRUPTED)
VALUES (1082, 1, '2019-08-25', 0, 0, false);
INSERT INTO POMODORO(ID, USER, CREATION_TIMESTAMP, WORK_TIME, BREAK_TIME, INTERRUPTED)
VALUES (1083, 1, '2019-08-25', 0, 0, true);
INSERT INTO POMODORO(ID, USER, CREATION_TIMESTAMP, WORK_TIME, BREAK_TIME, INTERRUPTED)
VALUES (1084, 1, '2019-08-25', 0, 0, true);
INSERT INTO POMODORO(ID, USER, CREATION_TIMESTAMP, WORK_TIME, BREAK_TIME, INTERRUPTED)
VALUES (1085, 1, '2019-08-25', 0, 0, false);
INSERT INTO POMODORO(ID, USER, CREATION_TIMESTAMP, WORK_TIME, BREAK_TIME, INTERRUPTED)
VALUES (1086, 1, '2019-08-24', 0, 0, false);
INSERT INTO POMODORO(ID, USER, CREATION_TIMESTAMP, WORK_TIME, BREAK_TIME, INTERRUPTED)
VALUES (1087, 1, '2019-08-24', 0, 0, true);
INSERT INTO POMODORO(ID, USER, CREATION_TIMESTAMP, WORK_TIME, BREAK_TIME, INTERRUPTED)
VALUES (1088, 1, '2019-08-24', 0, 0, false);
INSERT INTO POMODORO(ID, USER, CREATION_TIMESTAMP, WORK_TIME, BREAK_TIME, INTERRUPTED)
VALUES (1089, 1, '2019-08-24', 0, 0, false);
INSERT INTO POMODORO(ID, USER, CREATION_TIMESTAMP, WORK_TIME, BREAK_TIME, INTERRUPTED)
VALUES (1090, 1, '2019-08-24', 0, 0, true);
INSERT INTO POMODORO(ID, USER, CREATION_TIMESTAMP, WORK_TIME, BREAK_TIME, INTERRUPTED)
VALUES (1091, 1, '2019-08-24', 0, 0, false);
INSERT INTO POMODORO(ID, USER, CREATION_TIMESTAMP, WORK_TIME, BREAK_TIME, INTERRUPTED)
VALUES (1092, 1, '2019-08-24', 0, 0, false);
INSERT INTO POMODORO(ID, USER, CREATION_TIMESTAMP, WORK_TIME, BREAK_TIME, INTERRUPTED)
VALUES (1093, 1, '2019-08-24', 0, 0, false);
INSERT INTO POMODORO(ID, USER, CREATION_TIMESTAMP, WORK_TIME, BREAK_TIME, INTERRUPTED)
VALUES (1094, 1, '2019-08-24', 0, 0, false);
INSERT INTO POMODORO(ID, USER, CREATION_TIMESTAMP, WORK_TIME, BREAK_TIME, INTERRUPTED)
VALUES (1095, 1, '2019-08-24', 0, 0, false);
INSERT INTO POMODORO(ID, USER, CREATION_TIMESTAMP, WORK_TIME, BREAK_TIME, INTERRUPTED)
VALUES (1096, 1, '2019-08-24', 0, 0, true);
INSERT INTO POMODORO(ID, USER, CREATION_TIMESTAMP, WORK_TIME, BREAK_TIME, INTERRUPTED)
VALUES (1097, 1, '2019-08-24', 0, 0, false);
INSERT INTO POMODORO(ID, USER, CREATION_TIMESTAMP, WORK_TIME, BREAK_TIME, INTERRUPTED)
VALUES (1098, 1, '2019-08-24', 0, 0, true);
INSERT INTO POMODORO(ID, USER, CREATION_TIMESTAMP, WORK_TIME, BREAK_TIME, INTERRUPTED)
VALUES (1099, 1, '2019-08-24', 0, 0, false);
INSERT INTO POMODORO(ID, USER, CREATION_TIMESTAMP, WORK_TIME, BREAK_TIME, INTERRUPTED)
VALUES (1100, 1, '2019-08-24', 0, 0, false);
INSERT INTO POMODORO(ID, USER, CREATION_TIMESTAMP, WORK_TIME, BREAK_TIME, INTERRUPTED)
VALUES (1101, 1, '2019-08-24', 0, 0, true);
INSERT INTO POMODORO(ID, USER, CREATION_TIMESTAMP, WORK_TIME, BREAK_TIME, INTERRUPTED)
VALUES (1102, 1, '2019-08-24', 0, 0, false);
INSERT INTO POMODORO(ID, USER, CREATION_TIMESTAMP, WORK_TIME, BREAK_TIME, INTERRUPTED)
VALUES (1103, 1, '2019-08-24', 0, 0, true);
INSERT INTO POMODORO(ID, USER, CREATION_TIMESTAMP, WORK_TIME, BREAK_TIME, INTERRUPTED)
VALUES (1104, 1, '2019-08-24', 0, 0, true);
INSERT INTO POMODORO(ID, USER, CREATION_TIMESTAMP, WORK_TIME, BREAK_TIME, INTERRUPTED)
VALUES (1105, 1, '2019-08-24', 0, 0, true);
INSERT INTO POMODORO(ID, USER, CREATION_TIMESTAMP, WORK_TIME, BREAK_TIME, INTERRUPTED)
VALUES (1106, 1, '2019-08-24', 0, 0, true);
INSERT INTO POMODORO(ID, USER, CREATION_TIMESTAMP, WORK_TIME, BREAK_TIME, INTERRUPTED)
VALUES (1107, 1, '2019-08-24', 0, 0, true);
INSERT INTO POMODORO(ID, USER, CREATION_TIMESTAMP, WORK_TIME, BREAK_TIME, INTERRUPTED)
VALUES (1108, 1, '2019-08-24', 0, 0, true);
INSERT INTO POMODORO(ID, USER, CREATION_TIMESTAMP, WORK_TIME, BREAK_TIME, INTERRUPTED)
VALUES (1109, 1, '2019-08-24', 0, 0, false);
INSERT INTO POMODORO(ID, USER, CREATION_TIMESTAMP, WORK_TIME, BREAK_TIME, INTERRUPTED)
VALUES (1110, 1, '2019-08-24', 0, 0, false);
INSERT INTO POMODORO(ID, USER, CREATION_TIMESTAMP, WORK_TIME, BREAK_TIME, INTERRUPTED)
VALUES (1111, 1, '2019-08-24', 0, 0, true);
INSERT INTO POMODORO(ID, USER, CREATION_TIMESTAMP, WORK_TIME, BREAK_TIME, INTERRUPTED)
VALUES (1112, 1, '2019-08-24', 0, 0, false);
INSERT INTO POMODORO(ID, USER, CREATION_TIMESTAMP, WORK_TIME, BREAK_TIME, INTERRUPTED)
VALUES (1113, 1, '2019-08-24', 0, 0, true);
INSERT INTO POMODORO(ID, USER, CREATION_TIMESTAMP, WORK_TIME, BREAK_TIME, INTERRUPTED)
VALUES (1114, 1, '2019-08-24', 0, 0, false);
INSERT INTO POMODORO(ID, USER, CREATION_TIMESTAMP, WORK_TIME, BREAK_TIME, INTERRUPTED)
VALUES (1115, 1, '2019-08-24', 0, 0, false);
INSERT INTO POMODORO(ID, USER, CREATION_TIMESTAMP, WORK_TIME, BREAK_TIME, INTERRUPTED)
VALUES (1116, 1, '2019-08-24', 0, 0, true);
INSERT INTO POMODORO(ID, USER, CREATION_TIMESTAMP, WORK_TIME, BREAK_TIME, INTERRUPTED)
VALUES (1117, 1, '2019-08-24', 0, 0, true);
INSERT INTO POMODORO(ID, USER, CREATION_TIMESTAMP, WORK_TIME, BREAK_TIME, INTERRUPTED)
VALUES (1118, 1, '2019-08-24', 0, 0, true);
INSERT INTO POMODORO(ID, USER, CREATION_TIMESTAMP, WORK_TIME, BREAK_TIME, INTERRUPTED)
VALUES (1119, 1, '2019-08-24', 0, 0, true);
INSERT INTO POMODORO(ID, USER, CREATION_TIMESTAMP, WORK_TIME, BREAK_TIME, INTERRUPTED)
VALUES (1120, 1, '2019-08-24', 0, 0, false);
INSERT INTO POMODORO(ID, USER, CREATION_TIMESTAMP, WORK_TIME, BREAK_TIME, INTERRUPTED)
VALUES (1121, 1, '2019-08-24', 0, 0, false);
INSERT INTO POMODORO(ID, USER, CREATION_TIMESTAMP, WORK_TIME, BREAK_TIME, INTERRUPTED)
VALUES (1122, 1, '2019-08-24', 0, 0, true);
INSERT INTO POMODORO(ID, USER, CREATION_TIMESTAMP, WORK_TIME, BREAK_TIME, INTERRUPTED)
VALUES (1123, 1, '2019-08-24', 0, 0, true);
INSERT INTO POMODORO(ID, USER, CREATION_TIMESTAMP, WORK_TIME, BREAK_TIME, INTERRUPTED)
VALUES (1124, 1, '2019-08-24', 0, 0, false);
INSERT INTO POMODORO(ID, USER, CREATION_TIMESTAMP, WORK_TIME, BREAK_TIME, INTERRUPTED)
VALUES (1125, 1, '2019-08-24', 0, 0, true);
INSERT INTO POMODORO(ID, USER, CREATION_TIMESTAMP, WORK_TIME, BREAK_TIME, INTERRUPTED)
VALUES (1126, 1, '2019-08-24', 0, 0, true);
INSERT INTO POMODORO(ID, USER, CREATION_TIMESTAMP, WORK_TIME, BREAK_TIME, INTERRUPTED)
VALUES (1127, 1, '2019-08-23', 0, 0, true);
INSERT INTO POMODORO(ID, USER, CREATION_TIMESTAMP, WORK_TIME, BREAK_TIME, INTERRUPTED)
VALUES (1128, 1, '2019-08-23', 0, 0, true);
INSERT INTO POMODORO(ID, USER, CREATION_TIMESTAMP, WORK_TIME, BREAK_TIME, INTERRUPTED)
VALUES (1129, 1, '2019-08-23', 0, 0, true);
INSERT INTO POMODORO(ID, USER, CREATION_TIMESTAMP, WORK_TIME, BREAK_TIME, INTERRUPTED)
VALUES (1130, 1, '2019-08-23', 0, 0, true);
INSERT INTO POMODORO(ID, USER, CREATION_TIMESTAMP, WORK_TIME, BREAK_TIME, INTERRUPTED)
VALUES (1131, 1, '2019-08-23', 0, 0, false);
INSERT INTO POMODORO(ID, USER, CREATION_TIMESTAMP, WORK_TIME, BREAK_TIME, INTERRUPTED)
VALUES (1132, 1, '2019-08-23', 0, 0, false);
INSERT INTO POMODORO(ID, USER, CREATION_TIMESTAMP, WORK_TIME, BREAK_TIME, INTERRUPTED)
VALUES (1133, 1, '2019-08-23', 0, 0, false);
INSERT INTO POMODORO(ID, USER, CREATION_TIMESTAMP, WORK_TIME, BREAK_TIME, INTERRUPTED)
VALUES (1134, 1, '2019-08-23', 0, 0, false);
INSERT INTO POMODORO(ID, USER, CREATION_TIMESTAMP, WORK_TIME, BREAK_TIME, INTERRUPTED)
VALUES (1135, 1, '2019-08-23', 0, 0, false);
INSERT INTO POMODORO(ID, USER, CREATION_TIMESTAMP, WORK_TIME, BREAK_TIME, INTERRUPTED)
VALUES (1136, 1, '2019-08-23', 0, 0, true);
INSERT INTO POMODORO(ID, USER, CREATION_TIMESTAMP, WORK_TIME, BREAK_TIME, INTERRUPTED)
VALUES (1137, 1, '2019-08-23', 0, 0, true);
INSERT INTO POMODORO(ID, USER, CREATION_TIMESTAMP, WORK_TIME, BREAK_TIME, INTERRUPTED)
VALUES (1138, 1, '2019-08-23', 0, 0, false);
INSERT INTO POMODORO(ID, USER, CREATION_TIMESTAMP, WORK_TIME, BREAK_TIME, INTERRUPTED)
VALUES (1139, 1, '2019-08-23', 0, 0, true);
INSERT INTO POMODORO(ID, USER, CREATION_TIMESTAMP, WORK_TIME, BREAK_TIME, INTERRUPTED)
VALUES (1140, 1, '2019-08-23', 0, 0, true);
INSERT INTO POMODORO(ID, USER, CREATION_TIMESTAMP, WORK_TIME, BREAK_TIME, INTERRUPTED)
VALUES (1141, 1, '2019-08-23', 0, 0, true);
INSERT INTO POMODORO(ID, USER, CREATION_TIMESTAMP, WORK_TIME, BREAK_TIME, INTERRUPTED)
VALUES (1142, 1, '2019-08-23', 0, 0, false);
INSERT INTO POMODORO(ID, USER, CREATION_TIMESTAMP, WORK_TIME, BREAK_TIME, INTERRUPTED)
VALUES (1143, 1, '2019-08-22', 0, 0, true);
INSERT INTO POMODORO(ID, USER, CREATION_TIMESTAMP, WORK_TIME, BREAK_TIME, INTERRUPTED)
VALUES (1144, 1, '2019-08-22', 0, 0, true);
INSERT INTO POMODORO(ID, USER, CREATION_TIMESTAMP, WORK_TIME, BREAK_TIME, INTERRUPTED)
VALUES (1145, 1, '2019-08-22', 0, 0, true);
INSERT INTO POMODORO(ID, USER, CREATION_TIMESTAMP, WORK_TIME, BREAK_TIME, INTERRUPTED)
VALUES (1146, 1, '2019-08-22', 0, 0, true);
INSERT INTO POMODORO(ID, USER, CREATION_TIMESTAMP, WORK_TIME, BREAK_TIME, INTERRUPTED)
VALUES (1147, 1, '2019-08-22', 0, 0, false);
INSERT INTO POMODORO(ID, USER, CREATION_TIMESTAMP, WORK_TIME, BREAK_TIME, INTERRUPTED)
VALUES (1148, 1, '2019-08-22', 0, 0, false);
INSERT INTO POMODORO(ID, USER, CREATION_TIMESTAMP, WORK_TIME, BREAK_TIME, INTERRUPTED)
VALUES (1149, 1, '2019-08-22', 0, 0, false);
INSERT INTO POMODORO(ID, USER, CREATION_TIMESTAMP, WORK_TIME, BREAK_TIME, INTERRUPTED)
VALUES (1150, 1, '2019-08-22', 0, 0, true);
INSERT INTO POMODORO(ID, USER, CREATION_TIMESTAMP, WORK_TIME, BREAK_TIME, INTERRUPTED)
VALUES (1151, 1, '2019-08-22', 0, 0, true);
INSERT INTO POMODORO(ID, USER, CREATION_TIMESTAMP, WORK_TIME, BREAK_TIME, INTERRUPTED)
VALUES (1152, 1, '2019-08-22', 0, 0, true);
INSERT INTO POMODORO(ID, USER, CREATION_TIMESTAMP, WORK_TIME, BREAK_TIME, INTERRUPTED)
VALUES (1153, 1, '2019-08-22', 0, 0, true);
INSERT INTO POMODORO(ID, USER, CREATION_TIMESTAMP, WORK_TIME, BREAK_TIME, INTERRUPTED)
VALUES (1154, 1, '2019-08-22', 0, 0, true);
INSERT INTO POMODORO(ID, USER, CREATION_TIMESTAMP, WORK_TIME, BREAK_TIME, INTERRUPTED)
VALUES (1155, 1, '2019-08-22', 0, 0, false);
INSERT INTO POMODORO(ID, USER, CREATION_TIMESTAMP, WORK_TIME, BREAK_TIME, INTERRUPTED)
VALUES (1156, 1, '2019-08-22', 0, 0, false);
INSERT INTO POMODORO(ID, USER, CREATION_TIMESTAMP, WORK_TIME, BREAK_TIME, INTERRUPTED)
VALUES (1157, 1, '2019-08-22', 0, 0, true);
INSERT INTO POMODORO(ID, USER, CREATION_TIMESTAMP, WORK_TIME, BREAK_TIME, INTERRUPTED)
VALUES (1158, 1, '2019-08-22', 0, 0, false);
INSERT INTO POMODORO(ID, USER, CREATION_TIMESTAMP, WORK_TIME, BREAK_TIME, INTERRUPTED)
VALUES (1159, 1, '2019-08-22', 0, 0, true);
INSERT INTO POMODORO(ID, USER, CREATION_TIMESTAMP, WORK_TIME, BREAK_TIME, INTERRUPTED)
VALUES (1160, 1, '2019-08-22', 0, 0, false);
INSERT INTO POMODORO(ID, USER, CREATION_TIMESTAMP, WORK_TIME, BREAK_TIME, INTERRUPTED)
VALUES (1161, 1, '2019-08-22', 0, 0, false);
INSERT INTO POMODORO(ID, USER, CREATION_TIMESTAMP, WORK_TIME, BREAK_TIME, INTERRUPTED)
VALUES (1162, 1, '2019-08-22', 0, 0, true);
INSERT INTO POMODORO(ID, USER, CREATION_TIMESTAMP, WORK_TIME, BREAK_TIME, INTERRUPTED)
VALUES (1163, 1, '2019-08-22', 0, 0, true);
INSERT INTO POMODORO(ID, USER, CREATION_TIMESTAMP, WORK_TIME, BREAK_TIME, INTERRUPTED)
VALUES (1164, 1, '2019-08-22', 0, 0, true);
INSERT INTO POMODORO(ID, USER, CREATION_TIMESTAMP, WORK_TIME, BREAK_TIME, INTERRUPTED)
VALUES (1165, 1, '2019-08-22', 0, 0, false);
INSERT INTO POMODORO(ID, USER, CREATION_TIMESTAMP, WORK_TIME, BREAK_TIME, INTERRUPTED)
VALUES (1166, 1, '2019-08-22', 0, 0, false);
INSERT INTO POMODORO(ID, USER, CREATION_TIMESTAMP, WORK_TIME, BREAK_TIME, INTERRUPTED)
VALUES (1167, 1, '2019-08-22', 0, 0, false);
INSERT INTO POMODORO(ID, USER, CREATION_TIMESTAMP, WORK_TIME, BREAK_TIME, INTERRUPTED)
VALUES (1168, 1, '2019-08-22', 0, 0, false);
INSERT INTO POMODORO(ID, USER, CREATION_TIMESTAMP, WORK_TIME, BREAK_TIME, INTERRUPTED)
VALUES (1169, 1, '2019-08-22', 0, 0, true);
INSERT INTO POMODORO(ID, USER, CREATION_TIMESTAMP, WORK_TIME, BREAK_TIME, INTERRUPTED)
VALUES (1170, 1, '2019-08-22', 0, 0, true);
INSERT INTO POMODORO(ID, USER, CREATION_TIMESTAMP, WORK_TIME, BREAK_TIME, INTERRUPTED)
VALUES (1171, 1, '2019-08-22', 0, 0, true);
INSERT INTO POMODORO(ID, USER, CREATION_TIMESTAMP, WORK_TIME, BREAK_TIME, INTERRUPTED)
VALUES (1172, 1, '2019-08-21', 0, 0, true);
INSERT INTO POMODORO(ID, USER, CREATION_TIMESTAMP, WORK_TIME, BREAK_TIME, INTERRUPTED)
VALUES (1173, 1, '2019-08-21', 0, 0, true);
INSERT INTO POMODORO(ID, USER, CREATION_TIMESTAMP, WORK_TIME, BREAK_TIME, INTERRUPTED)
VALUES (1174, 1, '2019-08-20', 0, 0, true);
INSERT INTO POMODORO(ID, USER, CREATION_TIMESTAMP, WORK_TIME, BREAK_TIME, INTERRUPTED)
VALUES (1175, 1, '2019-08-20', 0, 0, true);
INSERT INTO POMODORO(ID, USER, CREATION_TIMESTAMP, WORK_TIME, BREAK_TIME, INTERRUPTED)
VALUES (1176, 1, '2019-08-20', 0, 0, true);
INSERT INTO POMODORO(ID, USER, CREATION_TIMESTAMP, WORK_TIME, BREAK_TIME, INTERRUPTED)
VALUES (1177, 1, '2019-08-20', 0, 0, false);
INSERT INTO POMODORO(ID, USER, CREATION_TIMESTAMP, WORK_TIME, BREAK_TIME, INTERRUPTED)
VALUES (1178, 1, '2019-08-20', 0, 0, false);
INSERT INTO POMODORO(ID, USER, CREATION_TIMESTAMP, WORK_TIME, BREAK_TIME, INTERRUPTED)
VALUES (1179, 1, '2019-08-20', 0, 0, false);
INSERT INTO POMODORO(ID, USER, CREATION_TIMESTAMP, WORK_TIME, BREAK_TIME, INTERRUPTED)
VALUES (1180, 1, '2019-08-20', 0, 0, false);
INSERT INTO POMODORO(ID, USER, CREATION_TIMESTAMP, WORK_TIME, BREAK_TIME, INTERRUPTED)
VALUES (1181, 1, '2019-08-20', 0, 0, true);
INSERT INTO POMODORO(ID, USER, CREATION_TIMESTAMP, WORK_TIME, BREAK_TIME, INTERRUPTED)
VALUES (1182, 1, '2019-08-20', 0, 0, false);
INSERT INTO POMODORO(ID, USER, CREATION_TIMESTAMP, WORK_TIME, BREAK_TIME, INTERRUPTED)
VALUES (1183, 1, '2019-08-20', 0, 0, true);
INSERT INTO POMODORO(ID, USER, CREATION_TIMESTAMP, WORK_TIME, BREAK_TIME, INTERRUPTED)
VALUES (1184, 1, '2019-08-20', 0, 0, false);
INSERT INTO POMODORO(ID, USER, CREATION_TIMESTAMP, WORK_TIME, BREAK_TIME, INTERRUPTED)
VALUES (1185, 1, '2019-08-20', 0, 0, false);
INSERT INTO POMODORO(ID, USER, CREATION_TIMESTAMP, WORK_TIME, BREAK_TIME, INTERRUPTED)
VALUES (1186, 1, '2019-08-20', 0, 0, false);
INSERT INTO POMODORO(ID, USER, CREATION_TIMESTAMP, WORK_TIME, BREAK_TIME, INTERRUPTED)
VALUES (1187, 1, '2019-08-20', 0, 0, true);
INSERT INTO POMODORO(ID, USER, CREATION_TIMESTAMP, WORK_TIME, BREAK_TIME, INTERRUPTED)
VALUES (1188, 1, '2019-08-20', 0, 0, false);
INSERT INTO POMODORO(ID, USER, CREATION_TIMESTAMP, WORK_TIME, BREAK_TIME, INTERRUPTED)
VALUES (1189, 1, '2019-08-20', 0, 0, true);
INSERT INTO POMODORO(ID, USER, CREATION_TIMESTAMP, WORK_TIME, BREAK_TIME, INTERRUPTED)
VALUES (1190, 1, '2019-08-20', 0, 0, true);
INSERT INTO POMODORO(ID, USER, CREATION_TIMESTAMP, WORK_TIME, BREAK_TIME, INTERRUPTED)
VALUES (1191, 1, '2019-08-20', 0, 0, false);
INSERT INTO POMODORO(ID, USER, CREATION_TIMESTAMP, WORK_TIME, BREAK_TIME, INTERRUPTED)
VALUES (1192, 1, '2019-08-20', 0, 0, true);
INSERT INTO POMODORO(ID, USER, CREATION_TIMESTAMP, WORK_TIME, BREAK_TIME, INTERRUPTED)
VALUES (1193, 1, '2019-08-20', 0, 0, false);
INSERT INTO POMODORO(ID, USER, CREATION_TIMESTAMP, WORK_TIME, BREAK_TIME, INTERRUPTED)
VALUES (1194, 1, '2019-08-20', 0, 0, false);
INSERT INTO POMODORO(ID, USER, CREATION_TIMESTAMP, WORK_TIME, BREAK_TIME, INTERRUPTED)
VALUES (1195, 1, '2019-08-20', 0, 0, true);
INSERT INTO POMODORO(ID, USER, CREATION_TIMESTAMP, WORK_TIME, BREAK_TIME, INTERRUPTED)
VALUES (1196, 1, '2019-08-20', 0, 0, false);
INSERT INTO POMODORO(ID, USER, CREATION_TIMESTAMP, WORK_TIME, BREAK_TIME, INTERRUPTED)
VALUES (1197, 1, '2019-08-20', 0, 0, false);
INSERT INTO POMODORO(ID, USER, CREATION_TIMESTAMP, WORK_TIME, BREAK_TIME, INTERRUPTED)
VALUES (1198, 1, '2019-08-20', 0, 0, false);
INSERT INTO POMODORO(ID, USER, CREATION_TIMESTAMP, WORK_TIME, BREAK_TIME, INTERRUPTED)
VALUES (1199, 1, '2019-08-20', 0, 0, false);
INSERT INTO POMODORO(ID, USER, CREATION_TIMESTAMP, WORK_TIME, BREAK_TIME, INTERRUPTED)
VALUES (1200, 1, '2019-08-20', 0, 0, true);
INSERT INTO POMODORO(ID, USER, CREATION_TIMESTAMP, WORK_TIME, BREAK_TIME, INTERRUPTED)
VALUES (1201, 1, '2019-08-20', 0, 0, false);
INSERT INTO POMODORO(ID, USER, CREATION_TIMESTAMP, WORK_TIME, BREAK_TIME, INTERRUPTED)
VALUES (1202, 1, '2019-08-20', 0, 0, false);
INSERT INTO POMODORO(ID, USER, CREATION_TIMESTAMP, WORK_TIME, BREAK_TIME, INTERRUPTED)
VALUES (1203, 1, '2019-08-20', 0, 0, true);
INSERT INTO POMODORO(ID, USER, CREATION_TIMESTAMP, WORK_TIME, BREAK_TIME, INTERRUPTED)
VALUES (1204, 1, '2019-08-20', 0, 0, true);
INSERT INTO POMODORO(ID, USER, CREATION_TIMESTAMP, WORK_TIME, BREAK_TIME, INTERRUPTED)
VALUES (1205, 1, '2019-08-20', 0, 0, false);
INSERT INTO POMODORO(ID, USER, CREATION_TIMESTAMP, WORK_TIME, BREAK_TIME, INTERRUPTED)
VALUES (1206, 1, '2019-08-20', 0, 0, true);
INSERT INTO POMODORO(ID, USER, CREATION_TIMESTAMP, WORK_TIME, BREAK_TIME, INTERRUPTED)
VALUES (1207, 1, '2019-08-20', 0, 0, true);
INSERT INTO POMODORO(ID, USER, CREATION_TIMESTAMP, WORK_TIME, BREAK_TIME, INTERRUPTED)
VALUES (1208, 1, '2019-08-19', 0, 0, true);
INSERT INTO POMODORO(ID, USER, CREATION_TIMESTAMP, WORK_TIME, BREAK_TIME, INTERRUPTED)
VALUES (1209, 1, '2019-08-19', 0, 0, false);
INSERT INTO POMODORO(ID, USER, CREATION_TIMESTAMP, WORK_TIME, BREAK_TIME, INTERRUPTED)
VALUES (1210, 1, '2019-08-19', 0, 0, false);
INSERT INTO POMODORO(ID, USER, CREATION_TIMESTAMP, WORK_TIME, BREAK_TIME, INTERRUPTED)
VALUES (1211, 1, '2019-08-19', 0, 0, true);
INSERT INTO POMODORO(ID, USER, CREATION_TIMESTAMP, WORK_TIME, BREAK_TIME, INTERRUPTED)
VALUES (1212, 1, '2019-08-19', 0, 0, false);
INSERT INTO POMODORO(ID, USER, CREATION_TIMESTAMP, WORK_TIME, BREAK_TIME, INTERRUPTED)
VALUES (1213, 1, '2019-08-19', 0, 0, false);
INSERT INTO POMODORO(ID, USER, CREATION_TIMESTAMP, WORK_TIME, BREAK_TIME, INTERRUPTED)
VALUES (1214, 1, '2019-08-19', 0, 0, true);
INSERT INTO POMODORO(ID, USER, CREATION_TIMESTAMP, WORK_TIME, BREAK_TIME, INTERRUPTED)
VALUES (1215, 1, '2019-08-19', 0, 0, true);
INSERT INTO POMODORO(ID, USER, CREATION_TIMESTAMP, WORK_TIME, BREAK_TIME, INTERRUPTED)
VALUES (1216, 1, '2019-08-19', 0, 0, true);
INSERT INTO POMODORO(ID, USER, CREATION_TIMESTAMP, WORK_TIME, BREAK_TIME, INTERRUPTED)
VALUES (1217, 1, '2019-08-19', 0, 0, false);
INSERT INTO POMODORO(ID, USER, CREATION_TIMESTAMP, WORK_TIME, BREAK_TIME, INTERRUPTED)
VALUES (1218, 1, '2019-08-19', 0, 0, true);
INSERT INTO POMODORO(ID, USER, CREATION_TIMESTAMP, WORK_TIME, BREAK_TIME, INTERRUPTED)
VALUES (1219, 1, '2019-08-19', 0, 0, false);
INSERT INTO POMODORO(ID, USER, CREATION_TIMESTAMP, WORK_TIME, BREAK_TIME, INTERRUPTED)
VALUES (1220, 1, '2019-08-19', 0, 0, true);
INSERT INTO POMODORO(ID, USER, CREATION_TIMESTAMP, WORK_TIME, BREAK_TIME, INTERRUPTED)
VALUES (1221, 1, '2019-08-19', 0, 0, false);
INSERT INTO POMODORO(ID, USER, CREATION_TIMESTAMP, WORK_TIME, BREAK_TIME, INTERRUPTED)
VALUES (1222, 1, '2019-08-19', 0, 0, false);
INSERT INTO POMODORO(ID, USER, CREATION_TIMESTAMP, WORK_TIME, BREAK_TIME, INTERRUPTED)
VALUES (1223, 1, '2019-08-19', 0, 0, true);
INSERT INTO POMODORO(ID, USER, CREATION_TIMESTAMP, WORK_TIME, BREAK_TIME, INTERRUPTED)
VALUES (1224, 1, '2019-08-18', 0, 0, false);
INSERT INTO POMODORO(ID, USER, CREATION_TIMESTAMP, WORK_TIME, BREAK_TIME, INTERRUPTED)
VALUES (1225, 1, '2019-08-18', 0, 0, false);
INSERT INTO POMODORO(ID, USER, CREATION_TIMESTAMP, WORK_TIME, BREAK_TIME, INTERRUPTED)
VALUES (1226, 1, '2019-08-18', 0, 0, false);
INSERT INTO POMODORO(ID, USER, CREATION_TIMESTAMP, WORK_TIME, BREAK_TIME, INTERRUPTED)
VALUES (1227, 1, '2019-08-18', 0, 0, false);
INSERT INTO POMODORO(ID, USER, CREATION_TIMESTAMP, WORK_TIME, BREAK_TIME, INTERRUPTED)
VALUES (1228, 1, '2019-08-18', 0, 0, false);
INSERT INTO POMODORO(ID, USER, CREATION_TIMESTAMP, WORK_TIME, BREAK_TIME, INTERRUPTED)
VALUES (1229, 1, '2019-08-18', 0, 0, true);
INSERT INTO POMODORO(ID, USER, CREATION_TIMESTAMP, WORK_TIME, BREAK_TIME, INTERRUPTED)
VALUES (1230, 1, '2019-08-18', 0, 0, false);
INSERT INTO POMODORO(ID, USER, CREATION_TIMESTAMP, WORK_TIME, BREAK_TIME, INTERRUPTED)
VALUES (1231, 1, '2019-08-18', 0, 0, true);
INSERT INTO POMODORO(ID, USER, CREATION_TIMESTAMP, WORK_TIME, BREAK_TIME, INTERRUPTED)
VALUES (1232, 1, '2019-08-18', 0, 0, false);
INSERT INTO POMODORO(ID, USER, CREATION_TIMESTAMP, WORK_TIME, BREAK_TIME, INTERRUPTED)
VALUES (1233, 1, '2019-08-18', 0, 0, false);
INSERT INTO POMODORO(ID, USER, CREATION_TIMESTAMP, WORK_TIME, BREAK_TIME, INTERRUPTED)
VALUES (1234, 1, '2019-08-18', 0, 0, false);
INSERT INTO POMODORO(ID, USER, CREATION_TIMESTAMP, WORK_TIME, BREAK_TIME, INTERRUPTED)
VALUES (1235, 1, '2019-08-18', 0, 0, false);
INSERT INTO POMODORO(ID, USER, CREATION_TIMESTAMP, WORK_TIME, BREAK_TIME, INTERRUPTED)
VALUES (1236, 1, '2019-08-18', 0, 0, false);
INSERT INTO POMODORO(ID, USER, CREATION_TIMESTAMP, WORK_TIME, BREAK_TIME, INTERRUPTED)
VALUES (1237, 1, '2019-08-18', 0, 0, false);
INSERT INTO POMODORO(ID, USER, CREATION_TIMESTAMP, WORK_TIME, BREAK_TIME, INTERRUPTED)
VALUES (1238, 1, '2019-08-18', 0, 0, true);
INSERT INTO POMODORO(ID, USER, CREATION_TIMESTAMP, WORK_TIME, BREAK_TIME, INTERRUPTED)
VALUES (1239, 1, '2019-08-18', 0, 0, false);
INSERT INTO POMODORO(ID, USER, CREATION_TIMESTAMP, WORK_TIME, BREAK_TIME, INTERRUPTED)
VALUES (1240, 1, '2019-08-18', 0, 0, true);
INSERT INTO POMODORO(ID, USER, CREATION_TIMESTAMP, WORK_TIME, BREAK_TIME, INTERRUPTED)
VALUES (1241, 1, '2019-08-18', 0, 0, false);
INSERT INTO POMODORO(ID, USER, CREATION_TIMESTAMP, WORK_TIME, BREAK_TIME, INTERRUPTED)
VALUES (1242, 1, '2019-08-18', 0, 0, false);
INSERT INTO POMODORO(ID, USER, CREATION_TIMESTAMP, WORK_TIME, BREAK_TIME, INTERRUPTED)
VALUES (1243, 1, '2019-08-18', 0, 0, true);
INSERT INTO POMODORO(ID, USER, CREATION_TIMESTAMP, WORK_TIME, BREAK_TIME, INTERRUPTED)
VALUES (1244, 1, '2019-08-18', 0, 0, false);
INSERT INTO POMODORO(ID, USER, CREATION_TIMESTAMP, WORK_TIME, BREAK_TIME, INTERRUPTED)
VALUES (1245, 1, '2019-08-18', 0, 0, true);
INSERT INTO POMODORO(ID, USER, CREATION_TIMESTAMP, WORK_TIME, BREAK_TIME, INTERRUPTED)
VALUES (1246, 1, '2019-08-18', 0, 0, true);
INSERT INTO POMODORO(ID, USER, CREATION_TIMESTAMP, WORK_TIME, BREAK_TIME, INTERRUPTED)
VALUES (1247, 1, '2019-08-18', 0, 0, false);
INSERT INTO POMODORO(ID, USER, CREATION_TIMESTAMP, WORK_TIME, BREAK_TIME, INTERRUPTED)
VALUES (1248, 1, '2019-08-18', 0, 0, true);
INSERT INTO POMODORO(ID, USER, CREATION_TIMESTAMP, WORK_TIME, BREAK_TIME, INTERRUPTED)
VALUES (1249, 1, '2019-08-18', 0, 0, true);
INSERT INTO POMODORO(ID, USER, CREATION_TIMESTAMP, WORK_TIME, BREAK_TIME, INTERRUPTED)
VALUES (1250, 1, '2019-08-18', 0, 0, true);
INSERT INTO POMODORO(ID, USER, CREATION_TIMESTAMP, WORK_TIME, BREAK_TIME, INTERRUPTED)
VALUES (1251, 1, '2019-08-18', 0, 0, false);
INSERT INTO POMODORO(ID, USER, CREATION_TIMESTAMP, WORK_TIME, BREAK_TIME, INTERRUPTED)
VALUES (1252, 1, '2019-08-18', 0, 0, true);
INSERT INTO POMODORO(ID, USER, CREATION_TIMESTAMP, WORK_TIME, BREAK_TIME, INTERRUPTED)
VALUES (1253, 1, '2019-08-18', 0, 0, false);
INSERT INTO POMODORO(ID, USER, CREATION_TIMESTAMP, WORK_TIME, BREAK_TIME, INTERRUPTED)
VALUES (1254, 1, '2019-08-18', 0, 0, true);
INSERT INTO POMODORO(ID, USER, CREATION_TIMESTAMP, WORK_TIME, BREAK_TIME, INTERRUPTED)
VALUES (1255, 1, '2019-08-18', 0, 0, false);
INSERT INTO POMODORO(ID, USER, CREATION_TIMESTAMP, WORK_TIME, BREAK_TIME, INTERRUPTED)
VALUES (1256, 1, '2019-08-18', 0, 0, true);
INSERT INTO POMODORO(ID, USER, CREATION_TIMESTAMP, WORK_TIME, BREAK_TIME, INTERRUPTED)
VALUES (1257, 1, '2019-08-18', 0, 0, true);
INSERT INTO POMODORO(ID, USER, CREATION_TIMESTAMP, WORK_TIME, BREAK_TIME, INTERRUPTED)
VALUES (1258, 1, '2019-08-18', 0, 0, true);
INSERT INTO POMODORO(ID, USER, CREATION_TIMESTAMP, WORK_TIME, BREAK_TIME, INTERRUPTED)
VALUES (1259, 1, '2019-08-18', 0, 0, false);
INSERT INTO POMODORO(ID, USER, CREATION_TIMESTAMP, WORK_TIME, BREAK_TIME, INTERRUPTED)
VALUES (1260, 1, '2019-08-18', 0, 0, false);
INSERT INTO POMODORO(ID, USER, CREATION_TIMESTAMP, WORK_TIME, BREAK_TIME, INTERRUPTED)
VALUES (1261, 1, '2019-08-18', 0, 0, true);
INSERT INTO POMODORO(ID, USER, CREATION_TIMESTAMP, WORK_TIME, BREAK_TIME, INTERRUPTED)
VALUES (1262, 1, '2019-08-18', 0, 0, true);
INSERT INTO POMODORO(ID, USER, CREATION_TIMESTAMP, WORK_TIME, BREAK_TIME, INTERRUPTED)
VALUES (1263, 1, '2019-08-18', 0, 0, false);
INSERT INTO POMODORO(ID, USER, CREATION_TIMESTAMP, WORK_TIME, BREAK_TIME, INTERRUPTED)
VALUES (1264, 1, '2019-08-18', 0, 0, true);
INSERT INTO POMODORO(ID, USER, CREATION_TIMESTAMP, WORK_TIME, BREAK_TIME, INTERRUPTED)
VALUES (1265, 1, '2019-08-18', 0, 0, false);
INSERT INTO POMODORO(ID, USER, CREATION_TIMESTAMP, WORK_TIME, BREAK_TIME, INTERRUPTED)
VALUES (1266, 1, '2019-08-18', 0, 0, false);
INSERT INTO POMODORO(ID, USER, CREATION_TIMESTAMP, WORK_TIME, BREAK_TIME, INTERRUPTED)
VALUES (1267, 1, '2019-08-18', 0, 0, true);
INSERT INTO POMODORO(ID, USER, CREATION_TIMESTAMP, WORK_TIME, BREAK_TIME, INTERRUPTED)
VALUES (1268, 1, '2019-08-17', 0, 0, true);
INSERT INTO POMODORO(ID, USER, CREATION_TIMESTAMP, WORK_TIME, BREAK_TIME, INTERRUPTED)
VALUES (1269, 1, '2019-08-17', 0, 0, true);
INSERT INTO POMODORO(ID, USER, CREATION_TIMESTAMP, WORK_TIME, BREAK_TIME, INTERRUPTED)
VALUES (1270, 1, '2019-08-17', 0, 0, false);
INSERT INTO POMODORO(ID, USER, CREATION_TIMESTAMP, WORK_TIME, BREAK_TIME, INTERRUPTED)
VALUES (1271, 1, '2019-08-17', 0, 0, false);
INSERT INTO POMODORO(ID, USER, CREATION_TIMESTAMP, WORK_TIME, BREAK_TIME, INTERRUPTED)
VALUES (1272, 1, '2019-08-17', 0, 0, true);
INSERT INTO POMODORO(ID, USER, CREATION_TIMESTAMP, WORK_TIME, BREAK_TIME, INTERRUPTED)
VALUES (1273, 1, '2019-08-17', 0, 0, false);
INSERT INTO POMODORO(ID, USER, CREATION_TIMESTAMP, WORK_TIME, BREAK_TIME, INTERRUPTED)
VALUES (1274, 1, '2019-08-17', 0, 0, true);
INSERT INTO POMODORO(ID, USER, CREATION_TIMESTAMP, WORK_TIME, BREAK_TIME, INTERRUPTED)
VALUES (1275, 1, '2019-08-17', 0, 0, false);
INSERT INTO POMODORO(ID, USER, CREATION_TIMESTAMP, WORK_TIME, BREAK_TIME, INTERRUPTED)
VALUES (1276, 1, '2019-08-17', 0, 0, true);
INSERT INTO POMODORO(ID, USER, CREATION_TIMESTAMP, WORK_TIME, BREAK_TIME, INTERRUPTED)
VALUES (1277, 1, '2019-08-17', 0, 0, false);
INSERT INTO POMODORO(ID, USER, CREATION_TIMESTAMP, WORK_TIME, BREAK_TIME, INTERRUPTED)
VALUES (1278, 1, '2019-08-17', 0, 0, false);
INSERT INTO POMODORO(ID, USER, CREATION_TIMESTAMP, WORK_TIME, BREAK_TIME, INTERRUPTED)
VALUES (1279, 1, '2019-08-17', 0, 0, true);
INSERT INTO POMODORO(ID, USER, CREATION_TIMESTAMP, WORK_TIME, BREAK_TIME, INTERRUPTED)
VALUES (1280, 1, '2019-08-17', 0, 0, true);
INSERT INTO POMODORO(ID, USER, CREATION_TIMESTAMP, WORK_TIME, BREAK_TIME, INTERRUPTED)
VALUES (1281, 1, '2019-08-17', 0, 0, false);
INSERT INTO POMODORO(ID, USER, CREATION_TIMESTAMP, WORK_TIME, BREAK_TIME, INTERRUPTED)
VALUES (1282, 1, '2019-08-17', 0, 0, false);
INSERT INTO POMODORO(ID, USER, CREATION_TIMESTAMP, WORK_TIME, BREAK_TIME, INTERRUPTED)
VALUES (1283, 1, '2019-08-17', 0, 0, false);
INSERT INTO POMODORO(ID, USER, CREATION_TIMESTAMP, WORK_TIME, BREAK_TIME, INTERRUPTED)
VALUES (1284, 1, '2019-08-17', 0, 0, true);
INSERT INTO POMODORO(ID, USER, CREATION_TIMESTAMP, WORK_TIME, BREAK_TIME, INTERRUPTED)
VALUES (1285, 1, '2019-08-17', 0, 0, false);
INSERT INTO POMODORO(ID, USER, CREATION_TIMESTAMP, WORK_TIME, BREAK_TIME, INTERRUPTED)
VALUES (1286, 1, '2019-08-17', 0, 0, false);
INSERT INTO POMODORO(ID, USER, CREATION_TIMESTAMP, WORK_TIME, BREAK_TIME, INTERRUPTED)
VALUES (1287, 1, '2019-08-16', 0, 0, false);
INSERT INTO POMODORO(ID, USER, CREATION_TIMESTAMP, WORK_TIME, BREAK_TIME, INTERRUPTED)
VALUES (1288, 1, '2019-08-16', 0, 0, true);
INSERT INTO POMODORO(ID, USER, CREATION_TIMESTAMP, WORK_TIME, BREAK_TIME, INTERRUPTED)
VALUES (1289, 1, '2019-08-15', 0, 0, true);
INSERT INTO POMODORO(ID, USER, CREATION_TIMESTAMP, WORK_TIME, BREAK_TIME, INTERRUPTED)
VALUES (1290, 1, '2019-08-15', 0, 0, false);
INSERT INTO POMODORO(ID, USER, CREATION_TIMESTAMP, WORK_TIME, BREAK_TIME, INTERRUPTED)
VALUES (1291, 1, '2019-08-15', 0, 0, false);
INSERT INTO POMODORO(ID, USER, CREATION_TIMESTAMP, WORK_TIME, BREAK_TIME, INTERRUPTED)
VALUES (1292, 1, '2019-08-15', 0, 0, true);
INSERT INTO POMODORO(ID, USER, CREATION_TIMESTAMP, WORK_TIME, BREAK_TIME, INTERRUPTED)
VALUES (1293, 1, '2019-08-15', 0, 0, false);
INSERT INTO POMODORO(ID, USER, CREATION_TIMESTAMP, WORK_TIME, BREAK_TIME, INTERRUPTED)
VALUES (1294, 1, '2019-08-15', 0, 0, false);
INSERT INTO POMODORO(ID, USER, CREATION_TIMESTAMP, WORK_TIME, BREAK_TIME, INTERRUPTED)
VALUES (1295, 1, '2019-08-15', 0, 0, true);
INSERT INTO POMODORO(ID, USER, CREATION_TIMESTAMP, WORK_TIME, BREAK_TIME, INTERRUPTED)
VALUES (1296, 1, '2019-08-15', 0, 0, false);
INSERT INTO POMODORO(ID, USER, CREATION_TIMESTAMP, WORK_TIME, BREAK_TIME, INTERRUPTED)
VALUES (1297, 1, '2019-08-15', 0, 0, true);
INSERT INTO POMODORO(ID, USER, CREATION_TIMESTAMP, WORK_TIME, BREAK_TIME, INTERRUPTED)
VALUES (1298, 1, '2019-08-15', 0, 0, false);
INSERT INTO POMODORO(ID, USER, CREATION_TIMESTAMP, WORK_TIME, BREAK_TIME, INTERRUPTED)
VALUES (1299, 1, '2019-08-15', 0, 0, false);
INSERT INTO POMODORO(ID, USER, CREATION_TIMESTAMP, WORK_TIME, BREAK_TIME, INTERRUPTED)
VALUES (1300, 1, '2019-08-15', 0, 0, true);
INSERT INTO POMODORO(ID, USER, CREATION_TIMESTAMP, WORK_TIME, BREAK_TIME, INTERRUPTED)
VALUES (1301, 1, '2019-08-15', 0, 0, false);
INSERT INTO POMODORO(ID, USER, CREATION_TIMESTAMP, WORK_TIME, BREAK_TIME, INTERRUPTED)
VALUES (1302, 1, '2019-08-15', 0, 0, true);
INSERT INTO POMODORO(ID, USER, CREATION_TIMESTAMP, WORK_TIME, BREAK_TIME, INTERRUPTED)
VALUES (1303, 1, '2019-08-15', 0, 0, false);
INSERT INTO POMODORO(ID, USER, CREATION_TIMESTAMP, WORK_TIME, BREAK_TIME, INTERRUPTED)
VALUES (1304, 1, '2019-08-15', 0, 0, false);
INSERT INTO POMODORO(ID, USER, CREATION_TIMESTAMP, WORK_TIME, BREAK_TIME, INTERRUPTED)
VALUES (1305, 1, '2019-08-15', 0, 0, true);
INSERT INTO POMODORO(ID, USER, CREATION_TIMESTAMP, WORK_TIME, BREAK_TIME, INTERRUPTED)
VALUES (1306, 1, '2019-08-15', 0, 0, false);
INSERT INTO POMODORO(ID, USER, CREATION_TIMESTAMP, WORK_TIME, BREAK_TIME, INTERRUPTED)
VALUES (1307, 1, '2019-08-15', 0, 0, true);
INSERT INTO POMODORO(ID, USER, CREATION_TIMESTAMP, WORK_TIME, BREAK_TIME, INTERRUPTED)
VALUES (1308, 1, '2019-08-15', 0, 0, true);
INSERT INTO POMODORO(ID, USER, CREATION_TIMESTAMP, WORK_TIME, BREAK_TIME, INTERRUPTED)
VALUES (1309, 1, '2019-08-15', 0, 0, false);
INSERT INTO POMODORO(ID, USER, CREATION_TIMESTAMP, WORK_TIME, BREAK_TIME, INTERRUPTED)
VALUES (1310, 1, '2019-08-15', 0, 0, true);
INSERT INTO POMODORO(ID, USER, CREATION_TIMESTAMP, WORK_TIME, BREAK_TIME, INTERRUPTED)
VALUES (1311, 1, '2019-08-15', 0, 0, true);
INSERT INTO POMODORO(ID, USER, CREATION_TIMESTAMP, WORK_TIME, BREAK_TIME, INTERRUPTED)
VALUES (1312, 1, '2019-08-15', 0, 0, false);
INSERT INTO POMODORO(ID, USER, CREATION_TIMESTAMP, WORK_TIME, BREAK_TIME, INTERRUPTED)
VALUES (1313, 1, '2019-08-15', 0, 0, false);
INSERT INTO POMODORO(ID, USER, CREATION_TIMESTAMP, WORK_TIME, BREAK_TIME, INTERRUPTED)
VALUES (1314, 1, '2019-08-15', 0, 0, false);
INSERT INTO POMODORO(ID, USER, CREATION_TIMESTAMP, WORK_TIME, BREAK_TIME, INTERRUPTED)
VALUES (1315, 1, '2019-08-15', 0, 0, false);
INSERT INTO POMODORO(ID, USER, CREATION_TIMESTAMP, WORK_TIME, BREAK_TIME, INTERRUPTED)
VALUES (1316, 1, '2019-08-15', 0, 0, false);
INSERT INTO POMODORO(ID, USER, CREATION_TIMESTAMP, WORK_TIME, BREAK_TIME, INTERRUPTED)
VALUES (1317, 1, '2019-08-15', 0, 0, false);
INSERT INTO POMODORO(ID, USER, CREATION_TIMESTAMP, WORK_TIME, BREAK_TIME, INTERRUPTED)
VALUES (1318, 1, '2019-08-15', 0, 0, true);
INSERT INTO POMODORO(ID, USER, CREATION_TIMESTAMP, WORK_TIME, BREAK_TIME, INTERRUPTED)
VALUES (1319, 1, '2019-08-15', 0, 0, true);
INSERT INTO POMODORO(ID, USER, CREATION_TIMESTAMP, WORK_TIME, BREAK_TIME, INTERRUPTED)
VALUES (1320, 1, '2019-08-15', 0, 0, false);
INSERT INTO POMODORO(ID, USER, CREATION_TIMESTAMP, WORK_TIME, BREAK_TIME, INTERRUPTED)
VALUES (1321, 1, '2019-08-15', 0, 0, false);
INSERT INTO POMODORO(ID, USER, CREATION_TIMESTAMP, WORK_TIME, BREAK_TIME, INTERRUPTED)
VALUES (1322, 1, '2019-08-15', 0, 0, true);
INSERT INTO POMODORO(ID, USER, CREATION_TIMESTAMP, WORK_TIME, BREAK_TIME, INTERRUPTED)
VALUES (1323, 1, '2019-08-15', 0, 0, false);
INSERT INTO POMODORO(ID, USER, CREATION_TIMESTAMP, WORK_TIME, BREAK_TIME, INTERRUPTED)
VALUES (1324, 1, '2019-08-15', 0, 0, true);
INSERT INTO POMODORO(ID, USER, CREATION_TIMESTAMP, WORK_TIME, BREAK_TIME, INTERRUPTED)
VALUES (1325, 1, '2019-08-15', 0, 0, false);
INSERT INTO POMODORO(ID, USER, CREATION_TIMESTAMP, WORK_TIME, BREAK_TIME, INTERRUPTED)
VALUES (1326, 1, '2019-08-15', 0, 0, false);
INSERT INTO POMODORO(ID, USER, CREATION_TIMESTAMP, WORK_TIME, BREAK_TIME, INTERRUPTED)
VALUES (1327, 1, '2019-08-15', 0, 0, true);
INSERT INTO POMODORO(ID, USER, CREATION_TIMESTAMP, WORK_TIME, BREAK_TIME, INTERRUPTED)
VALUES (1328, 1, '2019-08-15', 0, 0, true);
INSERT INTO POMODORO(ID, USER, CREATION_TIMESTAMP, WORK_TIME, BREAK_TIME, INTERRUPTED)
VALUES (1329, 1, '2019-08-15', 0, 0, true);
INSERT INTO POMODORO(ID, USER, CREATION_TIMESTAMP, WORK_TIME, BREAK_TIME, INTERRUPTED)
VALUES (1330, 1, '2019-08-15', 0, 0, true);
INSERT INTO POMODORO(ID, USER, CREATION_TIMESTAMP, WORK_TIME, BREAK_TIME, INTERRUPTED)
VALUES (1331, 1, '2019-08-15', 0, 0, false);
INSERT INTO POMODORO(ID, USER, CREATION_TIMESTAMP, WORK_TIME, BREAK_TIME, INTERRUPTED)
VALUES (1332, 1, '2019-08-15', 0, 0, true);
INSERT INTO POMODORO(ID, USER, CREATION_TIMESTAMP, WORK_TIME, BREAK_TIME, INTERRUPTED)
VALUES (1333, 1, '2019-08-14', 0, 0, false);
INSERT INTO POMODORO(ID, USER, CREATION_TIMESTAMP, WORK_TIME, BREAK_TIME, INTERRUPTED)
VALUES (1334, 1, '2019-08-14', 0, 0, false);
INSERT INTO POMODORO(ID, USER, CREATION_TIMESTAMP, WORK_TIME, BREAK_TIME, INTERRUPTED)
VALUES (1335, 1, '2019-08-14', 0, 0, false);
INSERT INTO POMODORO(ID, USER, CREATION_TIMESTAMP, WORK_TIME, BREAK_TIME, INTERRUPTED)
VALUES (1336, 1, '2019-08-14', 0, 0, true);
INSERT INTO POMODORO(ID, USER, CREATION_TIMESTAMP, WORK_TIME, BREAK_TIME, INTERRUPTED)
VALUES (1337, 1, '2019-08-13', 0, 0, false);
INSERT INTO POMODORO(ID, USER, CREATION_TIMESTAMP, WORK_TIME, BREAK_TIME, INTERRUPTED)
VALUES (1338, 1, '2019-08-13', 0, 0, false);
INSERT INTO POMODORO(ID, USER, CREATION_TIMESTAMP, WORK_TIME, BREAK_TIME, INTERRUPTED)
VALUES (1339, 1, '2019-08-13', 0, 0, false);
INSERT INTO POMODORO(ID, USER, CREATION_TIMESTAMP, WORK_TIME, BREAK_TIME, INTERRUPTED)
VALUES (1340, 1, '2019-08-13', 0, 0, false);
INSERT INTO POMODORO(ID, USER, CREATION_TIMESTAMP, WORK_TIME, BREAK_TIME, INTERRUPTED)
VALUES (1341, 1, '2019-08-13', 0, 0, true);
INSERT INTO POMODORO(ID, USER, CREATION_TIMESTAMP, WORK_TIME, BREAK_TIME, INTERRUPTED)
VALUES (1342, 1, '2019-08-13', 0, 0, true);
INSERT INTO POMODORO(ID, USER, CREATION_TIMESTAMP, WORK_TIME, BREAK_TIME, INTERRUPTED)
VALUES (1343, 1, '2019-08-13', 0, 0, true);
INSERT INTO POMODORO(ID, USER, CREATION_TIMESTAMP, WORK_TIME, BREAK_TIME, INTERRUPTED)
VALUES (1344, 1, '2019-08-13', 0, 0, true);
INSERT INTO POMODORO(ID, USER, CREATION_TIMESTAMP, WORK_TIME, BREAK_TIME, INTERRUPTED)
VALUES (1345, 1, '2019-08-13', 0, 0, true);
INSERT INTO POMODORO(ID, USER, CREATION_TIMESTAMP, WORK_TIME, BREAK_TIME, INTERRUPTED)
VALUES (1346, 1, '2019-08-13', 0, 0, true);
INSERT INTO POMODORO(ID, USER, CREATION_TIMESTAMP, WORK_TIME, BREAK_TIME, INTERRUPTED)
VALUES (1347, 1, '2019-08-13', 0, 0, false);
INSERT INTO POMODORO(ID, USER, CREATION_TIMESTAMP, WORK_TIME, BREAK_TIME, INTERRUPTED)
VALUES (1348, 1, '2019-08-13', 0, 0, true);
INSERT INTO POMODORO(ID, USER, CREATION_TIMESTAMP, WORK_TIME, BREAK_TIME, INTERRUPTED)
VALUES (1349, 1, '2019-08-13', 0, 0, true);
INSERT INTO POMODORO(ID, USER, CREATION_TIMESTAMP, WORK_TIME, BREAK_TIME, INTERRUPTED)
VALUES (1350, 1, '2019-08-13', 0, 0, true);
INSERT INTO POMODORO(ID, USER, CREATION_TIMESTAMP, WORK_TIME, BREAK_TIME, INTERRUPTED)
VALUES (1351, 1, '2019-08-13', 0, 0, false);
INSERT INTO POMODORO(ID, USER, CREATION_TIMESTAMP, WORK_TIME, BREAK_TIME, INTERRUPTED)
VALUES (1352, 1, '2019-08-13', 0, 0, false);
INSERT INTO POMODORO(ID, USER, CREATION_TIMESTAMP, WORK_TIME, BREAK_TIME, INTERRUPTED)
VALUES (1353, 1, '2019-08-13', 0, 0, true);
INSERT INTO POMODORO(ID, USER, CREATION_TIMESTAMP, WORK_TIME, BREAK_TIME, INTERRUPTED)
VALUES (1354, 1, '2019-08-13', 0, 0, true);
INSERT INTO POMODORO(ID, USER, CREATION_TIMESTAMP, WORK_TIME, BREAK_TIME, INTERRUPTED)
VALUES (1355, 1, '2019-08-13', 0, 0, true);
INSERT INTO POMODORO(ID, USER, CREATION_TIMESTAMP, WORK_TIME, BREAK_TIME, INTERRUPTED)
VALUES (1356, 1, '2019-08-13', 0, 0, true);
INSERT INTO POMODORO(ID, USER, CREATION_TIMESTAMP, WORK_TIME, BREAK_TIME, INTERRUPTED)
VALUES (1357, 1, '2019-08-13', 0, 0, false);
INSERT INTO POMODORO(ID, USER, CREATION_TIMESTAMP, WORK_TIME, BREAK_TIME, INTERRUPTED)
VALUES (1358, 1, '2019-08-13', 0, 0, false);
INSERT INTO POMODORO(ID, USER, CREATION_TIMESTAMP, WORK_TIME, BREAK_TIME, INTERRUPTED)
VALUES (1359, 1, '2019-08-13', 0, 0, false);
INSERT INTO POMODORO(ID, USER, CREATION_TIMESTAMP, WORK_TIME, BREAK_TIME, INTERRUPTED)
VALUES (1360, 1, '2019-08-13', 0, 0, true);
INSERT INTO POMODORO(ID, USER, CREATION_TIMESTAMP, WORK_TIME, BREAK_TIME, INTERRUPTED)
VALUES (1361, 1, '2019-08-13', 0, 0, false);
INSERT INTO POMODORO(ID, USER, CREATION_TIMESTAMP, WORK_TIME, BREAK_TIME, INTERRUPTED)
VALUES (1362, 1, '2019-08-13', 0, 0, false);
INSERT INTO POMODORO(ID, USER, CREATION_TIMESTAMP, WORK_TIME, BREAK_TIME, INTERRUPTED)
VALUES (1363, 1, '2019-08-13', 0, 0, false);
INSERT INTO POMODORO(ID, USER, CREATION_TIMESTAMP, WORK_TIME, BREAK_TIME, INTERRUPTED)
VALUES (1364, 1, '2019-08-13', 0, 0, false);
INSERT INTO POMODORO(ID, USER, CREATION_TIMESTAMP, WORK_TIME, BREAK_TIME, INTERRUPTED)
VALUES (1365, 1, '2019-08-13', 0, 0, false);
INSERT INTO POMODORO(ID, USER, CREATION_TIMESTAMP, WORK_TIME, BREAK_TIME, INTERRUPTED)
VALUES (1366, 1, '2019-08-13', 0, 0, true);
INSERT INTO POMODORO(ID, USER, CREATION_TIMESTAMP, WORK_TIME, BREAK_TIME, INTERRUPTED)
VALUES (1367, 1, '2019-08-13', 0, 0, false);
INSERT INTO POMODORO(ID, USER, CREATION_TIMESTAMP, WORK_TIME, BREAK_TIME, INTERRUPTED)
VALUES (1368, 1, '2019-08-13', 0, 0, true);
INSERT INTO POMODORO(ID, USER, CREATION_TIMESTAMP, WORK_TIME, BREAK_TIME, INTERRUPTED)
VALUES (1369, 1, '2019-08-13', 0, 0, false);
INSERT INTO POMODORO(ID, USER, CREATION_TIMESTAMP, WORK_TIME, BREAK_TIME, INTERRUPTED)
VALUES (1370, 1, '2019-08-13', 0, 0, true);
INSERT INTO POMODORO(ID, USER, CREATION_TIMESTAMP, WORK_TIME, BREAK_TIME, INTERRUPTED)
VALUES (1371, 1, '2019-08-13', 0, 0, false);
INSERT INTO POMODORO(ID, USER, CREATION_TIMESTAMP, WORK_TIME, BREAK_TIME, INTERRUPTED)
VALUES (1372, 1, '2019-08-13', 0, 0, true);
INSERT INTO POMODORO(ID, USER, CREATION_TIMESTAMP, WORK_TIME, BREAK_TIME, INTERRUPTED)
VALUES (1373, 1, '2019-08-13', 0, 0, true);
INSERT INTO POMODORO(ID, USER, CREATION_TIMESTAMP, WORK_TIME, BREAK_TIME, INTERRUPTED)
VALUES (1374, 1, '2019-08-13', 0, 0, true);
INSERT INTO POMODORO(ID, USER, CREATION_TIMESTAMP, WORK_TIME, BREAK_TIME, INTERRUPTED)
VALUES (1375, 1, '2019-08-13', 0, 0, true);
INSERT INTO POMODORO(ID, USER, CREATION_TIMESTAMP, WORK_TIME, BREAK_TIME, INTERRUPTED)
VALUES (1376, 1, '2019-08-13', 0, 0, true);
INSERT INTO POMODORO(ID, USER, CREATION_TIMESTAMP, WORK_TIME, BREAK_TIME, INTERRUPTED)
VALUES (1377, 1, '2019-08-13', 0, 0, true);
INSERT INTO POMODORO(ID, USER, CREATION_TIMESTAMP, WORK_TIME, BREAK_TIME, INTERRUPTED)
VALUES (1378, 1, '2019-08-13', 0, 0, false);
INSERT INTO POMODORO(ID, USER, CREATION_TIMESTAMP, WORK_TIME, BREAK_TIME, INTERRUPTED)
VALUES (1379, 1, '2019-08-13', 0, 0, false);
INSERT INTO POMODORO(ID, USER, CREATION_TIMESTAMP, WORK_TIME, BREAK_TIME, INTERRUPTED)
VALUES (1380, 1, '2019-08-12', 0, 0, true);
INSERT INTO POMODORO(ID, USER, CREATION_TIMESTAMP, WORK_TIME, BREAK_TIME, INTERRUPTED)
VALUES (1381, 1, '2019-08-12', 0, 0, true);
INSERT INTO POMODORO(ID, USER, CREATION_TIMESTAMP, WORK_TIME, BREAK_TIME, INTERRUPTED)
VALUES (1382, 1, '2019-08-12', 0, 0, true);
INSERT INTO POMODORO(ID, USER, CREATION_TIMESTAMP, WORK_TIME, BREAK_TIME, INTERRUPTED)
VALUES (1383, 1, '2019-08-12', 0, 0, false);
INSERT INTO POMODORO(ID, USER, CREATION_TIMESTAMP, WORK_TIME, BREAK_TIME, INTERRUPTED)
VALUES (1384, 1, '2019-08-12', 0, 0, false);
INSERT INTO POMODORO(ID, USER, CREATION_TIMESTAMP, WORK_TIME, BREAK_TIME, INTERRUPTED)
VALUES (1385, 1, '2019-08-12', 0, 0, false);
INSERT INTO POMODORO(ID, USER, CREATION_TIMESTAMP, WORK_TIME, BREAK_TIME, INTERRUPTED)
VALUES (1386, 1, '2019-08-12', 0, 0, false);
INSERT INTO POMODORO(ID, USER, CREATION_TIMESTAMP, WORK_TIME, BREAK_TIME, INTERRUPTED)
VALUES (1387, 1, '2019-08-12', 0, 0, true);
INSERT INTO POMODORO(ID, USER, CREATION_TIMESTAMP, WORK_TIME, BREAK_TIME, INTERRUPTED)
VALUES (1388, 1, '2019-08-12', 0, 0, false);
INSERT INTO POMODORO(ID, USER, CREATION_TIMESTAMP, WORK_TIME, BREAK_TIME, INTERRUPTED)
VALUES (1389, 1, '2019-08-12', 0, 0, false);
INSERT INTO POMODORO(ID, USER, CREATION_TIMESTAMP, WORK_TIME, BREAK_TIME, INTERRUPTED)
VALUES (1390, 1, '2019-08-12', 0, 0, true);
INSERT INTO POMODORO(ID, USER, CREATION_TIMESTAMP, WORK_TIME, BREAK_TIME, INTERRUPTED)
VALUES (1391, 1, '2019-08-11', 0, 0, true);
INSERT INTO POMODORO(ID, USER, CREATION_TIMESTAMP, WORK_TIME, BREAK_TIME, INTERRUPTED)
VALUES (1392, 1, '2019-08-11', 0, 0, true);
INSERT INTO POMODORO(ID, USER, CREATION_TIMESTAMP, WORK_TIME, BREAK_TIME, INTERRUPTED)
VALUES (1393, 1, '2019-08-11', 0, 0, true);
INSERT INTO POMODORO(ID, USER, CREATION_TIMESTAMP, WORK_TIME, BREAK_TIME, INTERRUPTED)
VALUES (1394, 1, '2019-08-11', 0, 0, false);
INSERT INTO POMODORO(ID, USER, CREATION_TIMESTAMP, WORK_TIME, BREAK_TIME, INTERRUPTED)
VALUES (1395, 1, '2019-08-11', 0, 0, false);
INSERT INTO POMODORO(ID, USER, CREATION_TIMESTAMP, WORK_TIME, BREAK_TIME, INTERRUPTED)
VALUES (1396, 1, '2019-08-11', 0, 0, false);
INSERT INTO POMODORO(ID, USER, CREATION_TIMESTAMP, WORK_TIME, BREAK_TIME, INTERRUPTED)
VALUES (1397, 1, '2019-08-10', 0, 0, false);
INSERT INTO POMODORO(ID, USER, CREATION_TIMESTAMP, WORK_TIME, BREAK_TIME, INTERRUPTED)
VALUES (1398, 1, '2019-08-10', 0, 0, true);
INSERT INTO POMODORO(ID, USER, CREATION_TIMESTAMP, WORK_TIME, BREAK_TIME, INTERRUPTED)
VALUES (1399, 1, '2019-08-10', 0, 0, true);
INSERT INTO POMODORO(ID, USER, CREATION_TIMESTAMP, WORK_TIME, BREAK_TIME, INTERRUPTED)
VALUES (1400, 1, '2019-08-10', 0, 0, false);
INSERT INTO POMODORO(ID, USER, CREATION_TIMESTAMP, WORK_TIME, BREAK_TIME, INTERRUPTED)
VALUES (1401, 1, '2019-08-10', 0, 0, false);
INSERT INTO POMODORO(ID, USER, CREATION_TIMESTAMP, WORK_TIME, BREAK_TIME, INTERRUPTED)
VALUES (1402, 1, '2019-08-10', 0, 0, false);
INSERT INTO POMODORO(ID, USER, CREATION_TIMESTAMP, WORK_TIME, BREAK_TIME, INTERRUPTED)
VALUES (1403, 1, '2019-08-10', 0, 0, true);
INSERT INTO POMODORO(ID, USER, CREATION_TIMESTAMP, WORK_TIME, BREAK_TIME, INTERRUPTED)
VALUES (1404, 1, '2019-08-10', 0, 0, true);
INSERT INTO POMODORO(ID, USER, CREATION_TIMESTAMP, WORK_TIME, BREAK_TIME, INTERRUPTED)
VALUES (1405, 1, '2019-08-10', 0, 0, false);
INSERT INTO POMODORO(ID, USER, CREATION_TIMESTAMP, WORK_TIME, BREAK_TIME, INTERRUPTED)
VALUES (1406, 1, '2019-08-10', 0, 0, true);
INSERT INTO POMODORO(ID, USER, CREATION_TIMESTAMP, WORK_TIME, BREAK_TIME, INTERRUPTED)
VALUES (1407, 1, '2019-08-10', 0, 0, true);
INSERT INTO POMODORO(ID, USER, CREATION_TIMESTAMP, WORK_TIME, BREAK_TIME, INTERRUPTED)
VALUES (1408, 1, '2019-08-10', 0, 0, true);
INSERT INTO POMODORO(ID, USER, CREATION_TIMESTAMP, WORK_TIME, BREAK_TIME, INTERRUPTED)
VALUES (1409, 1, '2019-08-10', 0, 0, true);
INSERT INTO POMODORO(ID, USER, CREATION_TIMESTAMP, WORK_TIME, BREAK_TIME, INTERRUPTED)
VALUES (1410, 1, '2019-08-10', 0, 0, false);
INSERT INTO POMODORO(ID, USER, CREATION_TIMESTAMP, WORK_TIME, BREAK_TIME, INTERRUPTED)
VALUES (1411, 1, '2019-08-10', 0, 0, true);
INSERT INTO POMODORO(ID, USER, CREATION_TIMESTAMP, WORK_TIME, BREAK_TIME, INTERRUPTED)
VALUES (1412, 1, '2019-08-10', 0, 0, true);
INSERT INTO POMODORO(ID, USER, CREATION_TIMESTAMP, WORK_TIME, BREAK_TIME, INTERRUPTED)
VALUES (1413, 1, '2019-08-10', 0, 0, false);
INSERT INTO POMODORO(ID, USER, CREATION_TIMESTAMP, WORK_TIME, BREAK_TIME, INTERRUPTED)
VALUES (1414, 1, '2019-08-10', 0, 0, true);
INSERT INTO POMODORO(ID, USER, CREATION_TIMESTAMP, WORK_TIME, BREAK_TIME, INTERRUPTED)
VALUES (1415, 1, '2019-08-10', 0, 0, false);
INSERT INTO POMODORO(ID, USER, CREATION_TIMESTAMP, WORK_TIME, BREAK_TIME, INTERRUPTED)
VALUES (1416, 1, '2019-08-10', 0, 0, false);
INSERT INTO POMODORO(ID, USER, CREATION_TIMESTAMP, WORK_TIME, BREAK_TIME, INTERRUPTED)
VALUES (1417, 1, '2019-08-10', 0, 0, true);
INSERT INTO POMODORO(ID, USER, CREATION_TIMESTAMP, WORK_TIME, BREAK_TIME, INTERRUPTED)
VALUES (1418, 1, '2019-08-10', 0, 0, true);
INSERT INTO POMODORO(ID, USER, CREATION_TIMESTAMP, WORK_TIME, BREAK_TIME, INTERRUPTED)
VALUES (1419, 1, '2019-08-10', 0, 0, false);
INSERT INTO POMODORO(ID, USER, CREATION_TIMESTAMP, WORK_TIME, BREAK_TIME, INTERRUPTED)
VALUES (1420, 1, '2019-08-10', 0, 0, true);
INSERT INTO POMODORO(ID, USER, CREATION_TIMESTAMP, WORK_TIME, BREAK_TIME, INTERRUPTED)
VALUES (1421, 1, '2019-08-10', 0, 0, false);
INSERT INTO POMODORO(ID, USER, CREATION_TIMESTAMP, WORK_TIME, BREAK_TIME, INTERRUPTED)
VALUES (1422, 1, '2019-08-10', 0, 0, false);
INSERT INTO POMODORO(ID, USER, CREATION_TIMESTAMP, WORK_TIME, BREAK_TIME, INTERRUPTED)
VALUES (1423, 1, '2019-08-10', 0, 0, true);
INSERT INTO POMODORO(ID, USER, CREATION_TIMESTAMP, WORK_TIME, BREAK_TIME, INTERRUPTED)
VALUES (1424, 1, '2019-08-10', 0, 0, false);
INSERT INTO POMODORO(ID, USER, CREATION_TIMESTAMP, WORK_TIME, BREAK_TIME, INTERRUPTED)
VALUES (1425, 1, '2019-08-10', 0, 0, false);
INSERT INTO POMODORO(ID, USER, CREATION_TIMESTAMP, WORK_TIME, BREAK_TIME, INTERRUPTED)
VALUES (1426, 1, '2019-08-10', 0, 0, false);
INSERT INTO POMODORO(ID, USER, CREATION_TIMESTAMP, WORK_TIME, BREAK_TIME, INTERRUPTED)
VALUES (1427, 1, '2019-08-10', 0, 0, true);
INSERT INTO POMODORO(ID, USER, CREATION_TIMESTAMP, WORK_TIME, BREAK_TIME, INTERRUPTED)
VALUES (1428, 1, '2019-08-09', 0, 0, false);
INSERT INTO POMODORO(ID, USER, CREATION_TIMESTAMP, WORK_TIME, BREAK_TIME, INTERRUPTED)
VALUES (1429, 1, '2019-08-09', 0, 0, true);
INSERT INTO POMODORO(ID, USER, CREATION_TIMESTAMP, WORK_TIME, BREAK_TIME, INTERRUPTED)
VALUES (1430, 1, '2019-08-09', 0, 0, true);
INSERT INTO POMODORO(ID, USER, CREATION_TIMESTAMP, WORK_TIME, BREAK_TIME, INTERRUPTED)
VALUES (1431, 1, '2019-08-09', 0, 0, false);
INSERT INTO POMODORO(ID, USER, CREATION_TIMESTAMP, WORK_TIME, BREAK_TIME, INTERRUPTED)
VALUES (1432, 1, '2019-08-09', 0, 0, true);
INSERT INTO POMODORO(ID, USER, CREATION_TIMESTAMP, WORK_TIME, BREAK_TIME, INTERRUPTED)
VALUES (1433, 1, '2019-08-09', 0, 0, true);
INSERT INTO POMODORO(ID, USER, CREATION_TIMESTAMP, WORK_TIME, BREAK_TIME, INTERRUPTED)
VALUES (1434, 1, '2019-08-09', 0, 0, false);
INSERT INTO POMODORO(ID, USER, CREATION_TIMESTAMP, WORK_TIME, BREAK_TIME, INTERRUPTED)
VALUES (1435, 1, '2019-08-09', 0, 0, true);
INSERT INTO POMODORO(ID, USER, CREATION_TIMESTAMP, WORK_TIME, BREAK_TIME, INTERRUPTED)
VALUES (1436, 1, '2019-08-09', 0, 0, true);
INSERT INTO POMODORO(ID, USER, CREATION_TIMESTAMP, WORK_TIME, BREAK_TIME, INTERRUPTED)
VALUES (1437, 1, '2019-08-09', 0, 0, true);
INSERT INTO POMODORO(ID, USER, CREATION_TIMESTAMP, WORK_TIME, BREAK_TIME, INTERRUPTED)
VALUES (1438, 1, '2019-08-09', 0, 0, false);
INSERT INTO POMODORO(ID, USER, CREATION_TIMESTAMP, WORK_TIME, BREAK_TIME, INTERRUPTED)
VALUES (1439, 1, '2019-08-09', 0, 0, true);
INSERT INTO POMODORO(ID, USER, CREATION_TIMESTAMP, WORK_TIME, BREAK_TIME, INTERRUPTED)
VALUES (1440, 1, '2019-08-09', 0, 0, false);
INSERT INTO POMODORO(ID, USER, CREATION_TIMESTAMP, WORK_TIME, BREAK_TIME, INTERRUPTED)
VALUES (1441, 1, '2019-08-09', 0, 0, false);
INSERT INTO POMODORO(ID, USER, CREATION_TIMESTAMP, WORK_TIME, BREAK_TIME, INTERRUPTED)
VALUES (1442, 1, '2019-08-09', 0, 0, false);
INSERT INTO POMODORO(ID, USER, CREATION_TIMESTAMP, WORK_TIME, BREAK_TIME, INTERRUPTED)
VALUES (1443, 1, '2019-08-09', 0, 0, false);
INSERT INTO POMODORO(ID, USER, CREATION_TIMESTAMP, WORK_TIME, BREAK_TIME, INTERRUPTED)
VALUES (1444, 1, '2019-08-09', 0, 0, false);
INSERT INTO POMODORO(ID, USER, CREATION_TIMESTAMP, WORK_TIME, BREAK_TIME, INTERRUPTED)
VALUES (1445, 1, '2019-08-09', 0, 0, false);
INSERT INTO POMODORO(ID, USER, CREATION_TIMESTAMP, WORK_TIME, BREAK_TIME, INTERRUPTED)
VALUES (1446, 1, '2019-08-09', 0, 0, true);
INSERT INTO POMODORO(ID, USER, CREATION_TIMESTAMP, WORK_TIME, BREAK_TIME, INTERRUPTED)
VALUES (1447, 1, '2019-08-09', 0, 0, true);
INSERT INTO POMODORO(ID, USER, CREATION_TIMESTAMP, WORK_TIME, BREAK_TIME, INTERRUPTED)
VALUES (1448, 1, '2019-08-09', 0, 0, false);
INSERT INTO POMODORO(ID, USER, CREATION_TIMESTAMP, WORK_TIME, BREAK_TIME, INTERRUPTED)
VALUES (1449, 1, '2019-08-09', 0, 0, true);
INSERT INTO POMODORO(ID, USER, CREATION_TIMESTAMP, WORK_TIME, BREAK_TIME, INTERRUPTED)
VALUES (1450, 1, '2019-08-08', 0, 0, false);
INSERT INTO POMODORO(ID, USER, CREATION_TIMESTAMP, WORK_TIME, BREAK_TIME, INTERRUPTED)
VALUES (1451, 1, '2019-08-08', 0, 0, false);
INSERT INTO POMODORO(ID, USER, CREATION_TIMESTAMP, WORK_TIME, BREAK_TIME, INTERRUPTED)
VALUES (1452, 1, '2019-08-08', 0, 0, true);
INSERT INTO POMODORO(ID, USER, CREATION_TIMESTAMP, WORK_TIME, BREAK_TIME, INTERRUPTED)
VALUES (1453, 1, '2019-08-08', 0, 0, false);
INSERT INTO POMODORO(ID, USER, CREATION_TIMESTAMP, WORK_TIME, BREAK_TIME, INTERRUPTED)
VALUES (1454, 1, '2019-08-08', 0, 0, true);
INSERT INTO POMODORO(ID, USER, CREATION_TIMESTAMP, WORK_TIME, BREAK_TIME, INTERRUPTED)
VALUES (1455, 1, '2019-08-08', 0, 0, true);
INSERT INTO POMODORO(ID, USER, CREATION_TIMESTAMP, WORK_TIME, BREAK_TIME, INTERRUPTED)
VALUES (1456, 1, '2019-08-08', 0, 0, true);
INSERT INTO POMODORO(ID, USER, CREATION_TIMESTAMP, WORK_TIME, BREAK_TIME, INTERRUPTED)
VALUES (1457, 1, '2019-08-08', 0, 0, false);
INSERT INTO POMODORO(ID, USER, CREATION_TIMESTAMP, WORK_TIME, BREAK_TIME, INTERRUPTED)
VALUES (1458, 1, '2019-08-08', 0, 0, true);
INSERT INTO POMODORO(ID, USER, CREATION_TIMESTAMP, WORK_TIME, BREAK_TIME, INTERRUPTED)
VALUES (1459, 1, '2019-08-08', 0, 0, true);
INSERT INTO POMODORO(ID, USER, CREATION_TIMESTAMP, WORK_TIME, BREAK_TIME, INTERRUPTED)
VALUES (1460, 1, '2019-08-08', 0, 0, true);
INSERT INTO POMODORO(ID, USER, CREATION_TIMESTAMP, WORK_TIME, BREAK_TIME, INTERRUPTED)
VALUES (1461, 1, '2019-08-08', 0, 0, true);
INSERT INTO POMODORO(ID, USER, CREATION_TIMESTAMP, WORK_TIME, BREAK_TIME, INTERRUPTED)
VALUES (1462, 1, '2019-08-08', 0, 0, false);
INSERT INTO POMODORO(ID, USER, CREATION_TIMESTAMP, WORK_TIME, BREAK_TIME, INTERRUPTED)
VALUES (1463, 1, '2019-08-08', 0, 0, false);
INSERT INTO POMODORO(ID, USER, CREATION_TIMESTAMP, WORK_TIME, BREAK_TIME, INTERRUPTED)
VALUES (1464, 1, '2019-08-08', 0, 0, true);
INSERT INTO POMODORO(ID, USER, CREATION_TIMESTAMP, WORK_TIME, BREAK_TIME, INTERRUPTED)
VALUES (1465, 1, '2019-08-08', 0, 0, true);
INSERT INTO POMODORO(ID, USER, CREATION_TIMESTAMP, WORK_TIME, BREAK_TIME, INTERRUPTED)
VALUES (1466, 1, '2019-08-08', 0, 0, false);
INSERT INTO POMODORO(ID, USER, CREATION_TIMESTAMP, WORK_TIME, BREAK_TIME, INTERRUPTED)
VALUES (1467, 1, '2019-08-08', 0, 0, true);
INSERT INTO POMODORO(ID, USER, CREATION_TIMESTAMP, WORK_TIME, BREAK_TIME, INTERRUPTED)
VALUES (1468, 1, '2019-08-08', 0, 0, false);
INSERT INTO POMODORO(ID, USER, CREATION_TIMESTAMP, WORK_TIME, BREAK_TIME, INTERRUPTED)
VALUES (1469, 1, '2019-08-08', 0, 0, true);
INSERT INTO POMODORO(ID, USER, CREATION_TIMESTAMP, WORK_TIME, BREAK_TIME, INTERRUPTED)
VALUES (1470, 1, '2019-08-08', 0, 0, false);
INSERT INTO POMODORO(ID, USER, CREATION_TIMESTAMP, WORK_TIME, BREAK_TIME, INTERRUPTED)
VALUES (1471, 1, '2019-08-08', 0, 0, false);
INSERT INTO POMODORO(ID, USER, CREATION_TIMESTAMP, WORK_TIME, BREAK_TIME, INTERRUPTED)
VALUES (1472, 1, '2019-08-08', 0, 0, true);
INSERT INTO POMODORO(ID, USER, CREATION_TIMESTAMP, WORK_TIME, BREAK_TIME, INTERRUPTED)
VALUES (1473, 1, '2019-08-08', 0, 0, true);
INSERT INTO POMODORO(ID, USER, CREATION_TIMESTAMP, WORK_TIME, BREAK_TIME, INTERRUPTED)
VALUES (1474, 1, '2019-08-08', 0, 0, true);
INSERT INTO POMODORO(ID, USER, CREATION_TIMESTAMP, WORK_TIME, BREAK_TIME, INTERRUPTED)
VALUES (1475, 1, '2019-08-08', 0, 0, false);
INSERT INTO POMODORO(ID, USER, CREATION_TIMESTAMP, WORK_TIME, BREAK_TIME, INTERRUPTED)
VALUES (1476, 1, '2019-08-08', 0, 0, false);
INSERT INTO POMODORO(ID, USER, CREATION_TIMESTAMP, WORK_TIME, BREAK_TIME, INTERRUPTED)
VALUES (1477, 1, '2019-08-08', 0, 0, false);
INSERT INTO POMODORO(ID, USER, CREATION_TIMESTAMP, WORK_TIME, BREAK_TIME, INTERRUPTED)
VALUES (1478, 1, '2019-08-08', 0, 0, false);
INSERT INTO POMODORO(ID, USER, CREATION_TIMESTAMP, WORK_TIME, BREAK_TIME, INTERRUPTED)
VALUES (1479, 1, '2019-08-08', 0, 0, false);
INSERT INTO POMODORO(ID, USER, CREATION_TIMESTAMP, WORK_TIME, BREAK_TIME, INTERRUPTED)
VALUES (1480, 1, '2019-08-08', 0, 0, true);
INSERT INTO POMODORO(ID, USER, CREATION_TIMESTAMP, WORK_TIME, BREAK_TIME, INTERRUPTED)
VALUES (1481, 1, '2019-08-08', 0, 0, false);
INSERT INTO POMODORO(ID, USER, CREATION_TIMESTAMP, WORK_TIME, BREAK_TIME, INTERRUPTED)
VALUES (1482, 1, '2019-08-08', 0, 0, true);
INSERT INTO POMODORO(ID, USER, CREATION_TIMESTAMP, WORK_TIME, BREAK_TIME, INTERRUPTED)
VALUES (1483, 1, '2019-08-07', 0, 0, true);
INSERT INTO POMODORO(ID, USER, CREATION_TIMESTAMP, WORK_TIME, BREAK_TIME, INTERRUPTED)
VALUES (1484, 1, '2019-08-07', 0, 0, false);
INSERT INTO POMODORO(ID, USER, CREATION_TIMESTAMP, WORK_TIME, BREAK_TIME, INTERRUPTED)
VALUES (1485, 1, '2019-08-07', 0, 0, false);
INSERT INTO POMODORO(ID, USER, CREATION_TIMESTAMP, WORK_TIME, BREAK_TIME, INTERRUPTED)
VALUES (1486, 1, '2019-08-07', 0, 0, true);
INSERT INTO POMODORO(ID, USER, CREATION_TIMESTAMP, WORK_TIME, BREAK_TIME, INTERRUPTED)
VALUES (1487, 1, '2019-08-07', 0, 0, true);
INSERT INTO POMODORO(ID, USER, CREATION_TIMESTAMP, WORK_TIME, BREAK_TIME, INTERRUPTED)
VALUES (1488, 1, '2019-08-07', 0, 0, false);
INSERT INTO POMODORO(ID, USER, CREATION_TIMESTAMP, WORK_TIME, BREAK_TIME, INTERRUPTED)
VALUES (1489, 1, '2019-08-07', 0, 0, true);
INSERT INTO POMODORO(ID, USER, CREATION_TIMESTAMP, WORK_TIME, BREAK_TIME, INTERRUPTED)
VALUES (1490, 1, '2019-08-07', 0, 0, false);
INSERT INTO POMODORO(ID, USER, CREATION_TIMESTAMP, WORK_TIME, BREAK_TIME, INTERRUPTED)
VALUES (1491, 1, '2019-08-07', 0, 0, false);
INSERT INTO POMODORO(ID, USER, CREATION_TIMESTAMP, WORK_TIME, BREAK_TIME, INTERRUPTED)
VALUES (1492, 1, '2019-08-07', 0, 0, true);
INSERT INTO POMODORO(ID, USER, CREATION_TIMESTAMP, WORK_TIME, BREAK_TIME, INTERRUPTED)
VALUES (1493, 1, '2019-08-07', 0, 0, false);
INSERT INTO POMODORO(ID, USER, CREATION_TIMESTAMP, WORK_TIME, BREAK_TIME, INTERRUPTED)
VALUES (1494, 1, '2019-08-07', 0, 0, false);
INSERT INTO POMODORO(ID, USER, CREATION_TIMESTAMP, WORK_TIME, BREAK_TIME, INTERRUPTED)
VALUES (1495, 1, '2019-08-07', 0, 0, false);
INSERT INTO POMODORO(ID, USER, CREATION_TIMESTAMP, WORK_TIME, BREAK_TIME, INTERRUPTED)
VALUES (1496, 1, '2019-08-07', 0, 0, true);
INSERT INTO POMODORO(ID, USER, CREATION_TIMESTAMP, WORK_TIME, BREAK_TIME, INTERRUPTED)
VALUES (1497, 1, '2019-08-07', 0, 0, false);
INSERT INTO POMODORO(ID, USER, CREATION_TIMESTAMP, WORK_TIME, BREAK_TIME, INTERRUPTED)
VALUES (1498, 1, '2019-08-07', 0, 0, false);
INSERT INTO POMODORO(ID, USER, CREATION_TIMESTAMP, WORK_TIME, BREAK_TIME, INTERRUPTED)
VALUES (1499, 1, '2019-08-07', 0, 0, true);
INSERT INTO POMODORO(ID, USER, CREATION_TIMESTAMP, WORK_TIME, BREAK_TIME, INTERRUPTED)
VALUES (1500, 1, '2019-08-07', 0, 0, true);
INSERT INTO POMODORO(ID, USER, CREATION_TIMESTAMP, WORK_TIME, BREAK_TIME, INTERRUPTED)
VALUES (1501, 1, '2019-08-07', 0, 0, false);
INSERT INTO POMODORO(ID, USER, CREATION_TIMESTAMP, WORK_TIME, BREAK_TIME, INTERRUPTED)
VALUES (1502, 1, '2019-08-06', 0, 0, true);
INSERT INTO POMODORO(ID, USER, CREATION_TIMESTAMP, WORK_TIME, BREAK_TIME, INTERRUPTED)
VALUES (1503, 1, '2019-08-06', 0, 0, false);
INSERT INTO POMODORO(ID, USER, CREATION_TIMESTAMP, WORK_TIME, BREAK_TIME, INTERRUPTED)
VALUES (1504, 1, '2019-08-06', 0, 0, true);
INSERT INTO POMODORO(ID, USER, CREATION_TIMESTAMP, WORK_TIME, BREAK_TIME, INTERRUPTED)
VALUES (1505, 1, '2019-08-06', 0, 0, true);
INSERT INTO POMODORO(ID, USER, CREATION_TIMESTAMP, WORK_TIME, BREAK_TIME, INTERRUPTED)
VALUES (1506, 1, '2019-08-06', 0, 0, true);
INSERT INTO POMODORO(ID, USER, CREATION_TIMESTAMP, WORK_TIME, BREAK_TIME, INTERRUPTED)
VALUES (1507, 1, '2019-08-06', 0, 0, false);
INSERT INTO POMODORO(ID, USER, CREATION_TIMESTAMP, WORK_TIME, BREAK_TIME, INTERRUPTED)
VALUES (1508, 1, '2019-08-06', 0, 0, true);
INSERT INTO POMODORO(ID, USER, CREATION_TIMESTAMP, WORK_TIME, BREAK_TIME, INTERRUPTED)
VALUES (1509, 1, '2019-08-06', 0, 0, false);
INSERT INTO POMODORO(ID, USER, CREATION_TIMESTAMP, WORK_TIME, BREAK_TIME, INTERRUPTED)
VALUES (1510, 1, '2019-08-06', 0, 0, false);
INSERT INTO POMODORO(ID, USER, CREATION_TIMESTAMP, WORK_TIME, BREAK_TIME, INTERRUPTED)
VALUES (1511, 1, '2019-08-06', 0, 0, false);
INSERT INTO POMODORO(ID, USER, CREATION_TIMESTAMP, WORK_TIME, BREAK_TIME, INTERRUPTED)
VALUES (1512, 1, '2019-08-06', 0, 0, false);
INSERT INTO POMODORO(ID, USER, CREATION_TIMESTAMP, WORK_TIME, BREAK_TIME, INTERRUPTED)
VALUES (1513, 1, '2019-08-06', 0, 0, true);
INSERT INTO POMODORO(ID, USER, CREATION_TIMESTAMP, WORK_TIME, BREAK_TIME, INTERRUPTED)
VALUES (1514, 1, '2019-08-06', 0, 0, true);
INSERT INTO POMODORO(ID, USER, CREATION_TIMESTAMP, WORK_TIME, BREAK_TIME, INTERRUPTED)
VALUES (1515, 1, '2019-08-06', 0, 0, true);
INSERT INTO POMODORO(ID, USER, CREATION_TIMESTAMP, WORK_TIME, BREAK_TIME, INTERRUPTED)
VALUES (1516, 1, '2019-08-06', 0, 0, true);
INSERT INTO POMODORO(ID, USER, CREATION_TIMESTAMP, WORK_TIME, BREAK_TIME, INTERRUPTED)
VALUES (1517, 1, '2019-08-06', 0, 0, false);
INSERT INTO POMODORO(ID, USER, CREATION_TIMESTAMP, WORK_TIME, BREAK_TIME, INTERRUPTED)
VALUES (1518, 1, '2019-08-06', 0, 0, true);
INSERT INTO POMODORO(ID, USER, CREATION_TIMESTAMP, WORK_TIME, BREAK_TIME, INTERRUPTED)
VALUES (1519, 1, '2019-08-06', 0, 0, false);
INSERT INTO POMODORO(ID, USER, CREATION_TIMESTAMP, WORK_TIME, BREAK_TIME, INTERRUPTED)
VALUES (1520, 1, '2019-08-06', 0, 0, true);
INSERT INTO POMODORO(ID, USER, CREATION_TIMESTAMP, WORK_TIME, BREAK_TIME, INTERRUPTED)
VALUES (1521, 1, '2019-08-06', 0, 0, true);
INSERT INTO POMODORO(ID, USER, CREATION_TIMESTAMP, WORK_TIME, BREAK_TIME, INTERRUPTED)
VALUES (1522, 1, '2019-08-06', 0, 0, true);
INSERT INTO POMODORO(ID, USER, CREATION_TIMESTAMP, WORK_TIME, BREAK_TIME, INTERRUPTED)
VALUES (1523, 1, '2019-08-06', 0, 0, false);
INSERT INTO POMODORO(ID, USER, CREATION_TIMESTAMP, WORK_TIME, BREAK_TIME, INTERRUPTED)
VALUES (1524, 1, '2019-08-06', 0, 0, true);
INSERT INTO POMODORO(ID, USER, CREATION_TIMESTAMP, WORK_TIME, BREAK_TIME, INTERRUPTED)
VALUES (1525, 1, '2019-08-06', 0, 0, false);
INSERT INTO POMODORO(ID, USER, CREATION_TIMESTAMP, WORK_TIME, BREAK_TIME, INTERRUPTED)
VALUES (1526, 1, '2019-08-06', 0, 0, false);
INSERT INTO POMODORO(ID, USER, CREATION_TIMESTAMP, WORK_TIME, BREAK_TIME, INTERRUPTED)
VALUES (1527, 1, '2019-08-06', 0, 0, true);
INSERT INTO POMODORO(ID, USER, CREATION_TIMESTAMP, WORK_TIME, BREAK_TIME, INTERRUPTED)
VALUES (1528, 1, '2019-08-05', 0, 0, false);
INSERT INTO POMODORO(ID, USER, CREATION_TIMESTAMP, WORK_TIME, BREAK_TIME, INTERRUPTED)
VALUES (1529, 1, '2019-08-05', 0, 0, true);
INSERT INTO POMODORO(ID, USER, CREATION_TIMESTAMP, WORK_TIME, BREAK_TIME, INTERRUPTED)
VALUES (1530, 1, '2019-08-04', 0, 0, true);
INSERT INTO POMODORO(ID, USER, CREATION_TIMESTAMP, WORK_TIME, BREAK_TIME, INTERRUPTED)
VALUES (1531, 1, '2019-08-03', 0, 0, false);
INSERT INTO POMODORO(ID, USER, CREATION_TIMESTAMP, WORK_TIME, BREAK_TIME, INTERRUPTED)
VALUES (1532, 1, '2019-08-03', 0, 0, false);
INSERT INTO POMODORO(ID, USER, CREATION_TIMESTAMP, WORK_TIME, BREAK_TIME, INTERRUPTED)
VALUES (1533, 1, '2019-08-03', 0, 0, true);
INSERT INTO POMODORO(ID, USER, CREATION_TIMESTAMP, WORK_TIME, BREAK_TIME, INTERRUPTED)
VALUES (1534, 1, '2019-08-03', 0, 0, true);
INSERT INTO POMODORO(ID, USER, CREATION_TIMESTAMP, WORK_TIME, BREAK_TIME, INTERRUPTED)
VALUES (1535, 1, '2019-08-03', 0, 0, false);
INSERT INTO POMODORO(ID, USER, CREATION_TIMESTAMP, WORK_TIME, BREAK_TIME, INTERRUPTED)
VALUES (1536, 1, '2019-08-03', 0, 0, false);
INSERT INTO POMODORO(ID, USER, CREATION_TIMESTAMP, WORK_TIME, BREAK_TIME, INTERRUPTED)
VALUES (1537, 1, '2019-08-03', 0, 0, false);
INSERT INTO POMODORO(ID, USER, CREATION_TIMESTAMP, WORK_TIME, BREAK_TIME, INTERRUPTED)
VALUES (1538, 1, '2019-08-02', 0, 0, true);
INSERT INTO POMODORO(ID, USER, CREATION_TIMESTAMP, WORK_TIME, BREAK_TIME, INTERRUPTED)
VALUES (1539, 1, '2019-08-02', 0, 0, true);
INSERT INTO POMODORO(ID, USER, CREATION_TIMESTAMP, WORK_TIME, BREAK_TIME, INTERRUPTED)
VALUES (1540, 1, '2019-08-02', 0, 0, false);
INSERT INTO POMODORO(ID, USER, CREATION_TIMESTAMP, WORK_TIME, BREAK_TIME, INTERRUPTED)
VALUES (1541, 1, '2019-08-02', 0, 0, true);
INSERT INTO POMODORO(ID, USER, CREATION_TIMESTAMP, WORK_TIME, BREAK_TIME, INTERRUPTED)
VALUES (1542, 1, '2019-08-02', 0, 0, true);
INSERT INTO POMODORO(ID, USER, CREATION_TIMESTAMP, WORK_TIME, BREAK_TIME, INTERRUPTED)
VALUES (1543, 1, '2019-08-02', 0, 0, true);
INSERT INTO POMODORO(ID, USER, CREATION_TIMESTAMP, WORK_TIME, BREAK_TIME, INTERRUPTED)
VALUES (1544, 1, '2019-08-02', 0, 0, true);
INSERT INTO POMODORO(ID, USER, CREATION_TIMESTAMP, WORK_TIME, BREAK_TIME, INTERRUPTED)
VALUES (1545, 1, '2019-08-02', 0, 0, true);
INSERT INTO POMODORO(ID, USER, CREATION_TIMESTAMP, WORK_TIME, BREAK_TIME, INTERRUPTED)
VALUES (1546, 1, '2019-08-02', 0, 0, false);
INSERT INTO POMODORO(ID, USER, CREATION_TIMESTAMP, WORK_TIME, BREAK_TIME, INTERRUPTED)
VALUES (1547, 1, '2019-08-02', 0, 0, false);
INSERT INTO POMODORO(ID, USER, CREATION_TIMESTAMP, WORK_TIME, BREAK_TIME, INTERRUPTED)
VALUES (1548, 1, '2019-08-02', 0, 0, false);
INSERT INTO POMODORO(ID, USER, CREATION_TIMESTAMP, WORK_TIME, BREAK_TIME, INTERRUPTED)
VALUES (1549, 1, '2019-08-02', 0, 0, false);
INSERT INTO POMODORO(ID, USER, CREATION_TIMESTAMP, WORK_TIME, BREAK_TIME, INTERRUPTED)
VALUES (1550, 1, '2019-08-02', 0, 0, true);
INSERT INTO POMODORO(ID, USER, CREATION_TIMESTAMP, WORK_TIME, BREAK_TIME, INTERRUPTED)
VALUES (1551, 1, '2019-07-31', 0, 0, true);
INSERT INTO POMODORO(ID, USER, CREATION_TIMESTAMP, WORK_TIME, BREAK_TIME, INTERRUPTED)
VALUES (1552, 1, '2019-07-31', 0, 0, true);
INSERT INTO POMODORO(ID, USER, CREATION_TIMESTAMP, WORK_TIME, BREAK_TIME, INTERRUPTED)
VALUES (1553, 1, '2019-07-31', 0, 0, true);
INSERT INTO POMODORO(ID, USER, CREATION_TIMESTAMP, WORK_TIME, BREAK_TIME, INTERRUPTED)
VALUES (1554, 1, '2019-07-31', 0, 0, false);
INSERT INTO POMODORO(ID, USER, CREATION_TIMESTAMP, WORK_TIME, BREAK_TIME, INTERRUPTED)
VALUES (1555, 1, '2019-07-31', 0, 0, false);
INSERT INTO POMODORO(ID, USER, CREATION_TIMESTAMP, WORK_TIME, BREAK_TIME, INTERRUPTED)
VALUES (1556, 1, '2019-07-31', 0, 0, false);
INSERT INTO POMODORO(ID, USER, CREATION_TIMESTAMP, WORK_TIME, BREAK_TIME, INTERRUPTED)
VALUES (1557, 1, '2019-07-31', 0, 0, false);
INSERT INTO POMODORO(ID, USER, CREATION_TIMESTAMP, WORK_TIME, BREAK_TIME, INTERRUPTED)
VALUES (1558, 1, '2019-07-31', 0, 0, false);
INSERT INTO POMODORO(ID, USER, CREATION_TIMESTAMP, WORK_TIME, BREAK_TIME, INTERRUPTED)
VALUES (1559, 1, '2019-07-31', 0, 0, false);
INSERT INTO POMODORO(ID, USER, CREATION_TIMESTAMP, WORK_TIME, BREAK_TIME, INTERRUPTED)
VALUES (1560, 1, '2019-07-31', 0, 0, true);
INSERT INTO POMODORO(ID, USER, CREATION_TIMESTAMP, WORK_TIME, BREAK_TIME, INTERRUPTED)
VALUES (1561, 1, '2019-07-31', 0, 0, false);
INSERT INTO POMODORO(ID, USER, CREATION_TIMESTAMP, WORK_TIME, BREAK_TIME, INTERRUPTED)
VALUES (1562, 1, '2019-07-31', 0, 0, true);
INSERT INTO POMODORO(ID, USER, CREATION_TIMESTAMP, WORK_TIME, BREAK_TIME, INTERRUPTED)
VALUES (1563, 1, '2019-07-31', 0, 0, true);
INSERT INTO POMODORO(ID, USER, CREATION_TIMESTAMP, WORK_TIME, BREAK_TIME, INTERRUPTED)
VALUES (1564, 1, '2019-07-31', 0, 0, false);
INSERT INTO POMODORO(ID, USER, CREATION_TIMESTAMP, WORK_TIME, BREAK_TIME, INTERRUPTED)
VALUES (1565, 1, '2019-07-31', 0, 0, true);
INSERT INTO POMODORO(ID, USER, CREATION_TIMESTAMP, WORK_TIME, BREAK_TIME, INTERRUPTED)
VALUES (1566, 1, '2019-07-31', 0, 0, true);
INSERT INTO POMODORO(ID, USER, CREATION_TIMESTAMP, WORK_TIME, BREAK_TIME, INTERRUPTED)
VALUES (1567, 1, '2019-07-31', 0, 0, true);
INSERT INTO POMODORO(ID, USER, CREATION_TIMESTAMP, WORK_TIME, BREAK_TIME, INTERRUPTED)
VALUES (1568, 1, '2019-07-31', 0, 0, true);
INSERT INTO POMODORO(ID, USER, CREATION_TIMESTAMP, WORK_TIME, BREAK_TIME, INTERRUPTED)
VALUES (1569, 1, '2019-07-31', 0, 0, false);
INSERT INTO POMODORO(ID, USER, CREATION_TIMESTAMP, WORK_TIME, BREAK_TIME, INTERRUPTED)
VALUES (1570, 1, '2019-07-31', 0, 0, false);
INSERT INTO POMODORO(ID, USER, CREATION_TIMESTAMP, WORK_TIME, BREAK_TIME, INTERRUPTED)
VALUES (1571, 1, '2019-07-31', 0, 0, false);
INSERT INTO POMODORO(ID, USER, CREATION_TIMESTAMP, WORK_TIME, BREAK_TIME, INTERRUPTED)
VALUES (1572, 1, '2019-07-31', 0, 0, true);
INSERT INTO POMODORO(ID, USER, CREATION_TIMESTAMP, WORK_TIME, BREAK_TIME, INTERRUPTED)
VALUES (1573, 1, '2019-07-31', 0, 0, false);
INSERT INTO POMODORO(ID, USER, CREATION_TIMESTAMP, WORK_TIME, BREAK_TIME, INTERRUPTED)
VALUES (1574, 1, '2019-07-31', 0, 0, true);
INSERT INTO POMODORO(ID, USER, CREATION_TIMESTAMP, WORK_TIME, BREAK_TIME, INTERRUPTED)
VALUES (1575, 1, '2019-07-31', 0, 0, true);
INSERT INTO POMODORO(ID, USER, CREATION_TIMESTAMP, WORK_TIME, BREAK_TIME, INTERRUPTED)
VALUES (1576, 1, '2019-07-31', 0, 0, false);
INSERT INTO POMODORO(ID, USER, CREATION_TIMESTAMP, WORK_TIME, BREAK_TIME, INTERRUPTED)
VALUES (1577, 1, '2019-07-31', 0, 0, true);
INSERT INTO POMODORO(ID, USER, CREATION_TIMESTAMP, WORK_TIME, BREAK_TIME, INTERRUPTED)
VALUES (1578, 1, '2019-07-30', 0, 0, true);
INSERT INTO POMODORO(ID, USER, CREATION_TIMESTAMP, WORK_TIME, BREAK_TIME, INTERRUPTED)
VALUES (1579, 1, '2019-07-30', 0, 0, false);
INSERT INTO POMODORO(ID, USER, CREATION_TIMESTAMP, WORK_TIME, BREAK_TIME, INTERRUPTED)
VALUES (1580, 1, '2019-07-30', 0, 0, true);
INSERT INTO POMODORO(ID, USER, CREATION_TIMESTAMP, WORK_TIME, BREAK_TIME, INTERRUPTED)
VALUES (1581, 1, '2019-07-30', 0, 0, true);
INSERT INTO POMODORO(ID, USER, CREATION_TIMESTAMP, WORK_TIME, BREAK_TIME, INTERRUPTED)
VALUES (1582, 1, '2019-07-30', 0, 0, false);
INSERT INTO POMODORO(ID, USER, CREATION_TIMESTAMP, WORK_TIME, BREAK_TIME, INTERRUPTED)
VALUES (1583, 1, '2019-07-30', 0, 0, false);
INSERT INTO POMODORO(ID, USER, CREATION_TIMESTAMP, WORK_TIME, BREAK_TIME, INTERRUPTED)
VALUES (1584, 1, '2019-07-30', 0, 0, false);
INSERT INTO POMODORO(ID, USER, CREATION_TIMESTAMP, WORK_TIME, BREAK_TIME, INTERRUPTED)
VALUES (1585, 1, '2019-07-30', 0, 0, false);
INSERT INTO POMODORO(ID, USER, CREATION_TIMESTAMP, WORK_TIME, BREAK_TIME, INTERRUPTED)
VALUES (1586, 1, '2019-07-30', 0, 0, true);
INSERT INTO POMODORO(ID, USER, CREATION_TIMESTAMP, WORK_TIME, BREAK_TIME, INTERRUPTED)
VALUES (1587, 1, '2019-07-30', 0, 0, true);
INSERT INTO POMODORO(ID, USER, CREATION_TIMESTAMP, WORK_TIME, BREAK_TIME, INTERRUPTED)
VALUES (1588, 1, '2019-07-30', 0, 0, true);
INSERT INTO POMODORO(ID, USER, CREATION_TIMESTAMP, WORK_TIME, BREAK_TIME, INTERRUPTED)
VALUES (1589, 1, '2019-07-30', 0, 0, true);
INSERT INTO POMODORO(ID, USER, CREATION_TIMESTAMP, WORK_TIME, BREAK_TIME, INTERRUPTED)
VALUES (1590, 1, '2019-07-30', 0, 0, true);
INSERT INTO POMODORO(ID, USER, CREATION_TIMESTAMP, WORK_TIME, BREAK_TIME, INTERRUPTED)
VALUES (1591, 1, '2019-07-30', 0, 0, false);
INSERT INTO POMODORO(ID, USER, CREATION_TIMESTAMP, WORK_TIME, BREAK_TIME, INTERRUPTED)
VALUES (1592, 1, '2019-07-30', 0, 0, true);
INSERT INTO POMODORO(ID, USER, CREATION_TIMESTAMP, WORK_TIME, BREAK_TIME, INTERRUPTED)
VALUES (1593, 1, '2019-07-30', 0, 0, false);
INSERT INTO POMODORO(ID, USER, CREATION_TIMESTAMP, WORK_TIME, BREAK_TIME, INTERRUPTED)
VALUES (1594, 1, '2019-07-30', 0, 0, false);
INSERT INTO POMODORO(ID, USER, CREATION_TIMESTAMP, WORK_TIME, BREAK_TIME, INTERRUPTED)
VALUES (1595, 1, '2019-07-30', 0, 0, false);
INSERT INTO POMODORO(ID, USER, CREATION_TIMESTAMP, WORK_TIME, BREAK_TIME, INTERRUPTED)
VALUES (1596, 1, '2019-07-30', 0, 0, true);
INSERT INTO POMODORO(ID, USER, CREATION_TIMESTAMP, WORK_TIME, BREAK_TIME, INTERRUPTED)
VALUES (1597, 1, '2019-07-30', 0, 0, true);
INSERT INTO POMODORO(ID, USER, CREATION_TIMESTAMP, WORK_TIME, BREAK_TIME, INTERRUPTED)
VALUES (1598, 1, '2019-07-30', 0, 0, false);
INSERT INTO POMODORO(ID, USER, CREATION_TIMESTAMP, WORK_TIME, BREAK_TIME, INTERRUPTED)
VALUES (1599, 1, '2019-07-30', 0, 0, false);
INSERT INTO POMODORO(ID, USER, CREATION_TIMESTAMP, WORK_TIME, BREAK_TIME, INTERRUPTED)
VALUES (1600, 1, '2019-07-30', 0, 0, true);
INSERT INTO POMODORO(ID, USER, CREATION_TIMESTAMP, WORK_TIME, BREAK_TIME, INTERRUPTED)
VALUES (1601, 1, '2019-07-30', 0, 0, false);
INSERT INTO POMODORO(ID, USER, CREATION_TIMESTAMP, WORK_TIME, BREAK_TIME, INTERRUPTED)
VALUES (1602, 1, '2019-07-30', 0, 0, false);
INSERT INTO POMODORO(ID, USER, CREATION_TIMESTAMP, WORK_TIME, BREAK_TIME, INTERRUPTED)
VALUES (1603, 1, '2019-07-30', 0, 0, false);
INSERT INTO POMODORO(ID, USER, CREATION_TIMESTAMP, WORK_TIME, BREAK_TIME, INTERRUPTED)
VALUES (1604, 1, '2019-07-30', 0, 0, true);
INSERT INTO POMODORO(ID, USER, CREATION_TIMESTAMP, WORK_TIME, BREAK_TIME, INTERRUPTED)
VALUES (1605, 1, '2019-07-30', 0, 0, true);
INSERT INTO POMODORO(ID, USER, CREATION_TIMESTAMP, WORK_TIME, BREAK_TIME, INTERRUPTED)
VALUES (1606, 1, '2019-07-30', 0, 0, false);
INSERT INTO POMODORO(ID, USER, CREATION_TIMESTAMP, WORK_TIME, BREAK_TIME, INTERRUPTED)
VALUES (1607, 1, '2019-07-30', 0, 0, false);
INSERT INTO POMODORO(ID, USER, CREATION_TIMESTAMP, WORK_TIME, BREAK_TIME, INTERRUPTED)
VALUES (1608, 1, '2019-07-30', 0, 0, true);
INSERT INTO POMODORO(ID, USER, CREATION_TIMESTAMP, WORK_TIME, BREAK_TIME, INTERRUPTED)
VALUES (1609, 1, '2019-07-30', 0, 0, true);
INSERT INTO POMODORO(ID, USER, CREATION_TIMESTAMP, WORK_TIME, BREAK_TIME, INTERRUPTED)
VALUES (1610, 1, '2019-07-30', 0, 0, true);
INSERT INTO POMODORO(ID, USER, CREATION_TIMESTAMP, WORK_TIME, BREAK_TIME, INTERRUPTED)
VALUES (1611, 1, '2019-07-30', 0, 0, false);
INSERT INTO POMODORO(ID, USER, CREATION_TIMESTAMP, WORK_TIME, BREAK_TIME, INTERRUPTED)
VALUES (1612, 1, '2019-07-30', 0, 0, false);
INSERT INTO POMODORO(ID, USER, CREATION_TIMESTAMP, WORK_TIME, BREAK_TIME, INTERRUPTED)
VALUES (1613, 1, '2019-07-30', 0, 0, true);
INSERT INTO POMODORO(ID, USER, CREATION_TIMESTAMP, WORK_TIME, BREAK_TIME, INTERRUPTED)
VALUES (1614, 1, '2019-07-30', 0, 0, true);
INSERT INTO POMODORO(ID, USER, CREATION_TIMESTAMP, WORK_TIME, BREAK_TIME, INTERRUPTED)
VALUES (1615, 1, '2019-07-30', 0, 0, true);
INSERT INTO POMODORO(ID, USER, CREATION_TIMESTAMP, WORK_TIME, BREAK_TIME, INTERRUPTED)
VALUES (1616, 1, '2019-07-30', 0, 0, false);
INSERT INTO POMODORO(ID, USER, CREATION_TIMESTAMP, WORK_TIME, BREAK_TIME, INTERRUPTED)
VALUES (1617, 1, '2019-07-30', 0, 0, true);
INSERT INTO POMODORO(ID, USER, CREATION_TIMESTAMP, WORK_TIME, BREAK_TIME, INTERRUPTED)
VALUES (1618, 1, '2019-07-30', 0, 0, false);
INSERT INTO POMODORO(ID, USER, CREATION_TIMESTAMP, WORK_TIME, BREAK_TIME, INTERRUPTED)
VALUES (1619, 1, '2019-07-30', 0, 0, true);
INSERT INTO POMODORO(ID, USER, CREATION_TIMESTAMP, WORK_TIME, BREAK_TIME, INTERRUPTED)
VALUES (1620, 1, '2019-07-30', 0, 0, false);
INSERT INTO POMODORO(ID, USER, CREATION_TIMESTAMP, WORK_TIME, BREAK_TIME, INTERRUPTED)
VALUES (1621, 1, '2019-07-30', 0, 0, true);
INSERT INTO POMODORO(ID, USER, CREATION_TIMESTAMP, WORK_TIME, BREAK_TIME, INTERRUPTED)
VALUES (1622, 1, '2019-07-29', 0, 0, false);
INSERT INTO POMODORO(ID, USER, CREATION_TIMESTAMP, WORK_TIME, BREAK_TIME, INTERRUPTED)
VALUES (1623, 1, '2019-07-29', 0, 0, false);
INSERT INTO POMODORO(ID, USER, CREATION_TIMESTAMP, WORK_TIME, BREAK_TIME, INTERRUPTED)
VALUES (1624, 1, '2019-07-29', 0, 0, true);
INSERT INTO POMODORO(ID, USER, CREATION_TIMESTAMP, WORK_TIME, BREAK_TIME, INTERRUPTED)
VALUES (1625, 1, '2019-07-29', 0, 0, true);
INSERT INTO POMODORO(ID, USER, CREATION_TIMESTAMP, WORK_TIME, BREAK_TIME, INTERRUPTED)
VALUES (1626, 1, '2019-07-29', 0, 0, false);
INSERT INTO POMODORO(ID, USER, CREATION_TIMESTAMP, WORK_TIME, BREAK_TIME, INTERRUPTED)
VALUES (1627, 1, '2019-07-29', 0, 0, true);
INSERT INTO POMODORO(ID, USER, CREATION_TIMESTAMP, WORK_TIME, BREAK_TIME, INTERRUPTED)
VALUES (1628, 1, '2019-07-29', 0, 0, true);
INSERT INTO POMODORO(ID, USER, CREATION_TIMESTAMP, WORK_TIME, BREAK_TIME, INTERRUPTED)
VALUES (1629, 1, '2019-07-29', 0, 0, false);
INSERT INTO POMODORO(ID, USER, CREATION_TIMESTAMP, WORK_TIME, BREAK_TIME, INTERRUPTED)
VALUES (1630, 1, '2019-07-29', 0, 0, false);
INSERT INTO POMODORO(ID, USER, CREATION_TIMESTAMP, WORK_TIME, BREAK_TIME, INTERRUPTED)
VALUES (1631, 1, '2019-07-29', 0, 0, true);
INSERT INTO POMODORO(ID, USER, CREATION_TIMESTAMP, WORK_TIME, BREAK_TIME, INTERRUPTED)
VALUES (1632, 1, '2019-07-28', 0, 0, false);
INSERT INTO POMODORO(ID, USER, CREATION_TIMESTAMP, WORK_TIME, BREAK_TIME, INTERRUPTED)
VALUES (1633, 1, '2019-07-28', 0, 0, false);
INSERT INTO POMODORO(ID, USER, CREATION_TIMESTAMP, WORK_TIME, BREAK_TIME, INTERRUPTED)
VALUES (1634, 1, '2019-07-28', 0, 0, true);
INSERT INTO POMODORO(ID, USER, CREATION_TIMESTAMP, WORK_TIME, BREAK_TIME, INTERRUPTED)
VALUES (1635, 1, '2019-07-28', 0, 0, false);
INSERT INTO POMODORO(ID, USER, CREATION_TIMESTAMP, WORK_TIME, BREAK_TIME, INTERRUPTED)
VALUES (1636, 1, '2019-07-28', 0, 0, true);
INSERT INTO POMODORO(ID, USER, CREATION_TIMESTAMP, WORK_TIME, BREAK_TIME, INTERRUPTED)
VALUES (1637, 1, '2019-07-28', 0, 0, false);
INSERT INTO POMODORO(ID, USER, CREATION_TIMESTAMP, WORK_TIME, BREAK_TIME, INTERRUPTED)
VALUES (1638, 1, '2019-07-28', 0, 0, true);
INSERT INTO POMODORO(ID, USER, CREATION_TIMESTAMP, WORK_TIME, BREAK_TIME, INTERRUPTED)
VALUES (1639, 1, '2019-07-27', 0, 0, true);
INSERT INTO POMODORO(ID, USER, CREATION_TIMESTAMP, WORK_TIME, BREAK_TIME, INTERRUPTED)
VALUES (1640, 1, '2019-07-27', 0, 0, false);
INSERT INTO POMODORO(ID, USER, CREATION_TIMESTAMP, WORK_TIME, BREAK_TIME, INTERRUPTED)
VALUES (1641, 1, '2019-07-27', 0, 0, false);
INSERT INTO POMODORO(ID, USER, CREATION_TIMESTAMP, WORK_TIME, BREAK_TIME, INTERRUPTED)
VALUES (1642, 1, '2019-07-27', 0, 0, true);
INSERT INTO POMODORO(ID, USER, CREATION_TIMESTAMP, WORK_TIME, BREAK_TIME, INTERRUPTED)
VALUES (1643, 1, '2019-07-27', 0, 0, true);
INSERT INTO POMODORO(ID, USER, CREATION_TIMESTAMP, WORK_TIME, BREAK_TIME, INTERRUPTED)
VALUES (1644, 1, '2019-07-27', 0, 0, false);
INSERT INTO POMODORO(ID, USER, CREATION_TIMESTAMP, WORK_TIME, BREAK_TIME, INTERRUPTED)
VALUES (1645, 1, '2019-07-27', 0, 0, true);
INSERT INTO POMODORO(ID, USER, CREATION_TIMESTAMP, WORK_TIME, BREAK_TIME, INTERRUPTED)
VALUES (1646, 1, '2019-07-27', 0, 0, true);
INSERT INTO POMODORO(ID, USER, CREATION_TIMESTAMP, WORK_TIME, BREAK_TIME, INTERRUPTED)
VALUES (1647, 1, '2019-07-27', 0, 0, false);
INSERT INTO POMODORO(ID, USER, CREATION_TIMESTAMP, WORK_TIME, BREAK_TIME, INTERRUPTED)
VALUES (1648, 1, '2019-07-27', 0, 0, false);
INSERT INTO POMODORO(ID, USER, CREATION_TIMESTAMP, WORK_TIME, BREAK_TIME, INTERRUPTED)
VALUES (1649, 1, '2019-07-27', 0, 0, false);
INSERT INTO POMODORO(ID, USER, CREATION_TIMESTAMP, WORK_TIME, BREAK_TIME, INTERRUPTED)
VALUES (1650, 1, '2019-07-27', 0, 0, false);
INSERT INTO POMODORO(ID, USER, CREATION_TIMESTAMP, WORK_TIME, BREAK_TIME, INTERRUPTED)
VALUES (1651, 1, '2019-07-27', 0, 0, true);
INSERT INTO POMODORO(ID, USER, CREATION_TIMESTAMP, WORK_TIME, BREAK_TIME, INTERRUPTED)
VALUES (1652, 1, '2019-07-26', 0, 0, true);
INSERT INTO POMODORO(ID, USER, CREATION_TIMESTAMP, WORK_TIME, BREAK_TIME, INTERRUPTED)
VALUES (1653, 1, '2019-07-26', 0, 0, false);
INSERT INTO POMODORO(ID, USER, CREATION_TIMESTAMP, WORK_TIME, BREAK_TIME, INTERRUPTED)
VALUES (1654, 1, '2019-07-26', 0, 0, true);
INSERT INTO POMODORO(ID, USER, CREATION_TIMESTAMP, WORK_TIME, BREAK_TIME, INTERRUPTED)
VALUES (1655, 1, '2019-07-26', 0, 0, false);
INSERT INTO POMODORO(ID, USER, CREATION_TIMESTAMP, WORK_TIME, BREAK_TIME, INTERRUPTED)
VALUES (1656, 1, '2019-07-26', 0, 0, false);
INSERT INTO POMODORO(ID, USER, CREATION_TIMESTAMP, WORK_TIME, BREAK_TIME, INTERRUPTED)
VALUES (1657, 1, '2019-07-26', 0, 0, false);
INSERT INTO POMODORO(ID, USER, CREATION_TIMESTAMP, WORK_TIME, BREAK_TIME, INTERRUPTED)
VALUES (1658, 1, '2019-07-26', 0, 0, true);
INSERT INTO POMODORO(ID, USER, CREATION_TIMESTAMP, WORK_TIME, BREAK_TIME, INTERRUPTED)
VALUES (1659, 1, '2019-07-26', 0, 0, false);
INSERT INTO POMODORO(ID, USER, CREATION_TIMESTAMP, WORK_TIME, BREAK_TIME, INTERRUPTED)
VALUES (1660, 1, '2019-07-26', 0, 0, false);
INSERT INTO POMODORO(ID, USER, CREATION_TIMESTAMP, WORK_TIME, BREAK_TIME, INTERRUPTED)
VALUES (1661, 1, '2019-07-26', 0, 0, false);
INSERT INTO POMODORO(ID, USER, CREATION_TIMESTAMP, WORK_TIME, BREAK_TIME, INTERRUPTED)
VALUES (1662, 1, '2019-07-26', 0, 0, true);
INSERT INTO POMODORO(ID, USER, CREATION_TIMESTAMP, WORK_TIME, BREAK_TIME, INTERRUPTED)
VALUES (1663, 1, '2019-07-26', 0, 0, true);
INSERT INTO POMODORO(ID, USER, CREATION_TIMESTAMP, WORK_TIME, BREAK_TIME, INTERRUPTED)
VALUES (1664, 1, '2019-07-26', 0, 0, false);
INSERT INTO POMODORO(ID, USER, CREATION_TIMESTAMP, WORK_TIME, BREAK_TIME, INTERRUPTED)
VALUES (1665, 1, '2019-07-26', 0, 0, false);
INSERT INTO POMODORO(ID, USER, CREATION_TIMESTAMP, WORK_TIME, BREAK_TIME, INTERRUPTED)
VALUES (1666, 1, '2019-07-26', 0, 0, true);
INSERT INTO POMODORO(ID, USER, CREATION_TIMESTAMP, WORK_TIME, BREAK_TIME, INTERRUPTED)
VALUES (1667, 1, '2019-07-26', 0, 0, false);
INSERT INTO POMODORO(ID, USER, CREATION_TIMESTAMP, WORK_TIME, BREAK_TIME, INTERRUPTED)
VALUES (1668, 1, '2019-07-26', 0, 0, true);
INSERT INTO POMODORO(ID, USER, CREATION_TIMESTAMP, WORK_TIME, BREAK_TIME, INTERRUPTED)
VALUES (1669, 1, '2019-07-26', 0, 0, true);
INSERT INTO POMODORO(ID, USER, CREATION_TIMESTAMP, WORK_TIME, BREAK_TIME, INTERRUPTED)
VALUES (1670, 1, '2019-07-26', 0, 0, true);
INSERT INTO POMODORO(ID, USER, CREATION_TIMESTAMP, WORK_TIME, BREAK_TIME, INTERRUPTED)
VALUES (1671, 1, '2019-07-26', 0, 0, true);
INSERT INTO POMODORO(ID, USER, CREATION_TIMESTAMP, WORK_TIME, BREAK_TIME, INTERRUPTED)
VALUES (1672, 1, '2019-07-26', 0, 0, false);
INSERT INTO POMODORO(ID, USER, CREATION_TIMESTAMP, WORK_TIME, BREAK_TIME, INTERRUPTED)
VALUES (1673, 1, '2019-07-26', 0, 0, true);
INSERT INTO POMODORO(ID, USER, CREATION_TIMESTAMP, WORK_TIME, BREAK_TIME, INTERRUPTED)
VALUES (1674, 1, '2019-07-26', 0, 0, false);
INSERT INTO POMODORO(ID, USER, CREATION_TIMESTAMP, WORK_TIME, BREAK_TIME, INTERRUPTED)
VALUES (1675, 1, '2019-07-26', 0, 0, false);
INSERT INTO POMODORO(ID, USER, CREATION_TIMESTAMP, WORK_TIME, BREAK_TIME, INTERRUPTED)
VALUES (1676, 1, '2019-07-26', 0, 0, false);
INSERT INTO POMODORO(ID, USER, CREATION_TIMESTAMP, WORK_TIME, BREAK_TIME, INTERRUPTED)
VALUES (1677, 1, '2019-07-26', 0, 0, true);
INSERT INTO POMODORO(ID, USER, CREATION_TIMESTAMP, WORK_TIME, BREAK_TIME, INTERRUPTED)
VALUES (1678, 1, '2019-07-26', 0, 0, false);
INSERT INTO POMODORO(ID, USER, CREATION_TIMESTAMP, WORK_TIME, BREAK_TIME, INTERRUPTED)
VALUES (1679, 1, '2019-07-26', 0, 0, false);
INSERT INTO POMODORO(ID, USER, CREATION_TIMESTAMP, WORK_TIME, BREAK_TIME, INTERRUPTED)
VALUES (1680, 1, '2019-07-26', 0, 0, true);
INSERT INTO POMODORO(ID, USER, CREATION_TIMESTAMP, WORK_TIME, BREAK_TIME, INTERRUPTED)
VALUES (1681, 1, '2019-07-26', 0, 0, true);
INSERT INTO POMODORO(ID, USER, CREATION_TIMESTAMP, WORK_TIME, BREAK_TIME, INTERRUPTED)
VALUES (1682, 1, '2019-07-26', 0, 0, true);
INSERT INTO POMODORO(ID, USER, CREATION_TIMESTAMP, WORK_TIME, BREAK_TIME, INTERRUPTED)
VALUES (1683, 1, '2019-07-26', 0, 0, true);
INSERT INTO POMODORO(ID, USER, CREATION_TIMESTAMP, WORK_TIME, BREAK_TIME, INTERRUPTED)
VALUES (1684, 1, '2019-07-26', 0, 0, true);
INSERT INTO POMODORO(ID, USER, CREATION_TIMESTAMP, WORK_TIME, BREAK_TIME, INTERRUPTED)
VALUES (1685, 1, '2019-07-26', 0, 0, true);
INSERT INTO POMODORO(ID, USER, CREATION_TIMESTAMP, WORK_TIME, BREAK_TIME, INTERRUPTED)
VALUES (1686, 1, '2019-07-26', 0, 0, true);
INSERT INTO POMODORO(ID, USER, CREATION_TIMESTAMP, WORK_TIME, BREAK_TIME, INTERRUPTED)
VALUES (1687, 1, '2019-07-26', 0, 0, true);
INSERT INTO POMODORO(ID, USER, CREATION_TIMESTAMP, WORK_TIME, BREAK_TIME, INTERRUPTED)
VALUES (1688, 1, '2019-07-25', 0, 0, true);
INSERT INTO POMODORO(ID, USER, CREATION_TIMESTAMP, WORK_TIME, BREAK_TIME, INTERRUPTED)
VALUES (1689, 1, '2019-07-25', 0, 0, true);
INSERT INTO POMODORO(ID, USER, CREATION_TIMESTAMP, WORK_TIME, BREAK_TIME, INTERRUPTED)
VALUES (1690, 1, '2019-07-25', 0, 0, false);
INSERT INTO POMODORO(ID, USER, CREATION_TIMESTAMP, WORK_TIME, BREAK_TIME, INTERRUPTED)
VALUES (1691, 1, '2019-07-25', 0, 0, true);
INSERT INTO POMODORO(ID, USER, CREATION_TIMESTAMP, WORK_TIME, BREAK_TIME, INTERRUPTED)
VALUES (1692, 1, '2019-07-24', 0, 0, true);
INSERT INTO POMODORO(ID, USER, CREATION_TIMESTAMP, WORK_TIME, BREAK_TIME, INTERRUPTED)
VALUES (1693, 1, '2019-07-24', 0, 0, true);
INSERT INTO POMODORO(ID, USER, CREATION_TIMESTAMP, WORK_TIME, BREAK_TIME, INTERRUPTED)
VALUES (1694, 1, '2019-07-24', 0, 0, false);
INSERT INTO POMODORO(ID, USER, CREATION_TIMESTAMP, WORK_TIME, BREAK_TIME, INTERRUPTED)
VALUES (1695, 1, '2019-07-24', 0, 0, true);
INSERT INTO POMODORO(ID, USER, CREATION_TIMESTAMP, WORK_TIME, BREAK_TIME, INTERRUPTED)
VALUES (1696, 1, '2019-07-24', 0, 0, false);
INSERT INTO POMODORO(ID, USER, CREATION_TIMESTAMP, WORK_TIME, BREAK_TIME, INTERRUPTED)
VALUES (1697, 1, '2019-07-23', 0, 0, true);
INSERT INTO POMODORO(ID, USER, CREATION_TIMESTAMP, WORK_TIME, BREAK_TIME, INTERRUPTED)
VALUES (1698, 1, '2019-07-23', 0, 0, false);
INSERT INTO POMODORO(ID, USER, CREATION_TIMESTAMP, WORK_TIME, BREAK_TIME, INTERRUPTED)
VALUES (1699, 1, '2019-07-23', 0, 0, false);
INSERT INTO POMODORO(ID, USER, CREATION_TIMESTAMP, WORK_TIME, BREAK_TIME, INTERRUPTED)
VALUES (1700, 1, '2019-07-23', 0, 0, false);
INSERT INTO POMODORO(ID, USER, CREATION_TIMESTAMP, WORK_TIME, BREAK_TIME, INTERRUPTED)
VALUES (1701, 1, '2019-07-23', 0, 0, false);
INSERT INTO POMODORO(ID, USER, CREATION_TIMESTAMP, WORK_TIME, BREAK_TIME, INTERRUPTED)
VALUES (1702, 1, '2019-07-22', 0, 0, false);
INSERT INTO POMODORO(ID, USER, CREATION_TIMESTAMP, WORK_TIME, BREAK_TIME, INTERRUPTED)
VALUES (1703, 1, '2019-07-22', 0, 0, false);
INSERT INTO POMODORO(ID, USER, CREATION_TIMESTAMP, WORK_TIME, BREAK_TIME, INTERRUPTED)
VALUES (1704, 1, '2019-07-22', 0, 0, false);
INSERT INTO POMODORO(ID, USER, CREATION_TIMESTAMP, WORK_TIME, BREAK_TIME, INTERRUPTED)
VALUES (1705, 1, '2019-07-22', 0, 0, false);
INSERT INTO POMODORO(ID, USER, CREATION_TIMESTAMP, WORK_TIME, BREAK_TIME, INTERRUPTED)
VALUES (1706, 1, '2019-07-22', 0, 0, false);
INSERT INTO POMODORO(ID, USER, CREATION_TIMESTAMP, WORK_TIME, BREAK_TIME, INTERRUPTED)
VALUES (1707, 1, '2019-07-22', 0, 0, true);
INSERT INTO POMODORO(ID, USER, CREATION_TIMESTAMP, WORK_TIME, BREAK_TIME, INTERRUPTED)
VALUES (1708, 1, '2019-07-22', 0, 0, true);
INSERT INTO POMODORO(ID, USER, CREATION_TIMESTAMP, WORK_TIME, BREAK_TIME, INTERRUPTED)
VALUES (1709, 1, '2019-07-22', 0, 0, true);
INSERT INTO POMODORO(ID, USER, CREATION_TIMESTAMP, WORK_TIME, BREAK_TIME, INTERRUPTED)
VALUES (1710, 1, '2019-07-22', 0, 0, false);
INSERT INTO POMODORO(ID, USER, CREATION_TIMESTAMP, WORK_TIME, BREAK_TIME, INTERRUPTED)
VALUES (1711, 1, '2019-07-22', 0, 0, false);
INSERT INTO POMODORO(ID, USER, CREATION_TIMESTAMP, WORK_TIME, BREAK_TIME, INTERRUPTED)
VALUES (1712, 1, '2019-07-22', 0, 0, false);
INSERT INTO POMODORO(ID, USER, CREATION_TIMESTAMP, WORK_TIME, BREAK_TIME, INTERRUPTED)
VALUES (1713, 1, '2019-07-22', 0, 0, true);
INSERT INTO POMODORO(ID, USER, CREATION_TIMESTAMP, WORK_TIME, BREAK_TIME, INTERRUPTED)
VALUES (1714, 1, '2019-07-22', 0, 0, false);
INSERT INTO POMODORO(ID, USER, CREATION_TIMESTAMP, WORK_TIME, BREAK_TIME, INTERRUPTED)
VALUES (1715, 1, '2019-07-21', 0, 0, false);
INSERT INTO POMODORO(ID, USER, CREATION_TIMESTAMP, WORK_TIME, BREAK_TIME, INTERRUPTED)
VALUES (1716, 1, '2019-07-21', 0, 0, true);
INSERT INTO POMODORO(ID, USER, CREATION_TIMESTAMP, WORK_TIME, BREAK_TIME, INTERRUPTED)
VALUES (1717, 1, '2019-07-21', 0, 0, false);
INSERT INTO POMODORO(ID, USER, CREATION_TIMESTAMP, WORK_TIME, BREAK_TIME, INTERRUPTED)
VALUES (1718, 1, '2019-07-21', 0, 0, false);
INSERT INTO POMODORO(ID, USER, CREATION_TIMESTAMP, WORK_TIME, BREAK_TIME, INTERRUPTED)
VALUES (1719, 1, '2019-07-21', 0, 0, false);
INSERT INTO POMODORO(ID, USER, CREATION_TIMESTAMP, WORK_TIME, BREAK_TIME, INTERRUPTED)
VALUES (1720, 1, '2019-07-21', 0, 0, true);
INSERT INTO POMODORO(ID, USER, CREATION_TIMESTAMP, WORK_TIME, BREAK_TIME, INTERRUPTED)
VALUES (1721, 1, '2019-07-21', 0, 0, false);
INSERT INTO POMODORO(ID, USER, CREATION_TIMESTAMP, WORK_TIME, BREAK_TIME, INTERRUPTED)
VALUES (1722, 1, '2019-07-21', 0, 0, false);
INSERT INTO POMODORO(ID, USER, CREATION_TIMESTAMP, WORK_TIME, BREAK_TIME, INTERRUPTED)
VALUES (1723, 1, '2019-07-21', 0, 0, false);
INSERT INTO POMODORO(ID, USER, CREATION_TIMESTAMP, WORK_TIME, BREAK_TIME, INTERRUPTED)
VALUES (1724, 1, '2019-07-21', 0, 0, false);
INSERT INTO POMODORO(ID, USER, CREATION_TIMESTAMP, WORK_TIME, BREAK_TIME, INTERRUPTED)
VALUES (1725, 1, '2019-07-21', 0, 0, false);
INSERT INTO POMODORO(ID, USER, CREATION_TIMESTAMP, WORK_TIME, BREAK_TIME, INTERRUPTED)
VALUES (1726, 1, '2019-07-21', 0, 0, false);
INSERT INTO POMODORO(ID, USER, CREATION_TIMESTAMP, WORK_TIME, BREAK_TIME, INTERRUPTED)
VALUES (1727, 1, '2019-07-21', 0, 0, false);
INSERT INTO POMODORO(ID, USER, CREATION_TIMESTAMP, WORK_TIME, BREAK_TIME, INTERRUPTED)
VALUES (1728, 1, '2019-07-21', 0, 0, false);
INSERT INTO POMODORO(ID, USER, CREATION_TIMESTAMP, WORK_TIME, BREAK_TIME, INTERRUPTED)
VALUES (1729, 1, '2019-07-21', 0, 0, false);
INSERT INTO POMODORO(ID, USER, CREATION_TIMESTAMP, WORK_TIME, BREAK_TIME, INTERRUPTED)
VALUES (1730, 1, '2019-07-21', 0, 0, true);
INSERT INTO POMODORO(ID, USER, CREATION_TIMESTAMP, WORK_TIME, BREAK_TIME, INTERRUPTED)
VALUES (1731, 1, '2019-07-21', 0, 0, false);
INSERT INTO POMODORO(ID, USER, CREATION_TIMESTAMP, WORK_TIME, BREAK_TIME, INTERRUPTED)
VALUES (1732, 1, '2019-07-21', 0, 0, true);
INSERT INTO POMODORO(ID, USER, CREATION_TIMESTAMP, WORK_TIME, BREAK_TIME, INTERRUPTED)
VALUES (1733, 1, '2019-07-21', 0, 0, true);
INSERT INTO POMODORO(ID, USER, CREATION_TIMESTAMP, WORK_TIME, BREAK_TIME, INTERRUPTED)
VALUES (1734, 1, '2019-07-21', 0, 0, true);
INSERT INTO POMODORO(ID, USER, CREATION_TIMESTAMP, WORK_TIME, BREAK_TIME, INTERRUPTED)
VALUES (1735, 1, '2019-07-21', 0, 0, false);
INSERT INTO POMODORO(ID, USER, CREATION_TIMESTAMP, WORK_TIME, BREAK_TIME, INTERRUPTED)
VALUES (1736, 1, '2019-07-21', 0, 0, true);
INSERT INTO POMODORO(ID, USER, CREATION_TIMESTAMP, WORK_TIME, BREAK_TIME, INTERRUPTED)
VALUES (1737, 1, '2019-07-21', 0, 0, true);
INSERT INTO POMODORO(ID, USER, CREATION_TIMESTAMP, WORK_TIME, BREAK_TIME, INTERRUPTED)
VALUES (1738, 1, '2019-07-21', 0, 0, false);
INSERT INTO POMODORO(ID, USER, CREATION_TIMESTAMP, WORK_TIME, BREAK_TIME, INTERRUPTED)
VALUES (1739, 1, '2019-07-21', 0, 0, false);
INSERT INTO POMODORO(ID, USER, CREATION_TIMESTAMP, WORK_TIME, BREAK_TIME, INTERRUPTED)
VALUES (1740, 1, '2019-07-21', 0, 0, true);
INSERT INTO POMODORO(ID, USER, CREATION_TIMESTAMP, WORK_TIME, BREAK_TIME, INTERRUPTED)
VALUES (1741, 1, '2019-07-21', 0, 0, true);
INSERT INTO POMODORO(ID, USER, CREATION_TIMESTAMP, WORK_TIME, BREAK_TIME, INTERRUPTED)
VALUES (1742, 1, '2019-07-21', 0, 0, false);
INSERT INTO POMODORO(ID, USER, CREATION_TIMESTAMP, WORK_TIME, BREAK_TIME, INTERRUPTED)
VALUES (1743, 1, '2019-07-21', 0, 0, true);
INSERT INTO POMODORO(ID, USER, CREATION_TIMESTAMP, WORK_TIME, BREAK_TIME, INTERRUPTED)
VALUES (1744, 1, '2019-07-21', 0, 0, false);
INSERT INTO POMODORO(ID, USER, CREATION_TIMESTAMP, WORK_TIME, BREAK_TIME, INTERRUPTED)
VALUES (1745, 1, '2019-07-21', 0, 0, false);
INSERT INTO POMODORO(ID, USER, CREATION_TIMESTAMP, WORK_TIME, BREAK_TIME, INTERRUPTED)
VALUES (1746, 1, '2019-07-21', 0, 0, true);
INSERT INTO POMODORO(ID, USER, CREATION_TIMESTAMP, WORK_TIME, BREAK_TIME, INTERRUPTED)
VALUES (1747, 1, '2019-07-21', 0, 0, true);
INSERT INTO POMODORO(ID, USER, CREATION_TIMESTAMP, WORK_TIME, BREAK_TIME, INTERRUPTED)
VALUES (1748, 1, '2019-07-21', 0, 0, false);
INSERT INTO POMODORO(ID, USER, CREATION_TIMESTAMP, WORK_TIME, BREAK_TIME, INTERRUPTED)
VALUES (1749, 1, '2019-07-21', 0, 0, false);
INSERT INTO POMODORO(ID, USER, CREATION_TIMESTAMP, WORK_TIME, BREAK_TIME, INTERRUPTED)
VALUES (1750, 1, '2019-07-21', 0, 0, true);
INSERT INTO POMODORO(ID, USER, CREATION_TIMESTAMP, WORK_TIME, BREAK_TIME, INTERRUPTED)
VALUES (1751, 1, '2019-07-21', 0, 0, false);
INSERT INTO POMODORO(ID, USER, CREATION_TIMESTAMP, WORK_TIME, BREAK_TIME, INTERRUPTED)
VALUES (1752, 1, '2019-07-20', 0, 0, true);
INSERT INTO POMODORO(ID, USER, CREATION_TIMESTAMP, WORK_TIME, BREAK_TIME, INTERRUPTED)
VALUES (1753, 1, '2019-07-20', 0, 0, true);
INSERT INTO POMODORO(ID, USER, CREATION_TIMESTAMP, WORK_TIME, BREAK_TIME, INTERRUPTED)
VALUES (1754, 1, '2019-07-20', 0, 0, true);
INSERT INTO POMODORO(ID, USER, CREATION_TIMESTAMP, WORK_TIME, BREAK_TIME, INTERRUPTED)
VALUES (1755, 1, '2019-07-20', 0, 0, true);
INSERT INTO POMODORO(ID, USER, CREATION_TIMESTAMP, WORK_TIME, BREAK_TIME, INTERRUPTED)
VALUES (1756, 1, '2019-07-20', 0, 0, false);
INSERT INTO POMODORO(ID, USER, CREATION_TIMESTAMP, WORK_TIME, BREAK_TIME, INTERRUPTED)
VALUES (1757, 1, '2019-07-20', 0, 0, true);
INSERT INTO POMODORO(ID, USER, CREATION_TIMESTAMP, WORK_TIME, BREAK_TIME, INTERRUPTED)
VALUES (1758, 1, '2019-07-20', 0, 0, false);
INSERT INTO POMODORO(ID, USER, CREATION_TIMESTAMP, WORK_TIME, BREAK_TIME, INTERRUPTED)
VALUES (1759, 1, '2019-07-20', 0, 0, true);
INSERT INTO POMODORO(ID, USER, CREATION_TIMESTAMP, WORK_TIME, BREAK_TIME, INTERRUPTED)
VALUES (1760, 1, '2019-07-20', 0, 0, true);
INSERT INTO POMODORO(ID, USER, CREATION_TIMESTAMP, WORK_TIME, BREAK_TIME, INTERRUPTED)
VALUES (1761, 1, '2019-07-20', 0, 0, false);
INSERT INTO POMODORO(ID, USER, CREATION_TIMESTAMP, WORK_TIME, BREAK_TIME, INTERRUPTED)
VALUES (1762, 1, '2019-07-20', 0, 0, true);
INSERT INTO POMODORO(ID, USER, CREATION_TIMESTAMP, WORK_TIME, BREAK_TIME, INTERRUPTED)
VALUES (1763, 1, '2019-07-20', 0, 0, false);
INSERT INTO POMODORO(ID, USER, CREATION_TIMESTAMP, WORK_TIME, BREAK_TIME, INTERRUPTED)
VALUES (1764, 1, '2019-07-20', 0, 0, false);
INSERT INTO POMODORO(ID, USER, CREATION_TIMESTAMP, WORK_TIME, BREAK_TIME, INTERRUPTED)
VALUES (1765, 1, '2019-07-20', 0, 0, false);
INSERT INTO POMODORO(ID, USER, CREATION_TIMESTAMP, WORK_TIME, BREAK_TIME, INTERRUPTED)
VALUES (1766, 1, '2019-07-20', 0, 0, true);
INSERT INTO POMODORO(ID, USER, CREATION_TIMESTAMP, WORK_TIME, BREAK_TIME, INTERRUPTED)
VALUES (1767, 1, '2019-07-20', 0, 0, false);
INSERT INTO POMODORO(ID, USER, CREATION_TIMESTAMP, WORK_TIME, BREAK_TIME, INTERRUPTED)
VALUES (1768, 1, '2019-07-20', 0, 0, true);
INSERT INTO POMODORO(ID, USER, CREATION_TIMESTAMP, WORK_TIME, BREAK_TIME, INTERRUPTED)
VALUES (1769, 1, '2019-07-19', 0, 0, false);
INSERT INTO POMODORO(ID, USER, CREATION_TIMESTAMP, WORK_TIME, BREAK_TIME, INTERRUPTED)
VALUES (1770, 1, '2019-07-19', 0, 0, false);
INSERT INTO POMODORO(ID, USER, CREATION_TIMESTAMP, WORK_TIME, BREAK_TIME, INTERRUPTED)
VALUES (1771, 1, '2019-07-19', 0, 0, true);
INSERT INTO POMODORO(ID, USER, CREATION_TIMESTAMP, WORK_TIME, BREAK_TIME, INTERRUPTED)
VALUES (1772, 1, '2019-07-19', 0, 0, true);
INSERT INTO POMODORO(ID, USER, CREATION_TIMESTAMP, WORK_TIME, BREAK_TIME, INTERRUPTED)
VALUES (1773, 1, '2019-07-19', 0, 0, false);
INSERT INTO POMODORO(ID, USER, CREATION_TIMESTAMP, WORK_TIME, BREAK_TIME, INTERRUPTED)
VALUES (1774, 1, '2019-07-19', 0, 0, true);
INSERT INTO POMODORO(ID, USER, CREATION_TIMESTAMP, WORK_TIME, BREAK_TIME, INTERRUPTED)
VALUES (1775, 1, '2019-07-19', 0, 0, false);
INSERT INTO POMODORO(ID, USER, CREATION_TIMESTAMP, WORK_TIME, BREAK_TIME, INTERRUPTED)
VALUES (1776, 1, '2019-07-19', 0, 0, false);
INSERT INTO POMODORO(ID, USER, CREATION_TIMESTAMP, WORK_TIME, BREAK_TIME, INTERRUPTED)
VALUES (1777, 1, '2019-07-19', 0, 0, true);
INSERT INTO POMODORO(ID, USER, CREATION_TIMESTAMP, WORK_TIME, BREAK_TIME, INTERRUPTED)
VALUES (1778, 1, '2019-07-19', 0, 0, false);
INSERT INTO POMODORO(ID, USER, CREATION_TIMESTAMP, WORK_TIME, BREAK_TIME, INTERRUPTED)
VALUES (1779, 1, '2019-07-19', 0, 0, false);
INSERT INTO POMODORO(ID, USER, CREATION_TIMESTAMP, WORK_TIME, BREAK_TIME, INTERRUPTED)
VALUES (1780, 1, '2019-07-19', 0, 0, false);
INSERT INTO POMODORO(ID, USER, CREATION_TIMESTAMP, WORK_TIME, BREAK_TIME, INTERRUPTED)
VALUES (1781, 1, '2019-07-19', 0, 0, false);
INSERT INTO POMODORO(ID, USER, CREATION_TIMESTAMP, WORK_TIME, BREAK_TIME, INTERRUPTED)
VALUES (1782, 1, '2019-07-19', 0, 0, false);
INSERT INTO POMODORO(ID, USER, CREATION_TIMESTAMP, WORK_TIME, BREAK_TIME, INTERRUPTED)
VALUES (1783, 1, '2019-07-19', 0, 0, true);
INSERT INTO POMODORO(ID, USER, CREATION_TIMESTAMP, WORK_TIME, BREAK_TIME, INTERRUPTED)
VALUES (1784, 1, '2019-07-19', 0, 0, false);
INSERT INTO POMODORO(ID, USER, CREATION_TIMESTAMP, WORK_TIME, BREAK_TIME, INTERRUPTED)
VALUES (1785, 1, '2019-07-19', 0, 0, true);
INSERT INTO POMODORO(ID, USER, CREATION_TIMESTAMP, WORK_TIME, BREAK_TIME, INTERRUPTED)
VALUES (1786, 1, '2019-07-19', 0, 0, false);
INSERT INTO POMODORO(ID, USER, CREATION_TIMESTAMP, WORK_TIME, BREAK_TIME, INTERRUPTED)
VALUES (1787, 1, '2019-07-19', 0, 0, false);
INSERT INTO POMODORO(ID, USER, CREATION_TIMESTAMP, WORK_TIME, BREAK_TIME, INTERRUPTED)
VALUES (1788, 1, '2019-07-19', 0, 0, false);
INSERT INTO POMODORO(ID, USER, CREATION_TIMESTAMP, WORK_TIME, BREAK_TIME, INTERRUPTED)
VALUES (1789, 1, '2019-07-19', 0, 0, false);
INSERT INTO POMODORO(ID, USER, CREATION_TIMESTAMP, WORK_TIME, BREAK_TIME, INTERRUPTED)
VALUES (1790, 1, '2019-07-19', 0, 0, true);
INSERT INTO POMODORO(ID, USER, CREATION_TIMESTAMP, WORK_TIME, BREAK_TIME, INTERRUPTED)
VALUES (1791, 1, '2019-07-19', 0, 0, true);
INSERT INTO POMODORO(ID, USER, CREATION_TIMESTAMP, WORK_TIME, BREAK_TIME, INTERRUPTED)
VALUES (1792, 1, '2019-07-19', 0, 0, false);
INSERT INTO POMODORO(ID, USER, CREATION_TIMESTAMP, WORK_TIME, BREAK_TIME, INTERRUPTED)
VALUES (1793, 1, '2019-07-19', 0, 0, true);
INSERT INTO POMODORO(ID, USER, CREATION_TIMESTAMP, WORK_TIME, BREAK_TIME, INTERRUPTED)
VALUES (1794, 1, '2019-07-19', 0, 0, true);
INSERT INTO POMODORO(ID, USER, CREATION_TIMESTAMP, WORK_TIME, BREAK_TIME, INTERRUPTED)
VALUES (1795, 1, '2019-07-19', 0, 0, false);
INSERT INTO POMODORO(ID, USER, CREATION_TIMESTAMP, WORK_TIME, BREAK_TIME, INTERRUPTED)
VALUES (1796, 1, '2019-07-19', 0, 0, false);
INSERT INTO POMODORO(ID, USER, CREATION_TIMESTAMP, WORK_TIME, BREAK_TIME, INTERRUPTED)
VALUES (1797, 1, '2019-07-19', 0, 0, false);
INSERT INTO POMODORO(ID, USER, CREATION_TIMESTAMP, WORK_TIME, BREAK_TIME, INTERRUPTED)
VALUES (1798, 1, '2019-07-19', 0, 0, false);
INSERT INTO POMODORO(ID, USER, CREATION_TIMESTAMP, WORK_TIME, BREAK_TIME, INTERRUPTED)
VALUES (1799, 1, '2019-07-19', 0, 0, false);
INSERT INTO POMODORO(ID, USER, CREATION_TIMESTAMP, WORK_TIME, BREAK_TIME, INTERRUPTED)
VALUES (1800, 1, '2019-07-19', 0, 0, false);
INSERT INTO POMODORO(ID, USER, CREATION_TIMESTAMP, WORK_TIME, BREAK_TIME, INTERRUPTED)
VALUES (1801, 1, '2019-07-19', 0, 0, true);
INSERT INTO POMODORO(ID, USER, CREATION_TIMESTAMP, WORK_TIME, BREAK_TIME, INTERRUPTED)
VALUES (1802, 1, '2019-07-19', 0, 0, false);
INSERT INTO POMODORO(ID, USER, CREATION_TIMESTAMP, WORK_TIME, BREAK_TIME, INTERRUPTED)
VALUES (1803, 1, '2019-07-19', 0, 0, true);
INSERT INTO POMODORO(ID, USER, CREATION_TIMESTAMP, WORK_TIME, BREAK_TIME, INTERRUPTED)
VALUES (1804, 1, '2019-07-19', 0, 0, false);
INSERT INTO POMODORO(ID, USER, CREATION_TIMESTAMP, WORK_TIME, BREAK_TIME, INTERRUPTED)
VALUES (1805, 1, '2019-07-19', 0, 0, true);
INSERT INTO POMODORO(ID, USER, CREATION_TIMESTAMP, WORK_TIME, BREAK_TIME, INTERRUPTED)
VALUES (1806, 1, '2019-07-19', 0, 0, false);
INSERT INTO POMODORO(ID, USER, CREATION_TIMESTAMP, WORK_TIME, BREAK_TIME, INTERRUPTED)
VALUES (1807, 1, '2019-07-19', 0, 0, false);
INSERT INTO POMODORO(ID, USER, CREATION_TIMESTAMP, WORK_TIME, BREAK_TIME, INTERRUPTED)
VALUES (1808, 1, '2019-07-18', 0, 0, true);
INSERT INTO POMODORO(ID, USER, CREATION_TIMESTAMP, WORK_TIME, BREAK_TIME, INTERRUPTED)
VALUES (1809, 1, '2019-07-18', 0, 0, false);
INSERT INTO POMODORO(ID, USER, CREATION_TIMESTAMP, WORK_TIME, BREAK_TIME, INTERRUPTED)
VALUES (1810, 1, '2019-07-18', 0, 0, false);
INSERT INTO POMODORO(ID, USER, CREATION_TIMESTAMP, WORK_TIME, BREAK_TIME, INTERRUPTED)
VALUES (1811, 1, '2019-07-18', 0, 0, false);
INSERT INTO POMODORO(ID, USER, CREATION_TIMESTAMP, WORK_TIME, BREAK_TIME, INTERRUPTED)
VALUES (1812, 1, '2019-07-18', 0, 0, false);
INSERT INTO POMODORO(ID, USER, CREATION_TIMESTAMP, WORK_TIME, BREAK_TIME, INTERRUPTED)
VALUES (1813, 1, '2019-07-18', 0, 0, false);
INSERT INTO POMODORO(ID, USER, CREATION_TIMESTAMP, WORK_TIME, BREAK_TIME, INTERRUPTED)
VALUES (1814, 1, '2019-07-18', 0, 0, false);
INSERT INTO POMODORO(ID, USER, CREATION_TIMESTAMP, WORK_TIME, BREAK_TIME, INTERRUPTED)
VALUES (1815, 1, '2019-07-18', 0, 0, false);
INSERT INTO POMODORO(ID, USER, CREATION_TIMESTAMP, WORK_TIME, BREAK_TIME, INTERRUPTED)
VALUES (1816, 1, '2019-07-18', 0, 0, true);
INSERT INTO POMODORO(ID, USER, CREATION_TIMESTAMP, WORK_TIME, BREAK_TIME, INTERRUPTED)
VALUES (1817, 1, '2019-07-18', 0, 0, true);
INSERT INTO POMODORO(ID, USER, CREATION_TIMESTAMP, WORK_TIME, BREAK_TIME, INTERRUPTED)
VALUES (1818, 1, '2019-07-17', 0, 0, false);
INSERT INTO POMODORO(ID, USER, CREATION_TIMESTAMP, WORK_TIME, BREAK_TIME, INTERRUPTED)
VALUES (1819, 1, '2019-07-17', 0, 0, true);
INSERT INTO POMODORO(ID, USER, CREATION_TIMESTAMP, WORK_TIME, BREAK_TIME, INTERRUPTED)
VALUES (1820, 1, '2019-07-17', 0, 0, false);
INSERT INTO POMODORO(ID, USER, CREATION_TIMESTAMP, WORK_TIME, BREAK_TIME, INTERRUPTED)
VALUES (1821, 1, '2019-07-17', 0, 0, true);
INSERT INTO POMODORO(ID, USER, CREATION_TIMESTAMP, WORK_TIME, BREAK_TIME, INTERRUPTED)
VALUES (1822, 1, '2019-07-17', 0, 0, false);
INSERT INTO POMODORO(ID, USER, CREATION_TIMESTAMP, WORK_TIME, BREAK_TIME, INTERRUPTED)
VALUES (1823, 1, '2019-07-17', 0, 0, false);
INSERT INTO POMODORO(ID, USER, CREATION_TIMESTAMP, WORK_TIME, BREAK_TIME, INTERRUPTED)
VALUES (1824, 1, '2019-07-17', 0, 0, false);
INSERT INTO POMODORO(ID, USER, CREATION_TIMESTAMP, WORK_TIME, BREAK_TIME, INTERRUPTED)
VALUES (1825, 1, '2019-07-16', 0, 0, false);
INSERT INTO POMODORO(ID, USER, CREATION_TIMESTAMP, WORK_TIME, BREAK_TIME, INTERRUPTED)
VALUES (1826, 1, '2019-07-16', 0, 0, true);
INSERT INTO POMODORO(ID, USER, CREATION_TIMESTAMP, WORK_TIME, BREAK_TIME, INTERRUPTED)
VALUES (1827, 1, '2019-07-16', 0, 0, false);
INSERT INTO POMODORO(ID, USER, CREATION_TIMESTAMP, WORK_TIME, BREAK_TIME, INTERRUPTED)
VALUES (1828, 1, '2019-07-16', 0, 0, false);
INSERT INTO POMODORO(ID, USER, CREATION_TIMESTAMP, WORK_TIME, BREAK_TIME, INTERRUPTED)
VALUES (1829, 1, '2019-07-16', 0, 0, false);
INSERT INTO POMODORO(ID, USER, CREATION_TIMESTAMP, WORK_TIME, BREAK_TIME, INTERRUPTED)
VALUES (1830, 1, '2019-07-16', 0, 0, true);
INSERT INTO POMODORO(ID, USER, CREATION_TIMESTAMP, WORK_TIME, BREAK_TIME, INTERRUPTED)
VALUES (1831, 1, '2019-07-16', 0, 0, false);
INSERT INTO POMODORO(ID, USER, CREATION_TIMESTAMP, WORK_TIME, BREAK_TIME, INTERRUPTED)
VALUES (1832, 1, '2019-07-16', 0, 0, false);
INSERT INTO POMODORO(ID, USER, CREATION_TIMESTAMP, WORK_TIME, BREAK_TIME, INTERRUPTED)
VALUES (1833, 1, '2019-07-16', 0, 0, true);
INSERT INTO POMODORO(ID, USER, CREATION_TIMESTAMP, WORK_TIME, BREAK_TIME, INTERRUPTED)
VALUES (1834, 1, '2019-07-15', 0, 0, false);
INSERT INTO POMODORO(ID, USER, CREATION_TIMESTAMP, WORK_TIME, BREAK_TIME, INTERRUPTED)
VALUES (1835, 1, '2019-07-15', 0, 0, true);
INSERT INTO POMODORO(ID, USER, CREATION_TIMESTAMP, WORK_TIME, BREAK_TIME, INTERRUPTED)
VALUES (1836, 1, '2019-07-15', 0, 0, false);
INSERT INTO POMODORO(ID, USER, CREATION_TIMESTAMP, WORK_TIME, BREAK_TIME, INTERRUPTED)
VALUES (1837, 1, '2019-07-15', 0, 0, true);
INSERT INTO POMODORO(ID, USER, CREATION_TIMESTAMP, WORK_TIME, BREAK_TIME, INTERRUPTED)
VALUES (1838, 1, '2019-07-15', 0, 0, true);
INSERT INTO POMODORO(ID, USER, CREATION_TIMESTAMP, WORK_TIME, BREAK_TIME, INTERRUPTED)
VALUES (1839, 1, '2019-07-15', 0, 0, false);
INSERT INTO POMODORO(ID, USER, CREATION_TIMESTAMP, WORK_TIME, BREAK_TIME, INTERRUPTED)
VALUES (1840, 1, '2019-07-15', 0, 0, true);
INSERT INTO POMODORO(ID, USER, CREATION_TIMESTAMP, WORK_TIME, BREAK_TIME, INTERRUPTED)
VALUES (1841, 1, '2019-07-15', 0, 0, false);
INSERT INTO POMODORO(ID, USER, CREATION_TIMESTAMP, WORK_TIME, BREAK_TIME, INTERRUPTED)
VALUES (1842, 1, '2019-07-15', 0, 0, true);
INSERT INTO POMODORO(ID, USER, CREATION_TIMESTAMP, WORK_TIME, BREAK_TIME, INTERRUPTED)
VALUES (1843, 1, '2019-07-15', 0, 0, true);
INSERT INTO POMODORO(ID, USER, CREATION_TIMESTAMP, WORK_TIME, BREAK_TIME, INTERRUPTED)
VALUES (1844, 1, '2019-07-15', 0, 0, true);
INSERT INTO POMODORO(ID, USER, CREATION_TIMESTAMP, WORK_TIME, BREAK_TIME, INTERRUPTED)
VALUES (1845, 1, '2019-07-15', 0, 0, true);
INSERT INTO POMODORO(ID, USER, CREATION_TIMESTAMP, WORK_TIME, BREAK_TIME, INTERRUPTED)
VALUES (1846, 1, '2019-07-15', 0, 0, true);
INSERT INTO POMODORO(ID, USER, CREATION_TIMESTAMP, WORK_TIME, BREAK_TIME, INTERRUPTED)
VALUES (1847, 1, '2019-07-15', 0, 0, true);
INSERT INTO POMODORO(ID, USER, CREATION_TIMESTAMP, WORK_TIME, BREAK_TIME, INTERRUPTED)
VALUES (1848, 1, '2019-07-15', 0, 0, false);
INSERT INTO POMODORO(ID, USER, CREATION_TIMESTAMP, WORK_TIME, BREAK_TIME, INTERRUPTED)
VALUES (1849, 1, '2019-07-15', 0, 0, true);
INSERT INTO POMODORO(ID, USER, CREATION_TIMESTAMP, WORK_TIME, BREAK_TIME, INTERRUPTED)
VALUES (1850, 1, '2019-07-15', 0, 0, true);
INSERT INTO POMODORO(ID, USER, CREATION_TIMESTAMP, WORK_TIME, BREAK_TIME, INTERRUPTED)
VALUES (1851, 1, '2019-07-15', 0, 0, true);
INSERT INTO POMODORO(ID, USER, CREATION_TIMESTAMP, WORK_TIME, BREAK_TIME, INTERRUPTED)
VALUES (1852, 1, '2019-07-15', 0, 0, false);
INSERT INTO POMODORO(ID, USER, CREATION_TIMESTAMP, WORK_TIME, BREAK_TIME, INTERRUPTED)
VALUES (1853, 1, '2019-07-15', 0, 0, true);
INSERT INTO POMODORO(ID, USER, CREATION_TIMESTAMP, WORK_TIME, BREAK_TIME, INTERRUPTED)
VALUES (1854, 1, '2019-07-15', 0, 0, true);
INSERT INTO POMODORO(ID, USER, CREATION_TIMESTAMP, WORK_TIME, BREAK_TIME, INTERRUPTED)
VALUES (1855, 1, '2019-07-15', 0, 0, false);
INSERT INTO POMODORO(ID, USER, CREATION_TIMESTAMP, WORK_TIME, BREAK_TIME, INTERRUPTED)
VALUES (1856, 1, '2019-07-15', 0, 0, false);
INSERT INTO POMODORO(ID, USER, CREATION_TIMESTAMP, WORK_TIME, BREAK_TIME, INTERRUPTED)
VALUES (1857, 1, '2019-07-15', 0, 0, false);
INSERT INTO POMODORO(ID, USER, CREATION_TIMESTAMP, WORK_TIME, BREAK_TIME, INTERRUPTED)
VALUES (1858, 1, '2019-07-15', 0, 0, true);
INSERT INTO POMODORO(ID, USER, CREATION_TIMESTAMP, WORK_TIME, BREAK_TIME, INTERRUPTED)
VALUES (1859, 1, '2019-07-15', 0, 0, false);
INSERT INTO POMODORO(ID, USER, CREATION_TIMESTAMP, WORK_TIME, BREAK_TIME, INTERRUPTED)
VALUES (1860, 1, '2019-07-15', 0, 0, true);
INSERT INTO POMODORO(ID, USER, CREATION_TIMESTAMP, WORK_TIME, BREAK_TIME, INTERRUPTED)
VALUES (1861, 1, '2019-07-15', 0, 0, true);
INSERT INTO POMODORO(ID, USER, CREATION_TIMESTAMP, WORK_TIME, BREAK_TIME, INTERRUPTED)
VALUES (1862, 1, '2019-07-15', 0, 0, true);
INSERT INTO POMODORO(ID, USER, CREATION_TIMESTAMP, WORK_TIME, BREAK_TIME, INTERRUPTED)
VALUES (1863, 1, '2019-07-15', 0, 0, false);
INSERT INTO POMODORO(ID, USER, CREATION_TIMESTAMP, WORK_TIME, BREAK_TIME, INTERRUPTED)
VALUES (1864, 1, '2019-07-15', 0, 0, false);
INSERT INTO POMODORO(ID, USER, CREATION_TIMESTAMP, WORK_TIME, BREAK_TIME, INTERRUPTED)
VALUES (1865, 1, '2019-07-15', 0, 0, true);
INSERT INTO POMODORO(ID, USER, CREATION_TIMESTAMP, WORK_TIME, BREAK_TIME, INTERRUPTED)
VALUES (1866, 1, '2019-07-15', 0, 0, true);
INSERT INTO POMODORO(ID, USER, CREATION_TIMESTAMP, WORK_TIME, BREAK_TIME, INTERRUPTED)
VALUES (1867, 1, '2019-07-15', 0, 0, false);
INSERT INTO POMODORO(ID, USER, CREATION_TIMESTAMP, WORK_TIME, BREAK_TIME, INTERRUPTED)
VALUES (1868, 1, '2019-07-14', 0, 0, false);
INSERT INTO POMODORO(ID, USER, CREATION_TIMESTAMP, WORK_TIME, BREAK_TIME, INTERRUPTED)
VALUES (1869, 1, '2019-07-14', 0, 0, false);
INSERT INTO POMODORO(ID, USER, CREATION_TIMESTAMP, WORK_TIME, BREAK_TIME, INTERRUPTED)
VALUES (1870, 1, '2019-07-14', 0, 0, false);
INSERT INTO POMODORO(ID, USER, CREATION_TIMESTAMP, WORK_TIME, BREAK_TIME, INTERRUPTED)
VALUES (1871, 1, '2019-07-14', 0, 0, false);
INSERT INTO POMODORO(ID, USER, CREATION_TIMESTAMP, WORK_TIME, BREAK_TIME, INTERRUPTED)
VALUES (1872, 1, '2019-07-14', 0, 0, true);
INSERT INTO POMODORO(ID, USER, CREATION_TIMESTAMP, WORK_TIME, BREAK_TIME, INTERRUPTED)
VALUES (1873, 1, '2019-07-14', 0, 0, true);
INSERT INTO POMODORO(ID, USER, CREATION_TIMESTAMP, WORK_TIME, BREAK_TIME, INTERRUPTED)
VALUES (1874, 1, '2019-07-14', 0, 0, true);
INSERT INTO POMODORO(ID, USER, CREATION_TIMESTAMP, WORK_TIME, BREAK_TIME, INTERRUPTED)
VALUES (1875, 1, '2019-07-14', 0, 0, true);
INSERT INTO POMODORO(ID, USER, CREATION_TIMESTAMP, WORK_TIME, BREAK_TIME, INTERRUPTED)
VALUES (1876, 1, '2019-07-14', 0, 0, true);
INSERT INTO POMODORO(ID, USER, CREATION_TIMESTAMP, WORK_TIME, BREAK_TIME, INTERRUPTED)
VALUES (1877, 1, '2019-07-14', 0, 0, true);
INSERT INTO POMODORO(ID, USER, CREATION_TIMESTAMP, WORK_TIME, BREAK_TIME, INTERRUPTED)
VALUES (1878, 1, '2019-07-14', 0, 0, false);
INSERT INTO POMODORO(ID, USER, CREATION_TIMESTAMP, WORK_TIME, BREAK_TIME, INTERRUPTED)
VALUES (1879, 1, '2019-07-14', 0, 0, true);
INSERT INTO POMODORO(ID, USER, CREATION_TIMESTAMP, WORK_TIME, BREAK_TIME, INTERRUPTED)
VALUES (1880, 1, '2019-07-14', 0, 0, true);
INSERT INTO POMODORO(ID, USER, CREATION_TIMESTAMP, WORK_TIME, BREAK_TIME, INTERRUPTED)
VALUES (1881, 1, '2019-07-14', 0, 0, false);
INSERT INTO POMODORO(ID, USER, CREATION_TIMESTAMP, WORK_TIME, BREAK_TIME, INTERRUPTED)
VALUES (1882, 1, '2019-07-14', 0, 0, true);
INSERT INTO POMODORO(ID, USER, CREATION_TIMESTAMP, WORK_TIME, BREAK_TIME, INTERRUPTED)
VALUES (1883, 1, '2019-07-14', 0, 0, false);
INSERT INTO POMODORO(ID, USER, CREATION_TIMESTAMP, WORK_TIME, BREAK_TIME, INTERRUPTED)
VALUES (1884, 1, '2019-07-14', 0, 0, true);
INSERT INTO POMODORO(ID, USER, CREATION_TIMESTAMP, WORK_TIME, BREAK_TIME, INTERRUPTED)
VALUES (1885, 1, '2019-07-14', 0, 0, true);
INSERT INTO POMODORO(ID, USER, CREATION_TIMESTAMP, WORK_TIME, BREAK_TIME, INTERRUPTED)
VALUES (1886, 1, '2019-07-14', 0, 0, true);
INSERT INTO POMODORO(ID, USER, CREATION_TIMESTAMP, WORK_TIME, BREAK_TIME, INTERRUPTED)
VALUES (1887, 1, '2019-07-14', 0, 0, false);
INSERT INTO POMODORO(ID, USER, CREATION_TIMESTAMP, WORK_TIME, BREAK_TIME, INTERRUPTED)
VALUES (1888, 1, '2019-07-13', 0, 0, false);
INSERT INTO POMODORO(ID, USER, CREATION_TIMESTAMP, WORK_TIME, BREAK_TIME, INTERRUPTED)
VALUES (1889, 1, '2019-07-13', 0, 0, true);
INSERT INTO POMODORO(ID, USER, CREATION_TIMESTAMP, WORK_TIME, BREAK_TIME, INTERRUPTED)
VALUES (1890, 1, '2019-07-13', 0, 0, false);
INSERT INTO POMODORO(ID, USER, CREATION_TIMESTAMP, WORK_TIME, BREAK_TIME, INTERRUPTED)
VALUES (1891, 1, '2019-07-13', 0, 0, true);
INSERT INTO POMODORO(ID, USER, CREATION_TIMESTAMP, WORK_TIME, BREAK_TIME, INTERRUPTED)
VALUES (1892, 1, '2019-07-13', 0, 0, true);
INSERT INTO POMODORO(ID, USER, CREATION_TIMESTAMP, WORK_TIME, BREAK_TIME, INTERRUPTED)
VALUES (1893, 1, '2019-07-13', 0, 0, false);
INSERT INTO POMODORO(ID, USER, CREATION_TIMESTAMP, WORK_TIME, BREAK_TIME, INTERRUPTED)
VALUES (1894, 1, '2019-07-13', 0, 0, true);
INSERT INTO POMODORO(ID, USER, CREATION_TIMESTAMP, WORK_TIME, BREAK_TIME, INTERRUPTED)
VALUES (1895, 1, '2019-07-13', 0, 0, true);
INSERT INTO POMODORO(ID, USER, CREATION_TIMESTAMP, WORK_TIME, BREAK_TIME, INTERRUPTED)
VALUES (1896, 1, '2019-07-13', 0, 0, true);
INSERT INTO POMODORO(ID, USER, CREATION_TIMESTAMP, WORK_TIME, BREAK_TIME, INTERRUPTED)
VALUES (1897, 1, '2019-07-13', 0, 0, true);
INSERT INTO POMODORO(ID, USER, CREATION_TIMESTAMP, WORK_TIME, BREAK_TIME, INTERRUPTED)
VALUES (1898, 1, '2019-07-13', 0, 0, true);
INSERT INTO POMODORO(ID, USER, CREATION_TIMESTAMP, WORK_TIME, BREAK_TIME, INTERRUPTED)
VALUES (1899, 1, '2019-07-13', 0, 0, true);
INSERT INTO POMODORO(ID, USER, CREATION_TIMESTAMP, WORK_TIME, BREAK_TIME, INTERRUPTED)
VALUES (1900, 1, '2019-07-13', 0, 0, false);
INSERT INTO POMODORO(ID, USER, CREATION_TIMESTAMP, WORK_TIME, BREAK_TIME, INTERRUPTED)
VALUES (1901, 1, '2019-07-13', 0, 0, false);
INSERT INTO POMODORO(ID, USER, CREATION_TIMESTAMP, WORK_TIME, BREAK_TIME, INTERRUPTED)
VALUES (1902, 1, '2019-07-13', 0, 0, true);
INSERT INTO POMODORO(ID, USER, CREATION_TIMESTAMP, WORK_TIME, BREAK_TIME, INTERRUPTED)
VALUES (1903, 1, '2019-07-13', 0, 0, false);
INSERT INTO POMODORO(ID, USER, CREATION_TIMESTAMP, WORK_TIME, BREAK_TIME, INTERRUPTED)
VALUES (1904, 1, '2019-07-13', 0, 0, false);
INSERT INTO POMODORO(ID, USER, CREATION_TIMESTAMP, WORK_TIME, BREAK_TIME, INTERRUPTED)
VALUES (1905, 1, '2019-07-13', 0, 0, true);
INSERT INTO POMODORO(ID, USER, CREATION_TIMESTAMP, WORK_TIME, BREAK_TIME, INTERRUPTED)
VALUES (1906, 1, '2019-07-13', 0, 0, false);
INSERT INTO POMODORO(ID, USER, CREATION_TIMESTAMP, WORK_TIME, BREAK_TIME, INTERRUPTED)
VALUES (1907, 1, '2019-07-13', 0, 0, false);
INSERT INTO POMODORO(ID, USER, CREATION_TIMESTAMP, WORK_TIME, BREAK_TIME, INTERRUPTED)
VALUES (1908, 1, '2019-07-13', 0, 0, false);
INSERT INTO POMODORO(ID, USER, CREATION_TIMESTAMP, WORK_TIME, BREAK_TIME, INTERRUPTED)
VALUES (1909, 1, '2019-07-13', 0, 0, true);
INSERT INTO POMODORO(ID, USER, CREATION_TIMESTAMP, WORK_TIME, BREAK_TIME, INTERRUPTED)
VALUES (1910, 1, '2019-07-13', 0, 0, true);
INSERT INTO POMODORO(ID, USER, CREATION_TIMESTAMP, WORK_TIME, BREAK_TIME, INTERRUPTED)
VALUES (1911, 1, '2019-07-12', 0, 0, true);
INSERT INTO POMODORO(ID, USER, CREATION_TIMESTAMP, WORK_TIME, BREAK_TIME, INTERRUPTED)
VALUES (1912, 1, '2019-07-12', 0, 0, true);
INSERT INTO POMODORO(ID, USER, CREATION_TIMESTAMP, WORK_TIME, BREAK_TIME, INTERRUPTED)
VALUES (1913, 1, '2019-07-12', 0, 0, false);
INSERT INTO POMODORO(ID, USER, CREATION_TIMESTAMP, WORK_TIME, BREAK_TIME, INTERRUPTED)
VALUES (1914, 1, '2019-07-12', 0, 0, true);
INSERT INTO POMODORO(ID, USER, CREATION_TIMESTAMP, WORK_TIME, BREAK_TIME, INTERRUPTED)
VALUES (1915, 1, '2019-07-12', 0, 0, false);
INSERT INTO POMODORO(ID, USER, CREATION_TIMESTAMP, WORK_TIME, BREAK_TIME, INTERRUPTED)
VALUES (1916, 1, '2019-07-12', 0, 0, false);
INSERT INTO POMODORO(ID, USER, CREATION_TIMESTAMP, WORK_TIME, BREAK_TIME, INTERRUPTED)
VALUES (1917, 1, '2019-07-12', 0, 0, true);
INSERT INTO POMODORO(ID, USER, CREATION_TIMESTAMP, WORK_TIME, BREAK_TIME, INTERRUPTED)
VALUES (1918, 1, '2019-07-12', 0, 0, true);
INSERT INTO POMODORO(ID, USER, CREATION_TIMESTAMP, WORK_TIME, BREAK_TIME, INTERRUPTED)
VALUES (1919, 1, '2019-07-11', 0, 0, true);
INSERT INTO POMODORO(ID, USER, CREATION_TIMESTAMP, WORK_TIME, BREAK_TIME, INTERRUPTED)
VALUES (1920, 1, '2019-07-11', 0, 0, true);
INSERT INTO POMODORO(ID, USER, CREATION_TIMESTAMP, WORK_TIME, BREAK_TIME, INTERRUPTED)
VALUES (1921, 1, '2019-07-11', 0, 0, true);
INSERT INTO POMODORO(ID, USER, CREATION_TIMESTAMP, WORK_TIME, BREAK_TIME, INTERRUPTED)
VALUES (1922, 1, '2019-07-11', 0, 0, false);
INSERT INTO POMODORO(ID, USER, CREATION_TIMESTAMP, WORK_TIME, BREAK_TIME, INTERRUPTED)
VALUES (1923, 1, '2019-07-11', 0, 0, false);
INSERT INTO POMODORO(ID, USER, CREATION_TIMESTAMP, WORK_TIME, BREAK_TIME, INTERRUPTED)
VALUES (1924, 1, '2019-07-11', 0, 0, false);
INSERT INTO POMODORO(ID, USER, CREATION_TIMESTAMP, WORK_TIME, BREAK_TIME, INTERRUPTED)
VALUES (1925, 1, '2019-07-11', 0, 0, false);
INSERT INTO POMODORO(ID, USER, CREATION_TIMESTAMP, WORK_TIME, BREAK_TIME, INTERRUPTED)
VALUES (1926, 1, '2019-07-11', 0, 0, false);
INSERT INTO POMODORO(ID, USER, CREATION_TIMESTAMP, WORK_TIME, BREAK_TIME, INTERRUPTED)
VALUES (1927, 1, '2019-07-11', 0, 0, false);
INSERT INTO POMODORO(ID, USER, CREATION_TIMESTAMP, WORK_TIME, BREAK_TIME, INTERRUPTED)
VALUES (1928, 1, '2019-07-11', 0, 0, false);
INSERT INTO POMODORO(ID, USER, CREATION_TIMESTAMP, WORK_TIME, BREAK_TIME, INTERRUPTED)
VALUES (1929, 1, '2019-07-11', 0, 0, false);
INSERT INTO POMODORO(ID, USER, CREATION_TIMESTAMP, WORK_TIME, BREAK_TIME, INTERRUPTED)
VALUES (1930, 1, '2019-07-11', 0, 0, false);
INSERT INTO POMODORO(ID, USER, CREATION_TIMESTAMP, WORK_TIME, BREAK_TIME, INTERRUPTED)
VALUES (1931, 1, '2019-07-11', 0, 0, true);
INSERT INTO POMODORO(ID, USER, CREATION_TIMESTAMP, WORK_TIME, BREAK_TIME, INTERRUPTED)
VALUES (1932, 1, '2019-07-11', 0, 0, true);
INSERT INTO POMODORO(ID, USER, CREATION_TIMESTAMP, WORK_TIME, BREAK_TIME, INTERRUPTED)
VALUES (1933, 1, '2019-07-11', 0, 0, true);
INSERT INTO POMODORO(ID, USER, CREATION_TIMESTAMP, WORK_TIME, BREAK_TIME, INTERRUPTED)
VALUES (1934, 1, '2019-07-11', 0, 0, false);
INSERT INTO POMODORO(ID, USER, CREATION_TIMESTAMP, WORK_TIME, BREAK_TIME, INTERRUPTED)
VALUES (1935, 1, '2019-07-11', 0, 0, false);
INSERT INTO POMODORO(ID, USER, CREATION_TIMESTAMP, WORK_TIME, BREAK_TIME, INTERRUPTED)
VALUES (1936, 1, '2019-07-11', 0, 0, true);
INSERT INTO POMODORO(ID, USER, CREATION_TIMESTAMP, WORK_TIME, BREAK_TIME, INTERRUPTED)
VALUES (1937, 1, '2019-07-11', 0, 0, true);
INSERT INTO POMODORO(ID, USER, CREATION_TIMESTAMP, WORK_TIME, BREAK_TIME, INTERRUPTED)
VALUES (1938, 1, '2019-07-11', 0, 0, false);
INSERT INTO POMODORO(ID, USER, CREATION_TIMESTAMP, WORK_TIME, BREAK_TIME, INTERRUPTED)
VALUES (1939, 1, '2019-07-11', 0, 0, false);
INSERT INTO POMODORO(ID, USER, CREATION_TIMESTAMP, WORK_TIME, BREAK_TIME, INTERRUPTED)
VALUES (1940, 1, '2019-07-11', 0, 0, false);
INSERT INTO POMODORO(ID, USER, CREATION_TIMESTAMP, WORK_TIME, BREAK_TIME, INTERRUPTED)
VALUES (1941, 1, '2019-07-11', 0, 0, false);
INSERT INTO POMODORO(ID, USER, CREATION_TIMESTAMP, WORK_TIME, BREAK_TIME, INTERRUPTED)
VALUES (1942, 1, '2019-07-11', 0, 0, true);
INSERT INTO POMODORO(ID, USER, CREATION_TIMESTAMP, WORK_TIME, BREAK_TIME, INTERRUPTED)
VALUES (1943, 1, '2019-07-11', 0, 0, true);
INSERT INTO POMODORO(ID, USER, CREATION_TIMESTAMP, WORK_TIME, BREAK_TIME, INTERRUPTED)
VALUES (1944, 1, '2019-07-11', 0, 0, true);
INSERT INTO POMODORO(ID, USER, CREATION_TIMESTAMP, WORK_TIME, BREAK_TIME, INTERRUPTED)
VALUES (1945, 1, '2019-07-11', 0, 0, true);
INSERT INTO POMODORO(ID, USER, CREATION_TIMESTAMP, WORK_TIME, BREAK_TIME, INTERRUPTED)
VALUES (1946, 1, '2019-07-11', 0, 0, false);
INSERT INTO POMODORO(ID, USER, CREATION_TIMESTAMP, WORK_TIME, BREAK_TIME, INTERRUPTED)
VALUES (1947, 1, '2019-07-10', 0, 0, false);
INSERT INTO POMODORO(ID, USER, CREATION_TIMESTAMP, WORK_TIME, BREAK_TIME, INTERRUPTED)
VALUES (1948, 1, '2019-07-10', 0, 0, true);
INSERT INTO POMODORO(ID, USER, CREATION_TIMESTAMP, WORK_TIME, BREAK_TIME, INTERRUPTED)
VALUES (1949, 1, '2019-07-10', 0, 0, true);
INSERT INTO POMODORO(ID, USER, CREATION_TIMESTAMP, WORK_TIME, BREAK_TIME, INTERRUPTED)
VALUES (1950, 1, '2019-07-10', 0, 0, false);
INSERT INTO POMODORO(ID, USER, CREATION_TIMESTAMP, WORK_TIME, BREAK_TIME, INTERRUPTED)
VALUES (1951, 1, '2019-07-10', 0, 0, true);
INSERT INTO POMODORO(ID, USER, CREATION_TIMESTAMP, WORK_TIME, BREAK_TIME, INTERRUPTED)
VALUES (1952, 1, '2019-07-10', 0, 0, true);
INSERT INTO POMODORO(ID, USER, CREATION_TIMESTAMP, WORK_TIME, BREAK_TIME, INTERRUPTED)
VALUES (1953, 1, '2019-07-10', 0, 0, true);
INSERT INTO POMODORO(ID, USER, CREATION_TIMESTAMP, WORK_TIME, BREAK_TIME, INTERRUPTED)
VALUES (1954, 1, '2019-07-10', 0, 0, true);
INSERT INTO POMODORO(ID, USER, CREATION_TIMESTAMP, WORK_TIME, BREAK_TIME, INTERRUPTED)
VALUES (1955, 1, '2019-07-10', 0, 0, false);
INSERT INTO POMODORO(ID, USER, CREATION_TIMESTAMP, WORK_TIME, BREAK_TIME, INTERRUPTED)
VALUES (1956, 1, '2019-07-10', 0, 0, false);
INSERT INTO POMODORO(ID, USER, CREATION_TIMESTAMP, WORK_TIME, BREAK_TIME, INTERRUPTED)
VALUES (1957, 1, '2019-07-10', 0, 0, false);
INSERT INTO POMODORO(ID, USER, CREATION_TIMESTAMP, WORK_TIME, BREAK_TIME, INTERRUPTED)
VALUES (1958, 1, '2019-07-10', 0, 0, true);
INSERT INTO POMODORO(ID, USER, CREATION_TIMESTAMP, WORK_TIME, BREAK_TIME, INTERRUPTED)
VALUES (1959, 1, '2019-07-10', 0, 0, false);
INSERT INTO POMODORO(ID, USER, CREATION_TIMESTAMP, WORK_TIME, BREAK_TIME, INTERRUPTED)
VALUES (1960, 1, '2019-07-09', 0, 0, false);
INSERT INTO POMODORO(ID, USER, CREATION_TIMESTAMP, WORK_TIME, BREAK_TIME, INTERRUPTED)
VALUES (1961, 1, '2019-07-09', 0, 0, false);
INSERT INTO POMODORO(ID, USER, CREATION_TIMESTAMP, WORK_TIME, BREAK_TIME, INTERRUPTED)
VALUES (1962, 1, '2019-07-09', 0, 0, false);
INSERT INTO POMODORO(ID, USER, CREATION_TIMESTAMP, WORK_TIME, BREAK_TIME, INTERRUPTED)
VALUES (1963, 1, '2019-07-09', 0, 0, false);
INSERT INTO POMODORO(ID, USER, CREATION_TIMESTAMP, WORK_TIME, BREAK_TIME, INTERRUPTED)
VALUES (1964, 1, '2019-07-09', 0, 0, true);
INSERT INTO POMODORO(ID, USER, CREATION_TIMESTAMP, WORK_TIME, BREAK_TIME, INTERRUPTED)
VALUES (1965, 1, '2019-07-08', 0, 0, false);
INSERT INTO POMODORO(ID, USER, CREATION_TIMESTAMP, WORK_TIME, BREAK_TIME, INTERRUPTED)
VALUES (1966, 1, '2019-07-08', 0, 0, true);
INSERT INTO POMODORO(ID, USER, CREATION_TIMESTAMP, WORK_TIME, BREAK_TIME, INTERRUPTED)
VALUES (1967, 1, '2019-07-08', 0, 0, true);
INSERT INTO POMODORO(ID, USER, CREATION_TIMESTAMP, WORK_TIME, BREAK_TIME, INTERRUPTED)
VALUES (1968, 1, '2019-07-08', 0, 0, true);
INSERT INTO POMODORO(ID, USER, CREATION_TIMESTAMP, WORK_TIME, BREAK_TIME, INTERRUPTED)
VALUES (1969, 1, '2019-07-08', 0, 0, true);
INSERT INTO POMODORO(ID, USER, CREATION_TIMESTAMP, WORK_TIME, BREAK_TIME, INTERRUPTED)
VALUES (1970, 1, '2019-07-08', 0, 0, true);
INSERT INTO POMODORO(ID, USER, CREATION_TIMESTAMP, WORK_TIME, BREAK_TIME, INTERRUPTED)
VALUES (1971, 1, '2019-07-08', 0, 0, false);
INSERT INTO POMODORO(ID, USER, CREATION_TIMESTAMP, WORK_TIME, BREAK_TIME, INTERRUPTED)
VALUES (1972, 1, '2019-07-08', 0, 0, false);
INSERT INTO POMODORO(ID, USER, CREATION_TIMESTAMP, WORK_TIME, BREAK_TIME, INTERRUPTED)
VALUES (1973, 1, '2019-07-08', 0, 0, false);
INSERT INTO POMODORO(ID, USER, CREATION_TIMESTAMP, WORK_TIME, BREAK_TIME, INTERRUPTED)
VALUES (1974, 1, '2019-07-08', 0, 0, true);
INSERT INTO POMODORO(ID, USER, CREATION_TIMESTAMP, WORK_TIME, BREAK_TIME, INTERRUPTED)
VALUES (1975, 1, '2019-07-08', 0, 0, false);
INSERT INTO POMODORO(ID, USER, CREATION_TIMESTAMP, WORK_TIME, BREAK_TIME, INTERRUPTED)
VALUES (1976, 1, '2019-07-08', 0, 0, false);
INSERT INTO POMODORO(ID, USER, CREATION_TIMESTAMP, WORK_TIME, BREAK_TIME, INTERRUPTED)
VALUES (1977, 1, '2019-07-08', 0, 0, true);
INSERT INTO POMODORO(ID, USER, CREATION_TIMESTAMP, WORK_TIME, BREAK_TIME, INTERRUPTED)
VALUES (1978, 1, '2019-07-08', 0, 0, true);
INSERT INTO POMODORO(ID, USER, CREATION_TIMESTAMP, WORK_TIME, BREAK_TIME, INTERRUPTED)
VALUES (1979, 1, '2019-07-08', 0, 0, true);
INSERT INTO POMODORO(ID, USER, CREATION_TIMESTAMP, WORK_TIME, BREAK_TIME, INTERRUPTED)
VALUES (1980, 1, '2019-07-08', 0, 0, true);
INSERT INTO POMODORO(ID, USER, CREATION_TIMESTAMP, WORK_TIME, BREAK_TIME, INTERRUPTED)
VALUES (1981, 1, '2019-07-08', 0, 0, true);
INSERT INTO POMODORO(ID, USER, CREATION_TIMESTAMP, WORK_TIME, BREAK_TIME, INTERRUPTED)
VALUES (1982, 1, '2019-07-08', 0, 0, true);
INSERT INTO POMODORO(ID, USER, CREATION_TIMESTAMP, WORK_TIME, BREAK_TIME, INTERRUPTED)
VALUES (1983, 1, '2019-07-08', 0, 0, false);
INSERT INTO POMODORO(ID, USER, CREATION_TIMESTAMP, WORK_TIME, BREAK_TIME, INTERRUPTED)
VALUES (1984, 1, '2019-07-08', 0, 0, true);
INSERT INTO POMODORO(ID, USER, CREATION_TIMESTAMP, WORK_TIME, BREAK_TIME, INTERRUPTED)
VALUES (1985, 1, '2019-07-08', 0, 0, true);
INSERT INTO POMODORO(ID, USER, CREATION_TIMESTAMP, WORK_TIME, BREAK_TIME, INTERRUPTED)
VALUES (1986, 1, '2019-07-08', 0, 0, true);
INSERT INTO POMODORO(ID, USER, CREATION_TIMESTAMP, WORK_TIME, BREAK_TIME, INTERRUPTED)
VALUES (1987, 1, '2019-07-08', 0, 0, true);
INSERT INTO POMODORO(ID, USER, CREATION_TIMESTAMP, WORK_TIME, BREAK_TIME, INTERRUPTED)
VALUES (1988, 1, '2019-07-08', 0, 0, true);
INSERT INTO POMODORO(ID, USER, CREATION_TIMESTAMP, WORK_TIME, BREAK_TIME, INTERRUPTED)
VALUES (1989, 1, '2019-07-08', 0, 0, false);
INSERT INTO POMODORO(ID, USER, CREATION_TIMESTAMP, WORK_TIME, BREAK_TIME, INTERRUPTED)
VALUES (1990, 1, '2019-07-08', 0, 0, true);
INSERT INTO POMODORO(ID, USER, CREATION_TIMESTAMP, WORK_TIME, BREAK_TIME, INTERRUPTED)
VALUES (1991, 1, '2019-07-08', 0, 0, false);
INSERT INTO POMODORO(ID, USER, CREATION_TIMESTAMP, WORK_TIME, BREAK_TIME, INTERRUPTED)
VALUES (1992, 1, '2019-07-08', 0, 0, true);
INSERT INTO POMODORO(ID, USER, CREATION_TIMESTAMP, WORK_TIME, BREAK_TIME, INTERRUPTED)
VALUES (1993, 1, '2019-07-08', 0, 0, true);
INSERT INTO POMODORO(ID, USER, CREATION_TIMESTAMP, WORK_TIME, BREAK_TIME, INTERRUPTED)
VALUES (1994, 1, '2019-07-08', 0, 0, false);
INSERT INTO POMODORO(ID, USER, CREATION_TIMESTAMP, WORK_TIME, BREAK_TIME, INTERRUPTED)
VALUES (1995, 1, '2019-07-08', 0, 0, false);
INSERT INTO POMODORO(ID, USER, CREATION_TIMESTAMP, WORK_TIME, BREAK_TIME, INTERRUPTED)
VALUES (1996, 1, '2019-07-08', 0, 0, false);
INSERT INTO POMODORO(ID, USER, CREATION_TIMESTAMP, WORK_TIME, BREAK_TIME, INTERRUPTED)
VALUES (1997, 1, '2019-07-08', 0, 0, false);
INSERT INTO POMODORO(ID, USER, CREATION_TIMESTAMP, WORK_TIME, BREAK_TIME, INTERRUPTED)
VALUES (1998, 1, '2019-07-08', 0, 0, false);
INSERT INTO POMODORO(ID, USER, CREATION_TIMESTAMP, WORK_TIME, BREAK_TIME, INTERRUPTED)
VALUES (1999, 1, '2019-07-07', 0, 0, true);
INSERT INTO POMODORO(ID, USER, CREATION_TIMESTAMP, WORK_TIME, BREAK_TIME, INTERRUPTED)
VALUES (2000, 1, '2019-07-07', 0, 0, true);
INSERT INTO POMODORO(ID, USER, CREATION_TIMESTAMP, WORK_TIME, BREAK_TIME, INTERRUPTED)
VALUES (2001, 1, '2019-07-07', 0, 0, true);
INSERT INTO POMODORO(ID, USER, CREATION_TIMESTAMP, WORK_TIME, BREAK_TIME, INTERRUPTED)
VALUES (2002, 1, '2019-07-07', 0, 0, true);
INSERT INTO POMODORO(ID, USER, CREATION_TIMESTAMP, WORK_TIME, BREAK_TIME, INTERRUPTED)
VALUES (2003, 1, '2019-07-07', 0, 0, false);
INSERT INTO POMODORO(ID, USER, CREATION_TIMESTAMP, WORK_TIME, BREAK_TIME, INTERRUPTED)
VALUES (2004, 1, '2019-07-07', 0, 0, false);
INSERT INTO POMODORO(ID, USER, CREATION_TIMESTAMP, WORK_TIME, BREAK_TIME, INTERRUPTED)
VALUES (2005, 1, '2019-07-07', 0, 0, false);
INSERT INTO POMODORO(ID, USER, CREATION_TIMESTAMP, WORK_TIME, BREAK_TIME, INTERRUPTED)
VALUES (2006, 1, '2019-07-07', 0, 0, false);
INSERT INTO POMODORO(ID, USER, CREATION_TIMESTAMP, WORK_TIME, BREAK_TIME, INTERRUPTED)
VALUES (2007, 1, '2019-07-07', 0, 0, true);
INSERT INTO POMODORO(ID, USER, CREATION_TIMESTAMP, WORK_TIME, BREAK_TIME, INTERRUPTED)
VALUES (2008, 1, '2019-07-07', 0, 0, false);
INSERT INTO POMODORO(ID, USER, CREATION_TIMESTAMP, WORK_TIME, BREAK_TIME, INTERRUPTED)
VALUES (2009, 1, '2019-07-07', 0, 0, false);
INSERT INTO POMODORO(ID, USER, CREATION_TIMESTAMP, WORK_TIME, BREAK_TIME, INTERRUPTED)
VALUES (2010, 1, '2019-07-07', 0, 0, true);
INSERT INTO POMODORO(ID, USER, CREATION_TIMESTAMP, WORK_TIME, BREAK_TIME, INTERRUPTED)
VALUES (2011, 1, '2019-07-07', 0, 0, true);
INSERT INTO POMODORO(ID, USER, CREATION_TIMESTAMP, WORK_TIME, BREAK_TIME, INTERRUPTED)
VALUES (2012, 1, '2019-07-07', 0, 0, false);
INSERT INTO POMODORO(ID, USER, CREATION_TIMESTAMP, WORK_TIME, BREAK_TIME, INTERRUPTED)
VALUES (2013, 1, '2019-07-06', 0, 0, true);
INSERT INTO POMODORO(ID, USER, CREATION_TIMESTAMP, WORK_TIME, BREAK_TIME, INTERRUPTED)
VALUES (2014, 1, '2019-07-06', 0, 0, false);
INSERT INTO POMODORO(ID, USER, CREATION_TIMESTAMP, WORK_TIME, BREAK_TIME, INTERRUPTED)
VALUES (2015, 1, '2019-07-06', 0, 0, true);
INSERT INTO POMODORO(ID, USER, CREATION_TIMESTAMP, WORK_TIME, BREAK_TIME, INTERRUPTED)
VALUES (2016, 1, '2019-07-06', 0, 0, true);
INSERT INTO POMODORO(ID, USER, CREATION_TIMESTAMP, WORK_TIME, BREAK_TIME, INTERRUPTED)
VALUES (2017, 1, '2019-07-06', 0, 0, true);
INSERT INTO POMODORO(ID, USER, CREATION_TIMESTAMP, WORK_TIME, BREAK_TIME, INTERRUPTED)
VALUES (2018, 1, '2019-07-06', 0, 0, true);
INSERT INTO POMODORO(ID, USER, CREATION_TIMESTAMP, WORK_TIME, BREAK_TIME, INTERRUPTED)
VALUES (2019, 1, '2019-07-06', 0, 0, true);
INSERT INTO POMODORO(ID, USER, CREATION_TIMESTAMP, WORK_TIME, BREAK_TIME, INTERRUPTED)
VALUES (2020, 1, '2019-07-06', 0, 0, true);
INSERT INTO POMODORO(ID, USER, CREATION_TIMESTAMP, WORK_TIME, BREAK_TIME, INTERRUPTED)
VALUES (2021, 1, '2019-07-06', 0, 0, true);
INSERT INTO POMODORO(ID, USER, CREATION_TIMESTAMP, WORK_TIME, BREAK_TIME, INTERRUPTED)
VALUES (2022, 1, '2019-07-06', 0, 0, true);
INSERT INTO POMODORO(ID, USER, CREATION_TIMESTAMP, WORK_TIME, BREAK_TIME, INTERRUPTED)
VALUES (2023, 1, '2019-07-06', 0, 0, false);
INSERT INTO POMODORO(ID, USER, CREATION_TIMESTAMP, WORK_TIME, BREAK_TIME, INTERRUPTED)
VALUES (2024, 1, '2019-07-06', 0, 0, false);
INSERT INTO POMODORO(ID, USER, CREATION_TIMESTAMP, WORK_TIME, BREAK_TIME, INTERRUPTED)
VALUES (2025, 1, '2019-07-06', 0, 0, false);
INSERT INTO POMODORO(ID, USER, CREATION_TIMESTAMP, WORK_TIME, BREAK_TIME, INTERRUPTED)
VALUES (2026, 1, '2019-07-06', 0, 0, false);
INSERT INTO POMODORO(ID, USER, CREATION_TIMESTAMP, WORK_TIME, BREAK_TIME, INTERRUPTED)
VALUES (2027, 1, '2019-07-06', 0, 0, true);
INSERT INTO POMODORO(ID, USER, CREATION_TIMESTAMP, WORK_TIME, BREAK_TIME, INTERRUPTED)
VALUES (2028, 1, '2019-07-06', 0, 0, true);
INSERT INTO POMODORO(ID, USER, CREATION_TIMESTAMP, WORK_TIME, BREAK_TIME, INTERRUPTED)
VALUES (2029, 1, '2019-07-06', 0, 0, false);
INSERT INTO POMODORO(ID, USER, CREATION_TIMESTAMP, WORK_TIME, BREAK_TIME, INTERRUPTED)
VALUES (2030, 1, '2019-07-06', 0, 0, false);
INSERT INTO POMODORO(ID, USER, CREATION_TIMESTAMP, WORK_TIME, BREAK_TIME, INTERRUPTED)
VALUES (2031, 1, '2019-07-06', 0, 0, false);
INSERT INTO POMODORO(ID, USER, CREATION_TIMESTAMP, WORK_TIME, BREAK_TIME, INTERRUPTED)
VALUES (2032, 1, '2019-07-06', 0, 0, true);
INSERT INTO POMODORO(ID, USER, CREATION_TIMESTAMP, WORK_TIME, BREAK_TIME, INTERRUPTED)
VALUES (2033, 1, '2019-07-06', 0, 0, true);
INSERT INTO POMODORO(ID, USER, CREATION_TIMESTAMP, WORK_TIME, BREAK_TIME, INTERRUPTED)
VALUES (2034, 1, '2019-07-06', 0, 0, false);
INSERT INTO POMODORO(ID, USER, CREATION_TIMESTAMP, WORK_TIME, BREAK_TIME, INTERRUPTED)
VALUES (2035, 1, '2019-07-06', 0, 0, false);
INSERT INTO POMODORO(ID, USER, CREATION_TIMESTAMP, WORK_TIME, BREAK_TIME, INTERRUPTED)
VALUES (2036, 1, '2019-07-06', 0, 0, true);
INSERT INTO POMODORO(ID, USER, CREATION_TIMESTAMP, WORK_TIME, BREAK_TIME, INTERRUPTED)
VALUES (2037, 1, '2019-07-06', 0, 0, false);
INSERT INTO POMODORO(ID, USER, CREATION_TIMESTAMP, WORK_TIME, BREAK_TIME, INTERRUPTED)
VALUES (2038, 1, '2019-07-06', 0, 0, false);
INSERT INTO POMODORO(ID, USER, CREATION_TIMESTAMP, WORK_TIME, BREAK_TIME, INTERRUPTED)
VALUES (2039, 1, '2019-07-06', 0, 0, false);
INSERT INTO POMODORO(ID, USER, CREATION_TIMESTAMP, WORK_TIME, BREAK_TIME, INTERRUPTED)
VALUES (2040, 1, '2019-07-06', 0, 0, true);
INSERT INTO POMODORO(ID, USER, CREATION_TIMESTAMP, WORK_TIME, BREAK_TIME, INTERRUPTED)
VALUES (2041, 1, '2019-07-06', 0, 0, false);
INSERT INTO POMODORO(ID, USER, CREATION_TIMESTAMP, WORK_TIME, BREAK_TIME, INTERRUPTED)
VALUES (2042, 1, '2019-07-06', 0, 0, true);
INSERT INTO POMODORO(ID, USER, CREATION_TIMESTAMP, WORK_TIME, BREAK_TIME, INTERRUPTED)
VALUES (2043, 1, '2019-07-06', 0, 0, true);
INSERT INTO POMODORO(ID, USER, CREATION_TIMESTAMP, WORK_TIME, BREAK_TIME, INTERRUPTED)
VALUES (2044, 1, '2019-07-06', 0, 0, true);
INSERT INTO POMODORO(ID, USER, CREATION_TIMESTAMP, WORK_TIME, BREAK_TIME, INTERRUPTED)
VALUES (2045, 1, '2019-07-06', 0, 0, true);
INSERT INTO POMODORO(ID, USER, CREATION_TIMESTAMP, WORK_TIME, BREAK_TIME, INTERRUPTED)
VALUES (2046, 1, '2019-07-06', 0, 0, true);
INSERT INTO POMODORO(ID, USER, CREATION_TIMESTAMP, WORK_TIME, BREAK_TIME, INTERRUPTED)
VALUES (2047, 1, '2019-07-06', 0, 0, false);
INSERT INTO POMODORO(ID, USER, CREATION_TIMESTAMP, WORK_TIME, BREAK_TIME, INTERRUPTED)
VALUES (2048, 1, '2019-07-06', 0, 0, true);
INSERT INTO POMODORO(ID, USER, CREATION_TIMESTAMP, WORK_TIME, BREAK_TIME, INTERRUPTED)
VALUES (2049, 1, '2019-07-06', 0, 0, false);
INSERT INTO POMODORO(ID, USER, CREATION_TIMESTAMP, WORK_TIME, BREAK_TIME, INTERRUPTED)
VALUES (2050, 1, '2019-07-06', 0, 0, true);
INSERT INTO POMODORO(ID, USER, CREATION_TIMESTAMP, WORK_TIME, BREAK_TIME, INTERRUPTED)
VALUES (2051, 1, '2019-07-06', 0, 0, true);
INSERT INTO POMODORO(ID, USER, CREATION_TIMESTAMP, WORK_TIME, BREAK_TIME, INTERRUPTED)
VALUES (2052, 1, '2019-07-06', 0, 0, true);
INSERT INTO POMODORO(ID, USER, CREATION_TIMESTAMP, WORK_TIME, BREAK_TIME, INTERRUPTED)
VALUES (2053, 1, '2019-07-06', 0, 0, false);
INSERT INTO POMODORO(ID, USER, CREATION_TIMESTAMP, WORK_TIME, BREAK_TIME, INTERRUPTED)
VALUES (2054, 1, '2019-07-06', 0, 0, false);
INSERT INTO POMODORO(ID, USER, CREATION_TIMESTAMP, WORK_TIME, BREAK_TIME, INTERRUPTED)
VALUES (2055, 1, '2019-07-06', 0, 0, false);
INSERT INTO POMODORO(ID, USER, CREATION_TIMESTAMP, WORK_TIME, BREAK_TIME, INTERRUPTED)
VALUES (2056, 1, '2019-07-06', 0, 0, false);
INSERT INTO POMODORO(ID, USER, CREATION_TIMESTAMP, WORK_TIME, BREAK_TIME, INTERRUPTED)
VALUES (2057, 1, '2019-07-06', 0, 0, false);
INSERT INTO POMODORO(ID, USER, CREATION_TIMESTAMP, WORK_TIME, BREAK_TIME, INTERRUPTED)
VALUES (2058, 1, '2019-07-05', 0, 0, false);
INSERT INTO POMODORO(ID, USER, CREATION_TIMESTAMP, WORK_TIME, BREAK_TIME, INTERRUPTED)
VALUES (2059, 1, '2019-07-05', 0, 0, true);
INSERT INTO POMODORO(ID, USER, CREATION_TIMESTAMP, WORK_TIME, BREAK_TIME, INTERRUPTED)
VALUES (2060, 1, '2019-07-05', 0, 0, true);
INSERT INTO POMODORO(ID, USER, CREATION_TIMESTAMP, WORK_TIME, BREAK_TIME, INTERRUPTED)
VALUES (2061, 1, '2019-07-05', 0, 0, true);
INSERT INTO POMODORO(ID, USER, CREATION_TIMESTAMP, WORK_TIME, BREAK_TIME, INTERRUPTED)
VALUES (2062, 1, '2019-07-05', 0, 0, true);
INSERT INTO POMODORO(ID, USER, CREATION_TIMESTAMP, WORK_TIME, BREAK_TIME, INTERRUPTED)
VALUES (2063, 1, '2019-07-05', 0, 0, true);
INSERT INTO POMODORO(ID, USER, CREATION_TIMESTAMP, WORK_TIME, BREAK_TIME, INTERRUPTED)
VALUES (2064, 1, '2019-07-05', 0, 0, false);
INSERT INTO POMODORO(ID, USER, CREATION_TIMESTAMP, WORK_TIME, BREAK_TIME, INTERRUPTED)
VALUES (2065, 1, '2019-07-05', 0, 0, false);
INSERT INTO POMODORO(ID, USER, CREATION_TIMESTAMP, WORK_TIME, BREAK_TIME, INTERRUPTED)
VALUES (2066, 1, '2019-07-05', 0, 0, true);
INSERT INTO POMODORO(ID, USER, CREATION_TIMESTAMP, WORK_TIME, BREAK_TIME, INTERRUPTED)
VALUES (2067, 1, '2019-07-05', 0, 0, true);
INSERT INTO POMODORO(ID, USER, CREATION_TIMESTAMP, WORK_TIME, BREAK_TIME, INTERRUPTED)
VALUES (2068, 1, '2019-07-05', 0, 0, false);
INSERT INTO POMODORO(ID, USER, CREATION_TIMESTAMP, WORK_TIME, BREAK_TIME, INTERRUPTED)
VALUES (2069, 1, '2019-07-05', 0, 0, false);
INSERT INTO POMODORO(ID, USER, CREATION_TIMESTAMP, WORK_TIME, BREAK_TIME, INTERRUPTED)
VALUES (2070, 1, '2019-07-05', 0, 0, false);
INSERT INTO POMODORO(ID, USER, CREATION_TIMESTAMP, WORK_TIME, BREAK_TIME, INTERRUPTED)
VALUES (2071, 1, '2019-07-05', 0, 0, true);
INSERT INTO POMODORO(ID, USER, CREATION_TIMESTAMP, WORK_TIME, BREAK_TIME, INTERRUPTED)
VALUES (2072, 1, '2019-07-05', 0, 0, false);
INSERT INTO POMODORO(ID, USER, CREATION_TIMESTAMP, WORK_TIME, BREAK_TIME, INTERRUPTED)
VALUES (2073, 1, '2019-07-05', 0, 0, true);
INSERT INTO POMODORO(ID, USER, CREATION_TIMESTAMP, WORK_TIME, BREAK_TIME, INTERRUPTED)
VALUES (2074, 1, '2019-07-05', 0, 0, true);
INSERT INTO POMODORO(ID, USER, CREATION_TIMESTAMP, WORK_TIME, BREAK_TIME, INTERRUPTED)
VALUES (2075, 1, '2019-07-05', 0, 0, true);
INSERT INTO POMODORO(ID, USER, CREATION_TIMESTAMP, WORK_TIME, BREAK_TIME, INTERRUPTED)
VALUES (2076, 1, '2019-07-05', 0, 0, false);
INSERT INTO POMODORO(ID, USER, CREATION_TIMESTAMP, WORK_TIME, BREAK_TIME, INTERRUPTED)
VALUES (2077, 1, '2019-07-05', 0, 0, true);
INSERT INTO POMODORO(ID, USER, CREATION_TIMESTAMP, WORK_TIME, BREAK_TIME, INTERRUPTED)
VALUES (2078, 1, '2019-07-05', 0, 0, false);
INSERT INTO POMODORO(ID, USER, CREATION_TIMESTAMP, WORK_TIME, BREAK_TIME, INTERRUPTED)
VALUES (2079, 1, '2019-07-05', 0, 0, true);
INSERT INTO POMODORO(ID, USER, CREATION_TIMESTAMP, WORK_TIME, BREAK_TIME, INTERRUPTED)
VALUES (2080, 1, '2019-07-05', 0, 0, false);
INSERT INTO POMODORO(ID, USER, CREATION_TIMESTAMP, WORK_TIME, BREAK_TIME, INTERRUPTED)
VALUES (2081, 1, '2019-07-05', 0, 0, true);
INSERT INTO POMODORO(ID, USER, CREATION_TIMESTAMP, WORK_TIME, BREAK_TIME, INTERRUPTED)
VALUES (2082, 1, '2019-07-05', 0, 0, false);
INSERT INTO POMODORO(ID, USER, CREATION_TIMESTAMP, WORK_TIME, BREAK_TIME, INTERRUPTED)
VALUES (2083, 1, '2019-07-05', 0, 0, true);
INSERT INTO POMODORO(ID, USER, CREATION_TIMESTAMP, WORK_TIME, BREAK_TIME, INTERRUPTED)
VALUES (2084, 1, '2019-07-05', 0, 0, true);
INSERT INTO POMODORO(ID, USER, CREATION_TIMESTAMP, WORK_TIME, BREAK_TIME, INTERRUPTED)
VALUES (2085, 1, '2019-07-05', 0, 0, false);
INSERT INTO POMODORO(ID, USER, CREATION_TIMESTAMP, WORK_TIME, BREAK_TIME, INTERRUPTED)
VALUES (2086, 1, '2019-07-05', 0, 0, true);
INSERT INTO POMODORO(ID, USER, CREATION_TIMESTAMP, WORK_TIME, BREAK_TIME, INTERRUPTED)
VALUES (2087, 1, '2019-07-05', 0, 0, true);
INSERT INTO POMODORO(ID, USER, CREATION_TIMESTAMP, WORK_TIME, BREAK_TIME, INTERRUPTED)
VALUES (2088, 1, '2019-07-05', 0, 0, false);
INSERT INTO POMODORO(ID, USER, CREATION_TIMESTAMP, WORK_TIME, BREAK_TIME, INTERRUPTED)
VALUES (2089, 1, '2019-07-05', 0, 0, false);
INSERT INTO POMODORO(ID, USER, CREATION_TIMESTAMP, WORK_TIME, BREAK_TIME, INTERRUPTED)
VALUES (2090, 1, '2019-07-05', 0, 0, false);
INSERT INTO POMODORO(ID, USER, CREATION_TIMESTAMP, WORK_TIME, BREAK_TIME, INTERRUPTED)
VALUES (2091, 1, '2019-07-05', 0, 0, true);
INSERT INTO POMODORO(ID, USER, CREATION_TIMESTAMP, WORK_TIME, BREAK_TIME, INTERRUPTED)
VALUES (2092, 1, '2019-07-05', 0, 0, false);
INSERT INTO POMODORO(ID, USER, CREATION_TIMESTAMP, WORK_TIME, BREAK_TIME, INTERRUPTED)
VALUES (2093, 1, '2019-07-05', 0, 0, false);
INSERT INTO POMODORO(ID, USER, CREATION_TIMESTAMP, WORK_TIME, BREAK_TIME, INTERRUPTED)
VALUES (2094, 1, '2019-07-05', 0, 0, false);
INSERT INTO POMODORO(ID, USER, CREATION_TIMESTAMP, WORK_TIME, BREAK_TIME, INTERRUPTED)
VALUES (2095, 1, '2019-07-04', 0, 0, false);
INSERT INTO POMODORO(ID, USER, CREATION_TIMESTAMP, WORK_TIME, BREAK_TIME, INTERRUPTED)
VALUES (2096, 1, '2019-07-04', 0, 0, false);
INSERT INTO POMODORO(ID, USER, CREATION_TIMESTAMP, WORK_TIME, BREAK_TIME, INTERRUPTED)
VALUES (2097, 1, '2019-07-04', 0, 0, true);
INSERT INTO POMODORO(ID, USER, CREATION_TIMESTAMP, WORK_TIME, BREAK_TIME, INTERRUPTED)
VALUES (2098, 1, '2019-07-04', 0, 0, true);
INSERT INTO POMODORO(ID, USER, CREATION_TIMESTAMP, WORK_TIME, BREAK_TIME, INTERRUPTED)
VALUES (2099, 1, '2019-07-04', 0, 0, true);
INSERT INTO POMODORO(ID, USER, CREATION_TIMESTAMP, WORK_TIME, BREAK_TIME, INTERRUPTED)
VALUES (2100, 1, '2019-07-04', 0, 0, true);
INSERT INTO POMODORO(ID, USER, CREATION_TIMESTAMP, WORK_TIME, BREAK_TIME, INTERRUPTED)
VALUES (2101, 1, '2019-07-04', 0, 0, false);
INSERT INTO POMODORO(ID, USER, CREATION_TIMESTAMP, WORK_TIME, BREAK_TIME, INTERRUPTED)
VALUES (2102, 1, '2019-07-04', 0, 0, true);
INSERT INTO POMODORO(ID, USER, CREATION_TIMESTAMP, WORK_TIME, BREAK_TIME, INTERRUPTED)
VALUES (2103, 1, '2019-07-04', 0, 0, true);
INSERT INTO POMODORO(ID, USER, CREATION_TIMESTAMP, WORK_TIME, BREAK_TIME, INTERRUPTED)
VALUES (2104, 1, '2019-07-04', 0, 0, true);
INSERT INTO POMODORO(ID, USER, CREATION_TIMESTAMP, WORK_TIME, BREAK_TIME, INTERRUPTED)
VALUES (2105, 1, '2019-07-04', 0, 0, true);
INSERT INTO POMODORO(ID, USER, CREATION_TIMESTAMP, WORK_TIME, BREAK_TIME, INTERRUPTED)
VALUES (2106, 1, '2019-07-04', 0, 0, true);
INSERT INTO POMODORO(ID, USER, CREATION_TIMESTAMP, WORK_TIME, BREAK_TIME, INTERRUPTED)
VALUES (2107, 1, '2019-07-04', 0, 0, true);
INSERT INTO POMODORO(ID, USER, CREATION_TIMESTAMP, WORK_TIME, BREAK_TIME, INTERRUPTED)
VALUES (2108, 1, '2019-07-04', 0, 0, true);
INSERT INTO POMODORO(ID, USER, CREATION_TIMESTAMP, WORK_TIME, BREAK_TIME, INTERRUPTED)
VALUES (2109, 1, '2019-07-04', 0, 0, false);
INSERT INTO POMODORO(ID, USER, CREATION_TIMESTAMP, WORK_TIME, BREAK_TIME, INTERRUPTED)
VALUES (2110, 1, '2019-07-04', 0, 0, false);
INSERT INTO POMODORO(ID, USER, CREATION_TIMESTAMP, WORK_TIME, BREAK_TIME, INTERRUPTED)
VALUES (2111, 1, '2019-07-04', 0, 0, true);
INSERT INTO POMODORO(ID, USER, CREATION_TIMESTAMP, WORK_TIME, BREAK_TIME, INTERRUPTED)
VALUES (2112, 1, '2019-07-04', 0, 0, true);
INSERT INTO POMODORO(ID, USER, CREATION_TIMESTAMP, WORK_TIME, BREAK_TIME, INTERRUPTED)
VALUES (2113, 1, '2019-07-04', 0, 0, false);
INSERT INTO POMODORO(ID, USER, CREATION_TIMESTAMP, WORK_TIME, BREAK_TIME, INTERRUPTED)
VALUES (2114, 1, '2019-07-04', 0, 0, false);
INSERT INTO POMODORO(ID, USER, CREATION_TIMESTAMP, WORK_TIME, BREAK_TIME, INTERRUPTED)
VALUES (2115, 1, '2019-07-04', 0, 0, false);
INSERT INTO POMODORO(ID, USER, CREATION_TIMESTAMP, WORK_TIME, BREAK_TIME, INTERRUPTED)
VALUES (2116, 1, '2019-07-04', 0, 0, false);
INSERT INTO POMODORO(ID, USER, CREATION_TIMESTAMP, WORK_TIME, BREAK_TIME, INTERRUPTED)
VALUES (2117, 1, '2019-07-04', 0, 0, false);
INSERT INTO POMODORO(ID, USER, CREATION_TIMESTAMP, WORK_TIME, BREAK_TIME, INTERRUPTED)
VALUES (2118, 1, '2019-07-04', 0, 0, true);
INSERT INTO POMODORO(ID, USER, CREATION_TIMESTAMP, WORK_TIME, BREAK_TIME, INTERRUPTED)
VALUES (2119, 1, '2019-07-04', 0, 0, true);
INSERT INTO POMODORO(ID, USER, CREATION_TIMESTAMP, WORK_TIME, BREAK_TIME, INTERRUPTED)
VALUES (2120, 1, '2019-07-04', 0, 0, true);
INSERT INTO POMODORO(ID, USER, CREATION_TIMESTAMP, WORK_TIME, BREAK_TIME, INTERRUPTED)
VALUES (2121, 1, '2019-07-04', 0, 0, false);
INSERT INTO POMODORO(ID, USER, CREATION_TIMESTAMP, WORK_TIME, BREAK_TIME, INTERRUPTED)
VALUES (2122, 1, '2019-07-04', 0, 0, true);
INSERT INTO POMODORO(ID, USER, CREATION_TIMESTAMP, WORK_TIME, BREAK_TIME, INTERRUPTED)
VALUES (2123, 1, '2019-07-04', 0, 0, true);
INSERT INTO POMODORO(ID, USER, CREATION_TIMESTAMP, WORK_TIME, BREAK_TIME, INTERRUPTED)
VALUES (2124, 1, '2019-07-04', 0, 0, true);
INSERT INTO POMODORO(ID, USER, CREATION_TIMESTAMP, WORK_TIME, BREAK_TIME, INTERRUPTED)
VALUES (2125, 1, '2019-07-04', 0, 0, true);
INSERT INTO POMODORO(ID, USER, CREATION_TIMESTAMP, WORK_TIME, BREAK_TIME, INTERRUPTED)
VALUES (2126, 1, '2019-07-04', 0, 0, true);
INSERT INTO POMODORO(ID, USER, CREATION_TIMESTAMP, WORK_TIME, BREAK_TIME, INTERRUPTED)
VALUES (2127, 1, '2019-07-04', 0, 0, false);
INSERT INTO POMODORO(ID, USER, CREATION_TIMESTAMP, WORK_TIME, BREAK_TIME, INTERRUPTED)
VALUES (2128, 1, '2019-07-04', 0, 0, false);
INSERT INTO POMODORO(ID, USER, CREATION_TIMESTAMP, WORK_TIME, BREAK_TIME, INTERRUPTED)
VALUES (2129, 1, '2019-07-04', 0, 0, false);
INSERT INTO POMODORO(ID, USER, CREATION_TIMESTAMP, WORK_TIME, BREAK_TIME, INTERRUPTED)
VALUES (2130, 1, '2019-07-04', 0, 0, false);
INSERT INTO POMODORO(ID, USER, CREATION_TIMESTAMP, WORK_TIME, BREAK_TIME, INTERRUPTED)
VALUES (2131, 1, '2019-07-04', 0, 0, true);
INSERT INTO POMODORO(ID, USER, CREATION_TIMESTAMP, WORK_TIME, BREAK_TIME, INTERRUPTED)
VALUES (2132, 1, '2019-07-04', 0, 0, false);
INSERT INTO POMODORO(ID, USER, CREATION_TIMESTAMP, WORK_TIME, BREAK_TIME, INTERRUPTED)
VALUES (2133, 1, '2019-07-03', 0, 0, false);
INSERT INTO POMODORO(ID, USER, CREATION_TIMESTAMP, WORK_TIME, BREAK_TIME, INTERRUPTED)
VALUES (2134, 1, '2019-07-03', 0, 0, false);
INSERT INTO POMODORO(ID, USER, CREATION_TIMESTAMP, WORK_TIME, BREAK_TIME, INTERRUPTED)
VALUES (2135, 1, '2019-07-03', 0, 0, false);
INSERT INTO POMODORO(ID, USER, CREATION_TIMESTAMP, WORK_TIME, BREAK_TIME, INTERRUPTED)
VALUES (2136, 1, '2019-07-03', 0, 0, false);
INSERT INTO POMODORO(ID, USER, CREATION_TIMESTAMP, WORK_TIME, BREAK_TIME, INTERRUPTED)
VALUES (2137, 1, '2019-07-03', 0, 0, true);
INSERT INTO POMODORO(ID, USER, CREATION_TIMESTAMP, WORK_TIME, BREAK_TIME, INTERRUPTED)
VALUES (2138, 1, '2019-07-03', 0, 0, true);
INSERT INTO POMODORO(ID, USER, CREATION_TIMESTAMP, WORK_TIME, BREAK_TIME, INTERRUPTED)
VALUES (2139, 1, '2019-07-03', 0, 0, true);
INSERT INTO POMODORO(ID, USER, CREATION_TIMESTAMP, WORK_TIME, BREAK_TIME, INTERRUPTED)
VALUES (2140, 1, '2019-07-03', 0, 0, false);
INSERT INTO POMODORO(ID, USER, CREATION_TIMESTAMP, WORK_TIME, BREAK_TIME, INTERRUPTED)
VALUES (2141, 1, '2019-07-03', 0, 0, false);
INSERT INTO POMODORO(ID, USER, CREATION_TIMESTAMP, WORK_TIME, BREAK_TIME, INTERRUPTED)
VALUES (2142, 1, '2019-07-03', 0, 0, true);
INSERT INTO POMODORO(ID, USER, CREATION_TIMESTAMP, WORK_TIME, BREAK_TIME, INTERRUPTED)
VALUES (2143, 1, '2019-07-03', 0, 0, false);
INSERT INTO POMODORO(ID, USER, CREATION_TIMESTAMP, WORK_TIME, BREAK_TIME, INTERRUPTED)
VALUES (2144, 1, '2019-07-03', 0, 0, true);
INSERT INTO POMODORO(ID, USER, CREATION_TIMESTAMP, WORK_TIME, BREAK_TIME, INTERRUPTED)
VALUES (2145, 1, '2019-07-03', 0, 0, true);
INSERT INTO POMODORO(ID, USER, CREATION_TIMESTAMP, WORK_TIME, BREAK_TIME, INTERRUPTED)
VALUES (2146, 1, '2019-07-03', 0, 0, false);
INSERT INTO POMODORO(ID, USER, CREATION_TIMESTAMP, WORK_TIME, BREAK_TIME, INTERRUPTED)
VALUES (2147, 1, '2019-07-03', 0, 0, true);
INSERT INTO POMODORO(ID, USER, CREATION_TIMESTAMP, WORK_TIME, BREAK_TIME, INTERRUPTED)
VALUES (2148, 1, '2019-07-03', 0, 0, true);
INSERT INTO POMODORO(ID, USER, CREATION_TIMESTAMP, WORK_TIME, BREAK_TIME, INTERRUPTED)
VALUES (2149, 1, '2019-07-03', 0, 0, false);
INSERT INTO POMODORO(ID, USER, CREATION_TIMESTAMP, WORK_TIME, BREAK_TIME, INTERRUPTED)
VALUES (2150, 1, '2019-07-03', 0, 0, false);
INSERT INTO POMODORO(ID, USER, CREATION_TIMESTAMP, WORK_TIME, BREAK_TIME, INTERRUPTED)
VALUES (2151, 1, '2019-07-03', 0, 0, false);
INSERT INTO POMODORO(ID, USER, CREATION_TIMESTAMP, WORK_TIME, BREAK_TIME, INTERRUPTED)
VALUES (2152, 1, '2019-07-03', 0, 0, false);
INSERT INTO POMODORO(ID, USER, CREATION_TIMESTAMP, WORK_TIME, BREAK_TIME, INTERRUPTED)
VALUES (2153, 1, '2019-07-03', 0, 0, false);
INSERT INTO POMODORO(ID, USER, CREATION_TIMESTAMP, WORK_TIME, BREAK_TIME, INTERRUPTED)
VALUES (2154, 1, '2019-07-03', 0, 0, false);
INSERT INTO POMODORO(ID, USER, CREATION_TIMESTAMP, WORK_TIME, BREAK_TIME, INTERRUPTED)
VALUES (2155, 1, '2019-07-03', 0, 0, true);
INSERT INTO POMODORO(ID, USER, CREATION_TIMESTAMP, WORK_TIME, BREAK_TIME, INTERRUPTED)
VALUES (2156, 1, '2019-07-03', 0, 0, true);
INSERT INTO POMODORO(ID, USER, CREATION_TIMESTAMP, WORK_TIME, BREAK_TIME, INTERRUPTED)
VALUES (2157, 1, '2019-07-03', 0, 0, true);
INSERT INTO POMODORO(ID, USER, CREATION_TIMESTAMP, WORK_TIME, BREAK_TIME, INTERRUPTED)
VALUES (2158, 1, '2019-07-03', 0, 0, true);
INSERT INTO POMODORO(ID, USER, CREATION_TIMESTAMP, WORK_TIME, BREAK_TIME, INTERRUPTED)
VALUES (2159, 1, '2019-07-03', 0, 0, true);
INSERT INTO POMODORO(ID, USER, CREATION_TIMESTAMP, WORK_TIME, BREAK_TIME, INTERRUPTED)
VALUES (2160, 1, '2019-07-02', 0, 0, true);
INSERT INTO POMODORO(ID, USER, CREATION_TIMESTAMP, WORK_TIME, BREAK_TIME, INTERRUPTED)
VALUES (2161, 1, '2019-07-02', 0, 0, true);
INSERT INTO POMODORO(ID, USER, CREATION_TIMESTAMP, WORK_TIME, BREAK_TIME, INTERRUPTED)
VALUES (2162, 1, '2019-07-02', 0, 0, false);
INSERT INTO POMODORO(ID, USER, CREATION_TIMESTAMP, WORK_TIME, BREAK_TIME, INTERRUPTED)
VALUES (2163, 1, '2019-07-02', 0, 0, false);
INSERT INTO POMODORO(ID, USER, CREATION_TIMESTAMP, WORK_TIME, BREAK_TIME, INTERRUPTED)
VALUES (2164, 1, '2019-07-02', 0, 0, false);
INSERT INTO POMODORO(ID, USER, CREATION_TIMESTAMP, WORK_TIME, BREAK_TIME, INTERRUPTED)
VALUES (2165, 1, '2019-07-02', 0, 0, false);
INSERT INTO POMODORO(ID, USER, CREATION_TIMESTAMP, WORK_TIME, BREAK_TIME, INTERRUPTED)
VALUES (2166, 1, '2019-07-02', 0, 0, false);
INSERT INTO POMODORO(ID, USER, CREATION_TIMESTAMP, WORK_TIME, BREAK_TIME, INTERRUPTED)
VALUES (2167, 1, '2019-07-02', 0, 0, true);
INSERT INTO POMODORO(ID, USER, CREATION_TIMESTAMP, WORK_TIME, BREAK_TIME, INTERRUPTED)
VALUES (2168, 1, '2019-07-02', 0, 0, false);
INSERT INTO POMODORO(ID, USER, CREATION_TIMESTAMP, WORK_TIME, BREAK_TIME, INTERRUPTED)
VALUES (2169, 1, '2019-07-02', 0, 0, false);
INSERT INTO POMODORO(ID, USER, CREATION_TIMESTAMP, WORK_TIME, BREAK_TIME, INTERRUPTED)
VALUES (2170, 1, '2019-07-02', 0, 0, false);
INSERT INTO POMODORO(ID, USER, CREATION_TIMESTAMP, WORK_TIME, BREAK_TIME, INTERRUPTED)
VALUES (2171, 1, '2019-07-02', 0, 0, false);
INSERT INTO POMODORO(ID, USER, CREATION_TIMESTAMP, WORK_TIME, BREAK_TIME, INTERRUPTED)
VALUES (2172, 1, '2019-07-02', 0, 0, false);
INSERT INTO POMODORO(ID, USER, CREATION_TIMESTAMP, WORK_TIME, BREAK_TIME, INTERRUPTED)
VALUES (2173, 1, '2019-07-02', 0, 0, true);
INSERT INTO POMODORO(ID, USER, CREATION_TIMESTAMP, WORK_TIME, BREAK_TIME, INTERRUPTED)
VALUES (2174, 1, '2019-07-02', 0, 0, true);
INSERT INTO POMODORO(ID, USER, CREATION_TIMESTAMP, WORK_TIME, BREAK_TIME, INTERRUPTED)
VALUES (2175, 1, '2019-07-02', 0, 0, false);
INSERT INTO POMODORO(ID, USER, CREATION_TIMESTAMP, WORK_TIME, BREAK_TIME, INTERRUPTED)
VALUES (2176, 1, '2019-07-02', 0, 0, true);
INSERT INTO POMODORO(ID, USER, CREATION_TIMESTAMP, WORK_TIME, BREAK_TIME, INTERRUPTED)
VALUES (2177, 1, '2019-07-02', 0, 0, false);
INSERT INTO POMODORO(ID, USER, CREATION_TIMESTAMP, WORK_TIME, BREAK_TIME, INTERRUPTED)
VALUES (2178, 1, '2019-07-02', 0, 0, false);
INSERT INTO POMODORO(ID, USER, CREATION_TIMESTAMP, WORK_TIME, BREAK_TIME, INTERRUPTED)
VALUES (2179, 1, '2019-07-02', 0, 0, true);
INSERT INTO POMODORO(ID, USER, CREATION_TIMESTAMP, WORK_TIME, BREAK_TIME, INTERRUPTED)
VALUES (2180, 1, '2019-07-01', 0, 0, true);
INSERT INTO POMODORO(ID, USER, CREATION_TIMESTAMP, WORK_TIME, BREAK_TIME, INTERRUPTED)
VALUES (2181, 1, '2019-07-01', 0, 0, true);
INSERT INTO POMODORO(ID, USER, CREATION_TIMESTAMP, WORK_TIME, BREAK_TIME, INTERRUPTED)
VALUES (2182, 1, '2019-07-01', 0, 0, false);
INSERT INTO POMODORO(ID, USER, CREATION_TIMESTAMP, WORK_TIME, BREAK_TIME, INTERRUPTED)
VALUES (2183, 1, '2019-07-01', 0, 0, true);
INSERT INTO POMODORO(ID, USER, CREATION_TIMESTAMP, WORK_TIME, BREAK_TIME, INTERRUPTED)
VALUES (2184, 1, '2019-07-01', 0, 0, false);
INSERT INTO POMODORO(ID, USER, CREATION_TIMESTAMP, WORK_TIME, BREAK_TIME, INTERRUPTED)
VALUES (2185, 1, '2019-07-01', 0, 0, true);
INSERT INTO POMODORO(ID, USER, CREATION_TIMESTAMP, WORK_TIME, BREAK_TIME, INTERRUPTED)
VALUES (2186, 1, '2019-07-01', 0, 0, true);
INSERT INTO POMODORO(ID, USER, CREATION_TIMESTAMP, WORK_TIME, BREAK_TIME, INTERRUPTED)
VALUES (2187, 1, '2019-07-01', 0, 0, true);
INSERT INTO POMODORO(ID, USER, CREATION_TIMESTAMP, WORK_TIME, BREAK_TIME, INTERRUPTED)
VALUES (2188, 1, '2019-07-01', 0, 0, true);
INSERT INTO POMODORO(ID, USER, CREATION_TIMESTAMP, WORK_TIME, BREAK_TIME, INTERRUPTED)
VALUES (2189, 1, '2019-07-01', 0, 0, false);
INSERT INTO POMODORO(ID, USER, CREATION_TIMESTAMP, WORK_TIME, BREAK_TIME, INTERRUPTED)
VALUES (2190, 1, '2019-07-01', 0, 0, true);
INSERT INTO POMODORO(ID, USER, CREATION_TIMESTAMP, WORK_TIME, BREAK_TIME, INTERRUPTED)
VALUES (2191, 1, '2019-07-01', 0, 0, true);
INSERT INTO POMODORO(ID, USER, CREATION_TIMESTAMP, WORK_TIME, BREAK_TIME, INTERRUPTED)
VALUES (2192, 1, '2019-07-01', 0, 0, false);
INSERT INTO POMODORO(ID, USER, CREATION_TIMESTAMP, WORK_TIME, BREAK_TIME, INTERRUPTED)
VALUES (2193, 1, '2019-07-01', 0, 0, false);
INSERT INTO POMODORO(ID, USER, CREATION_TIMESTAMP, WORK_TIME, BREAK_TIME, INTERRUPTED)
VALUES (2194, 1, '2019-07-01', 0, 0, true);
INSERT INTO POMODORO(ID, USER, CREATION_TIMESTAMP, WORK_TIME, BREAK_TIME, INTERRUPTED)
VALUES (2195, 1, '2019-07-01', 0, 0, true);
INSERT INTO POMODORO(ID, USER, CREATION_TIMESTAMP, WORK_TIME, BREAK_TIME, INTERRUPTED)
VALUES (2196, 1, '2019-07-01', 0, 0, false);
INSERT INTO POMODORO(ID, USER, CREATION_TIMESTAMP, WORK_TIME, BREAK_TIME, INTERRUPTED)
VALUES (2197, 1, '2019-07-01', 0, 0, true);
INSERT INTO POMODORO(ID, USER, CREATION_TIMESTAMP, WORK_TIME, BREAK_TIME, INTERRUPTED)
VALUES (2198, 1, '2019-07-01', 0, 0, true);
INSERT INTO POMODORO(ID, USER, CREATION_TIMESTAMP, WORK_TIME, BREAK_TIME, INTERRUPTED)
VALUES (2199, 1, '2019-07-01', 0, 0, false);
INSERT INTO POMODORO(ID, USER, CREATION_TIMESTAMP, WORK_TIME, BREAK_TIME, INTERRUPTED)
VALUES (2200, 1, '2019-07-01', 0, 0, true);
INSERT INTO POMODORO(ID, USER, CREATION_TIMESTAMP, WORK_TIME, BREAK_TIME, INTERRUPTED)
VALUES (2201, 1, '2019-07-01', 0, 0, false);
INSERT INTO POMODORO(ID, USER, CREATION_TIMESTAMP, WORK_TIME, BREAK_TIME, INTERRUPTED)
VALUES (2202, 1, '2019-07-01', 0, 0, true);
INSERT INTO POMODORO(ID, USER, CREATION_TIMESTAMP, WORK_TIME, BREAK_TIME, INTERRUPTED)
VALUES (2203, 1, '2019-07-01', 0, 0, true);
INSERT INTO POMODORO(ID, USER, CREATION_TIMESTAMP, WORK_TIME, BREAK_TIME, INTERRUPTED)
VALUES (2204, 1, '2019-07-01', 0, 0, false);
INSERT INTO POMODORO(ID, USER, CREATION_TIMESTAMP, WORK_TIME, BREAK_TIME, INTERRUPTED)
VALUES (2205, 1, '2019-07-01', 0, 0, true);
INSERT INTO POMODORO(ID, USER, CREATION_TIMESTAMP, WORK_TIME, BREAK_TIME, INTERRUPTED)
VALUES (2206, 1, '2019-07-01', 0, 0, false);
INSERT INTO POMODORO(ID, USER, CREATION_TIMESTAMP, WORK_TIME, BREAK_TIME, INTERRUPTED)
VALUES (2207, 1, '2019-07-01', 0, 0, true);
INSERT INTO POMODORO(ID, USER, CREATION_TIMESTAMP, WORK_TIME, BREAK_TIME, INTERRUPTED)
VALUES (2208, 1, '2019-07-01', 0, 0, false);
INSERT INTO POMODORO(ID, USER, CREATION_TIMESTAMP, WORK_TIME, BREAK_TIME, INTERRUPTED)
VALUES (2209, 1, '2019-06-30', 0, 0, false);
INSERT INTO POMODORO(ID, USER, CREATION_TIMESTAMP, WORK_TIME, BREAK_TIME, INTERRUPTED)
VALUES (2210, 1, '2019-06-30', 0, 0, false);
INSERT INTO POMODORO(ID, USER, CREATION_TIMESTAMP, WORK_TIME, BREAK_TIME, INTERRUPTED)
VALUES (2211, 1, '2019-06-30', 0, 0, true);
INSERT INTO POMODORO(ID, USER, CREATION_TIMESTAMP, WORK_TIME, BREAK_TIME, INTERRUPTED)
VALUES (2212, 1, '2019-06-30', 0, 0, true);
INSERT INTO POMODORO(ID, USER, CREATION_TIMESTAMP, WORK_TIME, BREAK_TIME, INTERRUPTED)
VALUES (2213, 1, '2019-06-30', 0, 0, true);
INSERT INTO POMODORO(ID, USER, CREATION_TIMESTAMP, WORK_TIME, BREAK_TIME, INTERRUPTED)
VALUES (2214, 1, '2019-06-29', 0, 0, true);
INSERT INTO POMODORO(ID, USER, CREATION_TIMESTAMP, WORK_TIME, BREAK_TIME, INTERRUPTED)
VALUES (2215, 1, '2019-06-29', 0, 0, true);
INSERT INTO POMODORO(ID, USER, CREATION_TIMESTAMP, WORK_TIME, BREAK_TIME, INTERRUPTED)
VALUES (2216, 1, '2019-06-29', 0, 0, false);
INSERT INTO POMODORO(ID, USER, CREATION_TIMESTAMP, WORK_TIME, BREAK_TIME, INTERRUPTED)
VALUES (2217, 1, '2019-06-29', 0, 0, true);
INSERT INTO POMODORO(ID, USER, CREATION_TIMESTAMP, WORK_TIME, BREAK_TIME, INTERRUPTED)
VALUES (2218, 1, '2019-06-29', 0, 0, false);
INSERT INTO POMODORO(ID, USER, CREATION_TIMESTAMP, WORK_TIME, BREAK_TIME, INTERRUPTED)
VALUES (2219, 1, '2019-06-29', 0, 0, false);
INSERT INTO POMODORO(ID, USER, CREATION_TIMESTAMP, WORK_TIME, BREAK_TIME, INTERRUPTED)
VALUES (2220, 1, '2019-06-29', 0, 0, false);
INSERT INTO POMODORO(ID, USER, CREATION_TIMESTAMP, WORK_TIME, BREAK_TIME, INTERRUPTED)
VALUES (2221, 1, '2019-06-29', 0, 0, false);
INSERT INTO POMODORO(ID, USER, CREATION_TIMESTAMP, WORK_TIME, BREAK_TIME, INTERRUPTED)
VALUES (2222, 1, '2019-06-29', 0, 0, true);
INSERT INTO POMODORO(ID, USER, CREATION_TIMESTAMP, WORK_TIME, BREAK_TIME, INTERRUPTED)
VALUES (2223, 1, '2019-06-29', 0, 0, false);
INSERT INTO POMODORO(ID, USER, CREATION_TIMESTAMP, WORK_TIME, BREAK_TIME, INTERRUPTED)
VALUES (2224, 1, '2019-06-29', 0, 0, false);
INSERT INTO POMODORO(ID, USER, CREATION_TIMESTAMP, WORK_TIME, BREAK_TIME, INTERRUPTED)
VALUES (2225, 1, '2019-06-29', 0, 0, true);
INSERT INTO POMODORO(ID, USER, CREATION_TIMESTAMP, WORK_TIME, BREAK_TIME, INTERRUPTED)
VALUES (2226, 1, '2019-06-29', 0, 0, true);
INSERT INTO POMODORO(ID, USER, CREATION_TIMESTAMP, WORK_TIME, BREAK_TIME, INTERRUPTED)
VALUES (2227, 1, '2019-06-29', 0, 0, true);
INSERT INTO POMODORO(ID, USER, CREATION_TIMESTAMP, WORK_TIME, BREAK_TIME, INTERRUPTED)
VALUES (2228, 1, '2019-06-29', 0, 0, false);
INSERT INTO POMODORO(ID, USER, CREATION_TIMESTAMP, WORK_TIME, BREAK_TIME, INTERRUPTED)
VALUES (2229, 1, '2019-06-29', 0, 0, true);
INSERT INTO POMODORO(ID, USER, CREATION_TIMESTAMP, WORK_TIME, BREAK_TIME, INTERRUPTED)
VALUES (2230, 1, '2019-06-29', 0, 0, false);
INSERT INTO POMODORO(ID, USER, CREATION_TIMESTAMP, WORK_TIME, BREAK_TIME, INTERRUPTED)
VALUES (2231, 1, '2019-06-29', 0, 0, false);
INSERT INTO POMODORO(ID, USER, CREATION_TIMESTAMP, WORK_TIME, BREAK_TIME, INTERRUPTED)
VALUES (2232, 1, '2019-06-29', 0, 0, false);
INSERT INTO POMODORO(ID, USER, CREATION_TIMESTAMP, WORK_TIME, BREAK_TIME, INTERRUPTED)
VALUES (2233, 1, '2019-06-29', 0, 0, true);
INSERT INTO POMODORO(ID, USER, CREATION_TIMESTAMP, WORK_TIME, BREAK_TIME, INTERRUPTED)
VALUES (2234, 1, '2019-06-29', 0, 0, true);
INSERT INTO POMODORO(ID, USER, CREATION_TIMESTAMP, WORK_TIME, BREAK_TIME, INTERRUPTED)
VALUES (2235, 1, '2019-06-29', 0, 0, true);
INSERT INTO POMODORO(ID, USER, CREATION_TIMESTAMP, WORK_TIME, BREAK_TIME, INTERRUPTED)
VALUES (2236, 1, '2019-06-29', 0, 0, true);
INSERT INTO POMODORO(ID, USER, CREATION_TIMESTAMP, WORK_TIME, BREAK_TIME, INTERRUPTED)
VALUES (2237, 1, '2019-06-29', 0, 0, true);
INSERT INTO POMODORO(ID, USER, CREATION_TIMESTAMP, WORK_TIME, BREAK_TIME, INTERRUPTED)
VALUES (2238, 1, '2019-06-29', 0, 0, true);
INSERT INTO POMODORO(ID, USER, CREATION_TIMESTAMP, WORK_TIME, BREAK_TIME, INTERRUPTED)
VALUES (2239, 1, '2019-06-29', 0, 0, false);
INSERT INTO POMODORO(ID, USER, CREATION_TIMESTAMP, WORK_TIME, BREAK_TIME, INTERRUPTED)
VALUES (2240, 1, '2019-06-29', 0, 0, false);
INSERT INTO POMODORO(ID, USER, CREATION_TIMESTAMP, WORK_TIME, BREAK_TIME, INTERRUPTED)
VALUES (2241, 1, '2019-06-29', 0, 0, false);
INSERT INTO POMODORO(ID, USER, CREATION_TIMESTAMP, WORK_TIME, BREAK_TIME, INTERRUPTED)
VALUES (2242, 1, '2019-06-29', 0, 0, true);
INSERT INTO POMODORO(ID, USER, CREATION_TIMESTAMP, WORK_TIME, BREAK_TIME, INTERRUPTED)
VALUES (2243, 1, '2019-06-29', 0, 0, false);
INSERT INTO POMODORO(ID, USER, CREATION_TIMESTAMP, WORK_TIME, BREAK_TIME, INTERRUPTED)
VALUES (2244, 1, '2019-06-29', 0, 0, true);
INSERT INTO POMODORO(ID, USER, CREATION_TIMESTAMP, WORK_TIME, BREAK_TIME, INTERRUPTED)
VALUES (2245, 1, '2019-06-29', 0, 0, false);
INSERT INTO POMODORO(ID, USER, CREATION_TIMESTAMP, WORK_TIME, BREAK_TIME, INTERRUPTED)
VALUES (2246, 1, '2019-06-29', 0, 0, true);
INSERT INTO POMODORO(ID, USER, CREATION_TIMESTAMP, WORK_TIME, BREAK_TIME, INTERRUPTED)
VALUES (2247, 1, '2019-06-29', 0, 0, true);
INSERT INTO POMODORO(ID, USER, CREATION_TIMESTAMP, WORK_TIME, BREAK_TIME, INTERRUPTED)
VALUES (2248, 1, '2019-06-29', 0, 0, false);
INSERT INTO POMODORO(ID, USER, CREATION_TIMESTAMP, WORK_TIME, BREAK_TIME, INTERRUPTED)
VALUES (2249, 1, '2019-06-29', 0, 0, true);
INSERT INTO POMODORO(ID, USER, CREATION_TIMESTAMP, WORK_TIME, BREAK_TIME, INTERRUPTED)
VALUES (2250, 1, '2019-06-28', 0, 0, true);
INSERT INTO POMODORO(ID, USER, CREATION_TIMESTAMP, WORK_TIME, BREAK_TIME, INTERRUPTED)
VALUES (2251, 1, '2019-06-28', 0, 0, false);
INSERT INTO POMODORO(ID, USER, CREATION_TIMESTAMP, WORK_TIME, BREAK_TIME, INTERRUPTED)
VALUES (2252, 1, '2019-06-28', 0, 0, true);
INSERT INTO POMODORO(ID, USER, CREATION_TIMESTAMP, WORK_TIME, BREAK_TIME, INTERRUPTED)
VALUES (2253, 1, '2019-06-28', 0, 0, false);
INSERT INTO POMODORO(ID, USER, CREATION_TIMESTAMP, WORK_TIME, BREAK_TIME, INTERRUPTED)
VALUES (2254, 1, '2019-06-28', 0, 0, true);
INSERT INTO POMODORO(ID, USER, CREATION_TIMESTAMP, WORK_TIME, BREAK_TIME, INTERRUPTED)
VALUES (2255, 1, '2019-06-28', 0, 0, true);
INSERT INTO POMODORO(ID, USER, CREATION_TIMESTAMP, WORK_TIME, BREAK_TIME, INTERRUPTED)
VALUES (2256, 1, '2019-06-28', 0, 0, false);
INSERT INTO POMODORO(ID, USER, CREATION_TIMESTAMP, WORK_TIME, BREAK_TIME, INTERRUPTED)
VALUES (2257, 1, '2019-06-28', 0, 0, true);
INSERT INTO POMODORO(ID, USER, CREATION_TIMESTAMP, WORK_TIME, BREAK_TIME, INTERRUPTED)
VALUES (2258, 1, '2019-06-28', 0, 0, true);
INSERT INTO POMODORO(ID, USER, CREATION_TIMESTAMP, WORK_TIME, BREAK_TIME, INTERRUPTED)
VALUES (2259, 1, '2019-06-28', 0, 0, true);
INSERT INTO POMODORO(ID, USER, CREATION_TIMESTAMP, WORK_TIME, BREAK_TIME, INTERRUPTED)
VALUES (2260, 1, '2019-06-28', 0, 0, true);
INSERT INTO POMODORO(ID, USER, CREATION_TIMESTAMP, WORK_TIME, BREAK_TIME, INTERRUPTED)
VALUES (2261, 1, '2019-06-28', 0, 0, false);
INSERT INTO POMODORO(ID, USER, CREATION_TIMESTAMP, WORK_TIME, BREAK_TIME, INTERRUPTED)
VALUES (2262, 1, '2019-06-28', 0, 0, false);
INSERT INTO POMODORO(ID, USER, CREATION_TIMESTAMP, WORK_TIME, BREAK_TIME, INTERRUPTED)
VALUES (2263, 1, '2019-06-28', 0, 0, true);
INSERT INTO POMODORO(ID, USER, CREATION_TIMESTAMP, WORK_TIME, BREAK_TIME, INTERRUPTED)
VALUES (2264, 1, '2019-06-28', 0, 0, false);
INSERT INTO POMODORO(ID, USER, CREATION_TIMESTAMP, WORK_TIME, BREAK_TIME, INTERRUPTED)
VALUES (2265, 1, '2019-06-28', 0, 0, true);
INSERT INTO POMODORO(ID, USER, CREATION_TIMESTAMP, WORK_TIME, BREAK_TIME, INTERRUPTED)
VALUES (2266, 1, '2019-06-28', 0, 0, true);
INSERT INTO POMODORO(ID, USER, CREATION_TIMESTAMP, WORK_TIME, BREAK_TIME, INTERRUPTED)
VALUES (2267, 1, '2019-06-28', 0, 0, false);
INSERT INTO POMODORO(ID, USER, CREATION_TIMESTAMP, WORK_TIME, BREAK_TIME, INTERRUPTED)
VALUES (2268, 1, '2019-06-28', 0, 0, false);
INSERT INTO POMODORO(ID, USER, CREATION_TIMESTAMP, WORK_TIME, BREAK_TIME, INTERRUPTED)
VALUES (2269, 1, '2019-06-28', 0, 0, false);
INSERT INTO POMODORO(ID, USER, CREATION_TIMESTAMP, WORK_TIME, BREAK_TIME, INTERRUPTED)
VALUES (2270, 1, '2019-06-28', 0, 0, false);
INSERT INTO POMODORO(ID, USER, CREATION_TIMESTAMP, WORK_TIME, BREAK_TIME, INTERRUPTED)
VALUES (2271, 1, '2019-06-28', 0, 0, true);
INSERT INTO POMODORO(ID, USER, CREATION_TIMESTAMP, WORK_TIME, BREAK_TIME, INTERRUPTED)
VALUES (2272, 1, '2019-06-28', 0, 0, false);
INSERT INTO POMODORO(ID, USER, CREATION_TIMESTAMP, WORK_TIME, BREAK_TIME, INTERRUPTED)
VALUES (2273, 1, '2019-06-28', 0, 0, false);
INSERT INTO POMODORO(ID, USER, CREATION_TIMESTAMP, WORK_TIME, BREAK_TIME, INTERRUPTED)
VALUES (2274, 1, '2019-06-27', 0, 0, true);
INSERT INTO POMODORO(ID, USER, CREATION_TIMESTAMP, WORK_TIME, BREAK_TIME, INTERRUPTED)
VALUES (2275, 1, '2019-06-27', 0, 0, true);
INSERT INTO POMODORO(ID, USER, CREATION_TIMESTAMP, WORK_TIME, BREAK_TIME, INTERRUPTED)
VALUES (2276, 1, '2019-06-27', 0, 0, true);
INSERT INTO POMODORO(ID, USER, CREATION_TIMESTAMP, WORK_TIME, BREAK_TIME, INTERRUPTED)
VALUES (2277, 1, '2019-06-27', 0, 0, false);
INSERT INTO POMODORO(ID, USER, CREATION_TIMESTAMP, WORK_TIME, BREAK_TIME, INTERRUPTED)
VALUES (2278, 1, '2019-06-27', 0, 0, false);
INSERT INTO POMODORO(ID, USER, CREATION_TIMESTAMP, WORK_TIME, BREAK_TIME, INTERRUPTED)
VALUES (2279, 1, '2019-06-27', 0, 0, true);
INSERT INTO POMODORO(ID, USER, CREATION_TIMESTAMP, WORK_TIME, BREAK_TIME, INTERRUPTED)
VALUES (2280, 1, '2019-06-27', 0, 0, false);
INSERT INTO POMODORO(ID, USER, CREATION_TIMESTAMP, WORK_TIME, BREAK_TIME, INTERRUPTED)
VALUES (2281, 1, '2019-06-27', 0, 0, false);
INSERT INTO POMODORO(ID, USER, CREATION_TIMESTAMP, WORK_TIME, BREAK_TIME, INTERRUPTED)
VALUES (2282, 1, '2019-06-27', 0, 0, true);
INSERT INTO POMODORO(ID, USER, CREATION_TIMESTAMP, WORK_TIME, BREAK_TIME, INTERRUPTED)
VALUES (2283, 1, '2019-06-27', 0, 0, true);
INSERT INTO POMODORO(ID, USER, CREATION_TIMESTAMP, WORK_TIME, BREAK_TIME, INTERRUPTED)
VALUES (2284, 1, '2019-06-27', 0, 0, false);
INSERT INTO POMODORO(ID, USER, CREATION_TIMESTAMP, WORK_TIME, BREAK_TIME, INTERRUPTED)
VALUES (2285, 1, '2019-06-27', 0, 0, false);
INSERT INTO POMODORO(ID, USER, CREATION_TIMESTAMP, WORK_TIME, BREAK_TIME, INTERRUPTED)
VALUES (2286, 1, '2019-06-27', 0, 0, true);
INSERT INTO POMODORO(ID, USER, CREATION_TIMESTAMP, WORK_TIME, BREAK_TIME, INTERRUPTED)
VALUES (2287, 1, '2019-06-27', 0, 0, false);
INSERT INTO POMODORO(ID, USER, CREATION_TIMESTAMP, WORK_TIME, BREAK_TIME, INTERRUPTED)
VALUES (2288, 1, '2019-06-27', 0, 0, true);
INSERT INTO POMODORO(ID, USER, CREATION_TIMESTAMP, WORK_TIME, BREAK_TIME, INTERRUPTED)
VALUES (2289, 1, '2019-06-27', 0, 0, true);
INSERT INTO POMODORO(ID, USER, CREATION_TIMESTAMP, WORK_TIME, BREAK_TIME, INTERRUPTED)
VALUES (2290, 1, '2019-06-27', 0, 0, true);
INSERT INTO POMODORO(ID, USER, CREATION_TIMESTAMP, WORK_TIME, BREAK_TIME, INTERRUPTED)
VALUES (2291, 1, '2019-06-27', 0, 0, false);
INSERT INTO POMODORO(ID, USER, CREATION_TIMESTAMP, WORK_TIME, BREAK_TIME, INTERRUPTED)
VALUES (2292, 1, '2019-06-27', 0, 0, false);
INSERT INTO POMODORO(ID, USER, CREATION_TIMESTAMP, WORK_TIME, BREAK_TIME, INTERRUPTED)
VALUES (2293, 1, '2019-06-27', 0, 0, true);
INSERT INTO POMODORO(ID, USER, CREATION_TIMESTAMP, WORK_TIME, BREAK_TIME, INTERRUPTED)
VALUES (2294, 1, '2019-06-27', 0, 0, false);
INSERT INTO POMODORO(ID, USER, CREATION_TIMESTAMP, WORK_TIME, BREAK_TIME, INTERRUPTED)
VALUES (2295, 1, '2019-06-27', 0, 0, false);
INSERT INTO POMODORO(ID, USER, CREATION_TIMESTAMP, WORK_TIME, BREAK_TIME, INTERRUPTED)
VALUES (2296, 1, '2019-06-27', 0, 0, false);
INSERT INTO POMODORO(ID, USER, CREATION_TIMESTAMP, WORK_TIME, BREAK_TIME, INTERRUPTED)
VALUES (2297, 1, '2019-06-27', 0, 0, true);
INSERT INTO POMODORO(ID, USER, CREATION_TIMESTAMP, WORK_TIME, BREAK_TIME, INTERRUPTED)
VALUES (2298, 1, '2019-06-27', 0, 0, false);
INSERT INTO POMODORO(ID, USER, CREATION_TIMESTAMP, WORK_TIME, BREAK_TIME, INTERRUPTED)
VALUES (2299, 1, '2019-06-27', 0, 0, false);
INSERT INTO POMODORO(ID, USER, CREATION_TIMESTAMP, WORK_TIME, BREAK_TIME, INTERRUPTED)
VALUES (2300, 1, '2019-06-27', 0, 0, true);
INSERT INTO POMODORO(ID, USER, CREATION_TIMESTAMP, WORK_TIME, BREAK_TIME, INTERRUPTED)
VALUES (2301, 1, '2019-06-27', 0, 0, false);
INSERT INTO POMODORO(ID, USER, CREATION_TIMESTAMP, WORK_TIME, BREAK_TIME, INTERRUPTED)
VALUES (2302, 1, '2019-06-27', 0, 0, false);
INSERT INTO POMODORO(ID, USER, CREATION_TIMESTAMP, WORK_TIME, BREAK_TIME, INTERRUPTED)
VALUES (2303, 1, '2019-06-27', 0, 0, true);
INSERT INTO POMODORO(ID, USER, CREATION_TIMESTAMP, WORK_TIME, BREAK_TIME, INTERRUPTED)
VALUES (2304, 1, '2019-06-27', 0, 0, false);
INSERT INTO POMODORO(ID, USER, CREATION_TIMESTAMP, WORK_TIME, BREAK_TIME, INTERRUPTED)
VALUES (2305, 1, '2019-06-27', 0, 0, false);
INSERT INTO POMODORO(ID, USER, CREATION_TIMESTAMP, WORK_TIME, BREAK_TIME, INTERRUPTED)
VALUES (2306, 1, '2019-06-27', 0, 0, true);
INSERT INTO POMODORO(ID, USER, CREATION_TIMESTAMP, WORK_TIME, BREAK_TIME, INTERRUPTED)
VALUES (2307, 1, '2019-06-27', 0, 0, false);
INSERT INTO POMODORO(ID, USER, CREATION_TIMESTAMP, WORK_TIME, BREAK_TIME, INTERRUPTED)
VALUES (2308, 1, '2019-06-27', 0, 0, true);
INSERT INTO POMODORO(ID, USER, CREATION_TIMESTAMP, WORK_TIME, BREAK_TIME, INTERRUPTED)
VALUES (2309, 1, '2019-06-27', 0, 0, true);
INSERT INTO POMODORO(ID, USER, CREATION_TIMESTAMP, WORK_TIME, BREAK_TIME, INTERRUPTED)
VALUES (2310, 1, '2019-06-27', 0, 0, false);
INSERT INTO POMODORO(ID, USER, CREATION_TIMESTAMP, WORK_TIME, BREAK_TIME, INTERRUPTED)
VALUES (2311, 1, '2019-06-27', 0, 0, true);
INSERT INTO POMODORO(ID, USER, CREATION_TIMESTAMP, WORK_TIME, BREAK_TIME, INTERRUPTED)
VALUES (2312, 1, '2019-06-27', 0, 0, true);
INSERT INTO POMODORO(ID, USER, CREATION_TIMESTAMP, WORK_TIME, BREAK_TIME, INTERRUPTED)
VALUES (2313, 1, '2019-06-27', 0, 0, true);
INSERT INTO POMODORO(ID, USER, CREATION_TIMESTAMP, WORK_TIME, BREAK_TIME, INTERRUPTED)
VALUES (2314, 1, '2019-06-27', 0, 0, false);
INSERT INTO POMODORO(ID, USER, CREATION_TIMESTAMP, WORK_TIME, BREAK_TIME, INTERRUPTED)
VALUES (2315, 1, '2019-06-27', 0, 0, true);
INSERT INTO POMODORO(ID, USER, CREATION_TIMESTAMP, WORK_TIME, BREAK_TIME, INTERRUPTED)
VALUES (2316, 1, '2019-06-27', 0, 0, true);
INSERT INTO POMODORO(ID, USER, CREATION_TIMESTAMP, WORK_TIME, BREAK_TIME, INTERRUPTED)
VALUES (2317, 1, '2019-06-27', 0, 0, false);
INSERT INTO POMODORO(ID, USER, CREATION_TIMESTAMP, WORK_TIME, BREAK_TIME, INTERRUPTED)
VALUES (2318, 1, '2019-06-27', 0, 0, true);
INSERT INTO POMODORO(ID, USER, CREATION_TIMESTAMP, WORK_TIME, BREAK_TIME, INTERRUPTED)
VALUES (2319, 1, '2019-06-26', 0, 0, false);
INSERT INTO POMODORO(ID, USER, CREATION_TIMESTAMP, WORK_TIME, BREAK_TIME, INTERRUPTED)
VALUES (2320, 1, '2019-06-26', 0, 0, true);
INSERT INTO POMODORO(ID, USER, CREATION_TIMESTAMP, WORK_TIME, BREAK_TIME, INTERRUPTED)
VALUES (2321, 1, '2019-06-26', 0, 0, false);
INSERT INTO POMODORO(ID, USER, CREATION_TIMESTAMP, WORK_TIME, BREAK_TIME, INTERRUPTED)
VALUES (2322, 1, '2019-06-26', 0, 0, false);
INSERT INTO POMODORO(ID, USER, CREATION_TIMESTAMP, WORK_TIME, BREAK_TIME, INTERRUPTED)
VALUES (2323, 1, '2019-06-26', 0, 0, true);
INSERT INTO POMODORO(ID, USER, CREATION_TIMESTAMP, WORK_TIME, BREAK_TIME, INTERRUPTED)
VALUES (2324, 1, '2019-06-26', 0, 0, true);
INSERT INTO POMODORO(ID, USER, CREATION_TIMESTAMP, WORK_TIME, BREAK_TIME, INTERRUPTED)
VALUES (2325, 1, '2019-06-26', 0, 0, false);
INSERT INTO POMODORO(ID, USER, CREATION_TIMESTAMP, WORK_TIME, BREAK_TIME, INTERRUPTED)
VALUES (2326, 1, '2019-06-26', 0, 0, false);
INSERT INTO POMODORO(ID, USER, CREATION_TIMESTAMP, WORK_TIME, BREAK_TIME, INTERRUPTED)
VALUES (2327, 1, '2019-06-26', 0, 0, true);
INSERT INTO POMODORO(ID, USER, CREATION_TIMESTAMP, WORK_TIME, BREAK_TIME, INTERRUPTED)
VALUES (2328, 1, '2019-06-26', 0, 0, false);
INSERT INTO POMODORO(ID, USER, CREATION_TIMESTAMP, WORK_TIME, BREAK_TIME, INTERRUPTED)
VALUES (2329, 1, '2019-06-26', 0, 0, false);
INSERT INTO POMODORO(ID, USER, CREATION_TIMESTAMP, WORK_TIME, BREAK_TIME, INTERRUPTED)
VALUES (2330, 1, '2019-06-26', 0, 0, false);
INSERT INTO POMODORO(ID, USER, CREATION_TIMESTAMP, WORK_TIME, BREAK_TIME, INTERRUPTED)
VALUES (2331, 1, '2019-06-26', 0, 0, true);
INSERT INTO POMODORO(ID, USER, CREATION_TIMESTAMP, WORK_TIME, BREAK_TIME, INTERRUPTED)
VALUES (2332, 1, '2019-06-26', 0, 0, true);
INSERT INTO POMODORO(ID, USER, CREATION_TIMESTAMP, WORK_TIME, BREAK_TIME, INTERRUPTED)
VALUES (2333, 1, '2019-06-26', 0, 0, true);
INSERT INTO POMODORO(ID, USER, CREATION_TIMESTAMP, WORK_TIME, BREAK_TIME, INTERRUPTED)
VALUES (2334, 1, '2019-06-26', 0, 0, false);
INSERT INTO POMODORO(ID, USER, CREATION_TIMESTAMP, WORK_TIME, BREAK_TIME, INTERRUPTED)
VALUES (2335, 1, '2019-06-26', 0, 0, true);
INSERT INTO POMODORO(ID, USER, CREATION_TIMESTAMP, WORK_TIME, BREAK_TIME, INTERRUPTED)
VALUES (2336, 1, '2019-06-26', 0, 0, false);
INSERT INTO POMODORO(ID, USER, CREATION_TIMESTAMP, WORK_TIME, BREAK_TIME, INTERRUPTED)
VALUES (2337, 1, '2019-06-26', 0, 0, true);
INSERT INTO POMODORO(ID, USER, CREATION_TIMESTAMP, WORK_TIME, BREAK_TIME, INTERRUPTED)
VALUES (2338, 1, '2019-06-26', 0, 0, true);
INSERT INTO POMODORO(ID, USER, CREATION_TIMESTAMP, WORK_TIME, BREAK_TIME, INTERRUPTED)
VALUES (2339, 1, '2019-06-26', 0, 0, false);
INSERT INTO POMODORO(ID, USER, CREATION_TIMESTAMP, WORK_TIME, BREAK_TIME, INTERRUPTED)
VALUES (2340, 1, '2019-06-26', 0, 0, true);
INSERT INTO POMODORO(ID, USER, CREATION_TIMESTAMP, WORK_TIME, BREAK_TIME, INTERRUPTED)
VALUES (2341, 1, '2019-06-26', 0, 0, true);
INSERT INTO POMODORO(ID, USER, CREATION_TIMESTAMP, WORK_TIME, BREAK_TIME, INTERRUPTED)
VALUES (2342, 1, '2019-06-26', 0, 0, true);
INSERT INTO POMODORO(ID, USER, CREATION_TIMESTAMP, WORK_TIME, BREAK_TIME, INTERRUPTED)
VALUES (2343, 1, '2019-06-26', 0, 0, true);
INSERT INTO POMODORO(ID, USER, CREATION_TIMESTAMP, WORK_TIME, BREAK_TIME, INTERRUPTED)
VALUES (2344, 1, '2019-06-26', 0, 0, true);
INSERT INTO POMODORO(ID, USER, CREATION_TIMESTAMP, WORK_TIME, BREAK_TIME, INTERRUPTED)
VALUES (2345, 1, '2019-06-26', 0, 0, false);
INSERT INTO POMODORO(ID, USER, CREATION_TIMESTAMP, WORK_TIME, BREAK_TIME, INTERRUPTED)
VALUES (2346, 1, '2019-06-26', 0, 0, true);
INSERT INTO POMODORO(ID, USER, CREATION_TIMESTAMP, WORK_TIME, BREAK_TIME, INTERRUPTED)
VALUES (2347, 1, '2019-06-26', 0, 0, true);
INSERT INTO POMODORO(ID, USER, CREATION_TIMESTAMP, WORK_TIME, BREAK_TIME, INTERRUPTED)
VALUES (2348, 1, '2019-06-26', 0, 0, false);
INSERT INTO POMODORO(ID, USER, CREATION_TIMESTAMP, WORK_TIME, BREAK_TIME, INTERRUPTED)
VALUES (2349, 1, '2019-06-26', 0, 0, false);
INSERT INTO POMODORO(ID, USER, CREATION_TIMESTAMP, WORK_TIME, BREAK_TIME, INTERRUPTED)
VALUES (2350, 1, '2019-06-26', 0, 0, false);
INSERT INTO POMODORO(ID, USER, CREATION_TIMESTAMP, WORK_TIME, BREAK_TIME, INTERRUPTED)
VALUES (2351, 1, '2019-06-26', 0, 0, false);
INSERT INTO POMODORO(ID, USER, CREATION_TIMESTAMP, WORK_TIME, BREAK_TIME, INTERRUPTED)
VALUES (2352, 1, '2019-06-26', 0, 0, false);
INSERT INTO POMODORO(ID, USER, CREATION_TIMESTAMP, WORK_TIME, BREAK_TIME, INTERRUPTED)
VALUES (2353, 1, '2019-06-26', 0, 0, false);
INSERT INTO POMODORO(ID, USER, CREATION_TIMESTAMP, WORK_TIME, BREAK_TIME, INTERRUPTED)
VALUES (2354, 1, '2019-06-26', 0, 0, true);
INSERT INTO POMODORO(ID, USER, CREATION_TIMESTAMP, WORK_TIME, BREAK_TIME, INTERRUPTED)
VALUES (2355, 1, '2019-06-26', 0, 0, true);
INSERT INTO POMODORO(ID, USER, CREATION_TIMESTAMP, WORK_TIME, BREAK_TIME, INTERRUPTED)
VALUES (2356, 1, '2019-06-26', 0, 0, false);
INSERT INTO POMODORO(ID, USER, CREATION_TIMESTAMP, WORK_TIME, BREAK_TIME, INTERRUPTED)
VALUES (2357, 1, '2019-06-25', 0, 0, true);
INSERT INTO POMODORO(ID, USER, CREATION_TIMESTAMP, WORK_TIME, BREAK_TIME, INTERRUPTED)
VALUES (2358, 1, '2019-06-25', 0, 0, true);
INSERT INTO POMODORO(ID, USER, CREATION_TIMESTAMP, WORK_TIME, BREAK_TIME, INTERRUPTED)
VALUES (2359, 1, '2019-06-25', 0, 0, false);
INSERT INTO POMODORO(ID, USER, CREATION_TIMESTAMP, WORK_TIME, BREAK_TIME, INTERRUPTED)
VALUES (2360, 1, '2019-06-25', 0, 0, false);
INSERT INTO POMODORO(ID, USER, CREATION_TIMESTAMP, WORK_TIME, BREAK_TIME, INTERRUPTED)
VALUES (2361, 1, '2019-06-25', 0, 0, true);
INSERT INTO POMODORO(ID, USER, CREATION_TIMESTAMP, WORK_TIME, BREAK_TIME, INTERRUPTED)
VALUES (2362, 1, '2019-06-25', 0, 0, false);
INSERT INTO POMODORO(ID, USER, CREATION_TIMESTAMP, WORK_TIME, BREAK_TIME, INTERRUPTED)
VALUES (2363, 1, '2019-06-24', 0, 0, true);
INSERT INTO POMODORO(ID, USER, CREATION_TIMESTAMP, WORK_TIME, BREAK_TIME, INTERRUPTED)
VALUES (2364, 1, '2019-06-24', 0, 0, false);
INSERT INTO POMODORO(ID, USER, CREATION_TIMESTAMP, WORK_TIME, BREAK_TIME, INTERRUPTED)
VALUES (2365, 1, '2019-06-24', 0, 0, false);
INSERT INTO POMODORO(ID, USER, CREATION_TIMESTAMP, WORK_TIME, BREAK_TIME, INTERRUPTED)
VALUES (2366, 1, '2019-06-24', 0, 0, true);
INSERT INTO POMODORO(ID, USER, CREATION_TIMESTAMP, WORK_TIME, BREAK_TIME, INTERRUPTED)
VALUES (2367, 1, '2019-06-24', 0, 0, true);
INSERT INTO POMODORO(ID, USER, CREATION_TIMESTAMP, WORK_TIME, BREAK_TIME, INTERRUPTED)
VALUES (2368, 1, '2019-06-24', 0, 0, true);
INSERT INTO POMODORO(ID, USER, CREATION_TIMESTAMP, WORK_TIME, BREAK_TIME, INTERRUPTED)
VALUES (2369, 1, '2019-06-24', 0, 0, true);
INSERT INTO POMODORO(ID, USER, CREATION_TIMESTAMP, WORK_TIME, BREAK_TIME, INTERRUPTED)
VALUES (2370, 1, '2019-06-24', 0, 0, false);
INSERT INTO POMODORO(ID, USER, CREATION_TIMESTAMP, WORK_TIME, BREAK_TIME, INTERRUPTED)
VALUES (2371, 1, '2019-06-24', 0, 0, true);
INSERT INTO POMODORO(ID, USER, CREATION_TIMESTAMP, WORK_TIME, BREAK_TIME, INTERRUPTED)
VALUES (2372, 1, '2019-06-24', 0, 0, false);
INSERT INTO POMODORO(ID, USER, CREATION_TIMESTAMP, WORK_TIME, BREAK_TIME, INTERRUPTED)
VALUES (2373, 1, '2019-06-24', 0, 0, false);
INSERT INTO POMODORO(ID, USER, CREATION_TIMESTAMP, WORK_TIME, BREAK_TIME, INTERRUPTED)
VALUES (2374, 1, '2019-06-24', 0, 0, false);
INSERT INTO POMODORO(ID, USER, CREATION_TIMESTAMP, WORK_TIME, BREAK_TIME, INTERRUPTED)
VALUES (2375, 1, '2019-06-24', 0, 0, true);
INSERT INTO POMODORO(ID, USER, CREATION_TIMESTAMP, WORK_TIME, BREAK_TIME, INTERRUPTED)
VALUES (2376, 1, '2019-06-24', 0, 0, true);
INSERT INTO POMODORO(ID, USER, CREATION_TIMESTAMP, WORK_TIME, BREAK_TIME, INTERRUPTED)
VALUES (2377, 1, '2019-06-24', 0, 0, false);
INSERT INTO POMODORO(ID, USER, CREATION_TIMESTAMP, WORK_TIME, BREAK_TIME, INTERRUPTED)
VALUES (2378, 1, '2019-06-24', 0, 0, false);
INSERT INTO POMODORO(ID, USER, CREATION_TIMESTAMP, WORK_TIME, BREAK_TIME, INTERRUPTED)
VALUES (2379, 1, '2019-06-24', 0, 0, true);
INSERT INTO POMODORO(ID, USER, CREATION_TIMESTAMP, WORK_TIME, BREAK_TIME, INTERRUPTED)
VALUES (2380, 1, '2019-06-24', 0, 0, true);
INSERT INTO POMODORO(ID, USER, CREATION_TIMESTAMP, WORK_TIME, BREAK_TIME, INTERRUPTED)
VALUES (2381, 1, '2019-06-24', 0, 0, false);
INSERT INTO POMODORO(ID, USER, CREATION_TIMESTAMP, WORK_TIME, BREAK_TIME, INTERRUPTED)
VALUES (2382, 1, '2019-06-24', 0, 0, false);
INSERT INTO POMODORO(ID, USER, CREATION_TIMESTAMP, WORK_TIME, BREAK_TIME, INTERRUPTED)
VALUES (2383, 1, '2019-06-24', 0, 0, false);
INSERT INTO POMODORO(ID, USER, CREATION_TIMESTAMP, WORK_TIME, BREAK_TIME, INTERRUPTED)
VALUES (2384, 1, '2019-06-23', 0, 0, false);
INSERT INTO POMODORO(ID, USER, CREATION_TIMESTAMP, WORK_TIME, BREAK_TIME, INTERRUPTED)
VALUES (2385, 1, '2019-06-23', 0, 0, false);
INSERT INTO POMODORO(ID, USER, CREATION_TIMESTAMP, WORK_TIME, BREAK_TIME, INTERRUPTED)
VALUES (2386, 1, '2019-06-23', 0, 0, true);
INSERT INTO POMODORO(ID, USER, CREATION_TIMESTAMP, WORK_TIME, BREAK_TIME, INTERRUPTED)
VALUES (2387, 1, '2019-06-23', 0, 0, true);
INSERT INTO POMODORO(ID, USER, CREATION_TIMESTAMP, WORK_TIME, BREAK_TIME, INTERRUPTED)
VALUES (2388, 1, '2019-06-23', 0, 0, true);
INSERT INTO POMODORO(ID, USER, CREATION_TIMESTAMP, WORK_TIME, BREAK_TIME, INTERRUPTED)
VALUES (2389, 1, '2019-06-23', 0, 0, true);
INSERT INTO POMODORO(ID, USER, CREATION_TIMESTAMP, WORK_TIME, BREAK_TIME, INTERRUPTED)
VALUES (2390, 1, '2019-06-23', 0, 0, true);
INSERT INTO POMODORO(ID, USER, CREATION_TIMESTAMP, WORK_TIME, BREAK_TIME, INTERRUPTED)
VALUES (2391, 1, '2019-06-23', 0, 0, true);
INSERT INTO POMODORO(ID, USER, CREATION_TIMESTAMP, WORK_TIME, BREAK_TIME, INTERRUPTED)
VALUES (2392, 1, '2019-06-23', 0, 0, false);
INSERT INTO POMODORO(ID, USER, CREATION_TIMESTAMP, WORK_TIME, BREAK_TIME, INTERRUPTED)
VALUES (2393, 1, '2019-06-23', 0, 0, true);
INSERT INTO POMODORO(ID, USER, CREATION_TIMESTAMP, WORK_TIME, BREAK_TIME, INTERRUPTED)
VALUES (2394, 1, '2019-06-23', 0, 0, false);
INSERT INTO POMODORO(ID, USER, CREATION_TIMESTAMP, WORK_TIME, BREAK_TIME, INTERRUPTED)
VALUES (2395, 1, '2019-06-23', 0, 0, true);
INSERT INTO POMODORO(ID, USER, CREATION_TIMESTAMP, WORK_TIME, BREAK_TIME, INTERRUPTED)
VALUES (2396, 1, '2019-06-23', 0, 0, false);
INSERT INTO POMODORO(ID, USER, CREATION_TIMESTAMP, WORK_TIME, BREAK_TIME, INTERRUPTED)
VALUES (2397, 1, '2019-06-23', 0, 0, false);
INSERT INTO POMODORO(ID, USER, CREATION_TIMESTAMP, WORK_TIME, BREAK_TIME, INTERRUPTED)
VALUES (2398, 1, '2019-06-23', 0, 0, false);
INSERT INTO POMODORO(ID, USER, CREATION_TIMESTAMP, WORK_TIME, BREAK_TIME, INTERRUPTED)
VALUES (2399, 1, '2019-06-23', 0, 0, false);
INSERT INTO POMODORO(ID, USER, CREATION_TIMESTAMP, WORK_TIME, BREAK_TIME, INTERRUPTED)
VALUES (2400, 1, '2019-06-23', 0, 0, false);
INSERT INTO POMODORO(ID, USER, CREATION_TIMESTAMP, WORK_TIME, BREAK_TIME, INTERRUPTED)
VALUES (2401, 1, '2019-06-22', 0, 0, true);
INSERT INTO POMODORO(ID, USER, CREATION_TIMESTAMP, WORK_TIME, BREAK_TIME, INTERRUPTED)
VALUES (2402, 1, '2019-06-22', 0, 0, false);
INSERT INTO POMODORO(ID, USER, CREATION_TIMESTAMP, WORK_TIME, BREAK_TIME, INTERRUPTED)
VALUES (2403, 1, '2019-06-22', 0, 0, true);
INSERT INTO POMODORO(ID, USER, CREATION_TIMESTAMP, WORK_TIME, BREAK_TIME, INTERRUPTED)
VALUES (2404, 1, '2019-06-22', 0, 0, false);
INSERT INTO POMODORO(ID, USER, CREATION_TIMESTAMP, WORK_TIME, BREAK_TIME, INTERRUPTED)
VALUES (2405, 1, '2019-06-22', 0, 0, true);
INSERT INTO POMODORO(ID, USER, CREATION_TIMESTAMP, WORK_TIME, BREAK_TIME, INTERRUPTED)
VALUES (2406, 1, '2019-06-22', 0, 0, false);
INSERT INTO POMODORO(ID, USER, CREATION_TIMESTAMP, WORK_TIME, BREAK_TIME, INTERRUPTED)
VALUES (2407, 1, '2019-06-22', 0, 0, false);
INSERT INTO POMODORO(ID, USER, CREATION_TIMESTAMP, WORK_TIME, BREAK_TIME, INTERRUPTED)
VALUES (2408, 1, '2019-06-22', 0, 0, false);
INSERT INTO POMODORO(ID, USER, CREATION_TIMESTAMP, WORK_TIME, BREAK_TIME, INTERRUPTED)
VALUES (2409, 1, '2019-06-22', 0, 0, false);
INSERT INTO POMODORO(ID, USER, CREATION_TIMESTAMP, WORK_TIME, BREAK_TIME, INTERRUPTED)
VALUES (2410, 1, '2019-06-22', 0, 0, false);
INSERT INTO POMODORO(ID, USER, CREATION_TIMESTAMP, WORK_TIME, BREAK_TIME, INTERRUPTED)
VALUES (2411, 1, '2019-06-22', 0, 0, false);
INSERT INTO POMODORO(ID, USER, CREATION_TIMESTAMP, WORK_TIME, BREAK_TIME, INTERRUPTED)
VALUES (2412, 1, '2019-06-22', 0, 0, false);
INSERT INTO POMODORO(ID, USER, CREATION_TIMESTAMP, WORK_TIME, BREAK_TIME, INTERRUPTED)
VALUES (2413, 1, '2019-06-22', 0, 0, false);
INSERT INTO POMODORO(ID, USER, CREATION_TIMESTAMP, WORK_TIME, BREAK_TIME, INTERRUPTED)
VALUES (2414, 1, '2019-06-22', 0, 0, false);
INSERT INTO POMODORO(ID, USER, CREATION_TIMESTAMP, WORK_TIME, BREAK_TIME, INTERRUPTED)
VALUES (2415, 1, '2019-06-22', 0, 0, false);
INSERT INTO POMODORO(ID, USER, CREATION_TIMESTAMP, WORK_TIME, BREAK_TIME, INTERRUPTED)
VALUES (2416, 1, '2019-06-22', 0, 0, false);
INSERT INTO POMODORO(ID, USER, CREATION_TIMESTAMP, WORK_TIME, BREAK_TIME, INTERRUPTED)
VALUES (2417, 1, '2019-06-22', 0, 0, true);
INSERT INTO POMODORO(ID, USER, CREATION_TIMESTAMP, WORK_TIME, BREAK_TIME, INTERRUPTED)
VALUES (2418, 1, '2019-06-22', 0, 0, false);
INSERT INTO POMODORO(ID, USER, CREATION_TIMESTAMP, WORK_TIME, BREAK_TIME, INTERRUPTED)
VALUES (2419, 1, '2019-06-22', 0, 0, true);
INSERT INTO POMODORO(ID, USER, CREATION_TIMESTAMP, WORK_TIME, BREAK_TIME, INTERRUPTED)
VALUES (2420, 1, '2019-06-22', 0, 0, false);
INSERT INTO POMODORO(ID, USER, CREATION_TIMESTAMP, WORK_TIME, BREAK_TIME, INTERRUPTED)
VALUES (2421, 1, '2019-06-22', 0, 0, true);
INSERT INTO POMODORO(ID, USER, CREATION_TIMESTAMP, WORK_TIME, BREAK_TIME, INTERRUPTED)
VALUES (2422, 1, '2019-06-22', 0, 0, true);
INSERT INTO POMODORO(ID, USER, CREATION_TIMESTAMP, WORK_TIME, BREAK_TIME, INTERRUPTED)
VALUES (2423, 1, '2019-06-22', 0, 0, true);
INSERT INTO POMODORO(ID, USER, CREATION_TIMESTAMP, WORK_TIME, BREAK_TIME, INTERRUPTED)
VALUES (2424, 1, '2019-06-22', 0, 0, false);
INSERT INTO POMODORO(ID, USER, CREATION_TIMESTAMP, WORK_TIME, BREAK_TIME, INTERRUPTED)
VALUES (2425, 1, '2019-06-22', 0, 0, true);
INSERT INTO POMODORO(ID, USER, CREATION_TIMESTAMP, WORK_TIME, BREAK_TIME, INTERRUPTED)
VALUES (2426, 1, '2019-06-22', 0, 0, true);
INSERT INTO POMODORO(ID, USER, CREATION_TIMESTAMP, WORK_TIME, BREAK_TIME, INTERRUPTED)
VALUES (2427, 1, '2019-06-22', 0, 0, true);
INSERT INTO POMODORO(ID, USER, CREATION_TIMESTAMP, WORK_TIME, BREAK_TIME, INTERRUPTED)
VALUES (2428, 1, '2019-06-22', 0, 0, false);
INSERT INTO POMODORO(ID, USER, CREATION_TIMESTAMP, WORK_TIME, BREAK_TIME, INTERRUPTED)
VALUES (2429, 1, '2019-06-22', 0, 0, false);
INSERT INTO POMODORO(ID, USER, CREATION_TIMESTAMP, WORK_TIME, BREAK_TIME, INTERRUPTED)
VALUES (2430, 1, '2019-06-22', 0, 0, true);
INSERT INTO POMODORO(ID, USER, CREATION_TIMESTAMP, WORK_TIME, BREAK_TIME, INTERRUPTED)
VALUES (2431, 1, '2019-06-22', 0, 0, false);
INSERT INTO POMODORO(ID, USER, CREATION_TIMESTAMP, WORK_TIME, BREAK_TIME, INTERRUPTED)
VALUES (2432, 1, '2019-06-21', 0, 0, false);
INSERT INTO POMODORO(ID, USER, CREATION_TIMESTAMP, WORK_TIME, BREAK_TIME, INTERRUPTED)
VALUES (2433, 1, '2019-06-21', 0, 0, false);
INSERT INTO POMODORO(ID, USER, CREATION_TIMESTAMP, WORK_TIME, BREAK_TIME, INTERRUPTED)
VALUES (2434, 1, '2019-06-21', 0, 0, false);
INSERT INTO POMODORO(ID, USER, CREATION_TIMESTAMP, WORK_TIME, BREAK_TIME, INTERRUPTED)
VALUES (2435, 1, '2019-06-20', 0, 0, true);
INSERT INTO POMODORO(ID, USER, CREATION_TIMESTAMP, WORK_TIME, BREAK_TIME, INTERRUPTED)
VALUES (2436, 1, '2019-06-20', 0, 0, true);
INSERT INTO POMODORO(ID, USER, CREATION_TIMESTAMP, WORK_TIME, BREAK_TIME, INTERRUPTED)
VALUES (2437, 1, '2019-06-20', 0, 0, true);
INSERT INTO POMODORO(ID, USER, CREATION_TIMESTAMP, WORK_TIME, BREAK_TIME, INTERRUPTED)
VALUES (2438, 1, '2019-06-20', 0, 0, false);
INSERT INTO POMODORO(ID, USER, CREATION_TIMESTAMP, WORK_TIME, BREAK_TIME, INTERRUPTED)
VALUES (2439, 1, '2019-06-20', 0, 0, true);
INSERT INTO POMODORO(ID, USER, CREATION_TIMESTAMP, WORK_TIME, BREAK_TIME, INTERRUPTED)
VALUES (2440, 1, '2019-06-20', 0, 0, true);
INSERT INTO POMODORO(ID, USER, CREATION_TIMESTAMP, WORK_TIME, BREAK_TIME, INTERRUPTED)
VALUES (2441, 1, '2019-06-20', 0, 0, true);
INSERT INTO POMODORO(ID, USER, CREATION_TIMESTAMP, WORK_TIME, BREAK_TIME, INTERRUPTED)
VALUES (2442, 1, '2019-06-20', 0, 0, false);
INSERT INTO POMODORO(ID, USER, CREATION_TIMESTAMP, WORK_TIME, BREAK_TIME, INTERRUPTED)
VALUES (2443, 1, '2019-06-20', 0, 0, true);
INSERT INTO POMODORO(ID, USER, CREATION_TIMESTAMP, WORK_TIME, BREAK_TIME, INTERRUPTED)
VALUES (2444, 1, '2019-06-20', 0, 0, false);
INSERT INTO POMODORO(ID, USER, CREATION_TIMESTAMP, WORK_TIME, BREAK_TIME, INTERRUPTED)
VALUES (2445, 1, '2019-06-20', 0, 0, false);
INSERT INTO POMODORO(ID, USER, CREATION_TIMESTAMP, WORK_TIME, BREAK_TIME, INTERRUPTED)
VALUES (2446, 1, '2019-06-20', 0, 0, false);
INSERT INTO POMODORO(ID, USER, CREATION_TIMESTAMP, WORK_TIME, BREAK_TIME, INTERRUPTED)
VALUES (2447, 1, '2019-06-20', 0, 0, true);
INSERT INTO POMODORO(ID, USER, CREATION_TIMESTAMP, WORK_TIME, BREAK_TIME, INTERRUPTED)
VALUES (2448, 1, '2019-06-20', 0, 0, true);
INSERT INTO POMODORO(ID, USER, CREATION_TIMESTAMP, WORK_TIME, BREAK_TIME, INTERRUPTED)
VALUES (2449, 1, '2019-06-20', 0, 0, true);
INSERT INTO POMODORO(ID, USER, CREATION_TIMESTAMP, WORK_TIME, BREAK_TIME, INTERRUPTED)
VALUES (2450, 1, '2019-06-20', 0, 0, false);
INSERT INTO POMODORO(ID, USER, CREATION_TIMESTAMP, WORK_TIME, BREAK_TIME, INTERRUPTED)
VALUES (2451, 1, '2019-06-20', 0, 0, true);
INSERT INTO POMODORO(ID, USER, CREATION_TIMESTAMP, WORK_TIME, BREAK_TIME, INTERRUPTED)
VALUES (2452, 1, '2019-06-20', 0, 0, false);
INSERT INTO POMODORO(ID, USER, CREATION_TIMESTAMP, WORK_TIME, BREAK_TIME, INTERRUPTED)
VALUES (2453, 1, '2019-06-20', 0, 0, false);
INSERT INTO POMODORO(ID, USER, CREATION_TIMESTAMP, WORK_TIME, BREAK_TIME, INTERRUPTED)
VALUES (2454, 1, '2019-06-20', 0, 0, true);
INSERT INTO POMODORO(ID, USER, CREATION_TIMESTAMP, WORK_TIME, BREAK_TIME, INTERRUPTED)
VALUES (2455, 1, '2019-06-20', 0, 0, false);
INSERT INTO POMODORO(ID, USER, CREATION_TIMESTAMP, WORK_TIME, BREAK_TIME, INTERRUPTED)
VALUES (2456, 1, '2019-06-20', 0, 0, true);
INSERT INTO POMODORO(ID, USER, CREATION_TIMESTAMP, WORK_TIME, BREAK_TIME, INTERRUPTED)
VALUES (2457, 1, '2019-06-20', 0, 0, false);
INSERT INTO POMODORO(ID, USER, CREATION_TIMESTAMP, WORK_TIME, BREAK_TIME, INTERRUPTED)
VALUES (2458, 1, '2019-06-20', 0, 0, false);
INSERT INTO POMODORO(ID, USER, CREATION_TIMESTAMP, WORK_TIME, BREAK_TIME, INTERRUPTED)
VALUES (2459, 1, '2019-06-20', 0, 0, true);
INSERT INTO POMODORO(ID, USER, CREATION_TIMESTAMP, WORK_TIME, BREAK_TIME, INTERRUPTED)
VALUES (2460, 1, '2019-06-20', 0, 0, false);
INSERT INTO POMODORO(ID, USER, CREATION_TIMESTAMP, WORK_TIME, BREAK_TIME, INTERRUPTED)
VALUES (2461, 1, '2019-06-20', 0, 0, false);
INSERT INTO POMODORO(ID, USER, CREATION_TIMESTAMP, WORK_TIME, BREAK_TIME, INTERRUPTED)
VALUES (2462, 1, '2019-06-20', 0, 0, false);
INSERT INTO POMODORO(ID, USER, CREATION_TIMESTAMP, WORK_TIME, BREAK_TIME, INTERRUPTED)
VALUES (2463, 1, '2019-06-20', 0, 0, true);
INSERT INTO POMODORO(ID, USER, CREATION_TIMESTAMP, WORK_TIME, BREAK_TIME, INTERRUPTED)
VALUES (2464, 1, '2019-06-20', 0, 0, true);
INSERT INTO POMODORO(ID, USER, CREATION_TIMESTAMP, WORK_TIME, BREAK_TIME, INTERRUPTED)
VALUES (2465, 1, '2019-06-20', 0, 0, true);
INSERT INTO POMODORO(ID, USER, CREATION_TIMESTAMP, WORK_TIME, BREAK_TIME, INTERRUPTED)
VALUES (2466, 1, '2019-06-20', 0, 0, true);
INSERT INTO POMODORO(ID, USER, CREATION_TIMESTAMP, WORK_TIME, BREAK_TIME, INTERRUPTED)
VALUES (2467, 1, '2019-06-20', 0, 0, true);
INSERT INTO POMODORO(ID, USER, CREATION_TIMESTAMP, WORK_TIME, BREAK_TIME, INTERRUPTED)
VALUES (2468, 1, '2019-06-19', 0, 0, false);
INSERT INTO POMODORO(ID, USER, CREATION_TIMESTAMP, WORK_TIME, BREAK_TIME, INTERRUPTED)
VALUES (2469, 1, '2019-06-19', 0, 0, false);
INSERT INTO POMODORO(ID, USER, CREATION_TIMESTAMP, WORK_TIME, BREAK_TIME, INTERRUPTED)
VALUES (2470, 1, '2019-06-19', 0, 0, true);
INSERT INTO POMODORO(ID, USER, CREATION_TIMESTAMP, WORK_TIME, BREAK_TIME, INTERRUPTED)
VALUES (2471, 1, '2019-06-19', 0, 0, true);
INSERT INTO POMODORO(ID, USER, CREATION_TIMESTAMP, WORK_TIME, BREAK_TIME, INTERRUPTED)
VALUES (2472, 1, '2019-06-19', 0, 0, false);
INSERT INTO POMODORO(ID, USER, CREATION_TIMESTAMP, WORK_TIME, BREAK_TIME, INTERRUPTED)
VALUES (2473, 1, '2019-06-19', 0, 0, true);
INSERT INTO POMODORO(ID, USER, CREATION_TIMESTAMP, WORK_TIME, BREAK_TIME, INTERRUPTED)
VALUES (2474, 1, '2019-06-19', 0, 0, false);
INSERT INTO POMODORO(ID, USER, CREATION_TIMESTAMP, WORK_TIME, BREAK_TIME, INTERRUPTED)
VALUES (2475, 1, '2019-06-19', 0, 0, false);
INSERT INTO POMODORO(ID, USER, CREATION_TIMESTAMP, WORK_TIME, BREAK_TIME, INTERRUPTED)
VALUES (2476, 1, '2019-06-19', 0, 0, true);
INSERT INTO POMODORO(ID, USER, CREATION_TIMESTAMP, WORK_TIME, BREAK_TIME, INTERRUPTED)
VALUES (2477, 1, '2019-06-19', 0, 0, true);
INSERT INTO POMODORO(ID, USER, CREATION_TIMESTAMP, WORK_TIME, BREAK_TIME, INTERRUPTED)
VALUES (2478, 1, '2019-06-19', 0, 0, true);
INSERT INTO POMODORO(ID, USER, CREATION_TIMESTAMP, WORK_TIME, BREAK_TIME, INTERRUPTED)
VALUES (2479, 1, '2019-06-19', 0, 0, true);
INSERT INTO POMODORO(ID, USER, CREATION_TIMESTAMP, WORK_TIME, BREAK_TIME, INTERRUPTED)
VALUES (2480, 1, '2019-06-19', 0, 0, false);
INSERT INTO POMODORO(ID, USER, CREATION_TIMESTAMP, WORK_TIME, BREAK_TIME, INTERRUPTED)
VALUES (2481, 1, '2019-06-19', 0, 0, true);
INSERT INTO POMODORO(ID, USER, CREATION_TIMESTAMP, WORK_TIME, BREAK_TIME, INTERRUPTED)
VALUES (2482, 1, '2019-06-19', 0, 0, true);
INSERT INTO POMODORO(ID, USER, CREATION_TIMESTAMP, WORK_TIME, BREAK_TIME, INTERRUPTED)
VALUES (2483, 1, '2019-06-19', 0, 0, false);
INSERT INTO POMODORO(ID, USER, CREATION_TIMESTAMP, WORK_TIME, BREAK_TIME, INTERRUPTED)
VALUES (2484, 1, '2019-06-19', 0, 0, true);
INSERT INTO POMODORO(ID, USER, CREATION_TIMESTAMP, WORK_TIME, BREAK_TIME, INTERRUPTED)
VALUES (2485, 1, '2019-06-19', 0, 0, false);
INSERT INTO POMODORO(ID, USER, CREATION_TIMESTAMP, WORK_TIME, BREAK_TIME, INTERRUPTED)
VALUES (2486, 1, '2019-06-19', 0, 0, true);
INSERT INTO POMODORO(ID, USER, CREATION_TIMESTAMP, WORK_TIME, BREAK_TIME, INTERRUPTED)
VALUES (2487, 1, '2019-06-19', 0, 0, true);
INSERT INTO POMODORO(ID, USER, CREATION_TIMESTAMP, WORK_TIME, BREAK_TIME, INTERRUPTED)
VALUES (2488, 1, '2019-06-19', 0, 0, true);
INSERT INTO POMODORO(ID, USER, CREATION_TIMESTAMP, WORK_TIME, BREAK_TIME, INTERRUPTED)
VALUES (2489, 1, '2019-06-19', 0, 0, false);
INSERT INTO POMODORO(ID, USER, CREATION_TIMESTAMP, WORK_TIME, BREAK_TIME, INTERRUPTED)
VALUES (2490, 1, '2019-06-19', 0, 0, true);
INSERT INTO POMODORO(ID, USER, CREATION_TIMESTAMP, WORK_TIME, BREAK_TIME, INTERRUPTED)
VALUES (2491, 1, '2019-06-19', 0, 0, false);
INSERT INTO POMODORO(ID, USER, CREATION_TIMESTAMP, WORK_TIME, BREAK_TIME, INTERRUPTED)
VALUES (2492, 1, '2019-06-19', 0, 0, true);
INSERT INTO POMODORO(ID, USER, CREATION_TIMESTAMP, WORK_TIME, BREAK_TIME, INTERRUPTED)
VALUES (2493, 1, '2019-06-19', 0, 0, false);
INSERT INTO POMODORO(ID, USER, CREATION_TIMESTAMP, WORK_TIME, BREAK_TIME, INTERRUPTED)
VALUES (2494, 1, '2019-06-19', 0, 0, true);
INSERT INTO POMODORO(ID, USER, CREATION_TIMESTAMP, WORK_TIME, BREAK_TIME, INTERRUPTED)
VALUES (2495, 1, '2019-06-19', 0, 0, true);
INSERT INTO POMODORO(ID, USER, CREATION_TIMESTAMP, WORK_TIME, BREAK_TIME, INTERRUPTED)
VALUES (2496, 1, '2019-06-19', 0, 0, false);
INSERT INTO POMODORO(ID, USER, CREATION_TIMESTAMP, WORK_TIME, BREAK_TIME, INTERRUPTED)
VALUES (2497, 1, '2019-06-19', 0, 0, true);
INSERT INTO POMODORO(ID, USER, CREATION_TIMESTAMP, WORK_TIME, BREAK_TIME, INTERRUPTED)
VALUES (2498, 1, '2019-06-19', 0, 0, false);
INSERT INTO POMODORO(ID, USER, CREATION_TIMESTAMP, WORK_TIME, BREAK_TIME, INTERRUPTED)
VALUES (2499, 1, '2019-06-19', 0, 0, true);
INSERT INTO POMODORO(ID, USER, CREATION_TIMESTAMP, WORK_TIME, BREAK_TIME, INTERRUPTED)
VALUES (2500, 1, '2019-06-19', 0, 0, true);
INSERT INTO POMODORO(ID, USER, CREATION_TIMESTAMP, WORK_TIME, BREAK_TIME, INTERRUPTED)
VALUES (2501, 1, '2019-06-19', 0, 0, true);
INSERT INTO POMODORO(ID, USER, CREATION_TIMESTAMP, WORK_TIME, BREAK_TIME, INTERRUPTED)
VALUES (2502, 1, '2019-06-19', 0, 0, true);
INSERT INTO POMODORO(ID, USER, CREATION_TIMESTAMP, WORK_TIME, BREAK_TIME, INTERRUPTED)
VALUES (2503, 1, '2019-06-19', 0, 0, true);
INSERT INTO POMODORO(ID, USER, CREATION_TIMESTAMP, WORK_TIME, BREAK_TIME, INTERRUPTED)
VALUES (2504, 1, '2019-06-19', 0, 0, false);
INSERT INTO POMODORO(ID, USER, CREATION_TIMESTAMP, WORK_TIME, BREAK_TIME, INTERRUPTED)
VALUES (2505, 1, '2019-06-19', 0, 0, false);
INSERT INTO POMODORO(ID, USER, CREATION_TIMESTAMP, WORK_TIME, BREAK_TIME, INTERRUPTED)
VALUES (2506, 1, '2019-06-18', 0, 0, false);
INSERT INTO POMODORO(ID, USER, CREATION_TIMESTAMP, WORK_TIME, BREAK_TIME, INTERRUPTED)
VALUES (2507, 1, '2019-06-18', 0, 0, false);
INSERT INTO POMODORO(ID, USER, CREATION_TIMESTAMP, WORK_TIME, BREAK_TIME, INTERRUPTED)
VALUES (2508, 1, '2019-06-18', 0, 0, true);
INSERT INTO POMODORO(ID, USER, CREATION_TIMESTAMP, WORK_TIME, BREAK_TIME, INTERRUPTED)
VALUES (2509, 1, '2019-06-18', 0, 0, false);
INSERT INTO POMODORO(ID, USER, CREATION_TIMESTAMP, WORK_TIME, BREAK_TIME, INTERRUPTED)
VALUES (2510, 1, '2019-06-18', 0, 0, true);
INSERT INTO POMODORO(ID, USER, CREATION_TIMESTAMP, WORK_TIME, BREAK_TIME, INTERRUPTED)
VALUES (2511, 1, '2019-06-18', 0, 0, true);
INSERT INTO POMODORO(ID, USER, CREATION_TIMESTAMP, WORK_TIME, BREAK_TIME, INTERRUPTED)
VALUES (2512, 1, '2019-06-17', 0, 0, false);
INSERT INTO POMODORO(ID, USER, CREATION_TIMESTAMP, WORK_TIME, BREAK_TIME, INTERRUPTED)
VALUES (2513, 1, '2019-06-17', 0, 0, false);
INSERT INTO POMODORO(ID, USER, CREATION_TIMESTAMP, WORK_TIME, BREAK_TIME, INTERRUPTED)
VALUES (2514, 1, '2019-06-17', 0, 0, true);
INSERT INTO POMODORO(ID, USER, CREATION_TIMESTAMP, WORK_TIME, BREAK_TIME, INTERRUPTED)
VALUES (2515, 1, '2019-06-17', 0, 0, false);
INSERT INTO POMODORO(ID, USER, CREATION_TIMESTAMP, WORK_TIME, BREAK_TIME, INTERRUPTED)
VALUES (2516, 1, '2019-06-17', 0, 0, false);
INSERT INTO POMODORO(ID, USER, CREATION_TIMESTAMP, WORK_TIME, BREAK_TIME, INTERRUPTED)
VALUES (2517, 1, '2019-06-17', 0, 0, false);
INSERT INTO POMODORO(ID, USER, CREATION_TIMESTAMP, WORK_TIME, BREAK_TIME, INTERRUPTED)
VALUES (2518, 1, '2019-06-17', 0, 0, true);
INSERT INTO POMODORO(ID, USER, CREATION_TIMESTAMP, WORK_TIME, BREAK_TIME, INTERRUPTED)
VALUES (2519, 1, '2019-06-17', 0, 0, false);
INSERT INTO POMODORO(ID, USER, CREATION_TIMESTAMP, WORK_TIME, BREAK_TIME, INTERRUPTED)
VALUES (2520, 1, '2019-06-17', 0, 0, false);
INSERT INTO POMODORO(ID, USER, CREATION_TIMESTAMP, WORK_TIME, BREAK_TIME, INTERRUPTED)
VALUES (2521, 1, '2019-06-17', 0, 0, false);
INSERT INTO POMODORO(ID, USER, CREATION_TIMESTAMP, WORK_TIME, BREAK_TIME, INTERRUPTED)
VALUES (2522, 1, '2019-06-17', 0, 0, false);
INSERT INTO POMODORO(ID, USER, CREATION_TIMESTAMP, WORK_TIME, BREAK_TIME, INTERRUPTED)
VALUES (2523, 1, '2019-06-17', 0, 0, true);
INSERT INTO POMODORO(ID, USER, CREATION_TIMESTAMP, WORK_TIME, BREAK_TIME, INTERRUPTED)
VALUES (2524, 1, '2019-06-17', 0, 0, true);
INSERT INTO POMODORO(ID, USER, CREATION_TIMESTAMP, WORK_TIME, BREAK_TIME, INTERRUPTED)
VALUES (2525, 1, '2019-06-17', 0, 0, false);
INSERT INTO POMODORO(ID, USER, CREATION_TIMESTAMP, WORK_TIME, BREAK_TIME, INTERRUPTED)
VALUES (2526, 1, '2019-06-17', 0, 0, true);
INSERT INTO POMODORO(ID, USER, CREATION_TIMESTAMP, WORK_TIME, BREAK_TIME, INTERRUPTED)
VALUES (2527, 1, '2019-06-17', 0, 0, false);
INSERT INTO POMODORO(ID, USER, CREATION_TIMESTAMP, WORK_TIME, BREAK_TIME, INTERRUPTED)
VALUES (2528, 1, '2019-06-17', 0, 0, true);
INSERT INTO POMODORO(ID, USER, CREATION_TIMESTAMP, WORK_TIME, BREAK_TIME, INTERRUPTED)
VALUES (2529, 1, '2019-06-17', 0, 0, false);
INSERT INTO POMODORO(ID, USER, CREATION_TIMESTAMP, WORK_TIME, BREAK_TIME, INTERRUPTED)
VALUES (2530, 1, '2019-06-17', 0, 0, true);
INSERT INTO POMODORO(ID, USER, CREATION_TIMESTAMP, WORK_TIME, BREAK_TIME, INTERRUPTED)
VALUES (2531, 1, '2019-06-17', 0, 0, true);
INSERT INTO POMODORO(ID, USER, CREATION_TIMESTAMP, WORK_TIME, BREAK_TIME, INTERRUPTED)
VALUES (2532, 1, '2019-06-17', 0, 0, true);
INSERT INTO POMODORO(ID, USER, CREATION_TIMESTAMP, WORK_TIME, BREAK_TIME, INTERRUPTED)
VALUES (2533, 1, '2019-06-17', 0, 0, true);
INSERT INTO POMODORO(ID, USER, CREATION_TIMESTAMP, WORK_TIME, BREAK_TIME, INTERRUPTED)
VALUES (2534, 1, '2019-06-17', 0, 0, true);
INSERT INTO POMODORO(ID, USER, CREATION_TIMESTAMP, WORK_TIME, BREAK_TIME, INTERRUPTED)
VALUES (2535, 1, '2019-06-17', 0, 0, true);
INSERT INTO POMODORO(ID, USER, CREATION_TIMESTAMP, WORK_TIME, BREAK_TIME, INTERRUPTED)
VALUES (2536, 1, '2019-06-17', 0, 0, true);
INSERT INTO POMODORO(ID, USER, CREATION_TIMESTAMP, WORK_TIME, BREAK_TIME, INTERRUPTED)
VALUES (2537, 1, '2019-06-17', 0, 0, false);
INSERT INTO POMODORO(ID, USER, CREATION_TIMESTAMP, WORK_TIME, BREAK_TIME, INTERRUPTED)
VALUES (2538, 1, '2019-06-17', 0, 0, false);
INSERT INTO POMODORO(ID, USER, CREATION_TIMESTAMP, WORK_TIME, BREAK_TIME, INTERRUPTED)
VALUES (2539, 1, '2019-06-17', 0, 0, true);
INSERT INTO POMODORO(ID, USER, CREATION_TIMESTAMP, WORK_TIME, BREAK_TIME, INTERRUPTED)
VALUES (2540, 1, '2019-06-17', 0, 0, false);
INSERT INTO POMODORO(ID, USER, CREATION_TIMESTAMP, WORK_TIME, BREAK_TIME, INTERRUPTED)
VALUES (2541, 1, '2019-06-17', 0, 0, true);
INSERT INTO POMODORO(ID, USER, CREATION_TIMESTAMP, WORK_TIME, BREAK_TIME, INTERRUPTED)
VALUES (2542, 1, '2019-06-17', 0, 0, false);
INSERT INTO POMODORO(ID, USER, CREATION_TIMESTAMP, WORK_TIME, BREAK_TIME, INTERRUPTED)
VALUES (2543, 1, '2019-06-17', 0, 0, false);
INSERT INTO POMODORO(ID, USER, CREATION_TIMESTAMP, WORK_TIME, BREAK_TIME, INTERRUPTED)
VALUES (2544, 1, '2019-06-17', 0, 0, false);
INSERT INTO POMODORO(ID, USER, CREATION_TIMESTAMP, WORK_TIME, BREAK_TIME, INTERRUPTED)
VALUES (2545, 1, '2019-06-17', 0, 0, false);
INSERT INTO POMODORO(ID, USER, CREATION_TIMESTAMP, WORK_TIME, BREAK_TIME, INTERRUPTED)
VALUES (2546, 1, '2019-06-17', 0, 0, false);
INSERT INTO POMODORO(ID, USER, CREATION_TIMESTAMP, WORK_TIME, BREAK_TIME, INTERRUPTED)
VALUES (2547, 1, '2019-06-17', 0, 0, true);
INSERT INTO POMODORO(ID, USER, CREATION_TIMESTAMP, WORK_TIME, BREAK_TIME, INTERRUPTED)
VALUES (2548, 1, '2019-06-17', 0, 0, false);
INSERT INTO POMODORO(ID, USER, CREATION_TIMESTAMP, WORK_TIME, BREAK_TIME, INTERRUPTED)
VALUES (2549, 1, '2019-06-17', 0, 0, true);
INSERT INTO POMODORO(ID, USER, CREATION_TIMESTAMP, WORK_TIME, BREAK_TIME, INTERRUPTED)
VALUES (2550, 1, '2019-06-17', 0, 0, false);
INSERT INTO POMODORO(ID, USER, CREATION_TIMESTAMP, WORK_TIME, BREAK_TIME, INTERRUPTED)
VALUES (2551, 1, '2019-06-17', 0, 0, false);
INSERT INTO POMODORO(ID, USER, CREATION_TIMESTAMP, WORK_TIME, BREAK_TIME, INTERRUPTED)
VALUES (2552, 1, '2019-06-17', 0, 0, false);
INSERT INTO POMODORO(ID, USER, CREATION_TIMESTAMP, WORK_TIME, BREAK_TIME, INTERRUPTED)
VALUES (2553, 1, '2019-06-17', 0, 0, true);
INSERT INTO POMODORO(ID, USER, CREATION_TIMESTAMP, WORK_TIME, BREAK_TIME, INTERRUPTED)
VALUES (2554, 1, '2019-06-16', 0, 0, false);
INSERT INTO POMODORO(ID, USER, CREATION_TIMESTAMP, WORK_TIME, BREAK_TIME, INTERRUPTED)
VALUES (2555, 1, '2019-06-16', 0, 0, true);
INSERT INTO POMODORO(ID, USER, CREATION_TIMESTAMP, WORK_TIME, BREAK_TIME, INTERRUPTED)
VALUES (2556, 1, '2019-06-16', 0, 0, true);
INSERT INTO POMODORO(ID, USER, CREATION_TIMESTAMP, WORK_TIME, BREAK_TIME, INTERRUPTED)
VALUES (2557, 1, '2019-06-16', 0, 0, false);
INSERT INTO POMODORO(ID, USER, CREATION_TIMESTAMP, WORK_TIME, BREAK_TIME, INTERRUPTED)
VALUES (2558, 1, '2019-06-16', 0, 0, true);
INSERT INTO POMODORO(ID, USER, CREATION_TIMESTAMP, WORK_TIME, BREAK_TIME, INTERRUPTED)
VALUES (2559, 1, '2019-06-16', 0, 0, false);
INSERT INTO POMODORO(ID, USER, CREATION_TIMESTAMP, WORK_TIME, BREAK_TIME, INTERRUPTED)
VALUES (2560, 1, '2019-06-16', 0, 0, false);
INSERT INTO POMODORO(ID, USER, CREATION_TIMESTAMP, WORK_TIME, BREAK_TIME, INTERRUPTED)
VALUES (2561, 1, '2019-06-16', 0, 0, false);
INSERT INTO POMODORO(ID, USER, CREATION_TIMESTAMP, WORK_TIME, BREAK_TIME, INTERRUPTED)
VALUES (2562, 1, '2019-06-16', 0, 0, true);
INSERT INTO POMODORO(ID, USER, CREATION_TIMESTAMP, WORK_TIME, BREAK_TIME, INTERRUPTED)
VALUES (2563, 1, '2019-06-16', 0, 0, false);
INSERT INTO POMODORO(ID, USER, CREATION_TIMESTAMP, WORK_TIME, BREAK_TIME, INTERRUPTED)
VALUES (2564, 1, '2019-06-16', 0, 0, false);
INSERT INTO POMODORO(ID, USER, CREATION_TIMESTAMP, WORK_TIME, BREAK_TIME, INTERRUPTED)
VALUES (2565, 1, '2019-06-16', 0, 0, false);
INSERT INTO POMODORO(ID, USER, CREATION_TIMESTAMP, WORK_TIME, BREAK_TIME, INTERRUPTED)
VALUES (2566, 1, '2019-06-16', 0, 0, false);
INSERT INTO POMODORO(ID, USER, CREATION_TIMESTAMP, WORK_TIME, BREAK_TIME, INTERRUPTED)
VALUES (2567, 1, '2019-06-16', 0, 0, true);
INSERT INTO POMODORO(ID, USER, CREATION_TIMESTAMP, WORK_TIME, BREAK_TIME, INTERRUPTED)
VALUES (2568, 1, '2019-06-16', 0, 0, false);
INSERT INTO POMODORO(ID, USER, CREATION_TIMESTAMP, WORK_TIME, BREAK_TIME, INTERRUPTED)
VALUES (2569, 1, '2019-06-16', 0, 0, false);
INSERT INTO POMODORO(ID, USER, CREATION_TIMESTAMP, WORK_TIME, BREAK_TIME, INTERRUPTED)
VALUES (2570, 1, '2019-06-16', 0, 0, false);
INSERT INTO POMODORO(ID, USER, CREATION_TIMESTAMP, WORK_TIME, BREAK_TIME, INTERRUPTED)
VALUES (2571, 1, '2019-06-16', 0, 0, true);
INSERT INTO POMODORO(ID, USER, CREATION_TIMESTAMP, WORK_TIME, BREAK_TIME, INTERRUPTED)
VALUES (2572, 1, '2019-06-16', 0, 0, true);
INSERT INTO POMODORO(ID, USER, CREATION_TIMESTAMP, WORK_TIME, BREAK_TIME, INTERRUPTED)
VALUES (2573, 1, '2019-06-16', 0, 0, true);
INSERT INTO POMODORO(ID, USER, CREATION_TIMESTAMP, WORK_TIME, BREAK_TIME, INTERRUPTED)
VALUES (2574, 1, '2019-06-16', 0, 0, true);
INSERT INTO POMODORO(ID, USER, CREATION_TIMESTAMP, WORK_TIME, BREAK_TIME, INTERRUPTED)
VALUES (2575, 1, '2019-06-16', 0, 0, true);
INSERT INTO POMODORO(ID, USER, CREATION_TIMESTAMP, WORK_TIME, BREAK_TIME, INTERRUPTED)
VALUES (2576, 1, '2019-06-16', 0, 0, true);
INSERT INTO POMODORO(ID, USER, CREATION_TIMESTAMP, WORK_TIME, BREAK_TIME, INTERRUPTED)
VALUES (2577, 1, '2019-06-16', 0, 0, true);
INSERT INTO POMODORO(ID, USER, CREATION_TIMESTAMP, WORK_TIME, BREAK_TIME, INTERRUPTED)
VALUES (2578, 1, '2019-06-16', 0, 0, false);
INSERT INTO POMODORO(ID, USER, CREATION_TIMESTAMP, WORK_TIME, BREAK_TIME, INTERRUPTED)
VALUES (2579, 1, '2019-06-16', 0, 0, true);
INSERT INTO POMODORO(ID, USER, CREATION_TIMESTAMP, WORK_TIME, BREAK_TIME, INTERRUPTED)
VALUES (2580, 1, '2019-06-16', 0, 0, true);
INSERT INTO POMODORO(ID, USER, CREATION_TIMESTAMP, WORK_TIME, BREAK_TIME, INTERRUPTED)
VALUES (2581, 1, '2019-06-16', 0, 0, true);
INSERT INTO POMODORO(ID, USER, CREATION_TIMESTAMP, WORK_TIME, BREAK_TIME, INTERRUPTED)
VALUES (2582, 1, '2019-06-16', 0, 0, false);
INSERT INTO POMODORO(ID, USER, CREATION_TIMESTAMP, WORK_TIME, BREAK_TIME, INTERRUPTED)
VALUES (2583, 1, '2019-06-16', 0, 0, false);
INSERT INTO POMODORO(ID, USER, CREATION_TIMESTAMP, WORK_TIME, BREAK_TIME, INTERRUPTED)
VALUES (2584, 1, '2019-06-16', 0, 0, false);
INSERT INTO POMODORO(ID, USER, CREATION_TIMESTAMP, WORK_TIME, BREAK_TIME, INTERRUPTED)
VALUES (2585, 1, '2019-06-16', 0, 0, true);
INSERT INTO POMODORO(ID, USER, CREATION_TIMESTAMP, WORK_TIME, BREAK_TIME, INTERRUPTED)
VALUES (2586, 1, '2019-06-16', 0, 0, true);
INSERT INTO POMODORO(ID, USER, CREATION_TIMESTAMP, WORK_TIME, BREAK_TIME, INTERRUPTED)
VALUES (2587, 1, '2019-06-16', 0, 0, false);
INSERT INTO POMODORO(ID, USER, CREATION_TIMESTAMP, WORK_TIME, BREAK_TIME, INTERRUPTED)
VALUES (2588, 1, '2019-06-16', 0, 0, false);
INSERT INTO POMODORO(ID, USER, CREATION_TIMESTAMP, WORK_TIME, BREAK_TIME, INTERRUPTED)
VALUES (2589, 1, '2019-06-16', 0, 0, false);
INSERT INTO POMODORO(ID, USER, CREATION_TIMESTAMP, WORK_TIME, BREAK_TIME, INTERRUPTED)
VALUES (2590, 1, '2019-06-16', 0, 0, false);
INSERT INTO POMODORO(ID, USER, CREATION_TIMESTAMP, WORK_TIME, BREAK_TIME, INTERRUPTED)
VALUES (2591, 1, '2019-06-15', 0, 0, true);
INSERT INTO POMODORO(ID, USER, CREATION_TIMESTAMP, WORK_TIME, BREAK_TIME, INTERRUPTED)
VALUES (2592, 1, '2019-06-15', 0, 0, false);
INSERT INTO POMODORO(ID, USER, CREATION_TIMESTAMP, WORK_TIME, BREAK_TIME, INTERRUPTED)
VALUES (2593, 1, '2019-06-15', 0, 0, true);
INSERT INTO POMODORO(ID, USER, CREATION_TIMESTAMP, WORK_TIME, BREAK_TIME, INTERRUPTED)
VALUES (2594, 1, '2019-06-15', 0, 0, false);
INSERT INTO POMODORO(ID, USER, CREATION_TIMESTAMP, WORK_TIME, BREAK_TIME, INTERRUPTED)
VALUES (2595, 1, '2019-06-15', 0, 0, true);
INSERT INTO POMODORO(ID, USER, CREATION_TIMESTAMP, WORK_TIME, BREAK_TIME, INTERRUPTED)
VALUES (2596, 1, '2019-06-15', 0, 0, true);
INSERT INTO POMODORO(ID, USER, CREATION_TIMESTAMP, WORK_TIME, BREAK_TIME, INTERRUPTED)
VALUES (2597, 1, '2019-06-15', 0, 0, true);
INSERT INTO POMODORO(ID, USER, CREATION_TIMESTAMP, WORK_TIME, BREAK_TIME, INTERRUPTED)
VALUES (2598, 1, '2019-06-15', 0, 0, false);
INSERT INTO POMODORO(ID, USER, CREATION_TIMESTAMP, WORK_TIME, BREAK_TIME, INTERRUPTED)
VALUES (2599, 1, '2019-06-15', 0, 0, false);
INSERT INTO POMODORO(ID, USER, CREATION_TIMESTAMP, WORK_TIME, BREAK_TIME, INTERRUPTED)
VALUES (2600, 1, '2019-06-15', 0, 0, true);
INSERT INTO POMODORO(ID, USER, CREATION_TIMESTAMP, WORK_TIME, BREAK_TIME, INTERRUPTED)
VALUES (2601, 1, '2019-06-15', 0, 0, true);
INSERT INTO POMODORO(ID, USER, CREATION_TIMESTAMP, WORK_TIME, BREAK_TIME, INTERRUPTED)
VALUES (2602, 1, '2019-06-15', 0, 0, false);
INSERT INTO POMODORO(ID, USER, CREATION_TIMESTAMP, WORK_TIME, BREAK_TIME, INTERRUPTED)
VALUES (2603, 1, '2019-06-15', 0, 0, true);
INSERT INTO POMODORO(ID, USER, CREATION_TIMESTAMP, WORK_TIME, BREAK_TIME, INTERRUPTED)
VALUES (2604, 1, '2019-06-15', 0, 0, false);
INSERT INTO POMODORO(ID, USER, CREATION_TIMESTAMP, WORK_TIME, BREAK_TIME, INTERRUPTED)
VALUES (2605, 1, '2019-06-15', 0, 0, false);
INSERT INTO POMODORO(ID, USER, CREATION_TIMESTAMP, WORK_TIME, BREAK_TIME, INTERRUPTED)
VALUES (2606, 1, '2019-06-15', 0, 0, false);
INSERT INTO POMODORO(ID, USER, CREATION_TIMESTAMP, WORK_TIME, BREAK_TIME, INTERRUPTED)
VALUES (2607, 1, '2019-06-15', 0, 0, true);
INSERT INTO POMODORO(ID, USER, CREATION_TIMESTAMP, WORK_TIME, BREAK_TIME, INTERRUPTED)
VALUES (2608, 1, '2019-06-15', 0, 0, true);
INSERT INTO POMODORO(ID, USER, CREATION_TIMESTAMP, WORK_TIME, BREAK_TIME, INTERRUPTED)
VALUES (2609, 1, '2019-06-15', 0, 0, true);
INSERT INTO POMODORO(ID, USER, CREATION_TIMESTAMP, WORK_TIME, BREAK_TIME, INTERRUPTED)
VALUES (2610, 1, '2019-06-15', 0, 0, true);
INSERT INTO POMODORO(ID, USER, CREATION_TIMESTAMP, WORK_TIME, BREAK_TIME, INTERRUPTED)
VALUES (2611, 1, '2019-06-15', 0, 0, false);
INSERT INTO POMODORO(ID, USER, CREATION_TIMESTAMP, WORK_TIME, BREAK_TIME, INTERRUPTED)
VALUES (2612, 1, '2019-06-15', 0, 0, false);
INSERT INTO POMODORO(ID, USER, CREATION_TIMESTAMP, WORK_TIME, BREAK_TIME, INTERRUPTED)
VALUES (2613, 1, '2019-06-15', 0, 0, false);
INSERT INTO POMODORO(ID, USER, CREATION_TIMESTAMP, WORK_TIME, BREAK_TIME, INTERRUPTED)
VALUES (2614, 1, '2019-06-15', 0, 0, true);
INSERT INTO POMODORO(ID, USER, CREATION_TIMESTAMP, WORK_TIME, BREAK_TIME, INTERRUPTED)
VALUES (2615, 1, '2019-06-15', 0, 0, false);
INSERT INTO POMODORO(ID, USER, CREATION_TIMESTAMP, WORK_TIME, BREAK_TIME, INTERRUPTED)
VALUES (2616, 1, '2019-06-15', 0, 0, true);
INSERT INTO POMODORO(ID, USER, CREATION_TIMESTAMP, WORK_TIME, BREAK_TIME, INTERRUPTED)
VALUES (2617, 1, '2019-06-15', 0, 0, false);
INSERT INTO POMODORO(ID, USER, CREATION_TIMESTAMP, WORK_TIME, BREAK_TIME, INTERRUPTED)
VALUES (2618, 1, '2019-06-15', 0, 0, false);
INSERT INTO POMODORO(ID, USER, CREATION_TIMESTAMP, WORK_TIME, BREAK_TIME, INTERRUPTED)
VALUES (2619, 1, '2019-06-15', 0, 0, false);
INSERT INTO POMODORO(ID, USER, CREATION_TIMESTAMP, WORK_TIME, BREAK_TIME, INTERRUPTED)
VALUES (2620, 1, '2019-06-15', 0, 0, true);
INSERT INTO POMODORO(ID, USER, CREATION_TIMESTAMP, WORK_TIME, BREAK_TIME, INTERRUPTED)
VALUES (2621, 1, '2019-06-15', 0, 0, false);
INSERT INTO POMODORO(ID, USER, CREATION_TIMESTAMP, WORK_TIME, BREAK_TIME, INTERRUPTED)
VALUES (2622, 1, '2019-06-15', 0, 0, false);
INSERT INTO POMODORO(ID, USER, CREATION_TIMESTAMP, WORK_TIME, BREAK_TIME, INTERRUPTED)
VALUES (2623, 1, '2019-06-15', 0, 0, false);
INSERT INTO POMODORO(ID, USER, CREATION_TIMESTAMP, WORK_TIME, BREAK_TIME, INTERRUPTED)
VALUES (2624, 1, '2019-06-15', 0, 0, true);
INSERT INTO POMODORO(ID, USER, CREATION_TIMESTAMP, WORK_TIME, BREAK_TIME, INTERRUPTED)
VALUES (2625, 1, '2019-06-15', 0, 0, true);
INSERT INTO POMODORO(ID, USER, CREATION_TIMESTAMP, WORK_TIME, BREAK_TIME, INTERRUPTED)
VALUES (2626, 1, '2019-06-14', 0, 0, false);
INSERT INTO POMODORO(ID, USER, CREATION_TIMESTAMP, WORK_TIME, BREAK_TIME, INTERRUPTED)
VALUES (2627, 1, '2019-06-14', 0, 0, false);
INSERT INTO POMODORO(ID, USER, CREATION_TIMESTAMP, WORK_TIME, BREAK_TIME, INTERRUPTED)
VALUES (2628, 1, '2019-06-14', 0, 0, true);
INSERT INTO POMODORO(ID, USER, CREATION_TIMESTAMP, WORK_TIME, BREAK_TIME, INTERRUPTED)
VALUES (2629, 1, '2019-06-14', 0, 0, false);
INSERT INTO POMODORO(ID, USER, CREATION_TIMESTAMP, WORK_TIME, BREAK_TIME, INTERRUPTED)
VALUES (2630, 1, '2019-06-14', 0, 0, false);
INSERT INTO POMODORO(ID, USER, CREATION_TIMESTAMP, WORK_TIME, BREAK_TIME, INTERRUPTED)
VALUES (2631, 1, '2019-06-14', 0, 0, false);
INSERT INTO POMODORO(ID, USER, CREATION_TIMESTAMP, WORK_TIME, BREAK_TIME, INTERRUPTED)
VALUES (2632, 1, '2019-06-14', 0, 0, false);
INSERT INTO POMODORO(ID, USER, CREATION_TIMESTAMP, WORK_TIME, BREAK_TIME, INTERRUPTED)
VALUES (2633, 1, '2019-06-14', 0, 0, false);
INSERT INTO POMODORO(ID, USER, CREATION_TIMESTAMP, WORK_TIME, BREAK_TIME, INTERRUPTED)
VALUES (2634, 1, '2019-06-14', 0, 0, true);
INSERT INTO POMODORO(ID, USER, CREATION_TIMESTAMP, WORK_TIME, BREAK_TIME, INTERRUPTED)
VALUES (2635, 1, '2019-06-13', 0, 0, true);
INSERT INTO POMODORO(ID, USER, CREATION_TIMESTAMP, WORK_TIME, BREAK_TIME, INTERRUPTED)
VALUES (2636, 1, '2019-06-13', 0, 0, true);
INSERT INTO POMODORO(ID, USER, CREATION_TIMESTAMP, WORK_TIME, BREAK_TIME, INTERRUPTED)
VALUES (2637, 1, '2019-06-13', 0, 0, false);
INSERT INTO POMODORO(ID, USER, CREATION_TIMESTAMP, WORK_TIME, BREAK_TIME, INTERRUPTED)
VALUES (2638, 1, '2019-06-13', 0, 0, false);
INSERT INTO POMODORO(ID, USER, CREATION_TIMESTAMP, WORK_TIME, BREAK_TIME, INTERRUPTED)
VALUES (2639, 1, '2019-06-13', 0, 0, false);
INSERT INTO POMODORO(ID, USER, CREATION_TIMESTAMP, WORK_TIME, BREAK_TIME, INTERRUPTED)
VALUES (2640, 1, '2019-06-13', 0, 0, false);
INSERT INTO POMODORO(ID, USER, CREATION_TIMESTAMP, WORK_TIME, BREAK_TIME, INTERRUPTED)
VALUES (2641, 1, '2019-06-13', 0, 0, true);
INSERT INTO POMODORO(ID, USER, CREATION_TIMESTAMP, WORK_TIME, BREAK_TIME, INTERRUPTED)
VALUES (2642, 1, '2019-06-13', 0, 0, false);
INSERT INTO POMODORO(ID, USER, CREATION_TIMESTAMP, WORK_TIME, BREAK_TIME, INTERRUPTED)
VALUES (2643, 1, '2019-06-13', 0, 0, true);
INSERT INTO POMODORO(ID, USER, CREATION_TIMESTAMP, WORK_TIME, BREAK_TIME, INTERRUPTED)
VALUES (2644, 1, '2019-06-13', 0, 0, true);
INSERT INTO POMODORO(ID, USER, CREATION_TIMESTAMP, WORK_TIME, BREAK_TIME, INTERRUPTED)
VALUES (2645, 1, '2019-06-13', 0, 0, true);
INSERT INTO POMODORO(ID, USER, CREATION_TIMESTAMP, WORK_TIME, BREAK_TIME, INTERRUPTED)
VALUES (2646, 1, '2019-06-13', 0, 0, true);
INSERT INTO POMODORO(ID, USER, CREATION_TIMESTAMP, WORK_TIME, BREAK_TIME, INTERRUPTED)
VALUES (2647, 1, '2019-06-13', 0, 0, true);
INSERT INTO POMODORO(ID, USER, CREATION_TIMESTAMP, WORK_TIME, BREAK_TIME, INTERRUPTED)
VALUES (2648, 1, '2019-06-13', 0, 0, true);
INSERT INTO POMODORO(ID, USER, CREATION_TIMESTAMP, WORK_TIME, BREAK_TIME, INTERRUPTED)
VALUES (2649, 1, '2019-06-13', 0, 0, true);
INSERT INTO POMODORO(ID, USER, CREATION_TIMESTAMP, WORK_TIME, BREAK_TIME, INTERRUPTED)
VALUES (2650, 1, '2019-06-13', 0, 0, false);
INSERT INTO POMODORO(ID, USER, CREATION_TIMESTAMP, WORK_TIME, BREAK_TIME, INTERRUPTED)
VALUES (2651, 1, '2019-06-13', 0, 0, true);
INSERT INTO POMODORO(ID, USER, CREATION_TIMESTAMP, WORK_TIME, BREAK_TIME, INTERRUPTED)
VALUES (2652, 1, '2019-06-13', 0, 0, false);
INSERT INTO POMODORO(ID, USER, CREATION_TIMESTAMP, WORK_TIME, BREAK_TIME, INTERRUPTED)
VALUES (2653, 1, '2019-06-13', 0, 0, false);
INSERT INTO POMODORO(ID, USER, CREATION_TIMESTAMP, WORK_TIME, BREAK_TIME, INTERRUPTED)
VALUES (2654, 1, '2019-06-13', 0, 0, false);
INSERT INTO POMODORO(ID, USER, CREATION_TIMESTAMP, WORK_TIME, BREAK_TIME, INTERRUPTED)
VALUES (2655, 1, '2019-06-13', 0, 0, false);
INSERT INTO POMODORO(ID, USER, CREATION_TIMESTAMP, WORK_TIME, BREAK_TIME, INTERRUPTED)
VALUES (2656, 1, '2019-06-13', 0, 0, true);
INSERT INTO POMODORO(ID, USER, CREATION_TIMESTAMP, WORK_TIME, BREAK_TIME, INTERRUPTED)
VALUES (2657, 1, '2019-06-13', 0, 0, false);
INSERT INTO POMODORO(ID, USER, CREATION_TIMESTAMP, WORK_TIME, BREAK_TIME, INTERRUPTED)
VALUES (2658, 1, '2019-06-13', 0, 0, false);
INSERT INTO POMODORO(ID, USER, CREATION_TIMESTAMP, WORK_TIME, BREAK_TIME, INTERRUPTED)
VALUES (2659, 1, '2019-06-13', 0, 0, true);
INSERT INTO POMODORO(ID, USER, CREATION_TIMESTAMP, WORK_TIME, BREAK_TIME, INTERRUPTED)
VALUES (2660, 1, '2019-06-13', 0, 0, false);
INSERT INTO POMODORO(ID, USER, CREATION_TIMESTAMP, WORK_TIME, BREAK_TIME, INTERRUPTED)
VALUES (2661, 1, '2019-06-13', 0, 0, true);
INSERT INTO POMODORO(ID, USER, CREATION_TIMESTAMP, WORK_TIME, BREAK_TIME, INTERRUPTED)
VALUES (2662, 1, '2019-06-13', 0, 0, true);
INSERT INTO POMODORO(ID, USER, CREATION_TIMESTAMP, WORK_TIME, BREAK_TIME, INTERRUPTED)
VALUES (2663, 1, '2019-06-13', 0, 0, false);
INSERT INTO POMODORO(ID, USER, CREATION_TIMESTAMP, WORK_TIME, BREAK_TIME, INTERRUPTED)
VALUES (2664, 1, '2019-06-13', 0, 0, false);
INSERT INTO POMODORO(ID, USER, CREATION_TIMESTAMP, WORK_TIME, BREAK_TIME, INTERRUPTED)
VALUES (2665, 1, '2019-06-13', 0, 0, true);
INSERT INTO POMODORO(ID, USER, CREATION_TIMESTAMP, WORK_TIME, BREAK_TIME, INTERRUPTED)
VALUES (2666, 1, '2019-06-13', 0, 0, true);
INSERT INTO POMODORO(ID, USER, CREATION_TIMESTAMP, WORK_TIME, BREAK_TIME, INTERRUPTED)
VALUES (2667, 1, '2019-06-13', 0, 0, false);
INSERT INTO POMODORO(ID, USER, CREATION_TIMESTAMP, WORK_TIME, BREAK_TIME, INTERRUPTED)
VALUES (2668, 1, '2019-06-13', 0, 0, false);
INSERT INTO POMODORO(ID, USER, CREATION_TIMESTAMP, WORK_TIME, BREAK_TIME, INTERRUPTED)
VALUES (2669, 1, '2019-06-13', 0, 0, true);
INSERT INTO POMODORO(ID, USER, CREATION_TIMESTAMP, WORK_TIME, BREAK_TIME, INTERRUPTED)
VALUES (2670, 1, '2019-06-13', 0, 0, false);
INSERT INTO POMODORO(ID, USER, CREATION_TIMESTAMP, WORK_TIME, BREAK_TIME, INTERRUPTED)
VALUES (2671, 1, '2019-06-13', 0, 0, true);
INSERT INTO POMODORO(ID, USER, CREATION_TIMESTAMP, WORK_TIME, BREAK_TIME, INTERRUPTED)
VALUES (2672, 1, '2019-06-13', 0, 0, true);
INSERT INTO POMODORO(ID, USER, CREATION_TIMESTAMP, WORK_TIME, BREAK_TIME, INTERRUPTED)
VALUES (2673, 1, '2019-06-12', 0, 0, false);
INSERT INTO POMODORO(ID, USER, CREATION_TIMESTAMP, WORK_TIME, BREAK_TIME, INTERRUPTED)
VALUES (2674, 1, '2019-06-12', 0, 0, true);
INSERT INTO POMODORO(ID, USER, CREATION_TIMESTAMP, WORK_TIME, BREAK_TIME, INTERRUPTED)
VALUES (2675, 1, '2019-06-12', 0, 0, true);
INSERT INTO POMODORO(ID, USER, CREATION_TIMESTAMP, WORK_TIME, BREAK_TIME, INTERRUPTED)
VALUES (2676, 1, '2019-06-12', 0, 0, false);
INSERT INTO POMODORO(ID, USER, CREATION_TIMESTAMP, WORK_TIME, BREAK_TIME, INTERRUPTED)
VALUES (2677, 1, '2019-06-12', 0, 0, false);
INSERT INTO POMODORO(ID, USER, CREATION_TIMESTAMP, WORK_TIME, BREAK_TIME, INTERRUPTED)
VALUES (2678, 1, '2019-06-12', 0, 0, false);
INSERT INTO POMODORO(ID, USER, CREATION_TIMESTAMP, WORK_TIME, BREAK_TIME, INTERRUPTED)
VALUES (2679, 1, '2019-06-12', 0, 0, true);
INSERT INTO POMODORO(ID, USER, CREATION_TIMESTAMP, WORK_TIME, BREAK_TIME, INTERRUPTED)
VALUES (2680, 1, '2019-06-12', 0, 0, false);
INSERT INTO POMODORO(ID, USER, CREATION_TIMESTAMP, WORK_TIME, BREAK_TIME, INTERRUPTED)
VALUES (2681, 1, '2019-06-12', 0, 0, false);
INSERT INTO POMODORO(ID, USER, CREATION_TIMESTAMP, WORK_TIME, BREAK_TIME, INTERRUPTED)
VALUES (2682, 1, '2019-06-12', 0, 0, false);
INSERT INTO POMODORO(ID, USER, CREATION_TIMESTAMP, WORK_TIME, BREAK_TIME, INTERRUPTED)
VALUES (2683, 1, '2019-06-12', 0, 0, false);
INSERT INTO POMODORO(ID, USER, CREATION_TIMESTAMP, WORK_TIME, BREAK_TIME, INTERRUPTED)
VALUES (2684, 1, '2019-06-12', 0, 0, true);
INSERT INTO POMODORO(ID, USER, CREATION_TIMESTAMP, WORK_TIME, BREAK_TIME, INTERRUPTED)
VALUES (2685, 1, '2019-06-12', 0, 0, true);
INSERT INTO POMODORO(ID, USER, CREATION_TIMESTAMP, WORK_TIME, BREAK_TIME, INTERRUPTED)
VALUES (2686, 1, '2019-06-12', 0, 0, false);
INSERT INTO POMODORO(ID, USER, CREATION_TIMESTAMP, WORK_TIME, BREAK_TIME, INTERRUPTED)
VALUES (2687, 1, '2019-06-12', 0, 0, true);
INSERT INTO POMODORO(ID, USER, CREATION_TIMESTAMP, WORK_TIME, BREAK_TIME, INTERRUPTED)
VALUES (2688, 1, '2019-06-12', 0, 0, false);
INSERT INTO POMODORO(ID, USER, CREATION_TIMESTAMP, WORK_TIME, BREAK_TIME, INTERRUPTED)
VALUES (2689, 1, '2019-06-12', 0, 0, false);
INSERT INTO POMODORO(ID, USER, CREATION_TIMESTAMP, WORK_TIME, BREAK_TIME, INTERRUPTED)
VALUES (2690, 1, '2019-06-12', 0, 0, false);
INSERT INTO POMODORO(ID, USER, CREATION_TIMESTAMP, WORK_TIME, BREAK_TIME, INTERRUPTED)
VALUES (2691, 1, '2019-06-12', 0, 0, true);
INSERT INTO POMODORO(ID, USER, CREATION_TIMESTAMP, WORK_TIME, BREAK_TIME, INTERRUPTED)
VALUES (2692, 1, '2019-06-12', 0, 0, false);
INSERT INTO POMODORO(ID, USER, CREATION_TIMESTAMP, WORK_TIME, BREAK_TIME, INTERRUPTED)
VALUES (2693, 1, '2019-06-12', 0, 0, false);
INSERT INTO POMODORO(ID, USER, CREATION_TIMESTAMP, WORK_TIME, BREAK_TIME, INTERRUPTED)
VALUES (2694, 1, '2019-06-12', 0, 0, false);
INSERT INTO POMODORO(ID, USER, CREATION_TIMESTAMP, WORK_TIME, BREAK_TIME, INTERRUPTED)
VALUES (2695, 1, '2019-06-12', 0, 0, false);
INSERT INTO POMODORO(ID, USER, CREATION_TIMESTAMP, WORK_TIME, BREAK_TIME, INTERRUPTED)
VALUES (2696, 1, '2019-06-12', 0, 0, true);
INSERT INTO POMODORO(ID, USER, CREATION_TIMESTAMP, WORK_TIME, BREAK_TIME, INTERRUPTED)
VALUES (2697, 1, '2019-06-12', 0, 0, true);
INSERT INTO POMODORO(ID, USER, CREATION_TIMESTAMP, WORK_TIME, BREAK_TIME, INTERRUPTED)
VALUES (2698, 1, '2019-06-12', 0, 0, true);
INSERT INTO POMODORO(ID, USER, CREATION_TIMESTAMP, WORK_TIME, BREAK_TIME, INTERRUPTED)
VALUES (2699, 1, '2019-06-12', 0, 0, true);
INSERT INTO POMODORO(ID, USER, CREATION_TIMESTAMP, WORK_TIME, BREAK_TIME, INTERRUPTED)
VALUES (2700, 1, '2019-06-12', 0, 0, true);
INSERT INTO POMODORO(ID, USER, CREATION_TIMESTAMP, WORK_TIME, BREAK_TIME, INTERRUPTED)
VALUES (2701, 1, '2019-06-12', 0, 0, true);
INSERT INTO POMODORO(ID, USER, CREATION_TIMESTAMP, WORK_TIME, BREAK_TIME, INTERRUPTED)
VALUES (2702, 1, '2019-06-12', 0, 0, true);
INSERT INTO POMODORO(ID, USER, CREATION_TIMESTAMP, WORK_TIME, BREAK_TIME, INTERRUPTED)
VALUES (2703, 1, '2019-06-12', 0, 0, false);
INSERT INTO POMODORO(ID, USER, CREATION_TIMESTAMP, WORK_TIME, BREAK_TIME, INTERRUPTED)
VALUES (2704, 1, '2019-06-12', 0, 0, true);
INSERT INTO POMODORO(ID, USER, CREATION_TIMESTAMP, WORK_TIME, BREAK_TIME, INTERRUPTED)
VALUES (2705, 1, '2019-06-12', 0, 0, true);
INSERT INTO POMODORO(ID, USER, CREATION_TIMESTAMP, WORK_TIME, BREAK_TIME, INTERRUPTED)
VALUES (2706, 1, '2019-06-12', 0, 0, false);
INSERT INTO POMODORO(ID, USER, CREATION_TIMESTAMP, WORK_TIME, BREAK_TIME, INTERRUPTED)
VALUES (2707, 1, '2019-06-12', 0, 0, true);
INSERT INTO POMODORO(ID, USER, CREATION_TIMESTAMP, WORK_TIME, BREAK_TIME, INTERRUPTED)
VALUES (2708, 1, '2019-06-12', 0, 0, true);
INSERT INTO POMODORO(ID, USER, CREATION_TIMESTAMP, WORK_TIME, BREAK_TIME, INTERRUPTED)
VALUES (2709, 1, '2019-06-12', 0, 0, true);
INSERT INTO POMODORO(ID, USER, CREATION_TIMESTAMP, WORK_TIME, BREAK_TIME, INTERRUPTED)
VALUES (2710, 1, '2019-06-12', 0, 0, true);
INSERT INTO POMODORO(ID, USER, CREATION_TIMESTAMP, WORK_TIME, BREAK_TIME, INTERRUPTED)
VALUES (2711, 1, '2019-06-12', 0, 0, false);
INSERT INTO POMODORO(ID, USER, CREATION_TIMESTAMP, WORK_TIME, BREAK_TIME, INTERRUPTED)
VALUES (2712, 1, '2019-06-10', 0, 0, true);
INSERT INTO POMODORO(ID, USER, CREATION_TIMESTAMP, WORK_TIME, BREAK_TIME, INTERRUPTED)
VALUES (2713, 1, '2019-06-10', 0, 0, true);
INSERT INTO POMODORO(ID, USER, CREATION_TIMESTAMP, WORK_TIME, BREAK_TIME, INTERRUPTED)
VALUES (2714, 1, '2019-06-10', 0, 0, false);
INSERT INTO POMODORO(ID, USER, CREATION_TIMESTAMP, WORK_TIME, BREAK_TIME, INTERRUPTED)
VALUES (2715, 1, '2019-06-10', 0, 0, true);
INSERT INTO POMODORO(ID, USER, CREATION_TIMESTAMP, WORK_TIME, BREAK_TIME, INTERRUPTED)
VALUES (2716, 1, '2019-06-10', 0, 0, true);
INSERT INTO POMODORO(ID, USER, CREATION_TIMESTAMP, WORK_TIME, BREAK_TIME, INTERRUPTED)
VALUES (2717, 1, '2019-06-10', 0, 0, false);
INSERT INTO POMODORO(ID, USER, CREATION_TIMESTAMP, WORK_TIME, BREAK_TIME, INTERRUPTED)
VALUES (2718, 1, '2019-06-10', 0, 0, true);
INSERT INTO POMODORO(ID, USER, CREATION_TIMESTAMP, WORK_TIME, BREAK_TIME, INTERRUPTED)
VALUES (2719, 1, '2019-06-10', 0, 0, false);
INSERT INTO POMODORO(ID, USER, CREATION_TIMESTAMP, WORK_TIME, BREAK_TIME, INTERRUPTED)
VALUES (2720, 1, '2019-06-10', 0, 0, true);
INSERT INTO POMODORO(ID, USER, CREATION_TIMESTAMP, WORK_TIME, BREAK_TIME, INTERRUPTED)
VALUES (2721, 1, '2019-06-10', 0, 0, false);
INSERT INTO POMODORO(ID, USER, CREATION_TIMESTAMP, WORK_TIME, BREAK_TIME, INTERRUPTED)
VALUES (2722, 1, '2019-06-10', 0, 0, false);
INSERT INTO POMODORO(ID, USER, CREATION_TIMESTAMP, WORK_TIME, BREAK_TIME, INTERRUPTED)
VALUES (2723, 1, '2019-06-10', 0, 0, true);
INSERT INTO POMODORO(ID, USER, CREATION_TIMESTAMP, WORK_TIME, BREAK_TIME, INTERRUPTED)
VALUES (2724, 1, '2019-06-10', 0, 0, true);
INSERT INTO POMODORO(ID, USER, CREATION_TIMESTAMP, WORK_TIME, BREAK_TIME, INTERRUPTED)
VALUES (2725, 1, '2019-06-10', 0, 0, true);
INSERT INTO POMODORO(ID, USER, CREATION_TIMESTAMP, WORK_TIME, BREAK_TIME, INTERRUPTED)
VALUES (2726, 1, '2019-06-10', 0, 0, false);
INSERT INTO POMODORO(ID, USER, CREATION_TIMESTAMP, WORK_TIME, BREAK_TIME, INTERRUPTED)
VALUES (2727, 1, '2019-06-10', 0, 0, false);
INSERT INTO POMODORO(ID, USER, CREATION_TIMESTAMP, WORK_TIME, BREAK_TIME, INTERRUPTED)
VALUES (2728, 1, '2019-06-10', 0, 0, false);
INSERT INTO POMODORO(ID, USER, CREATION_TIMESTAMP, WORK_TIME, BREAK_TIME, INTERRUPTED)
VALUES (2729, 1, '2019-06-10', 0, 0, false);
INSERT INTO POMODORO(ID, USER, CREATION_TIMESTAMP, WORK_TIME, BREAK_TIME, INTERRUPTED)
VALUES (2730, 1, '2019-06-10', 0, 0, false);
INSERT INTO POMODORO(ID, USER, CREATION_TIMESTAMP, WORK_TIME, BREAK_TIME, INTERRUPTED)
VALUES (2731, 1, '2019-06-10', 0, 0, true);
INSERT INTO POMODORO(ID, USER, CREATION_TIMESTAMP, WORK_TIME, BREAK_TIME, INTERRUPTED)
VALUES (2732, 1, '2019-06-10', 0, 0, true);
INSERT INTO POMODORO(ID, USER, CREATION_TIMESTAMP, WORK_TIME, BREAK_TIME, INTERRUPTED)
VALUES (2733, 1, '2019-06-10', 0, 0, false);
INSERT INTO POMODORO(ID, USER, CREATION_TIMESTAMP, WORK_TIME, BREAK_TIME, INTERRUPTED)
VALUES (2734, 1, '2019-06-09', 0, 0, false);
INSERT INTO POMODORO(ID, USER, CREATION_TIMESTAMP, WORK_TIME, BREAK_TIME, INTERRUPTED)
VALUES (2735, 1, '2019-06-09', 0, 0, false);
INSERT INTO POMODORO(ID, USER, CREATION_TIMESTAMP, WORK_TIME, BREAK_TIME, INTERRUPTED)
VALUES (2736, 1, '2019-06-09', 0, 0, true);
INSERT INTO POMODORO(ID, USER, CREATION_TIMESTAMP, WORK_TIME, BREAK_TIME, INTERRUPTED)
VALUES (2737, 1, '2019-06-09', 0, 0, false);
INSERT INTO POMODORO(ID, USER, CREATION_TIMESTAMP, WORK_TIME, BREAK_TIME, INTERRUPTED)
VALUES (2738, 1, '2019-06-09', 0, 0, false);
INSERT INTO POMODORO(ID, USER, CREATION_TIMESTAMP, WORK_TIME, BREAK_TIME, INTERRUPTED)
VALUES (2739, 1, '2019-06-09', 0, 0, false);
INSERT INTO POMODORO(ID, USER, CREATION_TIMESTAMP, WORK_TIME, BREAK_TIME, INTERRUPTED)
VALUES (2740, 1, '2019-06-09', 0, 0, true);
INSERT INTO POMODORO(ID, USER, CREATION_TIMESTAMP, WORK_TIME, BREAK_TIME, INTERRUPTED)
VALUES (2741, 1, '2019-06-09', 0, 0, true);
INSERT INTO POMODORO(ID, USER, CREATION_TIMESTAMP, WORK_TIME, BREAK_TIME, INTERRUPTED)
VALUES (2742, 1, '2019-06-09', 0, 0, true);
INSERT INTO POMODORO(ID, USER, CREATION_TIMESTAMP, WORK_TIME, BREAK_TIME, INTERRUPTED)
VALUES (2743, 1, '2019-06-09', 0, 0, false);
INSERT INTO POMODORO(ID, USER, CREATION_TIMESTAMP, WORK_TIME, BREAK_TIME, INTERRUPTED)
VALUES (2744, 1, '2019-06-09', 0, 0, true);
INSERT INTO POMODORO(ID, USER, CREATION_TIMESTAMP, WORK_TIME, BREAK_TIME, INTERRUPTED)
VALUES (2745, 1, '2019-06-09', 0, 0, true);
INSERT INTO POMODORO(ID, USER, CREATION_TIMESTAMP, WORK_TIME, BREAK_TIME, INTERRUPTED)
VALUES (2746, 1, '2019-06-09', 0, 0, false);
INSERT INTO POMODORO(ID, USER, CREATION_TIMESTAMP, WORK_TIME, BREAK_TIME, INTERRUPTED)
VALUES (2747, 1, '2019-06-09', 0, 0, true);
INSERT INTO POMODORO(ID, USER, CREATION_TIMESTAMP, WORK_TIME, BREAK_TIME, INTERRUPTED)
VALUES (2748, 1, '2019-06-09', 0, 0, true);
INSERT INTO POMODORO(ID, USER, CREATION_TIMESTAMP, WORK_TIME, BREAK_TIME, INTERRUPTED)
VALUES (2749, 1, '2019-06-09', 0, 0, false);
INSERT INTO POMODORO(ID, USER, CREATION_TIMESTAMP, WORK_TIME, BREAK_TIME, INTERRUPTED)
VALUES (2750, 1, '2019-06-09', 0, 0, true);
INSERT INTO POMODORO(ID, USER, CREATION_TIMESTAMP, WORK_TIME, BREAK_TIME, INTERRUPTED)
VALUES (2751, 1, '2019-06-09', 0, 0, true);
INSERT INTO POMODORO(ID, USER, CREATION_TIMESTAMP, WORK_TIME, BREAK_TIME, INTERRUPTED)
VALUES (2752, 1, '2019-06-09', 0, 0, false);
INSERT INTO POMODORO(ID, USER, CREATION_TIMESTAMP, WORK_TIME, BREAK_TIME, INTERRUPTED)
VALUES (2753, 1, '2019-06-09', 0, 0, true);
INSERT INTO POMODORO(ID, USER, CREATION_TIMESTAMP, WORK_TIME, BREAK_TIME, INTERRUPTED)
VALUES (2754, 1, '2019-06-09', 0, 0, true);
INSERT INTO POMODORO(ID, USER, CREATION_TIMESTAMP, WORK_TIME, BREAK_TIME, INTERRUPTED)
VALUES (2755, 1, '2019-06-09', 0, 0, true);
INSERT INTO POMODORO(ID, USER, CREATION_TIMESTAMP, WORK_TIME, BREAK_TIME, INTERRUPTED)
VALUES (2756, 1, '2019-06-09', 0, 0, false);
INSERT INTO POMODORO(ID, USER, CREATION_TIMESTAMP, WORK_TIME, BREAK_TIME, INTERRUPTED)
VALUES (2757, 1, '2019-06-09', 0, 0, true);
INSERT INTO POMODORO(ID, USER, CREATION_TIMESTAMP, WORK_TIME, BREAK_TIME, INTERRUPTED)
VALUES (2758, 1, '2019-06-09', 0, 0, true);
INSERT INTO POMODORO(ID, USER, CREATION_TIMESTAMP, WORK_TIME, BREAK_TIME, INTERRUPTED)
VALUES (2759, 1, '2019-06-08', 0, 0, false);
INSERT INTO POMODORO(ID, USER, CREATION_TIMESTAMP, WORK_TIME, BREAK_TIME, INTERRUPTED)
VALUES (2760, 1, '2019-06-08', 0, 0, false);
INSERT INTO POMODORO(ID, USER, CREATION_TIMESTAMP, WORK_TIME, BREAK_TIME, INTERRUPTED)
VALUES (2761, 1, '2019-06-08', 0, 0, false);
INSERT INTO POMODORO(ID, USER, CREATION_TIMESTAMP, WORK_TIME, BREAK_TIME, INTERRUPTED)
VALUES (2762, 1, '2019-06-08', 0, 0, true);
INSERT INTO POMODORO(ID, USER, CREATION_TIMESTAMP, WORK_TIME, BREAK_TIME, INTERRUPTED)
VALUES (2763, 1, '2019-06-08', 0, 0, true);
INSERT INTO POMODORO(ID, USER, CREATION_TIMESTAMP, WORK_TIME, BREAK_TIME, INTERRUPTED)
VALUES (2764, 1, '2019-06-08', 0, 0, false);
INSERT INTO POMODORO(ID, USER, CREATION_TIMESTAMP, WORK_TIME, BREAK_TIME, INTERRUPTED)
VALUES (2765, 1, '2019-06-08', 0, 0, false);
INSERT INTO POMODORO(ID, USER, CREATION_TIMESTAMP, WORK_TIME, BREAK_TIME, INTERRUPTED)
VALUES (2766, 1, '2019-06-08', 0, 0, true);
INSERT INTO POMODORO(ID, USER, CREATION_TIMESTAMP, WORK_TIME, BREAK_TIME, INTERRUPTED)
VALUES (2767, 1, '2019-06-08', 0, 0, false);
INSERT INTO POMODORO(ID, USER, CREATION_TIMESTAMP, WORK_TIME, BREAK_TIME, INTERRUPTED)
VALUES (2768, 1, '2019-06-08', 0, 0, false);
INSERT INTO POMODORO(ID, USER, CREATION_TIMESTAMP, WORK_TIME, BREAK_TIME, INTERRUPTED)
VALUES (2769, 1, '2019-06-08', 0, 0, true);
INSERT INTO POMODORO(ID, USER, CREATION_TIMESTAMP, WORK_TIME, BREAK_TIME, INTERRUPTED)
VALUES (2770, 1, '2019-06-08', 0, 0, false);
INSERT INTO POMODORO(ID, USER, CREATION_TIMESTAMP, WORK_TIME, BREAK_TIME, INTERRUPTED)
VALUES (2771, 1, '2019-06-08', 0, 0, false);
INSERT INTO POMODORO(ID, USER, CREATION_TIMESTAMP, WORK_TIME, BREAK_TIME, INTERRUPTED)
VALUES (2772, 1, '2019-06-08', 0, 0, true);
INSERT INTO POMODORO(ID, USER, CREATION_TIMESTAMP, WORK_TIME, BREAK_TIME, INTERRUPTED)
VALUES (2773, 1, '2019-06-08', 0, 0, true);
INSERT INTO POMODORO(ID, USER, CREATION_TIMESTAMP, WORK_TIME, BREAK_TIME, INTERRUPTED)
VALUES (2774, 1, '2019-06-08', 0, 0, false);
INSERT INTO POMODORO(ID, USER, CREATION_TIMESTAMP, WORK_TIME, BREAK_TIME, INTERRUPTED)
VALUES (2775, 1, '2019-06-08', 0, 0, true);
INSERT INTO POMODORO(ID, USER, CREATION_TIMESTAMP, WORK_TIME, BREAK_TIME, INTERRUPTED)
VALUES (2776, 1, '2019-06-07', 0, 0, true);
INSERT INTO POMODORO(ID, USER, CREATION_TIMESTAMP, WORK_TIME, BREAK_TIME, INTERRUPTED)
VALUES (2777, 1, '2019-06-07', 0, 0, true);
INSERT INTO POMODORO(ID, USER, CREATION_TIMESTAMP, WORK_TIME, BREAK_TIME, INTERRUPTED)
VALUES (2778, 1, '2019-06-07', 0, 0, true);
INSERT INTO POMODORO(ID, USER, CREATION_TIMESTAMP, WORK_TIME, BREAK_TIME, INTERRUPTED)
VALUES (2779, 1, '2019-06-07', 0, 0, false);
INSERT INTO POMODORO(ID, USER, CREATION_TIMESTAMP, WORK_TIME, BREAK_TIME, INTERRUPTED)
VALUES (2780, 1, '2019-06-07', 0, 0, true);
INSERT INTO POMODORO(ID, USER, CREATION_TIMESTAMP, WORK_TIME, BREAK_TIME, INTERRUPTED)
VALUES (2781, 1, '2019-06-07', 0, 0, false);
INSERT INTO POMODORO(ID, USER, CREATION_TIMESTAMP, WORK_TIME, BREAK_TIME, INTERRUPTED)
VALUES (2782, 1, '2019-06-07', 0, 0, true);
INSERT INTO POMODORO(ID, USER, CREATION_TIMESTAMP, WORK_TIME, BREAK_TIME, INTERRUPTED)
VALUES (2783, 1, '2019-06-07', 0, 0, true);
INSERT INTO POMODORO(ID, USER, CREATION_TIMESTAMP, WORK_TIME, BREAK_TIME, INTERRUPTED)
VALUES (2784, 1, '2019-06-07', 0, 0, false);
INSERT INTO POMODORO(ID, USER, CREATION_TIMESTAMP, WORK_TIME, BREAK_TIME, INTERRUPTED)
VALUES (2785, 1, '2019-06-07', 0, 0, false);
INSERT INTO POMODORO(ID, USER, CREATION_TIMESTAMP, WORK_TIME, BREAK_TIME, INTERRUPTED)
VALUES (2786, 1, '2019-06-07', 0, 0, true);
INSERT INTO POMODORO(ID, USER, CREATION_TIMESTAMP, WORK_TIME, BREAK_TIME, INTERRUPTED)
VALUES (2787, 1, '2019-06-07', 0, 0, false);
INSERT INTO POMODORO(ID, USER, CREATION_TIMESTAMP, WORK_TIME, BREAK_TIME, INTERRUPTED)
VALUES (2788, 1, '2019-06-07', 0, 0, false);
INSERT INTO POMODORO(ID, USER, CREATION_TIMESTAMP, WORK_TIME, BREAK_TIME, INTERRUPTED)
VALUES (2789, 1, '2019-06-07', 0, 0, true);
INSERT INTO POMODORO(ID, USER, CREATION_TIMESTAMP, WORK_TIME, BREAK_TIME, INTERRUPTED)
VALUES (2790, 1, '2019-06-06', 0, 0, true);
INSERT INTO POMODORO(ID, USER, CREATION_TIMESTAMP, WORK_TIME, BREAK_TIME, INTERRUPTED)
VALUES (2791, 1, '2019-06-06', 0, 0, true);
INSERT INTO POMODORO(ID, USER, CREATION_TIMESTAMP, WORK_TIME, BREAK_TIME, INTERRUPTED)
VALUES (2792, 1, '2019-06-06', 0, 0, false);
INSERT INTO POMODORO(ID, USER, CREATION_TIMESTAMP, WORK_TIME, BREAK_TIME, INTERRUPTED)
VALUES (2793, 1, '2019-06-06', 0, 0, false);
INSERT INTO POMODORO(ID, USER, CREATION_TIMESTAMP, WORK_TIME, BREAK_TIME, INTERRUPTED)
VALUES (2794, 1, '2019-06-06', 0, 0, true);
INSERT INTO POMODORO(ID, USER, CREATION_TIMESTAMP, WORK_TIME, BREAK_TIME, INTERRUPTED)
VALUES (2795, 1, '2019-06-06', 0, 0, false);
INSERT INTO POMODORO(ID, USER, CREATION_TIMESTAMP, WORK_TIME, BREAK_TIME, INTERRUPTED)
VALUES (2796, 1, '2019-06-06', 0, 0, false);
INSERT INTO POMODORO(ID, USER, CREATION_TIMESTAMP, WORK_TIME, BREAK_TIME, INTERRUPTED)
VALUES (2797, 1, '2019-06-06', 0, 0, false);
INSERT INTO POMODORO(ID, USER, CREATION_TIMESTAMP, WORK_TIME, BREAK_TIME, INTERRUPTED)
VALUES (2798, 1, '2019-06-06', 0, 0, false);
INSERT INTO POMODORO(ID, USER, CREATION_TIMESTAMP, WORK_TIME, BREAK_TIME, INTERRUPTED)
VALUES (2799, 1, '2019-06-06', 0, 0, false);
INSERT INTO POMODORO(ID, USER, CREATION_TIMESTAMP, WORK_TIME, BREAK_TIME, INTERRUPTED)
VALUES (2800, 1, '2019-06-06', 0, 0, true);
INSERT INTO POMODORO(ID, USER, CREATION_TIMESTAMP, WORK_TIME, BREAK_TIME, INTERRUPTED)
VALUES (2801, 1, '2019-06-06', 0, 0, false);
INSERT INTO POMODORO(ID, USER, CREATION_TIMESTAMP, WORK_TIME, BREAK_TIME, INTERRUPTED)
VALUES (2802, 1, '2019-06-06', 0, 0, false);
INSERT INTO POMODORO(ID, USER, CREATION_TIMESTAMP, WORK_TIME, BREAK_TIME, INTERRUPTED)
VALUES (2803, 1, '2019-06-06', 0, 0, false);
INSERT INTO POMODORO(ID, USER, CREATION_TIMESTAMP, WORK_TIME, BREAK_TIME, INTERRUPTED)
VALUES (2804, 1, '2019-06-06', 0, 0, false);
INSERT INTO POMODORO(ID, USER, CREATION_TIMESTAMP, WORK_TIME, BREAK_TIME, INTERRUPTED)
VALUES (2805, 1, '2019-06-06', 0, 0, false);
INSERT INTO POMODORO(ID, USER, CREATION_TIMESTAMP, WORK_TIME, BREAK_TIME, INTERRUPTED)
VALUES (2806, 1, '2019-06-06', 0, 0, true);
INSERT INTO POMODORO(ID, USER, CREATION_TIMESTAMP, WORK_TIME, BREAK_TIME, INTERRUPTED)
VALUES (2807, 1, '2019-06-06', 0, 0, false);
INSERT INTO POMODORO(ID, USER, CREATION_TIMESTAMP, WORK_TIME, BREAK_TIME, INTERRUPTED)
VALUES (2808, 1, '2019-06-06', 0, 0, false);
INSERT INTO POMODORO(ID, USER, CREATION_TIMESTAMP, WORK_TIME, BREAK_TIME, INTERRUPTED)
VALUES (2809, 1, '2019-06-06', 0, 0, true);
INSERT INTO POMODORO(ID, USER, CREATION_TIMESTAMP, WORK_TIME, BREAK_TIME, INTERRUPTED)
VALUES (2810, 1, '2019-06-06', 0, 0, true);
INSERT INTO POMODORO(ID, USER, CREATION_TIMESTAMP, WORK_TIME, BREAK_TIME, INTERRUPTED)
VALUES (2811, 1, '2019-06-06', 0, 0, true);
INSERT INTO POMODORO(ID, USER, CREATION_TIMESTAMP, WORK_TIME, BREAK_TIME, INTERRUPTED)
VALUES (2812, 1, '2019-06-06', 0, 0, true);
INSERT INTO POMODORO(ID, USER, CREATION_TIMESTAMP, WORK_TIME, BREAK_TIME, INTERRUPTED)
VALUES (2813, 1, '2019-06-06', 0, 0, true);
INSERT INTO POMODORO(ID, USER, CREATION_TIMESTAMP, WORK_TIME, BREAK_TIME, INTERRUPTED)
VALUES (2814, 1, '2019-06-06', 0, 0, true);
INSERT INTO POMODORO(ID, USER, CREATION_TIMESTAMP, WORK_TIME, BREAK_TIME, INTERRUPTED)
VALUES (2815, 1, '2019-06-06', 0, 0, false);
INSERT INTO POMODORO(ID, USER, CREATION_TIMESTAMP, WORK_TIME, BREAK_TIME, INTERRUPTED)
VALUES (2816, 1, '2019-06-06', 0, 0, false);
INSERT INTO POMODORO(ID, USER, CREATION_TIMESTAMP, WORK_TIME, BREAK_TIME, INTERRUPTED)
VALUES (2817, 1, '2019-06-06', 0, 0, true);
INSERT INTO POMODORO(ID, USER, CREATION_TIMESTAMP, WORK_TIME, BREAK_TIME, INTERRUPTED)
VALUES (2818, 1, '2019-06-06', 0, 0, false);
INSERT INTO POMODORO(ID, USER, CREATION_TIMESTAMP, WORK_TIME, BREAK_TIME, INTERRUPTED)
VALUES (2819, 1, '2019-06-06', 0, 0, true);
INSERT INTO POMODORO(ID, USER, CREATION_TIMESTAMP, WORK_TIME, BREAK_TIME, INTERRUPTED)
VALUES (2820, 1, '2019-06-06', 0, 0, false);
INSERT INTO POMODORO(ID, USER, CREATION_TIMESTAMP, WORK_TIME, BREAK_TIME, INTERRUPTED)
VALUES (2821, 1, '2019-06-06', 0, 0, true);
INSERT INTO POMODORO(ID, USER, CREATION_TIMESTAMP, WORK_TIME, BREAK_TIME, INTERRUPTED)
VALUES (2822, 1, '2019-06-06', 0, 0, true);
INSERT INTO POMODORO(ID, USER, CREATION_TIMESTAMP, WORK_TIME, BREAK_TIME, INTERRUPTED)
VALUES (2823, 1, '2019-06-06', 0, 0, false);
INSERT INTO POMODORO(ID, USER, CREATION_TIMESTAMP, WORK_TIME, BREAK_TIME, INTERRUPTED)
VALUES (2824, 1, '2019-06-06', 0, 0, true);
INSERT INTO POMODORO(ID, USER, CREATION_TIMESTAMP, WORK_TIME, BREAK_TIME, INTERRUPTED)
VALUES (2825, 1, '2019-06-06', 0, 0, true);
INSERT INTO POMODORO(ID, USER, CREATION_TIMESTAMP, WORK_TIME, BREAK_TIME, INTERRUPTED)
VALUES (2826, 1, '2019-06-06', 0, 0, false);
INSERT INTO POMODORO(ID, USER, CREATION_TIMESTAMP, WORK_TIME, BREAK_TIME, INTERRUPTED)
VALUES (2827, 1, '2019-06-06', 0, 0, true);
INSERT INTO POMODORO(ID, USER, CREATION_TIMESTAMP, WORK_TIME, BREAK_TIME, INTERRUPTED)
VALUES (2828, 1, '2019-06-06', 0, 0, false);
INSERT INTO POMODORO(ID, USER, CREATION_TIMESTAMP, WORK_TIME, BREAK_TIME, INTERRUPTED)
VALUES (2829, 1, '2019-06-06', 0, 0, true);
INSERT INTO POMODORO(ID, USER, CREATION_TIMESTAMP, WORK_TIME, BREAK_TIME, INTERRUPTED)
VALUES (2830, 1, '2019-06-06', 0, 0, true);
INSERT INTO POMODORO(ID, USER, CREATION_TIMESTAMP, WORK_TIME, BREAK_TIME, INTERRUPTED)
VALUES (2831, 1, '2019-06-06', 0, 0, false);
INSERT INTO POMODORO(ID, USER, CREATION_TIMESTAMP, WORK_TIME, BREAK_TIME, INTERRUPTED)
VALUES (2832, 1, '2019-06-06', 0, 0, false);
INSERT INTO POMODORO(ID, USER, CREATION_TIMESTAMP, WORK_TIME, BREAK_TIME, INTERRUPTED)
VALUES (2833, 1, '2019-06-05', 0, 0, true);
INSERT INTO POMODORO(ID, USER, CREATION_TIMESTAMP, WORK_TIME, BREAK_TIME, INTERRUPTED)
VALUES (2834, 1, '2019-06-05', 0, 0, true);
INSERT INTO POMODORO(ID, USER, CREATION_TIMESTAMP, WORK_TIME, BREAK_TIME, INTERRUPTED)
VALUES (2835, 1, '2019-06-05', 0, 0, true);
INSERT INTO POMODORO(ID, USER, CREATION_TIMESTAMP, WORK_TIME, BREAK_TIME, INTERRUPTED)
VALUES (2836, 1, '2019-06-05', 0, 0, true);
INSERT INTO POMODORO(ID, USER, CREATION_TIMESTAMP, WORK_TIME, BREAK_TIME, INTERRUPTED)
VALUES (2837, 1, '2019-06-05', 0, 0, true);
INSERT INTO POMODORO(ID, USER, CREATION_TIMESTAMP, WORK_TIME, BREAK_TIME, INTERRUPTED)
VALUES (2838, 1, '2019-06-05', 0, 0, false);
INSERT INTO POMODORO(ID, USER, CREATION_TIMESTAMP, WORK_TIME, BREAK_TIME, INTERRUPTED)
VALUES (2839, 1, '2019-06-05', 0, 0, false);
INSERT INTO POMODORO(ID, USER, CREATION_TIMESTAMP, WORK_TIME, BREAK_TIME, INTERRUPTED)
VALUES (2840, 1, '2019-06-05', 0, 0, false);
INSERT INTO POMODORO(ID, USER, CREATION_TIMESTAMP, WORK_TIME, BREAK_TIME, INTERRUPTED)
VALUES (2841, 1, '2019-06-05', 0, 0, false);
INSERT INTO POMODORO(ID, USER, CREATION_TIMESTAMP, WORK_TIME, BREAK_TIME, INTERRUPTED)
VALUES (2842, 1, '2019-06-05', 0, 0, true);
INSERT INTO POMODORO(ID, USER, CREATION_TIMESTAMP, WORK_TIME, BREAK_TIME, INTERRUPTED)
VALUES (2843, 1, '2019-06-05', 0, 0, true);
INSERT INTO POMODORO(ID, USER, CREATION_TIMESTAMP, WORK_TIME, BREAK_TIME, INTERRUPTED)
VALUES (2844, 1, '2019-06-05', 0, 0, false);
INSERT INTO POMODORO(ID, USER, CREATION_TIMESTAMP, WORK_TIME, BREAK_TIME, INTERRUPTED)
VALUES (2845, 1, '2019-06-05', 0, 0, true);
INSERT INTO POMODORO(ID, USER, CREATION_TIMESTAMP, WORK_TIME, BREAK_TIME, INTERRUPTED)
VALUES (2846, 1, '2019-06-05', 0, 0, false);
INSERT INTO POMODORO(ID, USER, CREATION_TIMESTAMP, WORK_TIME, BREAK_TIME, INTERRUPTED)
VALUES (2847, 1, '2019-06-04', 0, 0, false);
INSERT INTO POMODORO(ID, USER, CREATION_TIMESTAMP, WORK_TIME, BREAK_TIME, INTERRUPTED)
VALUES (2848, 1, '2019-06-04', 0, 0, false);
INSERT INTO POMODORO(ID, USER, CREATION_TIMESTAMP, WORK_TIME, BREAK_TIME, INTERRUPTED)
VALUES (2849, 1, '2019-06-04', 0, 0, false);
INSERT INTO POMODORO(ID, USER, CREATION_TIMESTAMP, WORK_TIME, BREAK_TIME, INTERRUPTED)
VALUES (2850, 1, '2019-06-04', 0, 0, true);
INSERT INTO POMODORO(ID, USER, CREATION_TIMESTAMP, WORK_TIME, BREAK_TIME, INTERRUPTED)
VALUES (2851, 1, '2019-06-04', 0, 0, false);
INSERT INTO POMODORO(ID, USER, CREATION_TIMESTAMP, WORK_TIME, BREAK_TIME, INTERRUPTED)
VALUES (2852, 1, '2019-06-04', 0, 0, false);
INSERT INTO POMODORO(ID, USER, CREATION_TIMESTAMP, WORK_TIME, BREAK_TIME, INTERRUPTED)
VALUES (2853, 1, '2019-06-04', 0, 0, false);
INSERT INTO POMODORO(ID, USER, CREATION_TIMESTAMP, WORK_TIME, BREAK_TIME, INTERRUPTED)
VALUES (2854, 1, '2019-06-04', 0, 0, true);
INSERT INTO POMODORO(ID, USER, CREATION_TIMESTAMP, WORK_TIME, BREAK_TIME, INTERRUPTED)
VALUES (2855, 1, '2019-06-04', 0, 0, false);
INSERT INTO POMODORO(ID, USER, CREATION_TIMESTAMP, WORK_TIME, BREAK_TIME, INTERRUPTED)
VALUES (2856, 1, '2019-06-04', 0, 0, true);
INSERT INTO POMODORO(ID, USER, CREATION_TIMESTAMP, WORK_TIME, BREAK_TIME, INTERRUPTED)
VALUES (2857, 1, '2019-06-04', 0, 0, true);
INSERT INTO POMODORO(ID, USER, CREATION_TIMESTAMP, WORK_TIME, BREAK_TIME, INTERRUPTED)
VALUES (2858, 1, '2019-06-04', 0, 0, true);
INSERT INTO POMODORO(ID, USER, CREATION_TIMESTAMP, WORK_TIME, BREAK_TIME, INTERRUPTED)
VALUES (2859, 1, '2019-06-04', 0, 0, false);
INSERT INTO POMODORO(ID, USER, CREATION_TIMESTAMP, WORK_TIME, BREAK_TIME, INTERRUPTED)
VALUES (2860, 1, '2019-06-04', 0, 0, true);
INSERT INTO POMODORO(ID, USER, CREATION_TIMESTAMP, WORK_TIME, BREAK_TIME, INTERRUPTED)
VALUES (2861, 1, '2019-06-04', 0, 0, false);
INSERT INTO POMODORO(ID, USER, CREATION_TIMESTAMP, WORK_TIME, BREAK_TIME, INTERRUPTED)
VALUES (2862, 1, '2019-06-04', 0, 0, true);
INSERT INTO POMODORO(ID, USER, CREATION_TIMESTAMP, WORK_TIME, BREAK_TIME, INTERRUPTED)
VALUES (2863, 1, '2019-06-04', 0, 0, true);
INSERT INTO POMODORO(ID, USER, CREATION_TIMESTAMP, WORK_TIME, BREAK_TIME, INTERRUPTED)
VALUES (2864, 1, '2019-06-04', 0, 0, true);
INSERT INTO POMODORO(ID, USER, CREATION_TIMESTAMP, WORK_TIME, BREAK_TIME, INTERRUPTED)
VALUES (2865, 1, '2019-06-04', 0, 0, true);
INSERT INTO POMODORO(ID, USER, CREATION_TIMESTAMP, WORK_TIME, BREAK_TIME, INTERRUPTED)
VALUES (2866, 1, '2019-06-04', 0, 0, false);
INSERT INTO POMODORO(ID, USER, CREATION_TIMESTAMP, WORK_TIME, BREAK_TIME, INTERRUPTED)
VALUES (2867, 1, '2019-06-04', 0, 0, true);
INSERT INTO POMODORO(ID, USER, CREATION_TIMESTAMP, WORK_TIME, BREAK_TIME, INTERRUPTED)
VALUES (2868, 1, '2019-06-04', 0, 0, false);
INSERT INTO POMODORO(ID, USER, CREATION_TIMESTAMP, WORK_TIME, BREAK_TIME, INTERRUPTED)
VALUES (2869, 1, '2019-06-04', 0, 0, true);
INSERT INTO POMODORO(ID, USER, CREATION_TIMESTAMP, WORK_TIME, BREAK_TIME, INTERRUPTED)
VALUES (2870, 1, '2019-06-04', 0, 0, false);
INSERT INTO POMODORO(ID, USER, CREATION_TIMESTAMP, WORK_TIME, BREAK_TIME, INTERRUPTED)
VALUES (2871, 1, '2019-06-04', 0, 0, true);
INSERT INTO POMODORO(ID, USER, CREATION_TIMESTAMP, WORK_TIME, BREAK_TIME, INTERRUPTED)
VALUES (2872, 1, '2019-06-04', 0, 0, true);
INSERT INTO POMODORO(ID, USER, CREATION_TIMESTAMP, WORK_TIME, BREAK_TIME, INTERRUPTED)
VALUES (2873, 1, '2019-06-04', 0, 0, true);
INSERT INTO POMODORO(ID, USER, CREATION_TIMESTAMP, WORK_TIME, BREAK_TIME, INTERRUPTED)
VALUES (2874, 1, '2019-06-04', 0, 0, false);
INSERT INTO POMODORO(ID, USER, CREATION_TIMESTAMP, WORK_TIME, BREAK_TIME, INTERRUPTED)
VALUES (2875, 1, '2019-06-04', 0, 0, true);
INSERT INTO POMODORO(ID, USER, CREATION_TIMESTAMP, WORK_TIME, BREAK_TIME, INTERRUPTED)
VALUES (2876, 1, '2019-06-04', 0, 0, false);
INSERT INTO POMODORO(ID, USER, CREATION_TIMESTAMP, WORK_TIME, BREAK_TIME, INTERRUPTED)
VALUES (2877, 1, '2019-06-04', 0, 0, false);
INSERT INTO POMODORO(ID, USER, CREATION_TIMESTAMP, WORK_TIME, BREAK_TIME, INTERRUPTED)
VALUES (2878, 1, '2019-06-04', 0, 0, false);
INSERT INTO POMODORO(ID, USER, CREATION_TIMESTAMP, WORK_TIME, BREAK_TIME, INTERRUPTED)
VALUES (2879, 1, '2019-06-04', 0, 0, false);
INSERT INTO POMODORO(ID, USER, CREATION_TIMESTAMP, WORK_TIME, BREAK_TIME, INTERRUPTED)
VALUES (2880, 1, '2019-06-04', 0, 0, false);
INSERT INTO POMODORO(ID, USER, CREATION_TIMESTAMP, WORK_TIME, BREAK_TIME, INTERRUPTED)
VALUES (2881, 1, '2019-06-04', 0, 0, false);
INSERT INTO POMODORO(ID, USER, CREATION_TIMESTAMP, WORK_TIME, BREAK_TIME, INTERRUPTED)
VALUES (2882, 1, '2019-06-04', 0, 0, false);
INSERT INTO POMODORO(ID, USER, CREATION_TIMESTAMP, WORK_TIME, BREAK_TIME, INTERRUPTED)
VALUES (2883, 1, '2019-06-04', 0, 0, true);
INSERT INTO POMODORO(ID, USER, CREATION_TIMESTAMP, WORK_TIME, BREAK_TIME, INTERRUPTED)
VALUES (2884, 1, '2019-06-04', 0, 0, true);
INSERT INTO POMODORO(ID, USER, CREATION_TIMESTAMP, WORK_TIME, BREAK_TIME, INTERRUPTED)
VALUES (2885, 1, '2019-06-04', 0, 0, true);
INSERT INTO POMODORO(ID, USER, CREATION_TIMESTAMP, WORK_TIME, BREAK_TIME, INTERRUPTED)
VALUES (2886, 1, '2019-06-04', 0, 0, true);
INSERT INTO POMODORO(ID, USER, CREATION_TIMESTAMP, WORK_TIME, BREAK_TIME, INTERRUPTED)
VALUES (2887, 1, '2019-06-04', 0, 0, true);
INSERT INTO POMODORO(ID, USER, CREATION_TIMESTAMP, WORK_TIME, BREAK_TIME, INTERRUPTED)
VALUES (2888, 1, '2019-06-04', 0, 0, true);
INSERT INTO POMODORO(ID, USER, CREATION_TIMESTAMP, WORK_TIME, BREAK_TIME, INTERRUPTED)
VALUES (2889, 1, '2019-06-04', 0, 0, true);
INSERT INTO POMODORO(ID, USER, CREATION_TIMESTAMP, WORK_TIME, BREAK_TIME, INTERRUPTED)
VALUES (2890, 1, '2019-06-04', 0, 0, false);
INSERT INTO POMODORO(ID, USER, CREATION_TIMESTAMP, WORK_TIME, BREAK_TIME, INTERRUPTED)
VALUES (2891, 1, '2019-06-04', 0, 0, false);
INSERT INTO POMODORO(ID, USER, CREATION_TIMESTAMP, WORK_TIME, BREAK_TIME, INTERRUPTED)
VALUES (2892, 1, '2019-06-03', 0, 0, true);
INSERT INTO POMODORO(ID, USER, CREATION_TIMESTAMP, WORK_TIME, BREAK_TIME, INTERRUPTED)
VALUES (2893, 1, '2019-06-03', 0, 0, false);
INSERT INTO POMODORO(ID, USER, CREATION_TIMESTAMP, WORK_TIME, BREAK_TIME, INTERRUPTED)
VALUES (2894, 1, '2019-06-03', 0, 0, false);
INSERT INTO POMODORO(ID, USER, CREATION_TIMESTAMP, WORK_TIME, BREAK_TIME, INTERRUPTED)
VALUES (2895, 1, '2019-06-03', 0, 0, false);
INSERT INTO POMODORO(ID, USER, CREATION_TIMESTAMP, WORK_TIME, BREAK_TIME, INTERRUPTED)
VALUES (2896, 1, '2019-06-03', 0, 0, false);
INSERT INTO POMODORO(ID, USER, CREATION_TIMESTAMP, WORK_TIME, BREAK_TIME, INTERRUPTED)
VALUES (2897, 1, '2019-06-03', 0, 0, false);
INSERT INTO POMODORO(ID, USER, CREATION_TIMESTAMP, WORK_TIME, BREAK_TIME, INTERRUPTED)
VALUES (2898, 1, '2019-06-03', 0, 0, false);
INSERT INTO POMODORO(ID, USER, CREATION_TIMESTAMP, WORK_TIME, BREAK_TIME, INTERRUPTED)
VALUES (2899, 1, '2019-06-03', 0, 0, true);
INSERT INTO POMODORO(ID, USER, CREATION_TIMESTAMP, WORK_TIME, BREAK_TIME, INTERRUPTED)
VALUES (2900, 1, '2019-06-03', 0, 0, false);
INSERT INTO POMODORO(ID, USER, CREATION_TIMESTAMP, WORK_TIME, BREAK_TIME, INTERRUPTED)
VALUES (2901, 1, '2019-06-03', 0, 0, true);
INSERT INTO POMODORO(ID, USER, CREATION_TIMESTAMP, WORK_TIME, BREAK_TIME, INTERRUPTED)
VALUES (2902, 1, '2019-06-03', 0, 0, true);
INSERT INTO POMODORO(ID, USER, CREATION_TIMESTAMP, WORK_TIME, BREAK_TIME, INTERRUPTED)
VALUES (2903, 1, '2019-06-03', 0, 0, true);
INSERT INTO POMODORO(ID, USER, CREATION_TIMESTAMP, WORK_TIME, BREAK_TIME, INTERRUPTED)
VALUES (2904, 1, '2019-06-03', 0, 0, false);
INSERT INTO POMODORO(ID, USER, CREATION_TIMESTAMP, WORK_TIME, BREAK_TIME, INTERRUPTED)
VALUES (2905, 1, '2019-06-03', 0, 0, true);
INSERT INTO POMODORO(ID, USER, CREATION_TIMESTAMP, WORK_TIME, BREAK_TIME, INTERRUPTED)
VALUES (2906, 1, '2019-06-03', 0, 0, false);
INSERT INTO POMODORO(ID, USER, CREATION_TIMESTAMP, WORK_TIME, BREAK_TIME, INTERRUPTED)
VALUES (2907, 1, '2019-06-03', 0, 0, false);
INSERT INTO POMODORO(ID, USER, CREATION_TIMESTAMP, WORK_TIME, BREAK_TIME, INTERRUPTED)
VALUES (2908, 1, '2019-06-03', 0, 0, false);
INSERT INTO POMODORO(ID, USER, CREATION_TIMESTAMP, WORK_TIME, BREAK_TIME, INTERRUPTED)
VALUES (2909, 1, '2019-06-03', 0, 0, true);
INSERT INTO POMODORO(ID, USER, CREATION_TIMESTAMP, WORK_TIME, BREAK_TIME, INTERRUPTED)
VALUES (2910, 1, '2019-06-03', 0, 0, false);
INSERT INTO POMODORO(ID, USER, CREATION_TIMESTAMP, WORK_TIME, BREAK_TIME, INTERRUPTED)
VALUES (2911, 1, '2019-06-03', 0, 0, true);
INSERT INTO POMODORO(ID, USER, CREATION_TIMESTAMP, WORK_TIME, BREAK_TIME, INTERRUPTED)
VALUES (2912, 1, '2019-06-03', 0, 0, false);
INSERT INTO POMODORO(ID, USER, CREATION_TIMESTAMP, WORK_TIME, BREAK_TIME, INTERRUPTED)
VALUES (2913, 1, '2019-06-03', 0, 0, false);
INSERT INTO POMODORO(ID, USER, CREATION_TIMESTAMP, WORK_TIME, BREAK_TIME, INTERRUPTED)
VALUES (2914, 1, '2019-06-03', 0, 0, false);
INSERT INTO POMODORO(ID, USER, CREATION_TIMESTAMP, WORK_TIME, BREAK_TIME, INTERRUPTED)
VALUES (2915, 1, '2019-06-03', 0, 0, false);
INSERT INTO POMODORO(ID, USER, CREATION_TIMESTAMP, WORK_TIME, BREAK_TIME, INTERRUPTED)
VALUES (2916, 1, '2019-06-03', 0, 0, true);
INSERT INTO POMODORO(ID, USER, CREATION_TIMESTAMP, WORK_TIME, BREAK_TIME, INTERRUPTED)
VALUES (2917, 1, '2019-06-03', 0, 0, false);
INSERT INTO POMODORO(ID, USER, CREATION_TIMESTAMP, WORK_TIME, BREAK_TIME, INTERRUPTED)
VALUES (2918, 1, '2019-06-03', 0, 0, true);
INSERT INTO POMODORO(ID, USER, CREATION_TIMESTAMP, WORK_TIME, BREAK_TIME, INTERRUPTED)
VALUES (2919, 1, '2019-06-03', 0, 0, false);
INSERT INTO POMODORO(ID, USER, CREATION_TIMESTAMP, WORK_TIME, BREAK_TIME, INTERRUPTED)
VALUES (2920, 1, '2019-06-02', 0, 0, false);
INSERT INTO POMODORO(ID, USER, CREATION_TIMESTAMP, WORK_TIME, BREAK_TIME, INTERRUPTED)
VALUES (2921, 1, '2019-06-02', 0, 0, false);
INSERT INTO POMODORO(ID, USER, CREATION_TIMESTAMP, WORK_TIME, BREAK_TIME, INTERRUPTED)
VALUES (2922, 1, '2019-06-02', 0, 0, true);
INSERT INTO POMODORO(ID, USER, CREATION_TIMESTAMP, WORK_TIME, BREAK_TIME, INTERRUPTED)
VALUES (2923, 1, '2019-06-02', 0, 0, false);
INSERT INTO POMODORO(ID, USER, CREATION_TIMESTAMP, WORK_TIME, BREAK_TIME, INTERRUPTED)
VALUES (2924, 1, '2019-06-02', 0, 0, true);
INSERT INTO POMODORO(ID, USER, CREATION_TIMESTAMP, WORK_TIME, BREAK_TIME, INTERRUPTED)
VALUES (2925, 1, '2019-06-02', 0, 0, true);
INSERT INTO POMODORO(ID, USER, CREATION_TIMESTAMP, WORK_TIME, BREAK_TIME, INTERRUPTED)
VALUES (2926, 1, '2019-06-02', 0, 0, true);
INSERT INTO POMODORO(ID, USER, CREATION_TIMESTAMP, WORK_TIME, BREAK_TIME, INTERRUPTED)
VALUES (2927, 1, '2019-06-02', 0, 0, false);
INSERT INTO POMODORO(ID, USER, CREATION_TIMESTAMP, WORK_TIME, BREAK_TIME, INTERRUPTED)
VALUES (2928, 1, '2019-06-02', 0, 0, false);
INSERT INTO POMODORO(ID, USER, CREATION_TIMESTAMP, WORK_TIME, BREAK_TIME, INTERRUPTED)
VALUES (2929, 1, '2019-06-02', 0, 0, false);
INSERT INTO POMODORO(ID, USER, CREATION_TIMESTAMP, WORK_TIME, BREAK_TIME, INTERRUPTED)
VALUES (2930, 1, '2019-06-02', 0, 0, false);
INSERT INTO POMODORO(ID, USER, CREATION_TIMESTAMP, WORK_TIME, BREAK_TIME, INTERRUPTED)
VALUES (2931, 1, '2019-06-02', 0, 0, true);
INSERT INTO POMODORO(ID, USER, CREATION_TIMESTAMP, WORK_TIME, BREAK_TIME, INTERRUPTED)
VALUES (2932, 1, '2019-06-02', 0, 0, true);
INSERT INTO POMODORO(ID, USER, CREATION_TIMESTAMP, WORK_TIME, BREAK_TIME, INTERRUPTED)
VALUES (2933, 1, '2019-06-02', 0, 0, true);
INSERT INTO POMODORO(ID, USER, CREATION_TIMESTAMP, WORK_TIME, BREAK_TIME, INTERRUPTED)
VALUES (2934, 1, '2019-06-02', 0, 0, true);
INSERT INTO POMODORO(ID, USER, CREATION_TIMESTAMP, WORK_TIME, BREAK_TIME, INTERRUPTED)
VALUES (2935, 1, '2019-06-02', 0, 0, true);
INSERT INTO POMODORO(ID, USER, CREATION_TIMESTAMP, WORK_TIME, BREAK_TIME, INTERRUPTED)
VALUES (2936, 1, '2019-06-02', 0, 0, false);
INSERT INTO POMODORO(ID, USER, CREATION_TIMESTAMP, WORK_TIME, BREAK_TIME, INTERRUPTED)
VALUES (2937, 1, '2019-06-02', 0, 0, false);
INSERT INTO POMODORO(ID, USER, CREATION_TIMESTAMP, WORK_TIME, BREAK_TIME, INTERRUPTED)
VALUES (2938, 1, '2019-06-02', 0, 0, false);
INSERT INTO POMODORO(ID, USER, CREATION_TIMESTAMP, WORK_TIME, BREAK_TIME, INTERRUPTED)
VALUES (2939, 1, '2019-06-02', 0, 0, true);
INSERT INTO POMODORO(ID, USER, CREATION_TIMESTAMP, WORK_TIME, BREAK_TIME, INTERRUPTED)
VALUES (2940, 1, '2019-06-02', 0, 0, true);
INSERT INTO POMODORO(ID, USER, CREATION_TIMESTAMP, WORK_TIME, BREAK_TIME, INTERRUPTED)
VALUES (2941, 1, '2019-06-02', 0, 0, true);
INSERT INTO POMODORO(ID, USER, CREATION_TIMESTAMP, WORK_TIME, BREAK_TIME, INTERRUPTED)
VALUES (2942, 1, '2019-06-02', 0, 0, false);
INSERT INTO POMODORO(ID, USER, CREATION_TIMESTAMP, WORK_TIME, BREAK_TIME, INTERRUPTED)
VALUES (2943, 1, '2019-06-02', 0, 0, true);
INSERT INTO POMODORO(ID, USER, CREATION_TIMESTAMP, WORK_TIME, BREAK_TIME, INTERRUPTED)
VALUES (2944, 1, '2019-06-02', 0, 0, true);
INSERT INTO POMODORO(ID, USER, CREATION_TIMESTAMP, WORK_TIME, BREAK_TIME, INTERRUPTED)
VALUES (2945, 1, '2019-06-02', 0, 0, false);
INSERT INTO POMODORO(ID, USER, CREATION_TIMESTAMP, WORK_TIME, BREAK_TIME, INTERRUPTED)
VALUES (2946, 1, '2019-06-02', 0, 0, true);
INSERT INTO POMODORO(ID, USER, CREATION_TIMESTAMP, WORK_TIME, BREAK_TIME, INTERRUPTED)
VALUES (2947, 1, '2019-05-31', 0, 0, true);
INSERT INTO POMODORO(ID, USER, CREATION_TIMESTAMP, WORK_TIME, BREAK_TIME, INTERRUPTED)
VALUES (2948, 1, '2019-05-31', 0, 0, false);
INSERT INTO POMODORO(ID, USER, CREATION_TIMESTAMP, WORK_TIME, BREAK_TIME, INTERRUPTED)
VALUES (2949, 1, '2019-05-31', 0, 0, true);
INSERT INTO POMODORO(ID, USER, CREATION_TIMESTAMP, WORK_TIME, BREAK_TIME, INTERRUPTED)
VALUES (2950, 1, '2019-05-31', 0, 0, true);
INSERT INTO POMODORO(ID, USER, CREATION_TIMESTAMP, WORK_TIME, BREAK_TIME, INTERRUPTED)
VALUES (2951, 1, '2019-05-31', 0, 0, false);
INSERT INTO POMODORO(ID, USER, CREATION_TIMESTAMP, WORK_TIME, BREAK_TIME, INTERRUPTED)
VALUES (2952, 1, '2019-05-31', 0, 0, true);
INSERT INTO POMODORO(ID, USER, CREATION_TIMESTAMP, WORK_TIME, BREAK_TIME, INTERRUPTED)
VALUES (2953, 1, '2019-05-31', 0, 0, false);
INSERT INTO POMODORO(ID, USER, CREATION_TIMESTAMP, WORK_TIME, BREAK_TIME, INTERRUPTED)
VALUES (2954, 1, '2019-05-31', 0, 0, true);
INSERT INTO POMODORO(ID, USER, CREATION_TIMESTAMP, WORK_TIME, BREAK_TIME, INTERRUPTED)
VALUES (2955, 1, '2019-05-31', 0, 0, true);
INSERT INTO POMODORO(ID, USER, CREATION_TIMESTAMP, WORK_TIME, BREAK_TIME, INTERRUPTED)
VALUES (2956, 1, '2019-05-31', 0, 0, false);
INSERT INTO POMODORO(ID, USER, CREATION_TIMESTAMP, WORK_TIME, BREAK_TIME, INTERRUPTED)
VALUES (2957, 1, '2019-05-31', 0, 0, true);
INSERT INTO POMODORO(ID, USER, CREATION_TIMESTAMP, WORK_TIME, BREAK_TIME, INTERRUPTED)
VALUES (2958, 1, '2019-05-31', 0, 0, false);
INSERT INTO POMODORO(ID, USER, CREATION_TIMESTAMP, WORK_TIME, BREAK_TIME, INTERRUPTED)
VALUES (2959, 1, '2019-05-31', 0, 0, true);
INSERT INTO POMODORO(ID, USER, CREATION_TIMESTAMP, WORK_TIME, BREAK_TIME, INTERRUPTED)
VALUES (2960, 1, '2019-05-31', 0, 0, true);
INSERT INTO POMODORO(ID, USER, CREATION_TIMESTAMP, WORK_TIME, BREAK_TIME, INTERRUPTED)
VALUES (2961, 1, '2019-05-31', 0, 0, false);
INSERT INTO POMODORO(ID, USER, CREATION_TIMESTAMP, WORK_TIME, BREAK_TIME, INTERRUPTED)
VALUES (2962, 1, '2019-05-31', 0, 0, true);
INSERT INTO POMODORO(ID, USER, CREATION_TIMESTAMP, WORK_TIME, BREAK_TIME, INTERRUPTED)
VALUES (2963, 1, '2019-05-31', 0, 0, true);
INSERT INTO POMODORO(ID, USER, CREATION_TIMESTAMP, WORK_TIME, BREAK_TIME, INTERRUPTED)
VALUES (2964, 1, '2019-05-31', 0, 0, true);
INSERT INTO POMODORO(ID, USER, CREATION_TIMESTAMP, WORK_TIME, BREAK_TIME, INTERRUPTED)
VALUES (2965, 1, '2019-05-31', 0, 0, false);
INSERT INTO POMODORO(ID, USER, CREATION_TIMESTAMP, WORK_TIME, BREAK_TIME, INTERRUPTED)
VALUES (2966, 1, '2019-05-31', 0, 0, true);
INSERT INTO POMODORO(ID, USER, CREATION_TIMESTAMP, WORK_TIME, BREAK_TIME, INTERRUPTED)
VALUES (2967, 1, '2019-05-31', 0, 0, false);
INSERT INTO POMODORO(ID, USER, CREATION_TIMESTAMP, WORK_TIME, BREAK_TIME, INTERRUPTED)
VALUES (2968, 1, '2019-05-31', 0, 0, false);
INSERT INTO POMODORO(ID, USER, CREATION_TIMESTAMP, WORK_TIME, BREAK_TIME, INTERRUPTED)
VALUES (2969, 1, '2019-05-31', 0, 0, true);
INSERT INTO POMODORO(ID, USER, CREATION_TIMESTAMP, WORK_TIME, BREAK_TIME, INTERRUPTED)
VALUES (2970, 1, '2019-05-31', 0, 0, false);
INSERT INTO POMODORO(ID, USER, CREATION_TIMESTAMP, WORK_TIME, BREAK_TIME, INTERRUPTED)
VALUES (2971, 1, '2019-05-31', 0, 0, false);
INSERT INTO POMODORO(ID, USER, CREATION_TIMESTAMP, WORK_TIME, BREAK_TIME, INTERRUPTED)
VALUES (2972, 1, '2019-05-31', 0, 0, false);
INSERT INTO POMODORO(ID, USER, CREATION_TIMESTAMP, WORK_TIME, BREAK_TIME, INTERRUPTED)
VALUES (2973, 1, '2019-05-30', 0, 0, false);
INSERT INTO POMODORO(ID, USER, CREATION_TIMESTAMP, WORK_TIME, BREAK_TIME, INTERRUPTED)
VALUES (2974, 1, '2019-05-30', 0, 0, false);
INSERT INTO POMODORO(ID, USER, CREATION_TIMESTAMP, WORK_TIME, BREAK_TIME, INTERRUPTED)
VALUES (2975, 1, '2019-05-30', 0, 0, false);
INSERT INTO POMODORO(ID, USER, CREATION_TIMESTAMP, WORK_TIME, BREAK_TIME, INTERRUPTED)
VALUES (2976, 1, '2019-05-30', 0, 0, true);
INSERT INTO POMODORO(ID, USER, CREATION_TIMESTAMP, WORK_TIME, BREAK_TIME, INTERRUPTED)
VALUES (2977, 1, '2019-05-30', 0, 0, false);
INSERT INTO POMODORO(ID, USER, CREATION_TIMESTAMP, WORK_TIME, BREAK_TIME, INTERRUPTED)
VALUES (2978, 1, '2019-05-30', 0, 0, false);
INSERT INTO POMODORO(ID, USER, CREATION_TIMESTAMP, WORK_TIME, BREAK_TIME, INTERRUPTED)
VALUES (2979, 1, '2019-05-30', 0, 0, false);
INSERT INTO POMODORO(ID, USER, CREATION_TIMESTAMP, WORK_TIME, BREAK_TIME, INTERRUPTED)
VALUES (2980, 1, '2019-05-30', 0, 0, true);
INSERT INTO POMODORO(ID, USER, CREATION_TIMESTAMP, WORK_TIME, BREAK_TIME, INTERRUPTED)
VALUES (2981, 1, '2019-05-30', 0, 0, false);
INSERT INTO POMODORO(ID, USER, CREATION_TIMESTAMP, WORK_TIME, BREAK_TIME, INTERRUPTED)
VALUES (2982, 1, '2019-05-30', 0, 0, false);
INSERT INTO POMODORO(ID, USER, CREATION_TIMESTAMP, WORK_TIME, BREAK_TIME, INTERRUPTED)
VALUES (2983, 1, '2019-05-30', 0, 0, false);
INSERT INTO POMODORO(ID, USER, CREATION_TIMESTAMP, WORK_TIME, BREAK_TIME, INTERRUPTED)
VALUES (2984, 1, '2019-05-30', 0, 0, true);
INSERT INTO POMODORO(ID, USER, CREATION_TIMESTAMP, WORK_TIME, BREAK_TIME, INTERRUPTED)
VALUES (2985, 1, '2019-05-30', 0, 0, false);
INSERT INTO POMODORO(ID, USER, CREATION_TIMESTAMP, WORK_TIME, BREAK_TIME, INTERRUPTED)
VALUES (2986, 1, '2019-05-30', 0, 0, false);
INSERT INTO POMODORO(ID, USER, CREATION_TIMESTAMP, WORK_TIME, BREAK_TIME, INTERRUPTED)
VALUES (2987, 1, '2019-05-30', 0, 0, false);
INSERT INTO POMODORO(ID, USER, CREATION_TIMESTAMP, WORK_TIME, BREAK_TIME, INTERRUPTED)
VALUES (2988, 1, '2019-05-30', 0, 0, false);
INSERT INTO POMODORO(ID, USER, CREATION_TIMESTAMP, WORK_TIME, BREAK_TIME, INTERRUPTED)
VALUES (2989, 1, '2019-05-30', 0, 0, false);
INSERT INTO POMODORO(ID, USER, CREATION_TIMESTAMP, WORK_TIME, BREAK_TIME, INTERRUPTED)
VALUES (2990, 1, '2019-05-30', 0, 0, true);
INSERT INTO POMODORO(ID, USER, CREATION_TIMESTAMP, WORK_TIME, BREAK_TIME, INTERRUPTED)
VALUES (2991, 1, '2019-05-30', 0, 0, true);
INSERT INTO POMODORO(ID, USER, CREATION_TIMESTAMP, WORK_TIME, BREAK_TIME, INTERRUPTED)
VALUES (2992, 1, '2019-05-30', 0, 0, true);
INSERT INTO POMODORO(ID, USER, CREATION_TIMESTAMP, WORK_TIME, BREAK_TIME, INTERRUPTED)
VALUES (2993, 1, '2019-05-30', 0, 0, false);
INSERT INTO POMODORO(ID, USER, CREATION_TIMESTAMP, WORK_TIME, BREAK_TIME, INTERRUPTED)
VALUES (2994, 1, '2019-05-30', 0, 0, true);
INSERT INTO POMODORO(ID, USER, CREATION_TIMESTAMP, WORK_TIME, BREAK_TIME, INTERRUPTED)
VALUES (2995, 1, '2019-05-30', 0, 0, false);
INSERT INTO POMODORO(ID, USER, CREATION_TIMESTAMP, WORK_TIME, BREAK_TIME, INTERRUPTED)
VALUES (2996, 1, '2019-05-30', 0, 0, false);
INSERT INTO POMODORO(ID, USER, CREATION_TIMESTAMP, WORK_TIME, BREAK_TIME, INTERRUPTED)
VALUES (2997, 1, '2019-05-30', 0, 0, false);
INSERT INTO POMODORO(ID, USER, CREATION_TIMESTAMP, WORK_TIME, BREAK_TIME, INTERRUPTED)
VALUES (2998, 1, '2019-05-30', 0, 0, false);
INSERT INTO POMODORO(ID, USER, CREATION_TIMESTAMP, WORK_TIME, BREAK_TIME, INTERRUPTED)
VALUES (2999, 1, '2019-05-30', 0, 0, false);
INSERT INTO POMODORO(ID, USER, CREATION_TIMESTAMP, WORK_TIME, BREAK_TIME, INTERRUPTED)
VALUES (3000, 1, '2019-05-30', 0, 0, true);
INSERT INTO POMODORO(ID, USER, CREATION_TIMESTAMP, WORK_TIME, BREAK_TIME, INTERRUPTED)
VALUES (3001, 1, '2019-05-30', 0, 0, false);
INSERT INTO POMODORO(ID, USER, CREATION_TIMESTAMP, WORK_TIME, BREAK_TIME, INTERRUPTED)
VALUES (3002, 1, '2019-05-30', 0, 0, true);
INSERT INTO POMODORO(ID, USER, CREATION_TIMESTAMP, WORK_TIME, BREAK_TIME, INTERRUPTED)
VALUES (3003, 1, '2019-05-30', 0, 0, true);
INSERT INTO POMODORO(ID, USER, CREATION_TIMESTAMP, WORK_TIME, BREAK_TIME, INTERRUPTED)
VALUES (3004, 1, '2019-05-30', 0, 0, true);
INSERT INTO POMODORO(ID, USER, CREATION_TIMESTAMP, WORK_TIME, BREAK_TIME, INTERRUPTED)
VALUES (3005, 1, '2019-05-30', 0, 0, false);
INSERT INTO POMODORO(ID, USER, CREATION_TIMESTAMP, WORK_TIME, BREAK_TIME, INTERRUPTED)
VALUES (3006, 1, '2019-05-30', 0, 0, false);
INSERT INTO POMODORO(ID, USER, CREATION_TIMESTAMP, WORK_TIME, BREAK_TIME, INTERRUPTED)
VALUES (3007, 1, '2019-05-30', 0, 0, false);
INSERT INTO POMODORO(ID, USER, CREATION_TIMESTAMP, WORK_TIME, BREAK_TIME, INTERRUPTED)
VALUES (3008, 1, '2019-05-30', 0, 0, false);
INSERT INTO POMODORO(ID, USER, CREATION_TIMESTAMP, WORK_TIME, BREAK_TIME, INTERRUPTED)
VALUES (3009, 1, '2019-05-30', 0, 0, true);
INSERT INTO POMODORO(ID, USER, CREATION_TIMESTAMP, WORK_TIME, BREAK_TIME, INTERRUPTED)
VALUES (3010, 1, '2019-05-30', 0, 0, false);
INSERT INTO POMODORO(ID, USER, CREATION_TIMESTAMP, WORK_TIME, BREAK_TIME, INTERRUPTED)
VALUES (3011, 1, '2019-05-30', 0, 0, true);
INSERT INTO POMODORO(ID, USER, CREATION_TIMESTAMP, WORK_TIME, BREAK_TIME, INTERRUPTED)
VALUES (3012, 1, '2019-05-30', 0, 0, false);
INSERT INTO POMODORO(ID, USER, CREATION_TIMESTAMP, WORK_TIME, BREAK_TIME, INTERRUPTED)
VALUES (3013, 1, '2019-05-30', 0, 0, true);
INSERT INTO POMODORO(ID, USER, CREATION_TIMESTAMP, WORK_TIME, BREAK_TIME, INTERRUPTED)
VALUES (3014, 1, '2019-05-30', 0, 0, true);
INSERT INTO POMODORO(ID, USER, CREATION_TIMESTAMP, WORK_TIME, BREAK_TIME, INTERRUPTED)
VALUES (3015, 1, '2019-05-29', 0, 0, false);
INSERT INTO POMODORO(ID, USER, CREATION_TIMESTAMP, WORK_TIME, BREAK_TIME, INTERRUPTED)
VALUES (3016, 1, '2019-05-29', 0, 0, true);
INSERT INTO POMODORO(ID, USER, CREATION_TIMESTAMP, WORK_TIME, BREAK_TIME, INTERRUPTED)
VALUES (3017, 1, '2019-05-29', 0, 0, false);
INSERT INTO POMODORO(ID, USER, CREATION_TIMESTAMP, WORK_TIME, BREAK_TIME, INTERRUPTED)
VALUES (3018, 1, '2019-05-29', 0, 0, true);
INSERT INTO POMODORO(ID, USER, CREATION_TIMESTAMP, WORK_TIME, BREAK_TIME, INTERRUPTED)
VALUES (3019, 1, '2019-05-29', 0, 0, true);
INSERT INTO POMODORO(ID, USER, CREATION_TIMESTAMP, WORK_TIME, BREAK_TIME, INTERRUPTED)
VALUES (3020, 1, '2019-05-29', 0, 0, false);
INSERT INTO POMODORO(ID, USER, CREATION_TIMESTAMP, WORK_TIME, BREAK_TIME, INTERRUPTED)
VALUES (3021, 1, '2019-05-29', 0, 0, false);
INSERT INTO POMODORO(ID, USER, CREATION_TIMESTAMP, WORK_TIME, BREAK_TIME, INTERRUPTED)
VALUES (3022, 1, '2019-05-29', 0, 0, true);
INSERT INTO POMODORO(ID, USER, CREATION_TIMESTAMP, WORK_TIME, BREAK_TIME, INTERRUPTED)
VALUES (3023, 1, '2019-05-29', 0, 0, false);
INSERT INTO POMODORO(ID, USER, CREATION_TIMESTAMP, WORK_TIME, BREAK_TIME, INTERRUPTED)
VALUES (3024, 1, '2019-05-29', 0, 0, false);
INSERT INTO POMODORO(ID, USER, CREATION_TIMESTAMP, WORK_TIME, BREAK_TIME, INTERRUPTED)
VALUES (3025, 1, '2019-05-29', 0, 0, true);
INSERT INTO POMODORO(ID, USER, CREATION_TIMESTAMP, WORK_TIME, BREAK_TIME, INTERRUPTED)
VALUES (3026, 1, '2019-05-29', 0, 0, true);
INSERT INTO POMODORO(ID, USER, CREATION_TIMESTAMP, WORK_TIME, BREAK_TIME, INTERRUPTED)
VALUES (3027, 1, '2019-05-29', 0, 0, false);
INSERT INTO POMODORO(ID, USER, CREATION_TIMESTAMP, WORK_TIME, BREAK_TIME, INTERRUPTED)
VALUES (3028, 1, '2019-05-29', 0, 0, true);
INSERT INTO POMODORO(ID, USER, CREATION_TIMESTAMP, WORK_TIME, BREAK_TIME, INTERRUPTED)
VALUES (3029, 1, '2019-05-29', 0, 0, false);
INSERT INTO POMODORO(ID, USER, CREATION_TIMESTAMP, WORK_TIME, BREAK_TIME, INTERRUPTED)
VALUES (3030, 1, '2019-05-29', 0, 0, false);
INSERT INTO POMODORO(ID, USER, CREATION_TIMESTAMP, WORK_TIME, BREAK_TIME, INTERRUPTED)
VALUES (3031, 1, '2019-05-29', 0, 0, false);
INSERT INTO POMODORO(ID, USER, CREATION_TIMESTAMP, WORK_TIME, BREAK_TIME, INTERRUPTED)
VALUES (3032, 1, '2019-05-29', 0, 0, true);
INSERT INTO POMODORO(ID, USER, CREATION_TIMESTAMP, WORK_TIME, BREAK_TIME, INTERRUPTED)
VALUES (3033, 1, '2019-05-29', 0, 0, true);
INSERT INTO POMODORO(ID, USER, CREATION_TIMESTAMP, WORK_TIME, BREAK_TIME, INTERRUPTED)
VALUES (3034, 1, '2019-05-29', 0, 0, true);
INSERT INTO POMODORO(ID, USER, CREATION_TIMESTAMP, WORK_TIME, BREAK_TIME, INTERRUPTED)
VALUES (3035, 1, '2019-05-29', 0, 0, true);
INSERT INTO POMODORO(ID, USER, CREATION_TIMESTAMP, WORK_TIME, BREAK_TIME, INTERRUPTED)
VALUES (3036, 1, '2019-05-29', 0, 0, false);
INSERT INTO POMODORO(ID, USER, CREATION_TIMESTAMP, WORK_TIME, BREAK_TIME, INTERRUPTED)
VALUES (3037, 1, '2019-05-29', 0, 0, false);
INSERT INTO POMODORO(ID, USER, CREATION_TIMESTAMP, WORK_TIME, BREAK_TIME, INTERRUPTED)
VALUES (3038, 1, '2019-05-28', 0, 0, true);
INSERT INTO POMODORO(ID, USER, CREATION_TIMESTAMP, WORK_TIME, BREAK_TIME, INTERRUPTED)
VALUES (3039, 1, '2019-05-28', 0, 0, false);
INSERT INTO POMODORO(ID, USER, CREATION_TIMESTAMP, WORK_TIME, BREAK_TIME, INTERRUPTED)
VALUES (3040, 1, '2019-05-28', 0, 0, true);
INSERT INTO POMODORO(ID, USER, CREATION_TIMESTAMP, WORK_TIME, BREAK_TIME, INTERRUPTED)
VALUES (3041, 1, '2019-05-28', 0, 0, true);
INSERT INTO POMODORO(ID, USER, CREATION_TIMESTAMP, WORK_TIME, BREAK_TIME, INTERRUPTED)
VALUES (3042, 1, '2019-05-28', 0, 0, false);
INSERT INTO POMODORO(ID, USER, CREATION_TIMESTAMP, WORK_TIME, BREAK_TIME, INTERRUPTED)
VALUES (3043, 1, '2019-05-28', 0, 0, false);
INSERT INTO POMODORO(ID, USER, CREATION_TIMESTAMP, WORK_TIME, BREAK_TIME, INTERRUPTED)
VALUES (3044, 1, '2019-05-28', 0, 0, false);
INSERT INTO POMODORO(ID, USER, CREATION_TIMESTAMP, WORK_TIME, BREAK_TIME, INTERRUPTED)
VALUES (3045, 1, '2019-05-28', 0, 0, true);
INSERT INTO POMODORO(ID, USER, CREATION_TIMESTAMP, WORK_TIME, BREAK_TIME, INTERRUPTED)
VALUES (3046, 1, '2019-05-28', 0, 0, false);
INSERT INTO POMODORO(ID, USER, CREATION_TIMESTAMP, WORK_TIME, BREAK_TIME, INTERRUPTED)
VALUES (3047, 1, '2019-05-28', 0, 0, false);
INSERT INTO POMODORO(ID, USER, CREATION_TIMESTAMP, WORK_TIME, BREAK_TIME, INTERRUPTED)
VALUES (3048, 1, '2019-05-28', 0, 0, false);
INSERT INTO POMODORO(ID, USER, CREATION_TIMESTAMP, WORK_TIME, BREAK_TIME, INTERRUPTED)
VALUES (3049, 1, '2019-05-28', 0, 0, false);
INSERT INTO POMODORO(ID, USER, CREATION_TIMESTAMP, WORK_TIME, BREAK_TIME, INTERRUPTED)
VALUES (3050, 1, '2019-05-28', 0, 0, true);
INSERT INTO POMODORO(ID, USER, CREATION_TIMESTAMP, WORK_TIME, BREAK_TIME, INTERRUPTED)
VALUES (3051, 1, '2019-05-28', 0, 0, true);
INSERT INTO POMODORO(ID, USER, CREATION_TIMESTAMP, WORK_TIME, BREAK_TIME, INTERRUPTED)
VALUES (3052, 1, '2019-05-28', 0, 0, false);
INSERT INTO POMODORO(ID, USER, CREATION_TIMESTAMP, WORK_TIME, BREAK_TIME, INTERRUPTED)
VALUES (3053, 1, '2019-05-28', 0, 0, true);
INSERT INTO POMODORO(ID, USER, CREATION_TIMESTAMP, WORK_TIME, BREAK_TIME, INTERRUPTED)
VALUES (3054, 1, '2019-05-28', 0, 0, true);
INSERT INTO POMODORO(ID, USER, CREATION_TIMESTAMP, WORK_TIME, BREAK_TIME, INTERRUPTED)
VALUES (3055, 1, '2019-05-28', 0, 0, false);
INSERT INTO POMODORO(ID, USER, CREATION_TIMESTAMP, WORK_TIME, BREAK_TIME, INTERRUPTED)
VALUES (3056, 1, '2019-05-28', 0, 0, true);
INSERT INTO POMODORO(ID, USER, CREATION_TIMESTAMP, WORK_TIME, BREAK_TIME, INTERRUPTED)
VALUES (3057, 1, '2019-05-28', 0, 0, false);
INSERT INTO POMODORO(ID, USER, CREATION_TIMESTAMP, WORK_TIME, BREAK_TIME, INTERRUPTED)
VALUES (3058, 1, '2019-05-27', 0, 0, false);
INSERT INTO POMODORO(ID, USER, CREATION_TIMESTAMP, WORK_TIME, BREAK_TIME, INTERRUPTED)
VALUES (3059, 1, '2019-05-27', 0, 0, false);
INSERT INTO POMODORO(ID, USER, CREATION_TIMESTAMP, WORK_TIME, BREAK_TIME, INTERRUPTED)
VALUES (3060, 1, '2019-05-27', 0, 0, true);
INSERT INTO POMODORO(ID, USER, CREATION_TIMESTAMP, WORK_TIME, BREAK_TIME, INTERRUPTED)
VALUES (3061, 1, '2019-05-27', 0, 0, false);
INSERT INTO POMODORO(ID, USER, CREATION_TIMESTAMP, WORK_TIME, BREAK_TIME, INTERRUPTED)
VALUES (3062, 1, '2019-05-27', 0, 0, false);
INSERT INTO POMODORO(ID, USER, CREATION_TIMESTAMP, WORK_TIME, BREAK_TIME, INTERRUPTED)
VALUES (3063, 1, '2019-05-27', 0, 0, false);
INSERT INTO POMODORO(ID, USER, CREATION_TIMESTAMP, WORK_TIME, BREAK_TIME, INTERRUPTED)
VALUES (3064, 1, '2019-05-27', 0, 0, true);
INSERT INTO POMODORO(ID, USER, CREATION_TIMESTAMP, WORK_TIME, BREAK_TIME, INTERRUPTED)
VALUES (3065, 1, '2019-05-27', 0, 0, false);
INSERT INTO POMODORO(ID, USER, CREATION_TIMESTAMP, WORK_TIME, BREAK_TIME, INTERRUPTED)
VALUES (3066, 1, '2019-05-27', 0, 0, true);
INSERT INTO POMODORO(ID, USER, CREATION_TIMESTAMP, WORK_TIME, BREAK_TIME, INTERRUPTED)
VALUES (3067, 1, '2019-05-27', 0, 0, false);
INSERT INTO POMODORO(ID, USER, CREATION_TIMESTAMP, WORK_TIME, BREAK_TIME, INTERRUPTED)
VALUES (3068, 1, '2019-05-27', 0, 0, false);
INSERT INTO POMODORO(ID, USER, CREATION_TIMESTAMP, WORK_TIME, BREAK_TIME, INTERRUPTED)
VALUES (3069, 1, '2019-05-27', 0, 0, false);
INSERT INTO POMODORO(ID, USER, CREATION_TIMESTAMP, WORK_TIME, BREAK_TIME, INTERRUPTED)
VALUES (3070, 1, '2019-05-27', 0, 0, false);
INSERT INTO POMODORO(ID, USER, CREATION_TIMESTAMP, WORK_TIME, BREAK_TIME, INTERRUPTED)
VALUES (3071, 1, '2019-05-27', 0, 0, true);
INSERT INTO POMODORO(ID, USER, CREATION_TIMESTAMP, WORK_TIME, BREAK_TIME, INTERRUPTED)
VALUES (3072, 1, '2019-05-27', 0, 0, false);
INSERT INTO POMODORO(ID, USER, CREATION_TIMESTAMP, WORK_TIME, BREAK_TIME, INTERRUPTED)
VALUES (3073, 1, '2019-05-27', 0, 0, true);
INSERT INTO POMODORO(ID, USER, CREATION_TIMESTAMP, WORK_TIME, BREAK_TIME, INTERRUPTED)
VALUES (3074, 1, '2019-05-27', 0, 0, true);
INSERT INTO POMODORO(ID, USER, CREATION_TIMESTAMP, WORK_TIME, BREAK_TIME, INTERRUPTED)
VALUES (3075, 1, '2019-05-27', 0, 0, false);
INSERT INTO POMODORO(ID, USER, CREATION_TIMESTAMP, WORK_TIME, BREAK_TIME, INTERRUPTED)
VALUES (3076, 1, '2019-05-27', 0, 0, true);
INSERT INTO POMODORO(ID, USER, CREATION_TIMESTAMP, WORK_TIME, BREAK_TIME, INTERRUPTED)
VALUES (3077, 1, '2019-05-27', 0, 0, false);
INSERT INTO POMODORO(ID, USER, CREATION_TIMESTAMP, WORK_TIME, BREAK_TIME, INTERRUPTED)
VALUES (3078, 1, '2019-05-27', 0, 0, true);
INSERT INTO POMODORO(ID, USER, CREATION_TIMESTAMP, WORK_TIME, BREAK_TIME, INTERRUPTED)
VALUES (3079, 1, '2019-05-27', 0, 0, true);
INSERT INTO POMODORO(ID, USER, CREATION_TIMESTAMP, WORK_TIME, BREAK_TIME, INTERRUPTED)
VALUES (3080, 1, '2019-05-27', 0, 0, false);
INSERT INTO POMODORO(ID, USER, CREATION_TIMESTAMP, WORK_TIME, BREAK_TIME, INTERRUPTED)
VALUES (3081, 1, '2019-05-27', 0, 0, true);
INSERT INTO POMODORO(ID, USER, CREATION_TIMESTAMP, WORK_TIME, BREAK_TIME, INTERRUPTED)
VALUES (3082, 1, '2019-05-27', 0, 0, false);
INSERT INTO POMODORO(ID, USER, CREATION_TIMESTAMP, WORK_TIME, BREAK_TIME, INTERRUPTED)
VALUES (3083, 1, '2019-05-27', 0, 0, true);
INSERT INTO POMODORO(ID, USER, CREATION_TIMESTAMP, WORK_TIME, BREAK_TIME, INTERRUPTED)
VALUES (3084, 1, '2019-05-27', 0, 0, true);
INSERT INTO POMODORO(ID, USER, CREATION_TIMESTAMP, WORK_TIME, BREAK_TIME, INTERRUPTED)
VALUES (3085, 1, '2019-05-27', 0, 0, true);
INSERT INTO POMODORO(ID, USER, CREATION_TIMESTAMP, WORK_TIME, BREAK_TIME, INTERRUPTED)
VALUES (3086, 1, '2019-05-27', 0, 0, true);
INSERT INTO POMODORO(ID, USER, CREATION_TIMESTAMP, WORK_TIME, BREAK_TIME, INTERRUPTED)
VALUES (3087, 1, '2019-05-27', 0, 0, false);
INSERT INTO POMODORO(ID, USER, CREATION_TIMESTAMP, WORK_TIME, BREAK_TIME, INTERRUPTED)
VALUES (3088, 1, '2019-05-27', 0, 0, false);
INSERT INTO POMODORO(ID, USER, CREATION_TIMESTAMP, WORK_TIME, BREAK_TIME, INTERRUPTED)
VALUES (3089, 1, '2019-05-27', 0, 0, false);
INSERT INTO POMODORO(ID, USER, CREATION_TIMESTAMP, WORK_TIME, BREAK_TIME, INTERRUPTED)
VALUES (3090, 1, '2019-05-27', 0, 0, false);
INSERT INTO POMODORO(ID, USER, CREATION_TIMESTAMP, WORK_TIME, BREAK_TIME, INTERRUPTED)
VALUES (3091, 1, '2019-05-27', 0, 0, false);
INSERT INTO POMODORO(ID, USER, CREATION_TIMESTAMP, WORK_TIME, BREAK_TIME, INTERRUPTED)
VALUES (3092, 1, '2019-05-27', 0, 0, false);
INSERT INTO POMODORO(ID, USER, CREATION_TIMESTAMP, WORK_TIME, BREAK_TIME, INTERRUPTED)
VALUES (3093, 1, '2019-05-27', 0, 0, false);
INSERT INTO POMODORO(ID, USER, CREATION_TIMESTAMP, WORK_TIME, BREAK_TIME, INTERRUPTED)
VALUES (3094, 1, '2019-05-27', 0, 0, true);
INSERT INTO POMODORO(ID, USER, CREATION_TIMESTAMP, WORK_TIME, BREAK_TIME, INTERRUPTED)
VALUES (3095, 1, '2019-05-26', 0, 0, false);
INSERT INTO POMODORO(ID, USER, CREATION_TIMESTAMP, WORK_TIME, BREAK_TIME, INTERRUPTED)
VALUES (3096, 1, '2019-05-26', 0, 0, false);
INSERT INTO POMODORO(ID, USER, CREATION_TIMESTAMP, WORK_TIME, BREAK_TIME, INTERRUPTED)
VALUES (3097, 1, '2019-05-26', 0, 0, true);
INSERT INTO POMODORO(ID, USER, CREATION_TIMESTAMP, WORK_TIME, BREAK_TIME, INTERRUPTED)
VALUES (3098, 1, '2019-05-26', 0, 0, true);
INSERT INTO POMODORO(ID, USER, CREATION_TIMESTAMP, WORK_TIME, BREAK_TIME, INTERRUPTED)
VALUES (3099, 1, '2019-05-26', 0, 0, true);
INSERT INTO POMODORO(ID, USER, CREATION_TIMESTAMP, WORK_TIME, BREAK_TIME, INTERRUPTED)
VALUES (3100, 1, '2019-05-26', 0, 0, false);
INSERT INTO POMODORO(ID, USER, CREATION_TIMESTAMP, WORK_TIME, BREAK_TIME, INTERRUPTED)
VALUES (3101, 1, '2019-05-26', 0, 0, false);
INSERT INTO POMODORO(ID, USER, CREATION_TIMESTAMP, WORK_TIME, BREAK_TIME, INTERRUPTED)
VALUES (3102, 1, '2019-05-26', 0, 0, true);
INSERT INTO POMODORO(ID, USER, CREATION_TIMESTAMP, WORK_TIME, BREAK_TIME, INTERRUPTED)
VALUES (3103, 1, '2019-05-26', 0, 0, false);
INSERT INTO POMODORO(ID, USER, CREATION_TIMESTAMP, WORK_TIME, BREAK_TIME, INTERRUPTED)
VALUES (3104, 1, '2019-05-26', 0, 0, false);
INSERT INTO POMODORO(ID, USER, CREATION_TIMESTAMP, WORK_TIME, BREAK_TIME, INTERRUPTED)
VALUES (3105, 1, '2019-05-26', 0, 0, false);
INSERT INTO POMODORO(ID, USER, CREATION_TIMESTAMP, WORK_TIME, BREAK_TIME, INTERRUPTED)
VALUES (3106, 1, '2019-05-26', 0, 0, true);
INSERT INTO POMODORO(ID, USER, CREATION_TIMESTAMP, WORK_TIME, BREAK_TIME, INTERRUPTED)
VALUES (3107, 1, '2019-05-26', 0, 0, true);
INSERT INTO POMODORO(ID, USER, CREATION_TIMESTAMP, WORK_TIME, BREAK_TIME, INTERRUPTED)
VALUES (3108, 1, '2019-05-26', 0, 0, false);
INSERT INTO POMODORO(ID, USER, CREATION_TIMESTAMP, WORK_TIME, BREAK_TIME, INTERRUPTED)
VALUES (3109, 1, '2019-05-26', 0, 0, true);
INSERT INTO POMODORO(ID, USER, CREATION_TIMESTAMP, WORK_TIME, BREAK_TIME, INTERRUPTED)
VALUES (3110, 1, '2019-05-26', 0, 0, false);
INSERT INTO POMODORO(ID, USER, CREATION_TIMESTAMP, WORK_TIME, BREAK_TIME, INTERRUPTED)
VALUES (3111, 1, '2019-05-26', 0, 0, false);
INSERT INTO POMODORO(ID, USER, CREATION_TIMESTAMP, WORK_TIME, BREAK_TIME, INTERRUPTED)
VALUES (3112, 1, '2019-05-26', 0, 0, false);
INSERT INTO POMODORO(ID, USER, CREATION_TIMESTAMP, WORK_TIME, BREAK_TIME, INTERRUPTED)
VALUES (3113, 1, '2019-05-26', 0, 0, true);
INSERT INTO POMODORO(ID, USER, CREATION_TIMESTAMP, WORK_TIME, BREAK_TIME, INTERRUPTED)
VALUES (3114, 1, '2019-05-26', 0, 0, true);
INSERT INTO POMODORO(ID, USER, CREATION_TIMESTAMP, WORK_TIME, BREAK_TIME, INTERRUPTED)
VALUES (3115, 1, '2019-05-26', 0, 0, true);
INSERT INTO POMODORO(ID, USER, CREATION_TIMESTAMP, WORK_TIME, BREAK_TIME, INTERRUPTED)
VALUES (3116, 1, '2019-05-26', 0, 0, true);
INSERT INTO POMODORO(ID, USER, CREATION_TIMESTAMP, WORK_TIME, BREAK_TIME, INTERRUPTED)
VALUES (3117, 1, '2019-05-26', 0, 0, false);
INSERT INTO POMODORO(ID, USER, CREATION_TIMESTAMP, WORK_TIME, BREAK_TIME, INTERRUPTED)
VALUES (3118, 1, '2019-05-26', 0, 0, true);
INSERT INTO POMODORO(ID, USER, CREATION_TIMESTAMP, WORK_TIME, BREAK_TIME, INTERRUPTED)
VALUES (3119, 1, '2019-05-26', 0, 0, false);
INSERT INTO POMODORO(ID, USER, CREATION_TIMESTAMP, WORK_TIME, BREAK_TIME, INTERRUPTED)
VALUES (3120, 1, '2019-05-26', 0, 0, true);
INSERT INTO POMODORO(ID, USER, CREATION_TIMESTAMP, WORK_TIME, BREAK_TIME, INTERRUPTED)
VALUES (3121, 1, '2019-05-26', 0, 0, true);
INSERT INTO POMODORO(ID, USER, CREATION_TIMESTAMP, WORK_TIME, BREAK_TIME, INTERRUPTED)
VALUES (3122, 1, '2019-05-26', 0, 0, true);
INSERT INTO POMODORO(ID, USER, CREATION_TIMESTAMP, WORK_TIME, BREAK_TIME, INTERRUPTED)
VALUES (3123, 1, '2019-05-26', 0, 0, true);
INSERT INTO POMODORO(ID, USER, CREATION_TIMESTAMP, WORK_TIME, BREAK_TIME, INTERRUPTED)
VALUES (3124, 1, '2019-05-26', 0, 0, true);
INSERT INTO POMODORO(ID, USER, CREATION_TIMESTAMP, WORK_TIME, BREAK_TIME, INTERRUPTED)
VALUES (3125, 1, '2019-05-26', 0, 0, true);
INSERT INTO POMODORO(ID, USER, CREATION_TIMESTAMP, WORK_TIME, BREAK_TIME, INTERRUPTED)
VALUES (3126, 1, '2019-05-26', 0, 0, false);
INSERT INTO POMODORO(ID, USER, CREATION_TIMESTAMP, WORK_TIME, BREAK_TIME, INTERRUPTED)
VALUES (3127, 1, '2019-05-26', 0, 0, true);
INSERT INTO POMODORO(ID, USER, CREATION_TIMESTAMP, WORK_TIME, BREAK_TIME, INTERRUPTED)
VALUES (3128, 1, '2019-05-25', 0, 0, true);
INSERT INTO POMODORO(ID, USER, CREATION_TIMESTAMP, WORK_TIME, BREAK_TIME, INTERRUPTED)
VALUES (3129, 1, '2019-05-25', 0, 0, false);
INSERT INTO POMODORO(ID, USER, CREATION_TIMESTAMP, WORK_TIME, BREAK_TIME, INTERRUPTED)
VALUES (3130, 1, '2019-05-25', 0, 0, true);
INSERT INTO POMODORO(ID, USER, CREATION_TIMESTAMP, WORK_TIME, BREAK_TIME, INTERRUPTED)
VALUES (3131, 1, '2019-05-24', 0, 0, false);
INSERT INTO POMODORO(ID, USER, CREATION_TIMESTAMP, WORK_TIME, BREAK_TIME, INTERRUPTED)
VALUES (3132, 1, '2019-05-24', 0, 0, false);
INSERT INTO POMODORO(ID, USER, CREATION_TIMESTAMP, WORK_TIME, BREAK_TIME, INTERRUPTED)
VALUES (3133, 1, '2019-05-24', 0, 0, false);
INSERT INTO POMODORO(ID, USER, CREATION_TIMESTAMP, WORK_TIME, BREAK_TIME, INTERRUPTED)
VALUES (3134, 1, '2019-05-24', 0, 0, true);
INSERT INTO POMODORO(ID, USER, CREATION_TIMESTAMP, WORK_TIME, BREAK_TIME, INTERRUPTED)
VALUES (3135, 1, '2019-05-24', 0, 0, true);
INSERT INTO POMODORO(ID, USER, CREATION_TIMESTAMP, WORK_TIME, BREAK_TIME, INTERRUPTED)
VALUES (3136, 1, '2019-05-24', 0, 0, true);
INSERT INTO POMODORO(ID, USER, CREATION_TIMESTAMP, WORK_TIME, BREAK_TIME, INTERRUPTED)
VALUES (3137, 1, '2019-05-24', 0, 0, false);
INSERT INTO POMODORO(ID, USER, CREATION_TIMESTAMP, WORK_TIME, BREAK_TIME, INTERRUPTED)
VALUES (3138, 1, '2019-05-24', 0, 0, false);
INSERT INTO POMODORO(ID, USER, CREATION_TIMESTAMP, WORK_TIME, BREAK_TIME, INTERRUPTED)
VALUES (3139, 1, '2019-05-24', 0, 0, false);
INSERT INTO POMODORO(ID, USER, CREATION_TIMESTAMP, WORK_TIME, BREAK_TIME, INTERRUPTED)
VALUES (3140, 1, '2019-05-24', 0, 0, false);
INSERT INTO POMODORO(ID, USER, CREATION_TIMESTAMP, WORK_TIME, BREAK_TIME, INTERRUPTED)
VALUES (3141, 1, '2019-05-24', 0, 0, false);
INSERT INTO POMODORO(ID, USER, CREATION_TIMESTAMP, WORK_TIME, BREAK_TIME, INTERRUPTED)
VALUES (3142, 1, '2019-05-24', 0, 0, false);
INSERT INTO POMODORO(ID, USER, CREATION_TIMESTAMP, WORK_TIME, BREAK_TIME, INTERRUPTED)
VALUES (3143, 1, '2019-05-24', 0, 0, false);
INSERT INTO POMODORO(ID, USER, CREATION_TIMESTAMP, WORK_TIME, BREAK_TIME, INTERRUPTED)
VALUES (3144, 1, '2019-05-24', 0, 0, true);
INSERT INTO POMODORO(ID, USER, CREATION_TIMESTAMP, WORK_TIME, BREAK_TIME, INTERRUPTED)
VALUES (3145, 1, '2019-05-24', 0, 0, true);
INSERT INTO POMODORO(ID, USER, CREATION_TIMESTAMP, WORK_TIME, BREAK_TIME, INTERRUPTED)
VALUES (3146, 1, '2019-05-24', 0, 0, true);
INSERT INTO POMODORO(ID, USER, CREATION_TIMESTAMP, WORK_TIME, BREAK_TIME, INTERRUPTED)
VALUES (3147, 1, '2019-05-24', 0, 0, false);
INSERT INTO POMODORO(ID, USER, CREATION_TIMESTAMP, WORK_TIME, BREAK_TIME, INTERRUPTED)
VALUES (3148, 1, '2019-05-24', 0, 0, true);
INSERT INTO POMODORO(ID, USER, CREATION_TIMESTAMP, WORK_TIME, BREAK_TIME, INTERRUPTED)
VALUES (3149, 1, '2019-05-24', 0, 0, false);
INSERT INTO POMODORO(ID, USER, CREATION_TIMESTAMP, WORK_TIME, BREAK_TIME, INTERRUPTED)
VALUES (3150, 1, '2019-05-24', 0, 0, false);
INSERT INTO POMODORO(ID, USER, CREATION_TIMESTAMP, WORK_TIME, BREAK_TIME, INTERRUPTED)
VALUES (3151, 1, '2019-05-24', 0, 0, false);
INSERT INTO POMODORO(ID, USER, CREATION_TIMESTAMP, WORK_TIME, BREAK_TIME, INTERRUPTED)
VALUES (3152, 1, '2019-05-24', 0, 0, true);
INSERT INTO POMODORO(ID, USER, CREATION_TIMESTAMP, WORK_TIME, BREAK_TIME, INTERRUPTED)
VALUES (3153, 1, '2019-05-24', 0, 0, true);
INSERT INTO POMODORO(ID, USER, CREATION_TIMESTAMP, WORK_TIME, BREAK_TIME, INTERRUPTED)
VALUES (3154, 1, '2019-05-24', 0, 0, false);
INSERT INTO POMODORO(ID, USER, CREATION_TIMESTAMP, WORK_TIME, BREAK_TIME, INTERRUPTED)
VALUES (3155, 1, '2019-05-24', 0, 0, false);
INSERT INTO POMODORO(ID, USER, CREATION_TIMESTAMP, WORK_TIME, BREAK_TIME, INTERRUPTED)
VALUES (3156, 1, '2019-05-24', 0, 0, false);
INSERT INTO POMODORO(ID, USER, CREATION_TIMESTAMP, WORK_TIME, BREAK_TIME, INTERRUPTED)
VALUES (3157, 1, '2019-05-23', 0, 0, true);
INSERT INTO POMODORO(ID, USER, CREATION_TIMESTAMP, WORK_TIME, BREAK_TIME, INTERRUPTED)
VALUES (3158, 1, '2019-05-23', 0, 0, true);
INSERT INTO POMODORO(ID, USER, CREATION_TIMESTAMP, WORK_TIME, BREAK_TIME, INTERRUPTED)
VALUES (3159, 1, '2019-05-23', 0, 0, true);
INSERT INTO POMODORO(ID, USER, CREATION_TIMESTAMP, WORK_TIME, BREAK_TIME, INTERRUPTED)
VALUES (3160, 1, '2019-05-23', 0, 0, false);
INSERT INTO POMODORO(ID, USER, CREATION_TIMESTAMP, WORK_TIME, BREAK_TIME, INTERRUPTED)
VALUES (3161, 1, '2019-05-23', 0, 0, true);
INSERT INTO POMODORO(ID, USER, CREATION_TIMESTAMP, WORK_TIME, BREAK_TIME, INTERRUPTED)
VALUES (3162, 1, '2019-05-23', 0, 0, false);
INSERT INTO POMODORO(ID, USER, CREATION_TIMESTAMP, WORK_TIME, BREAK_TIME, INTERRUPTED)
VALUES (3163, 1, '2019-05-23', 0, 0, false);
INSERT INTO POMODORO(ID, USER, CREATION_TIMESTAMP, WORK_TIME, BREAK_TIME, INTERRUPTED)
VALUES (3164, 1, '2019-05-23', 0, 0, false);
INSERT INTO POMODORO(ID, USER, CREATION_TIMESTAMP, WORK_TIME, BREAK_TIME, INTERRUPTED)
VALUES (3165, 1, '2019-05-23', 0, 0, true);
INSERT INTO POMODORO(ID, USER, CREATION_TIMESTAMP, WORK_TIME, BREAK_TIME, INTERRUPTED)
VALUES (3166, 1, '2019-05-23', 0, 0, true);
INSERT INTO POMODORO(ID, USER, CREATION_TIMESTAMP, WORK_TIME, BREAK_TIME, INTERRUPTED)
VALUES (3167, 1, '2019-05-23', 0, 0, true);
INSERT INTO POMODORO(ID, USER, CREATION_TIMESTAMP, WORK_TIME, BREAK_TIME, INTERRUPTED)
VALUES (3168, 1, '2019-05-23', 0, 0, false);
INSERT INTO POMODORO(ID, USER, CREATION_TIMESTAMP, WORK_TIME, BREAK_TIME, INTERRUPTED)
VALUES (3169, 1, '2019-05-23', 0, 0, true);
INSERT INTO POMODORO(ID, USER, CREATION_TIMESTAMP, WORK_TIME, BREAK_TIME, INTERRUPTED)
VALUES (3170, 1, '2019-05-23', 0, 0, true);
INSERT INTO POMODORO(ID, USER, CREATION_TIMESTAMP, WORK_TIME, BREAK_TIME, INTERRUPTED)
VALUES (3171, 1, '2019-05-23', 0, 0, false);
INSERT INTO POMODORO(ID, USER, CREATION_TIMESTAMP, WORK_TIME, BREAK_TIME, INTERRUPTED)
VALUES (3172, 1, '2019-05-23', 0, 0, true);
INSERT INTO POMODORO(ID, USER, CREATION_TIMESTAMP, WORK_TIME, BREAK_TIME, INTERRUPTED)
VALUES (3173, 1, '2019-05-23', 0, 0, false);
INSERT INTO POMODORO(ID, USER, CREATION_TIMESTAMP, WORK_TIME, BREAK_TIME, INTERRUPTED)
VALUES (3174, 1, '2019-05-23', 0, 0, false);
INSERT INTO POMODORO(ID, USER, CREATION_TIMESTAMP, WORK_TIME, BREAK_TIME, INTERRUPTED)
VALUES (3175, 1, '2019-05-23', 0, 0, false);
INSERT INTO POMODORO(ID, USER, CREATION_TIMESTAMP, WORK_TIME, BREAK_TIME, INTERRUPTED)
VALUES (3176, 1, '2019-05-23', 0, 0, true);
INSERT INTO POMODORO(ID, USER, CREATION_TIMESTAMP, WORK_TIME, BREAK_TIME, INTERRUPTED)
VALUES (3177, 1, '2019-05-23', 0, 0, true);
INSERT INTO POMODORO(ID, USER, CREATION_TIMESTAMP, WORK_TIME, BREAK_TIME, INTERRUPTED)
VALUES (3178, 1, '2019-05-23', 0, 0, false);
INSERT INTO POMODORO(ID, USER, CREATION_TIMESTAMP, WORK_TIME, BREAK_TIME, INTERRUPTED)
VALUES (3179, 1, '2019-05-23', 0, 0, true);
INSERT INTO POMODORO(ID, USER, CREATION_TIMESTAMP, WORK_TIME, BREAK_TIME, INTERRUPTED)
VALUES (3180, 1, '2019-05-23', 0, 0, false);
INSERT INTO POMODORO(ID, USER, CREATION_TIMESTAMP, WORK_TIME, BREAK_TIME, INTERRUPTED)
VALUES (3181, 1, '2019-05-23', 0, 0, true);
INSERT INTO POMODORO(ID, USER, CREATION_TIMESTAMP, WORK_TIME, BREAK_TIME, INTERRUPTED)
VALUES (3182, 1, '2019-05-23', 0, 0, true);
INSERT INTO POMODORO(ID, USER, CREATION_TIMESTAMP, WORK_TIME, BREAK_TIME, INTERRUPTED)
VALUES (3183, 1, '2019-05-23', 0, 0, false);
INSERT INTO POMODORO(ID, USER, CREATION_TIMESTAMP, WORK_TIME, BREAK_TIME, INTERRUPTED)
VALUES (3184, 1, '2019-05-23', 0, 0, true);
INSERT INTO POMODORO(ID, USER, CREATION_TIMESTAMP, WORK_TIME, BREAK_TIME, INTERRUPTED)
VALUES (3185, 1, '2019-05-23', 0, 0, false);
INSERT INTO POMODORO(ID, USER, CREATION_TIMESTAMP, WORK_TIME, BREAK_TIME, INTERRUPTED)
VALUES (3186, 1, '2019-05-23', 0, 0, true);
INSERT INTO POMODORO(ID, USER, CREATION_TIMESTAMP, WORK_TIME, BREAK_TIME, INTERRUPTED)
VALUES (3187, 1, '2019-05-23', 0, 0, true);
INSERT INTO POMODORO(ID, USER, CREATION_TIMESTAMP, WORK_TIME, BREAK_TIME, INTERRUPTED)
VALUES (3188, 1, '2019-05-23', 0, 0, false);
INSERT INTO POMODORO(ID, USER, CREATION_TIMESTAMP, WORK_TIME, BREAK_TIME, INTERRUPTED)
VALUES (3189, 1, '2019-05-23', 0, 0, false);
INSERT INTO POMODORO(ID, USER, CREATION_TIMESTAMP, WORK_TIME, BREAK_TIME, INTERRUPTED)
VALUES (3190, 1, '2019-05-23', 0, 0, false);
INSERT INTO POMODORO(ID, USER, CREATION_TIMESTAMP, WORK_TIME, BREAK_TIME, INTERRUPTED)
VALUES (3191, 1, '2019-05-22', 0, 0, true);
INSERT INTO POMODORO(ID, USER, CREATION_TIMESTAMP, WORK_TIME, BREAK_TIME, INTERRUPTED)
VALUES (3192, 1, '2019-05-22', 0, 0, true);
INSERT INTO POMODORO(ID, USER, CREATION_TIMESTAMP, WORK_TIME, BREAK_TIME, INTERRUPTED)
VALUES (3193, 1, '2019-05-22', 0, 0, true);
INSERT INTO POMODORO(ID, USER, CREATION_TIMESTAMP, WORK_TIME, BREAK_TIME, INTERRUPTED)
VALUES (3194, 1, '2019-05-22', 0, 0, true);
INSERT INTO POMODORO(ID, USER, CREATION_TIMESTAMP, WORK_TIME, BREAK_TIME, INTERRUPTED)
VALUES (3195, 1, '2019-05-22', 0, 0, true);
INSERT INTO POMODORO(ID, USER, CREATION_TIMESTAMP, WORK_TIME, BREAK_TIME, INTERRUPTED)
VALUES (3196, 1, '2019-05-22', 0, 0, true);
INSERT INTO POMODORO(ID, USER, CREATION_TIMESTAMP, WORK_TIME, BREAK_TIME, INTERRUPTED)
VALUES (3197, 1, '2019-05-22', 0, 0, true);
INSERT INTO POMODORO(ID, USER, CREATION_TIMESTAMP, WORK_TIME, BREAK_TIME, INTERRUPTED)
VALUES (3198, 1, '2019-05-21', 0, 0, true);
INSERT INTO POMODORO(ID, USER, CREATION_TIMESTAMP, WORK_TIME, BREAK_TIME, INTERRUPTED)
VALUES (3199, 1, '2019-05-21', 0, 0, false);
INSERT INTO POMODORO(ID, USER, CREATION_TIMESTAMP, WORK_TIME, BREAK_TIME, INTERRUPTED)
VALUES (3200, 1, '2019-05-21', 0, 0, true);
INSERT INTO POMODORO(ID, USER, CREATION_TIMESTAMP, WORK_TIME, BREAK_TIME, INTERRUPTED)
VALUES (3201, 1, '2019-05-21', 0, 0, false);
INSERT INTO POMODORO(ID, USER, CREATION_TIMESTAMP, WORK_TIME, BREAK_TIME, INTERRUPTED)
VALUES (3202, 1, '2019-05-21', 0, 0, false);
INSERT INTO POMODORO(ID, USER, CREATION_TIMESTAMP, WORK_TIME, BREAK_TIME, INTERRUPTED)
VALUES (3203, 1, '2019-05-21', 0, 0, true);
INSERT INTO POMODORO(ID, USER, CREATION_TIMESTAMP, WORK_TIME, BREAK_TIME, INTERRUPTED)
VALUES (3204, 1, '2019-05-21', 0, 0, false);
INSERT INTO POMODORO(ID, USER, CREATION_TIMESTAMP, WORK_TIME, BREAK_TIME, INTERRUPTED)
VALUES (3205, 1, '2019-05-21', 0, 0, true);
INSERT INTO POMODORO(ID, USER, CREATION_TIMESTAMP, WORK_TIME, BREAK_TIME, INTERRUPTED)
VALUES (3206, 1, '2019-05-21', 0, 0, false);
INSERT INTO POMODORO(ID, USER, CREATION_TIMESTAMP, WORK_TIME, BREAK_TIME, INTERRUPTED)
VALUES (3207, 1, '2019-05-21', 0, 0, true);
INSERT INTO POMODORO(ID, USER, CREATION_TIMESTAMP, WORK_TIME, BREAK_TIME, INTERRUPTED)
VALUES (3208, 1, '2019-05-21', 0, 0, true);
INSERT INTO POMODORO(ID, USER, CREATION_TIMESTAMP, WORK_TIME, BREAK_TIME, INTERRUPTED)
VALUES (3209, 1, '2019-05-21', 0, 0, false);
INSERT INTO POMODORO(ID, USER, CREATION_TIMESTAMP, WORK_TIME, BREAK_TIME, INTERRUPTED)
VALUES (3210, 1, '2019-05-21', 0, 0, true);
INSERT INTO POMODORO(ID, USER, CREATION_TIMESTAMP, WORK_TIME, BREAK_TIME, INTERRUPTED)
VALUES (3211, 1, '2019-05-21', 0, 0, true);
INSERT INTO POMODORO(ID, USER, CREATION_TIMESTAMP, WORK_TIME, BREAK_TIME, INTERRUPTED)
VALUES (3212, 1, '2019-05-21', 0, 0, true);
INSERT INTO POMODORO(ID, USER, CREATION_TIMESTAMP, WORK_TIME, BREAK_TIME, INTERRUPTED)
VALUES (3213, 1, '2019-05-21', 0, 0, true);
INSERT INTO POMODORO(ID, USER, CREATION_TIMESTAMP, WORK_TIME, BREAK_TIME, INTERRUPTED)
VALUES (3214, 1, '2019-05-21', 0, 0, true);
INSERT INTO POMODORO(ID, USER, CREATION_TIMESTAMP, WORK_TIME, BREAK_TIME, INTERRUPTED)
VALUES (3215, 1, '2019-05-21', 0, 0, true);
INSERT INTO POMODORO(ID, USER, CREATION_TIMESTAMP, WORK_TIME, BREAK_TIME, INTERRUPTED)
VALUES (3216, 1, '2019-05-21', 0, 0, true);
INSERT INTO POMODORO(ID, USER, CREATION_TIMESTAMP, WORK_TIME, BREAK_TIME, INTERRUPTED)
VALUES (3217, 1, '2019-05-21', 0, 0, true);
INSERT INTO POMODORO(ID, USER, CREATION_TIMESTAMP, WORK_TIME, BREAK_TIME, INTERRUPTED)
VALUES (3218, 1, '2019-05-21', 0, 0, true);
INSERT INTO POMODORO(ID, USER, CREATION_TIMESTAMP, WORK_TIME, BREAK_TIME, INTERRUPTED)
VALUES (3219, 1, '2019-05-21', 0, 0, false);
INSERT INTO POMODORO(ID, USER, CREATION_TIMESTAMP, WORK_TIME, BREAK_TIME, INTERRUPTED)
VALUES (3220, 1, '2019-05-21', 0, 0, false);
INSERT INTO POMODORO(ID, USER, CREATION_TIMESTAMP, WORK_TIME, BREAK_TIME, INTERRUPTED)
VALUES (3221, 1, '2019-05-21', 0, 0, false);
INSERT INTO POMODORO(ID, USER, CREATION_TIMESTAMP, WORK_TIME, BREAK_TIME, INTERRUPTED)
VALUES (3222, 1, '2019-05-21', 0, 0, false);
INSERT INTO POMODORO(ID, USER, CREATION_TIMESTAMP, WORK_TIME, BREAK_TIME, INTERRUPTED)
VALUES (3223, 1, '2019-05-21', 0, 0, false);
INSERT INTO POMODORO(ID, USER, CREATION_TIMESTAMP, WORK_TIME, BREAK_TIME, INTERRUPTED)
VALUES (3224, 1, '2019-05-20', 0, 0, true);
INSERT INTO POMODORO(ID, USER, CREATION_TIMESTAMP, WORK_TIME, BREAK_TIME, INTERRUPTED)
VALUES (3225, 1, '2019-05-20', 0, 0, true);
INSERT INTO POMODORO(ID, USER, CREATION_TIMESTAMP, WORK_TIME, BREAK_TIME, INTERRUPTED)
VALUES (3226, 1, '2019-05-20', 0, 0, true);
INSERT INTO POMODORO(ID, USER, CREATION_TIMESTAMP, WORK_TIME, BREAK_TIME, INTERRUPTED)
VALUES (3227, 1, '2019-05-20', 0, 0, false);
INSERT INTO POMODORO(ID, USER, CREATION_TIMESTAMP, WORK_TIME, BREAK_TIME, INTERRUPTED)
VALUES (3228, 1, '2019-05-20', 0, 0, false);
INSERT INTO POMODORO(ID, USER, CREATION_TIMESTAMP, WORK_TIME, BREAK_TIME, INTERRUPTED)
VALUES (3229, 1, '2019-05-20', 0, 0, true);
INSERT INTO POMODORO(ID, USER, CREATION_TIMESTAMP, WORK_TIME, BREAK_TIME, INTERRUPTED)
VALUES (3230, 1, '2019-05-20', 0, 0, false);
INSERT INTO POMODORO(ID, USER, CREATION_TIMESTAMP, WORK_TIME, BREAK_TIME, INTERRUPTED)
VALUES (3231, 1, '2019-05-20', 0, 0, true);
INSERT INTO POMODORO(ID, USER, CREATION_TIMESTAMP, WORK_TIME, BREAK_TIME, INTERRUPTED)
VALUES (3232, 1, '2019-05-20', 0, 0, true);
INSERT INTO POMODORO(ID, USER, CREATION_TIMESTAMP, WORK_TIME, BREAK_TIME, INTERRUPTED)
VALUES (3233, 1, '2019-05-20', 0, 0, true);
INSERT INTO POMODORO(ID, USER, CREATION_TIMESTAMP, WORK_TIME, BREAK_TIME, INTERRUPTED)
VALUES (3234, 1, '2019-05-20', 0, 0, true);
INSERT INTO POMODORO(ID, USER, CREATION_TIMESTAMP, WORK_TIME, BREAK_TIME, INTERRUPTED)
VALUES (3235, 1, '2019-05-20', 0, 0, false);
INSERT INTO POMODORO(ID, USER, CREATION_TIMESTAMP, WORK_TIME, BREAK_TIME, INTERRUPTED)
VALUES (3236, 1, '2019-05-20', 0, 0, false);
INSERT INTO POMODORO(ID, USER, CREATION_TIMESTAMP, WORK_TIME, BREAK_TIME, INTERRUPTED)
VALUES (3237, 1, '2019-05-20', 0, 0, false);
INSERT INTO POMODORO(ID, USER, CREATION_TIMESTAMP, WORK_TIME, BREAK_TIME, INTERRUPTED)
VALUES (3238, 1, '2019-05-20', 0, 0, true);
INSERT INTO POMODORO(ID, USER, CREATION_TIMESTAMP, WORK_TIME, BREAK_TIME, INTERRUPTED)
VALUES (3239, 1, '2019-05-20', 0, 0, true);
INSERT INTO POMODORO(ID, USER, CREATION_TIMESTAMP, WORK_TIME, BREAK_TIME, INTERRUPTED)
VALUES (3240, 1, '2019-05-20', 0, 0, true);
INSERT INTO POMODORO(ID, USER, CREATION_TIMESTAMP, WORK_TIME, BREAK_TIME, INTERRUPTED)
VALUES (3241, 1, '2019-05-20', 0, 0, true);
INSERT INTO POMODORO(ID, USER, CREATION_TIMESTAMP, WORK_TIME, BREAK_TIME, INTERRUPTED)
VALUES (3242, 1, '2019-05-20', 0, 0, true);
INSERT INTO POMODORO(ID, USER, CREATION_TIMESTAMP, WORK_TIME, BREAK_TIME, INTERRUPTED)
VALUES (3243, 1, '2019-05-20', 0, 0, true);
INSERT INTO POMODORO(ID, USER, CREATION_TIMESTAMP, WORK_TIME, BREAK_TIME, INTERRUPTED)
VALUES (3244, 1, '2019-05-20', 0, 0, false);
INSERT INTO POMODORO(ID, USER, CREATION_TIMESTAMP, WORK_TIME, BREAK_TIME, INTERRUPTED)
VALUES (3245, 1, '2019-05-20', 0, 0, false);
INSERT INTO POMODORO(ID, USER, CREATION_TIMESTAMP, WORK_TIME, BREAK_TIME, INTERRUPTED)
VALUES (3246, 1, '2019-05-20', 0, 0, true);
INSERT INTO POMODORO(ID, USER, CREATION_TIMESTAMP, WORK_TIME, BREAK_TIME, INTERRUPTED)
VALUES (3247, 1, '2019-05-20', 0, 0, false);
INSERT INTO POMODORO(ID, USER, CREATION_TIMESTAMP, WORK_TIME, BREAK_TIME, INTERRUPTED)
VALUES (3248, 1, '2019-05-20', 0, 0, false);
INSERT INTO POMODORO(ID, USER, CREATION_TIMESTAMP, WORK_TIME, BREAK_TIME, INTERRUPTED)
VALUES (3249, 1, '2019-05-20', 0, 0, false);
INSERT INTO POMODORO(ID, USER, CREATION_TIMESTAMP, WORK_TIME, BREAK_TIME, INTERRUPTED)
VALUES (3250, 1, '2019-05-20', 0, 0, false);
INSERT INTO POMODORO(ID, USER, CREATION_TIMESTAMP, WORK_TIME, BREAK_TIME, INTERRUPTED)
VALUES (3251, 1, '2019-05-19', 0, 0, false);
INSERT INTO POMODORO(ID, USER, CREATION_TIMESTAMP, WORK_TIME, BREAK_TIME, INTERRUPTED)
VALUES (3252, 1, '2019-05-19', 0, 0, true);
INSERT INTO POMODORO(ID, USER, CREATION_TIMESTAMP, WORK_TIME, BREAK_TIME, INTERRUPTED)
VALUES (3253, 1, '2019-05-19', 0, 0, false);
INSERT INTO POMODORO(ID, USER, CREATION_TIMESTAMP, WORK_TIME, BREAK_TIME, INTERRUPTED)
VALUES (3254, 1, '2019-05-19', 0, 0, false);
INSERT INTO POMODORO(ID, USER, CREATION_TIMESTAMP, WORK_TIME, BREAK_TIME, INTERRUPTED)
VALUES (3255, 1, '2019-05-19', 0, 0, true);
INSERT INTO POMODORO(ID, USER, CREATION_TIMESTAMP, WORK_TIME, BREAK_TIME, INTERRUPTED)
VALUES (3256, 1, '2019-05-19', 0, 0, true);
INSERT INTO POMODORO(ID, USER, CREATION_TIMESTAMP, WORK_TIME, BREAK_TIME, INTERRUPTED)
VALUES (3257, 1, '2019-05-19', 0, 0, false);
INSERT INTO POMODORO(ID, USER, CREATION_TIMESTAMP, WORK_TIME, BREAK_TIME, INTERRUPTED)
VALUES (3258, 1, '2019-05-19', 0, 0, false);
INSERT INTO POMODORO(ID, USER, CREATION_TIMESTAMP, WORK_TIME, BREAK_TIME, INTERRUPTED)
VALUES (3259, 1, '2019-05-19', 0, 0, true);
INSERT INTO POMODORO(ID, USER, CREATION_TIMESTAMP, WORK_TIME, BREAK_TIME, INTERRUPTED)
VALUES (3260, 1, '2019-05-19', 0, 0, false);
INSERT INTO POMODORO(ID, USER, CREATION_TIMESTAMP, WORK_TIME, BREAK_TIME, INTERRUPTED)
VALUES (3261, 1, '2019-05-19', 0, 0, false);
INSERT INTO POMODORO(ID, USER, CREATION_TIMESTAMP, WORK_TIME, BREAK_TIME, INTERRUPTED)
VALUES (3262, 1, '2019-05-19', 0, 0, false);
INSERT INTO POMODORO(ID, USER, CREATION_TIMESTAMP, WORK_TIME, BREAK_TIME, INTERRUPTED)
VALUES (3263, 1, '2019-05-19', 0, 0, false);
INSERT INTO POMODORO(ID, USER, CREATION_TIMESTAMP, WORK_TIME, BREAK_TIME, INTERRUPTED)
VALUES (3264, 1, '2019-05-19', 0, 0, true);
INSERT INTO POMODORO(ID, USER, CREATION_TIMESTAMP, WORK_TIME, BREAK_TIME, INTERRUPTED)
VALUES (3265, 1, '2019-05-19', 0, 0, true);
INSERT INTO POMODORO(ID, USER, CREATION_TIMESTAMP, WORK_TIME, BREAK_TIME, INTERRUPTED)
VALUES (3266, 1, '2019-05-19', 0, 0, false);
INSERT INTO POMODORO(ID, USER, CREATION_TIMESTAMP, WORK_TIME, BREAK_TIME, INTERRUPTED)
VALUES (3267, 1, '2019-05-19', 0, 0, true);
INSERT INTO POMODORO(ID, USER, CREATION_TIMESTAMP, WORK_TIME, BREAK_TIME, INTERRUPTED)
VALUES (3268, 1, '2019-05-19', 0, 0, false);
INSERT INTO POMODORO(ID, USER, CREATION_TIMESTAMP, WORK_TIME, BREAK_TIME, INTERRUPTED)
VALUES (3269, 1, '2019-05-19', 0, 0, false);
INSERT INTO POMODORO(ID, USER, CREATION_TIMESTAMP, WORK_TIME, BREAK_TIME, INTERRUPTED)
VALUES (3270, 1, '2019-05-19', 0, 0, true);
INSERT INTO POMODORO(ID, USER, CREATION_TIMESTAMP, WORK_TIME, BREAK_TIME, INTERRUPTED)
VALUES (3271, 1, '2019-05-19', 0, 0, false);
INSERT INTO POMODORO(ID, USER, CREATION_TIMESTAMP, WORK_TIME, BREAK_TIME, INTERRUPTED)
VALUES (3272, 1, '2019-05-19', 0, 0, true);
INSERT INTO POMODORO(ID, USER, CREATION_TIMESTAMP, WORK_TIME, BREAK_TIME, INTERRUPTED)
VALUES (3273, 1, '2019-05-19', 0, 0, true);
INSERT INTO POMODORO(ID, USER, CREATION_TIMESTAMP, WORK_TIME, BREAK_TIME, INTERRUPTED)
VALUES (3274, 1, '2019-05-19', 0, 0, true);
INSERT INTO POMODORO(ID, USER, CREATION_TIMESTAMP, WORK_TIME, BREAK_TIME, INTERRUPTED)
VALUES (3275, 1, '2019-05-19', 0, 0, false);
INSERT INTO POMODORO(ID, USER, CREATION_TIMESTAMP, WORK_TIME, BREAK_TIME, INTERRUPTED)
VALUES (3276, 1, '2019-05-19', 0, 0, false);
INSERT INTO POMODORO(ID, USER, CREATION_TIMESTAMP, WORK_TIME, BREAK_TIME, INTERRUPTED)
VALUES (3277, 1, '2019-05-19', 0, 0, false);
INSERT INTO POMODORO(ID, USER, CREATION_TIMESTAMP, WORK_TIME, BREAK_TIME, INTERRUPTED)
VALUES (3278, 1, '2019-05-19', 0, 0, false);
INSERT INTO POMODORO(ID, USER, CREATION_TIMESTAMP, WORK_TIME, BREAK_TIME, INTERRUPTED)
VALUES (3279, 1, '2019-05-19', 0, 0, false);
INSERT INTO POMODORO(ID, USER, CREATION_TIMESTAMP, WORK_TIME, BREAK_TIME, INTERRUPTED)
VALUES (3280, 1, '2019-05-18', 0, 0, false);
INSERT INTO POMODORO(ID, USER, CREATION_TIMESTAMP, WORK_TIME, BREAK_TIME, INTERRUPTED)
VALUES (3281, 1, '2019-05-18', 0, 0, false);
INSERT INTO POMODORO(ID, USER, CREATION_TIMESTAMP, WORK_TIME, BREAK_TIME, INTERRUPTED)
VALUES (3282, 1, '2019-05-18', 0, 0, false);
INSERT INTO POMODORO(ID, USER, CREATION_TIMESTAMP, WORK_TIME, BREAK_TIME, INTERRUPTED)
VALUES (3283, 1, '2019-05-18', 0, 0, true);
INSERT INTO POMODORO(ID, USER, CREATION_TIMESTAMP, WORK_TIME, BREAK_TIME, INTERRUPTED)
VALUES (3284, 1, '2019-05-18', 0, 0, false);
INSERT INTO POMODORO(ID, USER, CREATION_TIMESTAMP, WORK_TIME, BREAK_TIME, INTERRUPTED)
VALUES (3285, 1, '2019-05-18', 0, 0, false);
INSERT INTO POMODORO(ID, USER, CREATION_TIMESTAMP, WORK_TIME, BREAK_TIME, INTERRUPTED)
VALUES (3286, 1, '2019-05-18', 0, 0, false);
INSERT INTO POMODORO(ID, USER, CREATION_TIMESTAMP, WORK_TIME, BREAK_TIME, INTERRUPTED)
VALUES (3287, 1, '2019-05-18', 0, 0, true);
INSERT INTO POMODORO(ID, USER, CREATION_TIMESTAMP, WORK_TIME, BREAK_TIME, INTERRUPTED)
VALUES (3288, 1, '2019-05-18', 0, 0, true);
INSERT INTO POMODORO(ID, USER, CREATION_TIMESTAMP, WORK_TIME, BREAK_TIME, INTERRUPTED)
VALUES (3289, 1, '2019-05-18', 0, 0, true);
INSERT INTO POMODORO(ID, USER, CREATION_TIMESTAMP, WORK_TIME, BREAK_TIME, INTERRUPTED)
VALUES (3290, 1, '2019-05-18', 0, 0, false);
INSERT INTO POMODORO(ID, USER, CREATION_TIMESTAMP, WORK_TIME, BREAK_TIME, INTERRUPTED)
VALUES (3291, 1, '2019-05-18', 0, 0, false);
INSERT INTO POMODORO(ID, USER, CREATION_TIMESTAMP, WORK_TIME, BREAK_TIME, INTERRUPTED)
VALUES (3292, 1, '2019-05-18', 0, 0, false);
INSERT INTO POMODORO(ID, USER, CREATION_TIMESTAMP, WORK_TIME, BREAK_TIME, INTERRUPTED)
VALUES (3293, 1, '2019-05-18', 0, 0, false);
INSERT INTO POMODORO(ID, USER, CREATION_TIMESTAMP, WORK_TIME, BREAK_TIME, INTERRUPTED)
VALUES (3294, 1, '2019-05-18', 0, 0, false);
INSERT INTO POMODORO(ID, USER, CREATION_TIMESTAMP, WORK_TIME, BREAK_TIME, INTERRUPTED)
VALUES (3295, 1, '2019-05-18', 0, 0, false);
INSERT INTO POMODORO(ID, USER, CREATION_TIMESTAMP, WORK_TIME, BREAK_TIME, INTERRUPTED)
VALUES (3296, 1, '2019-05-18', 0, 0, false);
INSERT INTO POMODORO(ID, USER, CREATION_TIMESTAMP, WORK_TIME, BREAK_TIME, INTERRUPTED)
VALUES (3297, 1, '2019-05-18', 0, 0, false);
INSERT INTO POMODORO(ID, USER, CREATION_TIMESTAMP, WORK_TIME, BREAK_TIME, INTERRUPTED)
VALUES (3298, 1, '2019-05-18', 0, 0, true);
INSERT INTO POMODORO(ID, USER, CREATION_TIMESTAMP, WORK_TIME, BREAK_TIME, INTERRUPTED)
VALUES (3299, 1, '2019-05-18', 0, 0, false);
INSERT INTO POMODORO(ID, USER, CREATION_TIMESTAMP, WORK_TIME, BREAK_TIME, INTERRUPTED)
VALUES (3300, 1, '2019-05-18', 0, 0, true);
INSERT INTO POMODORO(ID, USER, CREATION_TIMESTAMP, WORK_TIME, BREAK_TIME, INTERRUPTED)
VALUES (3301, 1, '2019-05-18', 0, 0, false);
INSERT INTO POMODORO(ID, USER, CREATION_TIMESTAMP, WORK_TIME, BREAK_TIME, INTERRUPTED)
VALUES (3302, 1, '2019-05-18', 0, 0, false);
INSERT INTO POMODORO(ID, USER, CREATION_TIMESTAMP, WORK_TIME, BREAK_TIME, INTERRUPTED)
VALUES (3303, 1, '2019-05-18', 0, 0, true);
INSERT INTO POMODORO(ID, USER, CREATION_TIMESTAMP, WORK_TIME, BREAK_TIME, INTERRUPTED)
VALUES (3304, 1, '2019-05-18', 0, 0, true);
INSERT INTO POMODORO(ID, USER, CREATION_TIMESTAMP, WORK_TIME, BREAK_TIME, INTERRUPTED)
VALUES (3305, 1, '2019-05-18', 0, 0, false);
INSERT INTO POMODORO(ID, USER, CREATION_TIMESTAMP, WORK_TIME, BREAK_TIME, INTERRUPTED)
VALUES (3306, 1, '2019-05-18', 0, 0, false);
INSERT INTO POMODORO(ID, USER, CREATION_TIMESTAMP, WORK_TIME, BREAK_TIME, INTERRUPTED)
VALUES (3307, 1, '2019-05-18', 0, 0, true);
INSERT INTO POMODORO(ID, USER, CREATION_TIMESTAMP, WORK_TIME, BREAK_TIME, INTERRUPTED)
VALUES (3308, 1, '2019-05-18', 0, 0, true);
INSERT INTO POMODORO(ID, USER, CREATION_TIMESTAMP, WORK_TIME, BREAK_TIME, INTERRUPTED)
VALUES (3309, 1, '2019-05-18', 0, 0, true);
INSERT INTO POMODORO(ID, USER, CREATION_TIMESTAMP, WORK_TIME, BREAK_TIME, INTERRUPTED)
VALUES (3310, 1, '2019-05-18', 0, 0, false);
INSERT INTO POMODORO(ID, USER, CREATION_TIMESTAMP, WORK_TIME, BREAK_TIME, INTERRUPTED)
VALUES (3311, 1, '2019-05-18', 0, 0, true);
INSERT INTO POMODORO(ID, USER, CREATION_TIMESTAMP, WORK_TIME, BREAK_TIME, INTERRUPTED)
VALUES (3312, 1, '2019-05-18', 0, 0, false);
INSERT INTO POMODORO(ID, USER, CREATION_TIMESTAMP, WORK_TIME, BREAK_TIME, INTERRUPTED)
VALUES (3313, 1, '2019-05-18', 0, 0, true);
INSERT INTO POMODORO(ID, USER, CREATION_TIMESTAMP, WORK_TIME, BREAK_TIME, INTERRUPTED)
VALUES (3314, 1, '2019-05-18', 0, 0, false);
INSERT INTO POMODORO(ID, USER, CREATION_TIMESTAMP, WORK_TIME, BREAK_TIME, INTERRUPTED)
VALUES (3315, 1, '2019-05-18', 0, 0, false);
INSERT INTO POMODORO(ID, USER, CREATION_TIMESTAMP, WORK_TIME, BREAK_TIME, INTERRUPTED)
VALUES (3316, 1, '2019-05-18', 0, 0, false);
INSERT INTO POMODORO(ID, USER, CREATION_TIMESTAMP, WORK_TIME, BREAK_TIME, INTERRUPTED)
VALUES (3317, 1, '2019-05-18', 0, 0, false);
INSERT INTO POMODORO(ID, USER, CREATION_TIMESTAMP, WORK_TIME, BREAK_TIME, INTERRUPTED)
VALUES (3318, 1, '2019-05-18', 0, 0, true);
INSERT INTO POMODORO(ID, USER, CREATION_TIMESTAMP, WORK_TIME, BREAK_TIME, INTERRUPTED)
VALUES (3319, 1, '2019-05-18', 0, 0, true);
INSERT INTO POMODORO(ID, USER, CREATION_TIMESTAMP, WORK_TIME, BREAK_TIME, INTERRUPTED)
VALUES (3320, 1, '2019-05-18', 0, 0, false);
INSERT INTO POMODORO(ID, USER, CREATION_TIMESTAMP, WORK_TIME, BREAK_TIME, INTERRUPTED)
VALUES (3321, 1, '2019-05-18', 0, 0, false);
INSERT INTO POMODORO(ID, USER, CREATION_TIMESTAMP, WORK_TIME, BREAK_TIME, INTERRUPTED)
VALUES (3322, 1, '2019-05-18', 0, 0, true);
INSERT INTO POMODORO(ID, USER, CREATION_TIMESTAMP, WORK_TIME, BREAK_TIME, INTERRUPTED)
VALUES (3323, 1, '2019-05-18', 0, 0, false);
INSERT INTO POMODORO(ID, USER, CREATION_TIMESTAMP, WORK_TIME, BREAK_TIME, INTERRUPTED)
VALUES (3324, 1, '2019-05-18', 0, 0, true);
INSERT INTO POMODORO(ID, USER, CREATION_TIMESTAMP, WORK_TIME, BREAK_TIME, INTERRUPTED)
VALUES (3325, 1, '2019-05-17', 0, 0, false);
INSERT INTO POMODORO(ID, USER, CREATION_TIMESTAMP, WORK_TIME, BREAK_TIME, INTERRUPTED)
VALUES (3326, 1, '2019-05-17', 0, 0, false);
INSERT INTO POMODORO(ID, USER, CREATION_TIMESTAMP, WORK_TIME, BREAK_TIME, INTERRUPTED)
VALUES (3327, 1, '2019-05-17', 0, 0, false);
INSERT INTO POMODORO(ID, USER, CREATION_TIMESTAMP, WORK_TIME, BREAK_TIME, INTERRUPTED)
VALUES (3328, 1, '2019-05-17', 0, 0, false);
INSERT INTO POMODORO(ID, USER, CREATION_TIMESTAMP, WORK_TIME, BREAK_TIME, INTERRUPTED)
VALUES (3329, 1, '2019-05-17', 0, 0, false);
INSERT INTO POMODORO(ID, USER, CREATION_TIMESTAMP, WORK_TIME, BREAK_TIME, INTERRUPTED)
VALUES (3330, 1, '2019-05-17', 0, 0, false);
INSERT INTO POMODORO(ID, USER, CREATION_TIMESTAMP, WORK_TIME, BREAK_TIME, INTERRUPTED)
VALUES (3331, 1, '2019-05-17', 0, 0, true);
INSERT INTO POMODORO(ID, USER, CREATION_TIMESTAMP, WORK_TIME, BREAK_TIME, INTERRUPTED)
VALUES (3332, 1, '2019-05-17', 0, 0, false);
INSERT INTO POMODORO(ID, USER, CREATION_TIMESTAMP, WORK_TIME, BREAK_TIME, INTERRUPTED)
VALUES (3333, 1, '2019-05-17', 0, 0, true);
INSERT INTO POMODORO(ID, USER, CREATION_TIMESTAMP, WORK_TIME, BREAK_TIME, INTERRUPTED)
VALUES (3334, 1, '2019-05-17', 0, 0, false);
INSERT INTO POMODORO(ID, USER, CREATION_TIMESTAMP, WORK_TIME, BREAK_TIME, INTERRUPTED)
VALUES (3335, 1, '2019-05-17', 0, 0, false);
INSERT INTO POMODORO(ID, USER, CREATION_TIMESTAMP, WORK_TIME, BREAK_TIME, INTERRUPTED)
VALUES (3336, 1, '2019-05-17', 0, 0, false);
INSERT INTO POMODORO(ID, USER, CREATION_TIMESTAMP, WORK_TIME, BREAK_TIME, INTERRUPTED)
VALUES (3337, 1, '2019-05-17', 0, 0, false);
INSERT INTO POMODORO(ID, USER, CREATION_TIMESTAMP, WORK_TIME, BREAK_TIME, INTERRUPTED)
VALUES (3338, 1, '2019-05-17', 0, 0, false);
INSERT INTO POMODORO(ID, USER, CREATION_TIMESTAMP, WORK_TIME, BREAK_TIME, INTERRUPTED)
VALUES (3339, 1, '2019-05-17', 0, 0, false);
INSERT INTO POMODORO(ID, USER, CREATION_TIMESTAMP, WORK_TIME, BREAK_TIME, INTERRUPTED)
VALUES (3340, 1, '2019-05-17', 0, 0, false);
INSERT INTO POMODORO(ID, USER, CREATION_TIMESTAMP, WORK_TIME, BREAK_TIME, INTERRUPTED)
VALUES (3341, 1, '2019-05-17', 0, 0, true);
INSERT INTO POMODORO(ID, USER, CREATION_TIMESTAMP, WORK_TIME, BREAK_TIME, INTERRUPTED)
VALUES (3342, 1, '2019-05-17', 0, 0, true);
INSERT INTO POMODORO(ID, USER, CREATION_TIMESTAMP, WORK_TIME, BREAK_TIME, INTERRUPTED)
VALUES (3343, 1, '2019-05-17', 0, 0, false);
INSERT INTO POMODORO(ID, USER, CREATION_TIMESTAMP, WORK_TIME, BREAK_TIME, INTERRUPTED)
VALUES (3344, 1, '2019-05-17', 0, 0, true);
INSERT INTO POMODORO(ID, USER, CREATION_TIMESTAMP, WORK_TIME, BREAK_TIME, INTERRUPTED)
VALUES (3345, 1, '2019-05-17', 0, 0, false);
INSERT INTO POMODORO(ID, USER, CREATION_TIMESTAMP, WORK_TIME, BREAK_TIME, INTERRUPTED)
VALUES (3346, 1, '2019-05-17', 0, 0, false);
INSERT INTO POMODORO(ID, USER, CREATION_TIMESTAMP, WORK_TIME, BREAK_TIME, INTERRUPTED)
VALUES (3347, 1, '2019-05-17', 0, 0, true);
INSERT INTO POMODORO(ID, USER, CREATION_TIMESTAMP, WORK_TIME, BREAK_TIME, INTERRUPTED)
VALUES (3348, 1, '2019-05-17', 0, 0, false);
INSERT INTO POMODORO(ID, USER, CREATION_TIMESTAMP, WORK_TIME, BREAK_TIME, INTERRUPTED)
VALUES (3349, 1, '2019-05-17', 0, 0, false);
INSERT INTO POMODORO(ID, USER, CREATION_TIMESTAMP, WORK_TIME, BREAK_TIME, INTERRUPTED)
VALUES (3350, 1, '2019-05-17', 0, 0, false);
INSERT INTO POMODORO(ID, USER, CREATION_TIMESTAMP, WORK_TIME, BREAK_TIME, INTERRUPTED)
VALUES (3351, 1, '2019-05-17', 0, 0, false);
INSERT INTO POMODORO(ID, USER, CREATION_TIMESTAMP, WORK_TIME, BREAK_TIME, INTERRUPTED)
VALUES (3352, 1, '2019-05-17', 0, 0, false);
INSERT INTO POMODORO(ID, USER, CREATION_TIMESTAMP, WORK_TIME, BREAK_TIME, INTERRUPTED)
VALUES (3353, 1, '2019-05-17', 0, 0, true);
INSERT INTO POMODORO(ID, USER, CREATION_TIMESTAMP, WORK_TIME, BREAK_TIME, INTERRUPTED)
VALUES (3354, 1, '2019-05-17', 0, 0, false);
INSERT INTO POMODORO(ID, USER, CREATION_TIMESTAMP, WORK_TIME, BREAK_TIME, INTERRUPTED)
VALUES (3355, 1, '2019-05-17', 0, 0, true);
INSERT INTO POMODORO(ID, USER, CREATION_TIMESTAMP, WORK_TIME, BREAK_TIME, INTERRUPTED)
VALUES (3356, 1, '2019-05-17', 0, 0, true);
INSERT INTO POMODORO(ID, USER, CREATION_TIMESTAMP, WORK_TIME, BREAK_TIME, INTERRUPTED)
VALUES (3357, 1, '2019-05-17', 0, 0, false);
INSERT INTO POMODORO(ID, USER, CREATION_TIMESTAMP, WORK_TIME, BREAK_TIME, INTERRUPTED)
VALUES (3358, 1, '2019-05-17', 0, 0, true);
INSERT INTO POMODORO(ID, USER, CREATION_TIMESTAMP, WORK_TIME, BREAK_TIME, INTERRUPTED)
VALUES (3359, 1, '2019-05-17', 0, 0, false);
INSERT INTO POMODORO(ID, USER, CREATION_TIMESTAMP, WORK_TIME, BREAK_TIME, INTERRUPTED)
VALUES (3360, 1, '2019-05-17', 0, 0, true);
INSERT INTO POMODORO(ID, USER, CREATION_TIMESTAMP, WORK_TIME, BREAK_TIME, INTERRUPTED)
VALUES (3361, 1, '2019-05-17', 0, 0, false);
INSERT INTO POMODORO(ID, USER, CREATION_TIMESTAMP, WORK_TIME, BREAK_TIME, INTERRUPTED)
VALUES (3362, 1, '2019-05-17', 0, 0, false);
INSERT INTO POMODORO(ID, USER, CREATION_TIMESTAMP, WORK_TIME, BREAK_TIME, INTERRUPTED)
VALUES (3363, 1, '2019-05-16', 0, 0, true);
INSERT INTO POMODORO(ID, USER, CREATION_TIMESTAMP, WORK_TIME, BREAK_TIME, INTERRUPTED)
VALUES (3364, 1, '2019-05-16', 0, 0, true);
INSERT INTO POMODORO(ID, USER, CREATION_TIMESTAMP, WORK_TIME, BREAK_TIME, INTERRUPTED)
VALUES (3365, 1, '2019-05-16', 0, 0, true);
INSERT INTO POMODORO(ID, USER, CREATION_TIMESTAMP, WORK_TIME, BREAK_TIME, INTERRUPTED)
VALUES (3366, 1, '2019-05-16', 0, 0, true);
INSERT INTO POMODORO(ID, USER, CREATION_TIMESTAMP, WORK_TIME, BREAK_TIME, INTERRUPTED)
VALUES (3367, 1, '2019-05-16', 0, 0, true);
INSERT INTO POMODORO(ID, USER, CREATION_TIMESTAMP, WORK_TIME, BREAK_TIME, INTERRUPTED)
VALUES (3368, 1, '2019-05-16', 0, 0, false);
INSERT INTO POMODORO(ID, USER, CREATION_TIMESTAMP, WORK_TIME, BREAK_TIME, INTERRUPTED)
VALUES (3369, 1, '2019-05-16', 0, 0, false);
INSERT INTO POMODORO(ID, USER, CREATION_TIMESTAMP, WORK_TIME, BREAK_TIME, INTERRUPTED)
VALUES (3370, 1, '2019-05-16', 0, 0, false);
INSERT INTO POMODORO(ID, USER, CREATION_TIMESTAMP, WORK_TIME, BREAK_TIME, INTERRUPTED)
VALUES (3371, 1, '2019-05-16', 0, 0, true);
INSERT INTO POMODORO(ID, USER, CREATION_TIMESTAMP, WORK_TIME, BREAK_TIME, INTERRUPTED)
VALUES (3372, 1, '2019-05-16', 0, 0, true);
INSERT INTO POMODORO(ID, USER, CREATION_TIMESTAMP, WORK_TIME, BREAK_TIME, INTERRUPTED)
VALUES (3373, 1, '2019-05-16', 0, 0, true);
INSERT INTO POMODORO(ID, USER, CREATION_TIMESTAMP, WORK_TIME, BREAK_TIME, INTERRUPTED)
VALUES (3374, 1, '2019-05-16', 0, 0, false);
INSERT INTO POMODORO(ID, USER, CREATION_TIMESTAMP, WORK_TIME, BREAK_TIME, INTERRUPTED)
VALUES (3375, 1, '2019-05-16', 0, 0, false);
INSERT INTO POMODORO(ID, USER, CREATION_TIMESTAMP, WORK_TIME, BREAK_TIME, INTERRUPTED)
VALUES (3376, 1, '2019-05-16', 0, 0, true);
INSERT INTO POMODORO(ID, USER, CREATION_TIMESTAMP, WORK_TIME, BREAK_TIME, INTERRUPTED)
VALUES (3377, 1, '2019-05-16', 0, 0, false);
INSERT INTO POMODORO(ID, USER, CREATION_TIMESTAMP, WORK_TIME, BREAK_TIME, INTERRUPTED)
VALUES (3378, 1, '2019-05-16', 0, 0, false);
INSERT INTO POMODORO(ID, USER, CREATION_TIMESTAMP, WORK_TIME, BREAK_TIME, INTERRUPTED)
VALUES (3379, 1, '2019-05-16', 0, 0, false);
INSERT INTO POMODORO(ID, USER, CREATION_TIMESTAMP, WORK_TIME, BREAK_TIME, INTERRUPTED)
VALUES (3380, 1, '2019-05-16', 0, 0, true);
INSERT INTO POMODORO(ID, USER, CREATION_TIMESTAMP, WORK_TIME, BREAK_TIME, INTERRUPTED)
VALUES (3381, 1, '2019-05-16', 0, 0, true);
INSERT INTO POMODORO(ID, USER, CREATION_TIMESTAMP, WORK_TIME, BREAK_TIME, INTERRUPTED)
VALUES (3382, 1, '2019-05-16', 0, 0, false);
INSERT INTO POMODORO(ID, USER, CREATION_TIMESTAMP, WORK_TIME, BREAK_TIME, INTERRUPTED)
VALUES (3383, 1, '2019-05-16', 0, 0, false);
INSERT INTO POMODORO(ID, USER, CREATION_TIMESTAMP, WORK_TIME, BREAK_TIME, INTERRUPTED)
VALUES (3384, 1, '2019-05-16', 0, 0, true);
INSERT INTO POMODORO(ID, USER, CREATION_TIMESTAMP, WORK_TIME, BREAK_TIME, INTERRUPTED)
VALUES (3385, 1, '2019-05-16', 0, 0, false);
INSERT INTO POMODORO(ID, USER, CREATION_TIMESTAMP, WORK_TIME, BREAK_TIME, INTERRUPTED)
VALUES (3386, 1, '2019-05-16', 0, 0, false);
INSERT INTO POMODORO(ID, USER, CREATION_TIMESTAMP, WORK_TIME, BREAK_TIME, INTERRUPTED)
VALUES (3387, 1, '2019-05-15', 0, 0, true);
INSERT INTO POMODORO(ID, USER, CREATION_TIMESTAMP, WORK_TIME, BREAK_TIME, INTERRUPTED)
VALUES (3388, 1, '2019-05-15', 0, 0, true);
INSERT INTO POMODORO(ID, USER, CREATION_TIMESTAMP, WORK_TIME, BREAK_TIME, INTERRUPTED)
VALUES (3389, 1, '2019-05-15', 0, 0, false);
INSERT INTO POMODORO(ID, USER, CREATION_TIMESTAMP, WORK_TIME, BREAK_TIME, INTERRUPTED)
VALUES (3390, 1, '2019-05-15', 0, 0, false);
INSERT INTO POMODORO(ID, USER, CREATION_TIMESTAMP, WORK_TIME, BREAK_TIME, INTERRUPTED)
VALUES (3391, 1, '2019-05-15', 0, 0, true);
INSERT INTO POMODORO(ID, USER, CREATION_TIMESTAMP, WORK_TIME, BREAK_TIME, INTERRUPTED)
VALUES (3392, 1, '2019-05-15', 0, 0, false);
INSERT INTO POMODORO(ID, USER, CREATION_TIMESTAMP, WORK_TIME, BREAK_TIME, INTERRUPTED)
VALUES (3393, 1, '2019-05-15', 0, 0, false);
INSERT INTO POMODORO(ID, USER, CREATION_TIMESTAMP, WORK_TIME, BREAK_TIME, INTERRUPTED)
VALUES (3394, 1, '2019-05-15', 0, 0, false);
INSERT INTO POMODORO(ID, USER, CREATION_TIMESTAMP, WORK_TIME, BREAK_TIME, INTERRUPTED)
VALUES (3395, 1, '2019-05-15', 0, 0, true);
INSERT INTO POMODORO(ID, USER, CREATION_TIMESTAMP, WORK_TIME, BREAK_TIME, INTERRUPTED)
VALUES (3396, 1, '2019-05-15', 0, 0, false);
INSERT INTO POMODORO(ID, USER, CREATION_TIMESTAMP, WORK_TIME, BREAK_TIME, INTERRUPTED)
VALUES (3397, 1, '2019-05-15', 0, 0, false);
INSERT INTO POMODORO(ID, USER, CREATION_TIMESTAMP, WORK_TIME, BREAK_TIME, INTERRUPTED)
VALUES (3398, 1, '2019-05-15', 0, 0, true);
INSERT INTO POMODORO(ID, USER, CREATION_TIMESTAMP, WORK_TIME, BREAK_TIME, INTERRUPTED)
VALUES (3399, 1, '2019-05-15', 0, 0, true);
INSERT INTO POMODORO(ID, USER, CREATION_TIMESTAMP, WORK_TIME, BREAK_TIME, INTERRUPTED)
VALUES (3400, 1, '2019-05-15', 0, 0, true);
INSERT INTO POMODORO(ID, USER, CREATION_TIMESTAMP, WORK_TIME, BREAK_TIME, INTERRUPTED)
VALUES (3401, 1, '2019-05-15', 0, 0, false);
INSERT INTO POMODORO(ID, USER, CREATION_TIMESTAMP, WORK_TIME, BREAK_TIME, INTERRUPTED)
VALUES (3402, 1, '2019-05-15', 0, 0, true);
INSERT INTO POMODORO(ID, USER, CREATION_TIMESTAMP, WORK_TIME, BREAK_TIME, INTERRUPTED)
VALUES (3403, 1, '2019-05-15', 0, 0, true);
INSERT INTO POMODORO(ID, USER, CREATION_TIMESTAMP, WORK_TIME, BREAK_TIME, INTERRUPTED)
VALUES (3404, 1, '2019-05-15', 0, 0, true);
INSERT INTO POMODORO(ID, USER, CREATION_TIMESTAMP, WORK_TIME, BREAK_TIME, INTERRUPTED)
VALUES (3405, 1, '2019-05-15', 0, 0, false);
INSERT INTO POMODORO(ID, USER, CREATION_TIMESTAMP, WORK_TIME, BREAK_TIME, INTERRUPTED)
VALUES (3406, 1, '2019-05-15', 0, 0, true);
INSERT INTO POMODORO(ID, USER, CREATION_TIMESTAMP, WORK_TIME, BREAK_TIME, INTERRUPTED)
VALUES (3407, 1, '2019-05-15', 0, 0, true);
INSERT INTO POMODORO(ID, USER, CREATION_TIMESTAMP, WORK_TIME, BREAK_TIME, INTERRUPTED)
VALUES (3408, 1, '2019-05-15', 0, 0, false);
INSERT INTO POMODORO(ID, USER, CREATION_TIMESTAMP, WORK_TIME, BREAK_TIME, INTERRUPTED)
VALUES (3409, 1, '2019-05-15', 0, 0, true);
INSERT INTO POMODORO(ID, USER, CREATION_TIMESTAMP, WORK_TIME, BREAK_TIME, INTERRUPTED)
VALUES (3410, 1, '2019-05-15', 0, 0, true);
INSERT INTO POMODORO(ID, USER, CREATION_TIMESTAMP, WORK_TIME, BREAK_TIME, INTERRUPTED)
VALUES (3411, 1, '2019-05-15', 0, 0, false);
INSERT INTO POMODORO(ID, USER, CREATION_TIMESTAMP, WORK_TIME, BREAK_TIME, INTERRUPTED)
VALUES (3412, 1, '2019-05-15', 0, 0, true);
INSERT INTO POMODORO(ID, USER, CREATION_TIMESTAMP, WORK_TIME, BREAK_TIME, INTERRUPTED)
VALUES (3413, 1, '2019-05-15', 0, 0, false);
INSERT INTO POMODORO(ID, USER, CREATION_TIMESTAMP, WORK_TIME, BREAK_TIME, INTERRUPTED)
VALUES (3414, 1, '2019-05-15', 0, 0, false);
INSERT INTO POMODORO(ID, USER, CREATION_TIMESTAMP, WORK_TIME, BREAK_TIME, INTERRUPTED)
VALUES (3415, 1, '2019-05-15', 0, 0, false);
INSERT INTO POMODORO(ID, USER, CREATION_TIMESTAMP, WORK_TIME, BREAK_TIME, INTERRUPTED)
VALUES (3416, 1, '2019-05-15', 0, 0, true);
INSERT INTO POMODORO(ID, USER, CREATION_TIMESTAMP, WORK_TIME, BREAK_TIME, INTERRUPTED)
VALUES (3417, 1, '2019-05-15', 0, 0, true);
INSERT INTO POMODORO(ID, USER, CREATION_TIMESTAMP, WORK_TIME, BREAK_TIME, INTERRUPTED)
VALUES (3418, 1, '2019-05-14', 0, 0, false);
INSERT INTO POMODORO(ID, USER, CREATION_TIMESTAMP, WORK_TIME, BREAK_TIME, INTERRUPTED)
VALUES (3419, 1, '2019-05-14', 0, 0, true);
INSERT INTO POMODORO(ID, USER, CREATION_TIMESTAMP, WORK_TIME, BREAK_TIME, INTERRUPTED)
VALUES (3420, 1, '2019-05-14', 0, 0, false);
INSERT INTO POMODORO(ID, USER, CREATION_TIMESTAMP, WORK_TIME, BREAK_TIME, INTERRUPTED)
VALUES (3421, 1, '2019-05-14', 0, 0, false);
INSERT INTO POMODORO(ID, USER, CREATION_TIMESTAMP, WORK_TIME, BREAK_TIME, INTERRUPTED)
VALUES (3422, 1, '2019-05-14', 0, 0, true);
INSERT INTO POMODORO(ID, USER, CREATION_TIMESTAMP, WORK_TIME, BREAK_TIME, INTERRUPTED)
VALUES (3423, 1, '2019-05-14', 0, 0, false);
INSERT INTO POMODORO(ID, USER, CREATION_TIMESTAMP, WORK_TIME, BREAK_TIME, INTERRUPTED)
VALUES (3424, 1, '2019-05-14', 0, 0, false);
INSERT INTO POMODORO(ID, USER, CREATION_TIMESTAMP, WORK_TIME, BREAK_TIME, INTERRUPTED)
VALUES (3425, 1, '2019-05-14', 0, 0, true);
INSERT INTO POMODORO(ID, USER, CREATION_TIMESTAMP, WORK_TIME, BREAK_TIME, INTERRUPTED)
VALUES (3426, 1, '2019-05-14', 0, 0, false);
INSERT INTO POMODORO(ID, USER, CREATION_TIMESTAMP, WORK_TIME, BREAK_TIME, INTERRUPTED)
VALUES (3427, 1, '2019-05-14', 0, 0, false);
INSERT INTO POMODORO(ID, USER, CREATION_TIMESTAMP, WORK_TIME, BREAK_TIME, INTERRUPTED)
VALUES (3428, 1, '2019-05-14', 0, 0, false);
INSERT INTO POMODORO(ID, USER, CREATION_TIMESTAMP, WORK_TIME, BREAK_TIME, INTERRUPTED)
VALUES (3429, 1, '2019-05-14', 0, 0, true);
INSERT INTO POMODORO(ID, USER, CREATION_TIMESTAMP, WORK_TIME, BREAK_TIME, INTERRUPTED)
VALUES (3430, 1, '2019-05-14', 0, 0, true);
INSERT INTO POMODORO(ID, USER, CREATION_TIMESTAMP, WORK_TIME, BREAK_TIME, INTERRUPTED)
VALUES (3431, 1, '2019-05-14', 0, 0, true);
INSERT INTO POMODORO(ID, USER, CREATION_TIMESTAMP, WORK_TIME, BREAK_TIME, INTERRUPTED)
VALUES (3432, 1, '2019-05-14', 0, 0, false);
INSERT INTO POMODORO(ID, USER, CREATION_TIMESTAMP, WORK_TIME, BREAK_TIME, INTERRUPTED)
VALUES (3433, 1, '2019-05-14', 0, 0, true);
INSERT INTO POMODORO(ID, USER, CREATION_TIMESTAMP, WORK_TIME, BREAK_TIME, INTERRUPTED)
VALUES (3434, 1, '2019-05-14', 0, 0, false);
INSERT INTO POMODORO(ID, USER, CREATION_TIMESTAMP, WORK_TIME, BREAK_TIME, INTERRUPTED)
VALUES (3435, 1, '2019-05-14', 0, 0, true);
INSERT INTO POMODORO(ID, USER, CREATION_TIMESTAMP, WORK_TIME, BREAK_TIME, INTERRUPTED)
VALUES (3436, 1, '2019-05-14', 0, 0, false);
INSERT INTO POMODORO(ID, USER, CREATION_TIMESTAMP, WORK_TIME, BREAK_TIME, INTERRUPTED)
VALUES (3437, 1, '2019-05-14', 0, 0, false);
INSERT INTO POMODORO(ID, USER, CREATION_TIMESTAMP, WORK_TIME, BREAK_TIME, INTERRUPTED)
VALUES (3438, 1, '2019-05-14', 0, 0, true);
INSERT INTO POMODORO(ID, USER, CREATION_TIMESTAMP, WORK_TIME, BREAK_TIME, INTERRUPTED)
VALUES (3439, 1, '2019-05-14', 0, 0, false);
INSERT INTO POMODORO(ID, USER, CREATION_TIMESTAMP, WORK_TIME, BREAK_TIME, INTERRUPTED)
VALUES (3440, 1, '2019-05-14', 0, 0, true);
INSERT INTO POMODORO(ID, USER, CREATION_TIMESTAMP, WORK_TIME, BREAK_TIME, INTERRUPTED)
VALUES (3441, 1, '2019-05-14', 0, 0, false);
INSERT INTO POMODORO(ID, USER, CREATION_TIMESTAMP, WORK_TIME, BREAK_TIME, INTERRUPTED)
VALUES (3442, 1, '2019-05-14', 0, 0, true);
INSERT INTO POMODORO(ID, USER, CREATION_TIMESTAMP, WORK_TIME, BREAK_TIME, INTERRUPTED)
VALUES (3443, 1, '2019-05-14', 0, 0, true);
INSERT INTO POMODORO(ID, USER, CREATION_TIMESTAMP, WORK_TIME, BREAK_TIME, INTERRUPTED)
VALUES (3444, 1, '2019-05-14', 0, 0, true);
INSERT INTO POMODORO(ID, USER, CREATION_TIMESTAMP, WORK_TIME, BREAK_TIME, INTERRUPTED)
VALUES (3445, 1, '2019-05-14', 0, 0, false);
INSERT INTO POMODORO(ID, USER, CREATION_TIMESTAMP, WORK_TIME, BREAK_TIME, INTERRUPTED)
VALUES (3446, 1, '2019-05-14', 0, 0, true);
INSERT INTO POMODORO(ID, USER, CREATION_TIMESTAMP, WORK_TIME, BREAK_TIME, INTERRUPTED)
VALUES (3447, 1, '2019-05-14', 0, 0, false);
INSERT INTO POMODORO(ID, USER, CREATION_TIMESTAMP, WORK_TIME, BREAK_TIME, INTERRUPTED)
VALUES (3448, 1, '2019-05-14', 0, 0, true);
INSERT INTO POMODORO(ID, USER, CREATION_TIMESTAMP, WORK_TIME, BREAK_TIME, INTERRUPTED)
VALUES (3449, 1, '2019-05-14', 0, 0, false);
INSERT INTO POMODORO(ID, USER, CREATION_TIMESTAMP, WORK_TIME, BREAK_TIME, INTERRUPTED)
VALUES (3450, 1, '2019-05-14', 0, 0, true);
INSERT INTO POMODORO(ID, USER, CREATION_TIMESTAMP, WORK_TIME, BREAK_TIME, INTERRUPTED)
VALUES (3451, 1, '2019-05-14', 0, 0, false);
INSERT INTO POMODORO(ID, USER, CREATION_TIMESTAMP, WORK_TIME, BREAK_TIME, INTERRUPTED)
VALUES (3452, 1, '2019-05-14', 0, 0, true);
INSERT INTO POMODORO(ID, USER, CREATION_TIMESTAMP, WORK_TIME, BREAK_TIME, INTERRUPTED)
VALUES (3453, 1, '2019-05-14', 0, 0, false);
INSERT INTO POMODORO(ID, USER, CREATION_TIMESTAMP, WORK_TIME, BREAK_TIME, INTERRUPTED)
VALUES (3454, 1, '2019-05-14', 0, 0, true);
INSERT INTO POMODORO(ID, USER, CREATION_TIMESTAMP, WORK_TIME, BREAK_TIME, INTERRUPTED)
VALUES (3455, 1, '2019-05-14', 0, 0, false);
INSERT INTO POMODORO(ID, USER, CREATION_TIMESTAMP, WORK_TIME, BREAK_TIME, INTERRUPTED)
VALUES (3456, 1, '2019-05-14', 0, 0, false);
INSERT INTO POMODORO(ID, USER, CREATION_TIMESTAMP, WORK_TIME, BREAK_TIME, INTERRUPTED)
VALUES (3457, 1, '2019-05-14', 0, 0, false);
INSERT INTO POMODORO(ID, USER, CREATION_TIMESTAMP, WORK_TIME, BREAK_TIME, INTERRUPTED)
VALUES (3458, 1, '2019-05-13', 0, 0, true);
INSERT INTO POMODORO(ID, USER, CREATION_TIMESTAMP, WORK_TIME, BREAK_TIME, INTERRUPTED)
VALUES (3459, 1, '2019-05-13', 0, 0, true);
INSERT INTO POMODORO(ID, USER, CREATION_TIMESTAMP, WORK_TIME, BREAK_TIME, INTERRUPTED)
VALUES (3460, 1, '2019-05-13', 0, 0, true);
INSERT INTO POMODORO(ID, USER, CREATION_TIMESTAMP, WORK_TIME, BREAK_TIME, INTERRUPTED)
VALUES (3461, 1, '2019-05-13', 0, 0, true);
INSERT INTO POMODORO(ID, USER, CREATION_TIMESTAMP, WORK_TIME, BREAK_TIME, INTERRUPTED)
VALUES (3462, 1, '2019-05-13', 0, 0, true);
INSERT INTO POMODORO(ID, USER, CREATION_TIMESTAMP, WORK_TIME, BREAK_TIME, INTERRUPTED)
VALUES (3463, 1, '2019-05-13', 0, 0, true);
INSERT INTO POMODORO(ID, USER, CREATION_TIMESTAMP, WORK_TIME, BREAK_TIME, INTERRUPTED)
VALUES (3464, 1, '2019-05-13', 0, 0, true);
INSERT INTO POMODORO(ID, USER, CREATION_TIMESTAMP, WORK_TIME, BREAK_TIME, INTERRUPTED)
VALUES (3465, 1, '2019-05-13', 0, 0, false);
INSERT INTO POMODORO(ID, USER, CREATION_TIMESTAMP, WORK_TIME, BREAK_TIME, INTERRUPTED)
VALUES (3466, 1, '2019-05-13', 0, 0, false);
INSERT INTO POMODORO(ID, USER, CREATION_TIMESTAMP, WORK_TIME, BREAK_TIME, INTERRUPTED)
VALUES (3467, 1, '2019-05-13', 0, 0, false);
INSERT INTO POMODORO(ID, USER, CREATION_TIMESTAMP, WORK_TIME, BREAK_TIME, INTERRUPTED)
VALUES (3468, 1, '2019-05-13', 0, 0, true);
INSERT INTO POMODORO(ID, USER, CREATION_TIMESTAMP, WORK_TIME, BREAK_TIME, INTERRUPTED)
VALUES (3469, 1, '2019-05-13', 0, 0, true);
INSERT INTO POMODORO(ID, USER, CREATION_TIMESTAMP, WORK_TIME, BREAK_TIME, INTERRUPTED)
VALUES (3470, 1, '2019-05-13', 0, 0, true);
INSERT INTO POMODORO(ID, USER, CREATION_TIMESTAMP, WORK_TIME, BREAK_TIME, INTERRUPTED)
VALUES (3471, 1, '2019-05-13', 0, 0, false);
INSERT INTO POMODORO(ID, USER, CREATION_TIMESTAMP, WORK_TIME, BREAK_TIME, INTERRUPTED)
VALUES (3472, 1, '2019-05-13', 0, 0, false);
INSERT INTO POMODORO(ID, USER, CREATION_TIMESTAMP, WORK_TIME, BREAK_TIME, INTERRUPTED)
VALUES (3473, 1, '2019-05-13', 0, 0, false);
INSERT INTO POMODORO(ID, USER, CREATION_TIMESTAMP, WORK_TIME, BREAK_TIME, INTERRUPTED)
VALUES (3474, 1, '2019-05-13', 0, 0, false);
INSERT INTO POMODORO(ID, USER, CREATION_TIMESTAMP, WORK_TIME, BREAK_TIME, INTERRUPTED)
VALUES (3475, 1, '2019-05-13', 0, 0, false);
INSERT INTO POMODORO(ID, USER, CREATION_TIMESTAMP, WORK_TIME, BREAK_TIME, INTERRUPTED)
VALUES (3476, 1, '2019-05-13', 0, 0, true);
INSERT INTO POMODORO(ID, USER, CREATION_TIMESTAMP, WORK_TIME, BREAK_TIME, INTERRUPTED)
VALUES (3477, 1, '2019-05-13', 0, 0, false);
INSERT INTO POMODORO(ID, USER, CREATION_TIMESTAMP, WORK_TIME, BREAK_TIME, INTERRUPTED)
VALUES (3478, 1, '2019-05-13', 0, 0, true);
INSERT INTO POMODORO(ID, USER, CREATION_TIMESTAMP, WORK_TIME, BREAK_TIME, INTERRUPTED)
VALUES (3479, 1, '2019-05-13', 0, 0, true);
INSERT INTO POMODORO(ID, USER, CREATION_TIMESTAMP, WORK_TIME, BREAK_TIME, INTERRUPTED)
VALUES (3480, 1, '2019-05-13', 0, 0, false);
INSERT INTO POMODORO(ID, USER, CREATION_TIMESTAMP, WORK_TIME, BREAK_TIME, INTERRUPTED)
VALUES (3481, 1, '2019-05-13', 0, 0, true);
INSERT INTO POMODORO(ID, USER, CREATION_TIMESTAMP, WORK_TIME, BREAK_TIME, INTERRUPTED)
VALUES (3482, 1, '2019-05-13', 0, 0, true);
INSERT INTO POMODORO(ID, USER, CREATION_TIMESTAMP, WORK_TIME, BREAK_TIME, INTERRUPTED)
VALUES (3483, 1, '2019-05-13', 0, 0, false);
INSERT INTO POMODORO(ID, USER, CREATION_TIMESTAMP, WORK_TIME, BREAK_TIME, INTERRUPTED)
VALUES (3484, 1, '2019-05-13', 0, 0, true);
INSERT INTO POMODORO(ID, USER, CREATION_TIMESTAMP, WORK_TIME, BREAK_TIME, INTERRUPTED)
VALUES (3485, 1, '2019-05-13', 0, 0, true);
INSERT INTO POMODORO(ID, USER, CREATION_TIMESTAMP, WORK_TIME, BREAK_TIME, INTERRUPTED)
VALUES (3486, 1, '2019-05-13', 0, 0, true);
INSERT INTO POMODORO(ID, USER, CREATION_TIMESTAMP, WORK_TIME, BREAK_TIME, INTERRUPTED)
VALUES (3487, 1, '2019-05-13', 0, 0, true);
INSERT INTO POMODORO(ID, USER, CREATION_TIMESTAMP, WORK_TIME, BREAK_TIME, INTERRUPTED)
VALUES (3488, 1, '2019-05-13', 0, 0, true);
INSERT INTO POMODORO(ID, USER, CREATION_TIMESTAMP, WORK_TIME, BREAK_TIME, INTERRUPTED)
VALUES (3489, 1, '2019-05-13', 0, 0, true);
INSERT INTO POMODORO(ID, USER, CREATION_TIMESTAMP, WORK_TIME, BREAK_TIME, INTERRUPTED)
VALUES (3490, 1, '2019-05-13', 0, 0, false);
INSERT INTO POMODORO(ID, USER, CREATION_TIMESTAMP, WORK_TIME, BREAK_TIME, INTERRUPTED)
VALUES (3491, 1, '2019-05-12', 0, 0, false);
INSERT INTO POMODORO(ID, USER, CREATION_TIMESTAMP, WORK_TIME, BREAK_TIME, INTERRUPTED)
VALUES (3492, 1, '2019-05-12', 0, 0, false);
INSERT INTO POMODORO(ID, USER, CREATION_TIMESTAMP, WORK_TIME, BREAK_TIME, INTERRUPTED)
VALUES (3493, 1, '2019-05-12', 0, 0, true);
INSERT INTO POMODORO(ID, USER, CREATION_TIMESTAMP, WORK_TIME, BREAK_TIME, INTERRUPTED)
VALUES (3494, 1, '2019-05-12', 0, 0, false);
INSERT INTO POMODORO(ID, USER, CREATION_TIMESTAMP, WORK_TIME, BREAK_TIME, INTERRUPTED)
VALUES (3495, 1, '2019-05-12', 0, 0, true);
INSERT INTO POMODORO(ID, USER, CREATION_TIMESTAMP, WORK_TIME, BREAK_TIME, INTERRUPTED)
VALUES (3496, 1, '2019-05-12', 0, 0, true);
INSERT INTO POMODORO(ID, USER, CREATION_TIMESTAMP, WORK_TIME, BREAK_TIME, INTERRUPTED)
VALUES (3497, 1, '2019-05-12', 0, 0, false);
INSERT INTO POMODORO(ID, USER, CREATION_TIMESTAMP, WORK_TIME, BREAK_TIME, INTERRUPTED)
VALUES (3498, 1, '2019-05-12', 0, 0, false);
INSERT INTO POMODORO(ID, USER, CREATION_TIMESTAMP, WORK_TIME, BREAK_TIME, INTERRUPTED)
VALUES (3499, 1, '2019-05-12', 0, 0, false);
INSERT INTO POMODORO(ID, USER, CREATION_TIMESTAMP, WORK_TIME, BREAK_TIME, INTERRUPTED)
VALUES (3500, 1, '2019-05-12', 0, 0, true);
INSERT INTO POMODORO(ID, USER, CREATION_TIMESTAMP, WORK_TIME, BREAK_TIME, INTERRUPTED)
VALUES (3501, 1, '2019-05-12', 0, 0, false);
INSERT INTO POMODORO(ID, USER, CREATION_TIMESTAMP, WORK_TIME, BREAK_TIME, INTERRUPTED)
VALUES (3502, 1, '2019-05-12', 0, 0, true);
INSERT INTO POMODORO(ID, USER, CREATION_TIMESTAMP, WORK_TIME, BREAK_TIME, INTERRUPTED)
VALUES (3503, 1, '2019-05-12', 0, 0, true);
INSERT INTO POMODORO(ID, USER, CREATION_TIMESTAMP, WORK_TIME, BREAK_TIME, INTERRUPTED)
VALUES (3504, 1, '2019-05-12', 0, 0, true);
INSERT INTO POMODORO(ID, USER, CREATION_TIMESTAMP, WORK_TIME, BREAK_TIME, INTERRUPTED)
VALUES (3505, 1, '2019-05-12', 0, 0, false);
INSERT INTO POMODORO(ID, USER, CREATION_TIMESTAMP, WORK_TIME, BREAK_TIME, INTERRUPTED)
VALUES (3506, 1, '2019-05-12', 0, 0, false);
INSERT INTO POMODORO(ID, USER, CREATION_TIMESTAMP, WORK_TIME, BREAK_TIME, INTERRUPTED)
VALUES (3507, 1, '2019-05-12', 0, 0, true);
INSERT INTO POMODORO(ID, USER, CREATION_TIMESTAMP, WORK_TIME, BREAK_TIME, INTERRUPTED)
VALUES (3508, 1, '2019-05-11', 0, 0, false);
INSERT INTO POMODORO(ID, USER, CREATION_TIMESTAMP, WORK_TIME, BREAK_TIME, INTERRUPTED)
VALUES (3509, 1, '2019-05-11', 0, 0, false);
INSERT INTO POMODORO(ID, USER, CREATION_TIMESTAMP, WORK_TIME, BREAK_TIME, INTERRUPTED)
VALUES (3510, 1, '2019-05-11', 0, 0, true);
INSERT INTO POMODORO(ID, USER, CREATION_TIMESTAMP, WORK_TIME, BREAK_TIME, INTERRUPTED)
VALUES (3511, 1, '2019-05-11', 0, 0, true);
INSERT INTO POMODORO(ID, USER, CREATION_TIMESTAMP, WORK_TIME, BREAK_TIME, INTERRUPTED)
VALUES (3512, 1, '2019-05-11', 0, 0, false);
INSERT INTO POMODORO(ID, USER, CREATION_TIMESTAMP, WORK_TIME, BREAK_TIME, INTERRUPTED)
VALUES (3513, 1, '2019-05-11', 0, 0, false);
INSERT INTO POMODORO(ID, USER, CREATION_TIMESTAMP, WORK_TIME, BREAK_TIME, INTERRUPTED)
VALUES (3514, 1, '2019-05-11', 0, 0, true);
INSERT INTO POMODORO(ID, USER, CREATION_TIMESTAMP, WORK_TIME, BREAK_TIME, INTERRUPTED)
VALUES (3515, 1, '2019-05-11', 0, 0, true);
INSERT INTO POMODORO(ID, USER, CREATION_TIMESTAMP, WORK_TIME, BREAK_TIME, INTERRUPTED)
VALUES (3516, 1, '2019-05-11', 0, 0, true);
INSERT INTO POMODORO(ID, USER, CREATION_TIMESTAMP, WORK_TIME, BREAK_TIME, INTERRUPTED)
VALUES (3517, 1, '2019-05-11', 0, 0, false);
INSERT INTO POMODORO(ID, USER, CREATION_TIMESTAMP, WORK_TIME, BREAK_TIME, INTERRUPTED)
VALUES (3518, 1, '2019-05-11', 0, 0, false);
INSERT INTO POMODORO(ID, USER, CREATION_TIMESTAMP, WORK_TIME, BREAK_TIME, INTERRUPTED)
VALUES (3519, 1, '2019-05-11', 0, 0, true);
INSERT INTO POMODORO(ID, USER, CREATION_TIMESTAMP, WORK_TIME, BREAK_TIME, INTERRUPTED)
VALUES (3520, 1, '2019-05-11', 0, 0, true);
INSERT INTO POMODORO(ID, USER, CREATION_TIMESTAMP, WORK_TIME, BREAK_TIME, INTERRUPTED)
VALUES (3521, 1, '2019-05-11', 0, 0, true);
INSERT INTO POMODORO(ID, USER, CREATION_TIMESTAMP, WORK_TIME, BREAK_TIME, INTERRUPTED)
VALUES (3522, 1, '2019-05-11', 0, 0, true);
INSERT INTO POMODORO(ID, USER, CREATION_TIMESTAMP, WORK_TIME, BREAK_TIME, INTERRUPTED)
VALUES (3523, 1, '2019-05-11', 0, 0, false);
INSERT INTO POMODORO(ID, USER, CREATION_TIMESTAMP, WORK_TIME, BREAK_TIME, INTERRUPTED)
VALUES (3524, 1, '2019-05-11', 0, 0, false);
INSERT INTO POMODORO(ID, USER, CREATION_TIMESTAMP, WORK_TIME, BREAK_TIME, INTERRUPTED)
VALUES (3525, 1, '2019-05-11', 0, 0, true);
INSERT INTO POMODORO(ID, USER, CREATION_TIMESTAMP, WORK_TIME, BREAK_TIME, INTERRUPTED)
VALUES (3526, 1, '2019-05-11', 0, 0, true);
INSERT INTO POMODORO(ID, USER, CREATION_TIMESTAMP, WORK_TIME, BREAK_TIME, INTERRUPTED)
VALUES (3527, 1, '2019-05-11', 0, 0, false);
INSERT INTO POMODORO(ID, USER, CREATION_TIMESTAMP, WORK_TIME, BREAK_TIME, INTERRUPTED)
VALUES (3528, 1, '2019-05-11', 0, 0, false);
INSERT INTO POMODORO(ID, USER, CREATION_TIMESTAMP, WORK_TIME, BREAK_TIME, INTERRUPTED)
VALUES (3529, 1, '2019-05-11', 0, 0, false);
INSERT INTO POMODORO(ID, USER, CREATION_TIMESTAMP, WORK_TIME, BREAK_TIME, INTERRUPTED)
VALUES (3530, 1, '2019-05-11', 0, 0, true);
INSERT INTO POMODORO(ID, USER, CREATION_TIMESTAMP, WORK_TIME, BREAK_TIME, INTERRUPTED)
VALUES (3531, 1, '2019-05-11', 0, 0, true);
INSERT INTO POMODORO(ID, USER, CREATION_TIMESTAMP, WORK_TIME, BREAK_TIME, INTERRUPTED)
VALUES (3532, 1, '2019-05-11', 0, 0, true);
INSERT INTO POMODORO(ID, USER, CREATION_TIMESTAMP, WORK_TIME, BREAK_TIME, INTERRUPTED)
VALUES (3533, 1, '2019-05-11', 0, 0, true);
INSERT INTO POMODORO(ID, USER, CREATION_TIMESTAMP, WORK_TIME, BREAK_TIME, INTERRUPTED)
VALUES (3534, 1, '2019-05-11', 0, 0, true);
INSERT INTO POMODORO(ID, USER, CREATION_TIMESTAMP, WORK_TIME, BREAK_TIME, INTERRUPTED)
VALUES (3535, 1, '2019-05-11', 0, 0, true);
INSERT INTO POMODORO(ID, USER, CREATION_TIMESTAMP, WORK_TIME, BREAK_TIME, INTERRUPTED)
VALUES (3536, 1, '2019-05-11', 0, 0, true);
INSERT INTO POMODORO(ID, USER, CREATION_TIMESTAMP, WORK_TIME, BREAK_TIME, INTERRUPTED)
VALUES (3537, 1, '2019-05-11', 0, 0, false);
INSERT INTO POMODORO(ID, USER, CREATION_TIMESTAMP, WORK_TIME, BREAK_TIME, INTERRUPTED)
VALUES (3538, 1, '2019-05-11', 0, 0, true);
INSERT INTO POMODORO(ID, USER, CREATION_TIMESTAMP, WORK_TIME, BREAK_TIME, INTERRUPTED)
VALUES (3539, 1, '2019-05-11', 0, 0, false);
INSERT INTO POMODORO(ID, USER, CREATION_TIMESTAMP, WORK_TIME, BREAK_TIME, INTERRUPTED)
VALUES (3540, 1, '2019-05-11', 0, 0, false);
INSERT INTO POMODORO(ID, USER, CREATION_TIMESTAMP, WORK_TIME, BREAK_TIME, INTERRUPTED)
VALUES (3541, 1, '2019-05-11', 0, 0, true);
INSERT INTO POMODORO(ID, USER, CREATION_TIMESTAMP, WORK_TIME, BREAK_TIME, INTERRUPTED)
VALUES (3542, 1, '2019-05-11', 0, 0, true);
INSERT INTO POMODORO(ID, USER, CREATION_TIMESTAMP, WORK_TIME, BREAK_TIME, INTERRUPTED)
VALUES (3543, 1, '2019-05-11', 0, 0, true);
INSERT INTO POMODORO(ID, USER, CREATION_TIMESTAMP, WORK_TIME, BREAK_TIME, INTERRUPTED)
VALUES (3544, 1, '2019-05-11', 0, 0, true);
INSERT INTO POMODORO(ID, USER, CREATION_TIMESTAMP, WORK_TIME, BREAK_TIME, INTERRUPTED)
VALUES (3545, 1, '2019-05-11', 0, 0, true);
INSERT INTO POMODORO(ID, USER, CREATION_TIMESTAMP, WORK_TIME, BREAK_TIME, INTERRUPTED)
VALUES (3546, 1, '2019-05-11', 0, 0, false);
INSERT INTO POMODORO(ID, USER, CREATION_TIMESTAMP, WORK_TIME, BREAK_TIME, INTERRUPTED)
VALUES (3547, 1, '2019-05-11', 0, 0, true);
INSERT INTO POMODORO(ID, USER, CREATION_TIMESTAMP, WORK_TIME, BREAK_TIME, INTERRUPTED)
VALUES (3548, 1, '2019-05-11', 0, 0, false);
INSERT INTO POMODORO(ID, USER, CREATION_TIMESTAMP, WORK_TIME, BREAK_TIME, INTERRUPTED)
VALUES (3549, 1, '2019-05-11', 0, 0, true);
INSERT INTO POMODORO(ID, USER, CREATION_TIMESTAMP, WORK_TIME, BREAK_TIME, INTERRUPTED)
VALUES (3550, 1, '2019-05-11', 0, 0, false);
INSERT INTO POMODORO(ID, USER, CREATION_TIMESTAMP, WORK_TIME, BREAK_TIME, INTERRUPTED)
VALUES (3551, 1, '2019-05-11', 0, 0, false);
INSERT INTO POMODORO(ID, USER, CREATION_TIMESTAMP, WORK_TIME, BREAK_TIME, INTERRUPTED)
VALUES (3552, 1, '2019-05-11', 0, 0, true);
INSERT INTO POMODORO(ID, USER, CREATION_TIMESTAMP, WORK_TIME, BREAK_TIME, INTERRUPTED)
VALUES (3553, 1, '2019-05-10', 0, 0, false);
INSERT INTO POMODORO(ID, USER, CREATION_TIMESTAMP, WORK_TIME, BREAK_TIME, INTERRUPTED)
VALUES (3554, 1, '2019-05-10', 0, 0, false);
INSERT INTO POMODORO(ID, USER, CREATION_TIMESTAMP, WORK_TIME, BREAK_TIME, INTERRUPTED)
VALUES (3555, 1, '2019-05-10', 0, 0, false);
INSERT INTO POMODORO(ID, USER, CREATION_TIMESTAMP, WORK_TIME, BREAK_TIME, INTERRUPTED)
VALUES (3556, 1, '2019-05-10', 0, 0, true);
INSERT INTO POMODORO(ID, USER, CREATION_TIMESTAMP, WORK_TIME, BREAK_TIME, INTERRUPTED)
VALUES (3557, 1, '2019-05-10', 0, 0, false);
INSERT INTO POMODORO(ID, USER, CREATION_TIMESTAMP, WORK_TIME, BREAK_TIME, INTERRUPTED)
VALUES (3558, 1, '2019-05-10', 0, 0, false);
INSERT INTO POMODORO(ID, USER, CREATION_TIMESTAMP, WORK_TIME, BREAK_TIME, INTERRUPTED)
VALUES (3559, 1, '2019-05-10', 0, 0, false);
INSERT INTO POMODORO(ID, USER, CREATION_TIMESTAMP, WORK_TIME, BREAK_TIME, INTERRUPTED)
VALUES (3560, 1, '2019-05-10', 0, 0, false);
INSERT INTO POMODORO(ID, USER, CREATION_TIMESTAMP, WORK_TIME, BREAK_TIME, INTERRUPTED)
VALUES (3561, 1, '2019-05-10', 0, 0, true);
INSERT INTO POMODORO(ID, USER, CREATION_TIMESTAMP, WORK_TIME, BREAK_TIME, INTERRUPTED)
VALUES (3562, 1, '2019-05-10', 0, 0, true);
INSERT INTO POMODORO(ID, USER, CREATION_TIMESTAMP, WORK_TIME, BREAK_TIME, INTERRUPTED)
VALUES (3563, 1, '2019-05-10', 0, 0, false);
INSERT INTO POMODORO(ID, USER, CREATION_TIMESTAMP, WORK_TIME, BREAK_TIME, INTERRUPTED)
VALUES (3564, 1, '2019-05-10', 0, 0, false);
INSERT INTO POMODORO(ID, USER, CREATION_TIMESTAMP, WORK_TIME, BREAK_TIME, INTERRUPTED)
VALUES (3565, 1, '2019-05-10', 0, 0, false);
INSERT INTO POMODORO(ID, USER, CREATION_TIMESTAMP, WORK_TIME, BREAK_TIME, INTERRUPTED)
VALUES (3566, 1, '2019-05-10', 0, 0, true);
INSERT INTO POMODORO(ID, USER, CREATION_TIMESTAMP, WORK_TIME, BREAK_TIME, INTERRUPTED)
VALUES (3567, 1, '2019-05-10', 0, 0, false);
INSERT INTO POMODORO(ID, USER, CREATION_TIMESTAMP, WORK_TIME, BREAK_TIME, INTERRUPTED)
VALUES (3568, 1, '2019-05-10', 0, 0, true);
INSERT INTO POMODORO(ID, USER, CREATION_TIMESTAMP, WORK_TIME, BREAK_TIME, INTERRUPTED)
VALUES (3569, 1, '2019-05-10', 0, 0, true);
INSERT INTO POMODORO(ID, USER, CREATION_TIMESTAMP, WORK_TIME, BREAK_TIME, INTERRUPTED)
VALUES (3570, 1, '2019-05-10', 0, 0, false);
INSERT INTO POMODORO(ID, USER, CREATION_TIMESTAMP, WORK_TIME, BREAK_TIME, INTERRUPTED)
VALUES (3571, 1, '2019-05-10', 0, 0, false);
INSERT INTO POMODORO(ID, USER, CREATION_TIMESTAMP, WORK_TIME, BREAK_TIME, INTERRUPTED)
VALUES (3572, 1, '2019-05-10', 0, 0, false);
INSERT INTO POMODORO(ID, USER, CREATION_TIMESTAMP, WORK_TIME, BREAK_TIME, INTERRUPTED)
VALUES (3573, 1, '2019-05-10', 0, 0, false);
INSERT INTO POMODORO(ID, USER, CREATION_TIMESTAMP, WORK_TIME, BREAK_TIME, INTERRUPTED)
VALUES (3574, 1, '2019-05-10', 0, 0, false);
INSERT INTO POMODORO(ID, USER, CREATION_TIMESTAMP, WORK_TIME, BREAK_TIME, INTERRUPTED)
VALUES (3575, 1, '2019-05-10', 0, 0, false);
INSERT INTO POMODORO(ID, USER, CREATION_TIMESTAMP, WORK_TIME, BREAK_TIME, INTERRUPTED)
VALUES (3576, 1, '2019-05-10', 0, 0, false);
INSERT INTO POMODORO(ID, USER, CREATION_TIMESTAMP, WORK_TIME, BREAK_TIME, INTERRUPTED)
VALUES (3577, 1, '2019-05-10', 0, 0, true);
INSERT INTO POMODORO(ID, USER, CREATION_TIMESTAMP, WORK_TIME, BREAK_TIME, INTERRUPTED)
VALUES (3578, 1, '2019-05-10', 0, 0, false);
INSERT INTO POMODORO(ID, USER, CREATION_TIMESTAMP, WORK_TIME, BREAK_TIME, INTERRUPTED)
VALUES (3579, 1, '2019-05-10', 0, 0, true);
INSERT INTO POMODORO(ID, USER, CREATION_TIMESTAMP, WORK_TIME, BREAK_TIME, INTERRUPTED)
VALUES (3580, 1, '2019-05-10', 0, 0, true);
INSERT INTO POMODORO(ID, USER, CREATION_TIMESTAMP, WORK_TIME, BREAK_TIME, INTERRUPTED)
VALUES (3581, 1, '2019-05-10', 0, 0, false);
INSERT INTO POMODORO(ID, USER, CREATION_TIMESTAMP, WORK_TIME, BREAK_TIME, INTERRUPTED)
VALUES (3582, 1, '2019-05-10', 0, 0, true);
INSERT INTO POMODORO(ID, USER, CREATION_TIMESTAMP, WORK_TIME, BREAK_TIME, INTERRUPTED)
VALUES (3583, 1, '2019-05-10', 0, 0, false);
INSERT INTO POMODORO(ID, USER, CREATION_TIMESTAMP, WORK_TIME, BREAK_TIME, INTERRUPTED)
VALUES (3584, 1, '2019-05-10', 0, 0, true);
INSERT INTO POMODORO(ID, USER, CREATION_TIMESTAMP, WORK_TIME, BREAK_TIME, INTERRUPTED)
VALUES (3585, 1, '2019-05-10', 0, 0, true);
INSERT INTO POMODORO(ID, USER, CREATION_TIMESTAMP, WORK_TIME, BREAK_TIME, INTERRUPTED)
VALUES (3586, 1, '2019-05-10', 0, 0, false);
INSERT INTO POMODORO(ID, USER, CREATION_TIMESTAMP, WORK_TIME, BREAK_TIME, INTERRUPTED)
VALUES (3587, 1, '2019-05-10', 0, 0, true);
INSERT INTO POMODORO(ID, USER, CREATION_TIMESTAMP, WORK_TIME, BREAK_TIME, INTERRUPTED)
VALUES (3588, 1, '2019-05-10', 0, 0, false);
INSERT INTO POMODORO(ID, USER, CREATION_TIMESTAMP, WORK_TIME, BREAK_TIME, INTERRUPTED)
VALUES (3589, 1, '2019-05-10', 0, 0, false);
INSERT INTO POMODORO(ID, USER, CREATION_TIMESTAMP, WORK_TIME, BREAK_TIME, INTERRUPTED)
VALUES (3590, 1, '2019-05-10', 0, 0, true);
INSERT INTO POMODORO(ID, USER, CREATION_TIMESTAMP, WORK_TIME, BREAK_TIME, INTERRUPTED)
VALUES (3591, 1, '2019-05-10', 0, 0, true);
INSERT INTO POMODORO(ID, USER, CREATION_TIMESTAMP, WORK_TIME, BREAK_TIME, INTERRUPTED)
VALUES (3592, 1, '2019-05-10', 0, 0, false);
INSERT INTO POMODORO(ID, USER, CREATION_TIMESTAMP, WORK_TIME, BREAK_TIME, INTERRUPTED)
VALUES (3593, 1, '2019-05-10', 0, 0, true);
INSERT INTO POMODORO(ID, USER, CREATION_TIMESTAMP, WORK_TIME, BREAK_TIME, INTERRUPTED)
VALUES (3594, 1, '2019-05-10', 0, 0, false);
INSERT INTO POMODORO(ID, USER, CREATION_TIMESTAMP, WORK_TIME, BREAK_TIME, INTERRUPTED)
VALUES (3595, 1, '2019-05-09', 0, 0, true);
INSERT INTO POMODORO(ID, USER, CREATION_TIMESTAMP, WORK_TIME, BREAK_TIME, INTERRUPTED)
VALUES (3596, 1, '2019-05-09', 0, 0, true);
INSERT INTO POMODORO(ID, USER, CREATION_TIMESTAMP, WORK_TIME, BREAK_TIME, INTERRUPTED)
VALUES (3597, 1, '2019-05-09', 0, 0, false);
INSERT INTO POMODORO(ID, USER, CREATION_TIMESTAMP, WORK_TIME, BREAK_TIME, INTERRUPTED)
VALUES (3598, 1, '2019-05-09', 0, 0, true);
INSERT INTO POMODORO(ID, USER, CREATION_TIMESTAMP, WORK_TIME, BREAK_TIME, INTERRUPTED)
VALUES (3599, 1, '2019-05-09', 0, 0, true);
INSERT INTO POMODORO(ID, USER, CREATION_TIMESTAMP, WORK_TIME, BREAK_TIME, INTERRUPTED)
VALUES (3600, 1, '2019-05-09', 0, 0, false);
INSERT INTO POMODORO(ID, USER, CREATION_TIMESTAMP, WORK_TIME, BREAK_TIME, INTERRUPTED)
VALUES (3601, 1, '2019-05-09', 0, 0, false);
INSERT INTO POMODORO(ID, USER, CREATION_TIMESTAMP, WORK_TIME, BREAK_TIME, INTERRUPTED)
VALUES (3602, 1, '2019-05-09', 0, 0, false);
INSERT INTO POMODORO(ID, USER, CREATION_TIMESTAMP, WORK_TIME, BREAK_TIME, INTERRUPTED)
VALUES (3603, 1, '2019-05-09', 0, 0, true);
INSERT INTO POMODORO(ID, USER, CREATION_TIMESTAMP, WORK_TIME, BREAK_TIME, INTERRUPTED)
VALUES (3604, 1, '2019-05-09', 0, 0, true);
INSERT INTO POMODORO(ID, USER, CREATION_TIMESTAMP, WORK_TIME, BREAK_TIME, INTERRUPTED)
VALUES (3605, 1, '2019-05-09', 0, 0, false);
INSERT INTO POMODORO(ID, USER, CREATION_TIMESTAMP, WORK_TIME, BREAK_TIME, INTERRUPTED)
VALUES (3606, 1, '2019-05-09', 0, 0, true);
INSERT INTO POMODORO(ID, USER, CREATION_TIMESTAMP, WORK_TIME, BREAK_TIME, INTERRUPTED)
VALUES (3607, 1, '2019-05-09', 0, 0, false);
INSERT INTO POMODORO(ID, USER, CREATION_TIMESTAMP, WORK_TIME, BREAK_TIME, INTERRUPTED)
VALUES (3608, 1, '2019-05-09', 0, 0, false);
INSERT INTO POMODORO(ID, USER, CREATION_TIMESTAMP, WORK_TIME, BREAK_TIME, INTERRUPTED)
VALUES (3609, 1, '2019-05-09', 0, 0, false);
INSERT INTO POMODORO(ID, USER, CREATION_TIMESTAMP, WORK_TIME, BREAK_TIME, INTERRUPTED)
VALUES (3610, 1, '2019-05-09', 0, 0, false);
INSERT INTO POMODORO(ID, USER, CREATION_TIMESTAMP, WORK_TIME, BREAK_TIME, INTERRUPTED)
VALUES (3611, 1, '2019-05-09', 0, 0, true);
INSERT INTO POMODORO(ID, USER, CREATION_TIMESTAMP, WORK_TIME, BREAK_TIME, INTERRUPTED)
VALUES (3612, 1, '2019-05-09', 0, 0, true);
INSERT INTO POMODORO(ID, USER, CREATION_TIMESTAMP, WORK_TIME, BREAK_TIME, INTERRUPTED)
VALUES (3613, 1, '2019-05-09', 0, 0, false);
INSERT INTO POMODORO(ID, USER, CREATION_TIMESTAMP, WORK_TIME, BREAK_TIME, INTERRUPTED)
VALUES (3614, 1, '2019-05-09', 0, 0, false);
INSERT INTO POMODORO(ID, USER, CREATION_TIMESTAMP, WORK_TIME, BREAK_TIME, INTERRUPTED)
VALUES (3615, 1, '2019-05-09', 0, 0, false);
INSERT INTO POMODORO(ID, USER, CREATION_TIMESTAMP, WORK_TIME, BREAK_TIME, INTERRUPTED)
VALUES (3616, 1, '2019-05-09', 0, 0, false);
INSERT INTO POMODORO(ID, USER, CREATION_TIMESTAMP, WORK_TIME, BREAK_TIME, INTERRUPTED)
VALUES (3617, 1, '2019-05-09', 0, 0, true);
INSERT INTO POMODORO(ID, USER, CREATION_TIMESTAMP, WORK_TIME, BREAK_TIME, INTERRUPTED)
VALUES (3618, 1, '2019-05-09', 0, 0, true);
INSERT INTO POMODORO(ID, USER, CREATION_TIMESTAMP, WORK_TIME, BREAK_TIME, INTERRUPTED)
VALUES (3619, 1, '2019-05-09', 0, 0, false);
INSERT INTO POMODORO(ID, USER, CREATION_TIMESTAMP, WORK_TIME, BREAK_TIME, INTERRUPTED)
VALUES (3620, 1, '2019-05-09', 0, 0, true);
INSERT INTO POMODORO(ID, USER, CREATION_TIMESTAMP, WORK_TIME, BREAK_TIME, INTERRUPTED)
VALUES (3621, 1, '2019-05-09', 0, 0, false);
INSERT INTO POMODORO(ID, USER, CREATION_TIMESTAMP, WORK_TIME, BREAK_TIME, INTERRUPTED)
VALUES (3622, 1, '2019-05-09', 0, 0, false);
INSERT INTO POMODORO(ID, USER, CREATION_TIMESTAMP, WORK_TIME, BREAK_TIME, INTERRUPTED)
VALUES (3623, 1, '2019-05-09', 0, 0, true);
INSERT INTO POMODORO(ID, USER, CREATION_TIMESTAMP, WORK_TIME, BREAK_TIME, INTERRUPTED)
VALUES (3624, 1, '2019-05-09', 0, 0, true);
INSERT INTO POMODORO(ID, USER, CREATION_TIMESTAMP, WORK_TIME, BREAK_TIME, INTERRUPTED)
VALUES (3625, 1, '2019-05-09', 0, 0, false);
INSERT INTO POMODORO(ID, USER, CREATION_TIMESTAMP, WORK_TIME, BREAK_TIME, INTERRUPTED)
VALUES (3626, 1, '2019-05-09', 0, 0, true);
INSERT INTO POMODORO(ID, USER, CREATION_TIMESTAMP, WORK_TIME, BREAK_TIME, INTERRUPTED)
VALUES (3627, 1, '2019-05-09', 0, 0, false);
INSERT INTO POMODORO(ID, USER, CREATION_TIMESTAMP, WORK_TIME, BREAK_TIME, INTERRUPTED)
VALUES (3628, 1, '2019-05-09', 0, 0, false);
INSERT INTO POMODORO(ID, USER, CREATION_TIMESTAMP, WORK_TIME, BREAK_TIME, INTERRUPTED)
VALUES (3629, 1, '2019-05-09', 0, 0, false);
INSERT INTO POMODORO(ID, USER, CREATION_TIMESTAMP, WORK_TIME, BREAK_TIME, INTERRUPTED)
VALUES (3630, 1, '2019-05-09', 0, 0, true);
INSERT INTO POMODORO(ID, USER, CREATION_TIMESTAMP, WORK_TIME, BREAK_TIME, INTERRUPTED)
VALUES (3631, 1, '2019-05-09', 0, 0, false);
INSERT INTO POMODORO(ID, USER, CREATION_TIMESTAMP, WORK_TIME, BREAK_TIME, INTERRUPTED)
VALUES (3632, 1, '2019-05-09', 0, 0, true);
INSERT INTO POMODORO(ID, USER, CREATION_TIMESTAMP, WORK_TIME, BREAK_TIME, INTERRUPTED)
VALUES (3633, 1, '2019-05-09', 0, 0, true);
INSERT INTO POMODORO(ID, USER, CREATION_TIMESTAMP, WORK_TIME, BREAK_TIME, INTERRUPTED)
VALUES (3634, 1, '2019-05-09', 0, 0, false);
INSERT INTO POMODORO(ID, USER, CREATION_TIMESTAMP, WORK_TIME, BREAK_TIME, INTERRUPTED)
VALUES (3635, 1, '2019-05-09', 0, 0, false);
INSERT INTO POMODORO(ID, USER, CREATION_TIMESTAMP, WORK_TIME, BREAK_TIME, INTERRUPTED)
VALUES (3636, 1, '2019-05-09', 0, 0, true);
INSERT INTO POMODORO(ID, USER, CREATION_TIMESTAMP, WORK_TIME, BREAK_TIME, INTERRUPTED)
VALUES (3637, 1, '2019-05-09', 0, 0, true);
INSERT INTO POMODORO(ID, USER, CREATION_TIMESTAMP, WORK_TIME, BREAK_TIME, INTERRUPTED)
VALUES (3638, 1, '2019-05-08', 0, 0, true);
INSERT INTO POMODORO(ID, USER, CREATION_TIMESTAMP, WORK_TIME, BREAK_TIME, INTERRUPTED)
VALUES (3639, 1, '2019-05-08', 0, 0, false);
INSERT INTO POMODORO(ID, USER, CREATION_TIMESTAMP, WORK_TIME, BREAK_TIME, INTERRUPTED)
VALUES (3640, 1, '2019-05-08', 0, 0, true);
INSERT INTO POMODORO(ID, USER, CREATION_TIMESTAMP, WORK_TIME, BREAK_TIME, INTERRUPTED)
VALUES (3641, 1, '2019-05-08', 0, 0, true);
INSERT INTO POMODORO(ID, USER, CREATION_TIMESTAMP, WORK_TIME, BREAK_TIME, INTERRUPTED)
VALUES (3642, 1, '2019-05-08', 0, 0, true);
INSERT INTO POMODORO(ID, USER, CREATION_TIMESTAMP, WORK_TIME, BREAK_TIME, INTERRUPTED)
VALUES (3643, 1, '2019-05-08', 0, 0, true);
INSERT INTO POMODORO(ID, USER, CREATION_TIMESTAMP, WORK_TIME, BREAK_TIME, INTERRUPTED)
VALUES (3644, 1, '2019-05-08', 0, 0, false);
INSERT INTO POMODORO(ID, USER, CREATION_TIMESTAMP, WORK_TIME, BREAK_TIME, INTERRUPTED)
VALUES (3645, 1, '2019-05-08', 0, 0, false);
INSERT INTO POMODORO(ID, USER, CREATION_TIMESTAMP, WORK_TIME, BREAK_TIME, INTERRUPTED)
VALUES (3646, 1, '2019-05-08', 0, 0, false);
INSERT INTO POMODORO(ID, USER, CREATION_TIMESTAMP, WORK_TIME, BREAK_TIME, INTERRUPTED)
VALUES (3647, 1, '2019-05-08', 0, 0, false);
INSERT INTO POMODORO(ID, USER, CREATION_TIMESTAMP, WORK_TIME, BREAK_TIME, INTERRUPTED)
VALUES (3648, 1, '2019-05-08', 0, 0, false);
INSERT INTO POMODORO(ID, USER, CREATION_TIMESTAMP, WORK_TIME, BREAK_TIME, INTERRUPTED)
VALUES (3649, 1, '2019-05-08', 0, 0, false);
INSERT INTO POMODORO(ID, USER, CREATION_TIMESTAMP, WORK_TIME, BREAK_TIME, INTERRUPTED)
VALUES (3650, 1, '2019-05-08', 0, 0, false);
INSERT INTO POMODORO(ID, USER, CREATION_TIMESTAMP, WORK_TIME, BREAK_TIME, INTERRUPTED)
VALUES (3651, 1, '2019-05-08', 0, 0, true);
INSERT INTO POMODORO(ID, USER, CREATION_TIMESTAMP, WORK_TIME, BREAK_TIME, INTERRUPTED)
VALUES (3652, 1, '2019-05-08', 0, 0, true);
INSERT INTO POMODORO(ID, USER, CREATION_TIMESTAMP, WORK_TIME, BREAK_TIME, INTERRUPTED)
VALUES (3653, 1, '2019-05-08', 0, 0, false);
INSERT INTO POMODORO(ID, USER, CREATION_TIMESTAMP, WORK_TIME, BREAK_TIME, INTERRUPTED)
VALUES (3654, 1, '2019-05-08', 0, 0, false);
INSERT INTO POMODORO(ID, USER, CREATION_TIMESTAMP, WORK_TIME, BREAK_TIME, INTERRUPTED)
VALUES (3655, 1, '2019-05-08', 0, 0, true);
INSERT INTO POMODORO(ID, USER, CREATION_TIMESTAMP, WORK_TIME, BREAK_TIME, INTERRUPTED)
VALUES (3656, 1, '2019-05-08', 0, 0, false);
INSERT INTO POMODORO(ID, USER, CREATION_TIMESTAMP, WORK_TIME, BREAK_TIME, INTERRUPTED)
VALUES (3657, 1, '2019-05-08', 0, 0, false);
INSERT INTO POMODORO(ID, USER, CREATION_TIMESTAMP, WORK_TIME, BREAK_TIME, INTERRUPTED)
VALUES (3658, 1, '2019-05-08', 0, 0, false);
INSERT INTO POMODORO(ID, USER, CREATION_TIMESTAMP, WORK_TIME, BREAK_TIME, INTERRUPTED)
VALUES (3659, 1, '2019-05-08', 0, 0, false);
INSERT INTO POMODORO(ID, USER, CREATION_TIMESTAMP, WORK_TIME, BREAK_TIME, INTERRUPTED)
VALUES (3660, 1, '2019-05-08', 0, 0, false);
INSERT INTO POMODORO(ID, USER, CREATION_TIMESTAMP, WORK_TIME, BREAK_TIME, INTERRUPTED)
VALUES (3661, 1, '2019-05-08', 0, 0, true);
INSERT INTO POMODORO(ID, USER, CREATION_TIMESTAMP, WORK_TIME, BREAK_TIME, INTERRUPTED)
VALUES (3662, 1, '2019-05-07', 0, 0, false);
INSERT INTO POMODORO(ID, USER, CREATION_TIMESTAMP, WORK_TIME, BREAK_TIME, INTERRUPTED)
VALUES (3663, 1, '2019-05-07', 0, 0, false);
INSERT INTO POMODORO(ID, USER, CREATION_TIMESTAMP, WORK_TIME, BREAK_TIME, INTERRUPTED)
VALUES (3664, 1, '2019-05-07', 0, 0, false);
INSERT INTO POMODORO(ID, USER, CREATION_TIMESTAMP, WORK_TIME, BREAK_TIME, INTERRUPTED)
VALUES (3665, 1, '2019-05-07', 0, 0, true);
INSERT INTO POMODORO(ID, USER, CREATION_TIMESTAMP, WORK_TIME, BREAK_TIME, INTERRUPTED)
VALUES (3666, 1, '2019-05-07', 0, 0, true);
INSERT INTO POMODORO(ID, USER, CREATION_TIMESTAMP, WORK_TIME, BREAK_TIME, INTERRUPTED)
VALUES (3667, 1, '2019-05-07', 0, 0, true);
INSERT INTO POMODORO(ID, USER, CREATION_TIMESTAMP, WORK_TIME, BREAK_TIME, INTERRUPTED)
VALUES (3668, 1, '2019-05-07', 0, 0, false);
INSERT INTO POMODORO(ID, USER, CREATION_TIMESTAMP, WORK_TIME, BREAK_TIME, INTERRUPTED)
VALUES (3669, 1, '2019-05-06', 0, 0, false);
INSERT INTO POMODORO(ID, USER, CREATION_TIMESTAMP, WORK_TIME, BREAK_TIME, INTERRUPTED)
VALUES (3670, 1, '2019-05-06', 0, 0, true);
INSERT INTO POMODORO(ID, USER, CREATION_TIMESTAMP, WORK_TIME, BREAK_TIME, INTERRUPTED)
VALUES (3671, 1, '2019-05-06', 0, 0, true);
INSERT INTO POMODORO(ID, USER, CREATION_TIMESTAMP, WORK_TIME, BREAK_TIME, INTERRUPTED)
VALUES (3672, 1, '2019-05-06', 0, 0, false);
INSERT INTO POMODORO(ID, USER, CREATION_TIMESTAMP, WORK_TIME, BREAK_TIME, INTERRUPTED)
VALUES (3673, 1, '2019-05-06', 0, 0, false);
INSERT INTO POMODORO(ID, USER, CREATION_TIMESTAMP, WORK_TIME, BREAK_TIME, INTERRUPTED)
VALUES (3674, 1, '2019-05-06', 0, 0, true);
INSERT INTO POMODORO(ID, USER, CREATION_TIMESTAMP, WORK_TIME, BREAK_TIME, INTERRUPTED)
VALUES (3675, 1, '2019-05-06', 0, 0, true);
INSERT INTO POMODORO(ID, USER, CREATION_TIMESTAMP, WORK_TIME, BREAK_TIME, INTERRUPTED)
VALUES (3676, 1, '2019-05-06', 0, 0, true);
INSERT INTO POMODORO(ID, USER, CREATION_TIMESTAMP, WORK_TIME, BREAK_TIME, INTERRUPTED)
VALUES (3677, 1, '2019-05-06', 0, 0, false);
INSERT INTO POMODORO(ID, USER, CREATION_TIMESTAMP, WORK_TIME, BREAK_TIME, INTERRUPTED)
VALUES (3678, 1, '2019-05-06', 0, 0, true);
INSERT INTO POMODORO(ID, USER, CREATION_TIMESTAMP, WORK_TIME, BREAK_TIME, INTERRUPTED)
VALUES (3679, 1, '2019-05-06', 0, 0, false);
INSERT INTO POMODORO(ID, USER, CREATION_TIMESTAMP, WORK_TIME, BREAK_TIME, INTERRUPTED)
VALUES (3680, 1, '2019-05-06', 0, 0, true);
INSERT INTO POMODORO(ID, USER, CREATION_TIMESTAMP, WORK_TIME, BREAK_TIME, INTERRUPTED)
VALUES (3681, 1, '2019-05-06', 0, 0, false);
INSERT INTO POMODORO(ID, USER, CREATION_TIMESTAMP, WORK_TIME, BREAK_TIME, INTERRUPTED)
VALUES (3682, 1, '2019-05-06', 0, 0, false);
INSERT INTO POMODORO(ID, USER, CREATION_TIMESTAMP, WORK_TIME, BREAK_TIME, INTERRUPTED)
VALUES (3683, 1, '2019-05-05', 0, 0, true);
INSERT INTO POMODORO(ID, USER, CREATION_TIMESTAMP, WORK_TIME, BREAK_TIME, INTERRUPTED)
VALUES (3684, 1, '2019-05-05', 0, 0, false);
INSERT INTO POMODORO(ID, USER, CREATION_TIMESTAMP, WORK_TIME, BREAK_TIME, INTERRUPTED)
VALUES (3685, 1, '2019-05-05', 0, 0, true);
INSERT INTO POMODORO(ID, USER, CREATION_TIMESTAMP, WORK_TIME, BREAK_TIME, INTERRUPTED)
VALUES (3686, 1, '2019-05-05', 0, 0, true);
INSERT INTO POMODORO(ID, USER, CREATION_TIMESTAMP, WORK_TIME, BREAK_TIME, INTERRUPTED)
VALUES (3687, 1, '2019-05-05', 0, 0, true);
INSERT INTO POMODORO(ID, USER, CREATION_TIMESTAMP, WORK_TIME, BREAK_TIME, INTERRUPTED)
VALUES (3688, 1, '2019-05-05', 0, 0, true);
INSERT INTO POMODORO(ID, USER, CREATION_TIMESTAMP, WORK_TIME, BREAK_TIME, INTERRUPTED)
VALUES (3689, 1, '2019-05-05', 0, 0, true);
INSERT INTO POMODORO(ID, USER, CREATION_TIMESTAMP, WORK_TIME, BREAK_TIME, INTERRUPTED)
VALUES (3690, 1, '2019-05-05', 0, 0, false);
INSERT INTO POMODORO(ID, USER, CREATION_TIMESTAMP, WORK_TIME, BREAK_TIME, INTERRUPTED)
VALUES (3691, 1, '2019-05-05', 0, 0, true);
INSERT INTO POMODORO(ID, USER, CREATION_TIMESTAMP, WORK_TIME, BREAK_TIME, INTERRUPTED)
VALUES (3692, 1, '2019-05-05', 0, 0, false);
INSERT INTO POMODORO(ID, USER, CREATION_TIMESTAMP, WORK_TIME, BREAK_TIME, INTERRUPTED)
VALUES (3693, 1, '2019-05-05', 0, 0, false);
INSERT INTO POMODORO(ID, USER, CREATION_TIMESTAMP, WORK_TIME, BREAK_TIME, INTERRUPTED)
VALUES (3694, 1, '2019-05-05', 0, 0, true);
INSERT INTO POMODORO(ID, USER, CREATION_TIMESTAMP, WORK_TIME, BREAK_TIME, INTERRUPTED)
VALUES (3695, 1, '2019-05-05', 0, 0, true);
INSERT INTO POMODORO(ID, USER, CREATION_TIMESTAMP, WORK_TIME, BREAK_TIME, INTERRUPTED)
VALUES (3696, 1, '2019-05-05', 0, 0, false);
INSERT INTO POMODORO(ID, USER, CREATION_TIMESTAMP, WORK_TIME, BREAK_TIME, INTERRUPTED)
VALUES (3697, 1, '2019-05-05', 0, 0, false);
INSERT INTO POMODORO(ID, USER, CREATION_TIMESTAMP, WORK_TIME, BREAK_TIME, INTERRUPTED)
VALUES (3698, 1, '2019-05-05', 0, 0, true);
INSERT INTO POMODORO(ID, USER, CREATION_TIMESTAMP, WORK_TIME, BREAK_TIME, INTERRUPTED)
VALUES (3699, 1, '2019-05-05', 0, 0, true);
INSERT INTO POMODORO(ID, USER, CREATION_TIMESTAMP, WORK_TIME, BREAK_TIME, INTERRUPTED)
VALUES (3700, 1, '2019-05-05', 0, 0, false);
INSERT INTO POMODORO(ID, USER, CREATION_TIMESTAMP, WORK_TIME, BREAK_TIME, INTERRUPTED)
VALUES (3701, 1, '2019-05-05', 0, 0, true);
INSERT INTO POMODORO(ID, USER, CREATION_TIMESTAMP, WORK_TIME, BREAK_TIME, INTERRUPTED)
VALUES (3702, 1, '2019-05-05', 0, 0, true);
INSERT INTO POMODORO(ID, USER, CREATION_TIMESTAMP, WORK_TIME, BREAK_TIME, INTERRUPTED)
VALUES (3703, 1, '2019-05-05', 0, 0, false);
INSERT INTO POMODORO(ID, USER, CREATION_TIMESTAMP, WORK_TIME, BREAK_TIME, INTERRUPTED)
VALUES (3704, 1, '2019-05-05', 0, 0, false);
INSERT INTO POMODORO(ID, USER, CREATION_TIMESTAMP, WORK_TIME, BREAK_TIME, INTERRUPTED)
VALUES (3705, 1, '2019-05-04', 0, 0, false);
INSERT INTO POMODORO(ID, USER, CREATION_TIMESTAMP, WORK_TIME, BREAK_TIME, INTERRUPTED)
VALUES (3706, 1, '2019-05-04', 0, 0, true);
INSERT INTO POMODORO(ID, USER, CREATION_TIMESTAMP, WORK_TIME, BREAK_TIME, INTERRUPTED)
VALUES (3707, 1, '2019-05-04', 0, 0, true);
INSERT INTO POMODORO(ID, USER, CREATION_TIMESTAMP, WORK_TIME, BREAK_TIME, INTERRUPTED)
VALUES (3708, 1, '2019-05-04', 0, 0, true);
INSERT INTO POMODORO(ID, USER, CREATION_TIMESTAMP, WORK_TIME, BREAK_TIME, INTERRUPTED)
VALUES (3709, 1, '2019-05-04', 0, 0, true);
INSERT INTO POMODORO(ID, USER, CREATION_TIMESTAMP, WORK_TIME, BREAK_TIME, INTERRUPTED)
VALUES (3710, 1, '2019-05-04', 0, 0, false);
INSERT INTO POMODORO(ID, USER, CREATION_TIMESTAMP, WORK_TIME, BREAK_TIME, INTERRUPTED)
VALUES (3711, 1, '2019-05-04', 0, 0, false);
INSERT INTO POMODORO(ID, USER, CREATION_TIMESTAMP, WORK_TIME, BREAK_TIME, INTERRUPTED)
VALUES (3712, 1, '2019-05-04', 0, 0, true);
INSERT INTO POMODORO(ID, USER, CREATION_TIMESTAMP, WORK_TIME, BREAK_TIME, INTERRUPTED)
VALUES (3713, 1, '2019-05-04', 0, 0, false);
INSERT INTO POMODORO(ID, USER, CREATION_TIMESTAMP, WORK_TIME, BREAK_TIME, INTERRUPTED)
VALUES (3714, 1, '2019-05-04', 0, 0, true);
INSERT INTO POMODORO(ID, USER, CREATION_TIMESTAMP, WORK_TIME, BREAK_TIME, INTERRUPTED)
VALUES (3715, 1, '2019-05-04', 0, 0, false);
INSERT INTO POMODORO(ID, USER, CREATION_TIMESTAMP, WORK_TIME, BREAK_TIME, INTERRUPTED)
VALUES (3716, 1, '2019-05-04', 0, 0, false);
INSERT INTO POMODORO(ID, USER, CREATION_TIMESTAMP, WORK_TIME, BREAK_TIME, INTERRUPTED)
VALUES (3717, 1, '2019-05-04', 0, 0, true);
INSERT INTO POMODORO(ID, USER, CREATION_TIMESTAMP, WORK_TIME, BREAK_TIME, INTERRUPTED)
VALUES (3718, 1, '2019-05-04', 0, 0, false);
INSERT INTO POMODORO(ID, USER, CREATION_TIMESTAMP, WORK_TIME, BREAK_TIME, INTERRUPTED)
VALUES (3719, 1, '2019-05-04', 0, 0, true);
INSERT INTO POMODORO(ID, USER, CREATION_TIMESTAMP, WORK_TIME, BREAK_TIME, INTERRUPTED)
VALUES (3720, 1, '2019-05-04', 0, 0, false);
INSERT INTO POMODORO(ID, USER, CREATION_TIMESTAMP, WORK_TIME, BREAK_TIME, INTERRUPTED)
VALUES (3721, 1, '2019-05-04', 0, 0, false);
INSERT INTO POMODORO(ID, USER, CREATION_TIMESTAMP, WORK_TIME, BREAK_TIME, INTERRUPTED)
VALUES (3722, 1, '2019-05-04', 0, 0, true);
INSERT INTO POMODORO(ID, USER, CREATION_TIMESTAMP, WORK_TIME, BREAK_TIME, INTERRUPTED)
VALUES (3723, 1, '2019-05-04', 0, 0, true);
INSERT INTO POMODORO(ID, USER, CREATION_TIMESTAMP, WORK_TIME, BREAK_TIME, INTERRUPTED)
VALUES (3724, 1, '2019-05-04', 0, 0, false);
INSERT INTO POMODORO(ID, USER, CREATION_TIMESTAMP, WORK_TIME, BREAK_TIME, INTERRUPTED)
VALUES (3725, 1, '2019-05-04', 0, 0, false);
INSERT INTO POMODORO(ID, USER, CREATION_TIMESTAMP, WORK_TIME, BREAK_TIME, INTERRUPTED)
VALUES (3726, 1, '2019-05-04', 0, 0, true);
INSERT INTO POMODORO(ID, USER, CREATION_TIMESTAMP, WORK_TIME, BREAK_TIME, INTERRUPTED)
VALUES (3727, 1, '2019-05-04', 0, 0, true);
INSERT INTO POMODORO(ID, USER, CREATION_TIMESTAMP, WORK_TIME, BREAK_TIME, INTERRUPTED)
VALUES (3728, 1, '2019-05-04', 0, 0, false);
INSERT INTO POMODORO(ID, USER, CREATION_TIMESTAMP, WORK_TIME, BREAK_TIME, INTERRUPTED)
VALUES (3729, 1, '2019-05-04', 0, 0, false);
INSERT INTO POMODORO(ID, USER, CREATION_TIMESTAMP, WORK_TIME, BREAK_TIME, INTERRUPTED)
VALUES (3730, 1, '2019-05-04', 0, 0, false);
INSERT INTO POMODORO(ID, USER, CREATION_TIMESTAMP, WORK_TIME, BREAK_TIME, INTERRUPTED)
VALUES (3731, 1, '2019-05-04', 0, 0, true);
INSERT INTO POMODORO(ID, USER, CREATION_TIMESTAMP, WORK_TIME, BREAK_TIME, INTERRUPTED)
VALUES (3732, 1, '2019-05-04', 0, 0, false);
INSERT INTO POMODORO(ID, USER, CREATION_TIMESTAMP, WORK_TIME, BREAK_TIME, INTERRUPTED)
VALUES (3733, 1, '2019-05-04', 0, 0, true);
INSERT INTO POMODORO(ID, USER, CREATION_TIMESTAMP, WORK_TIME, BREAK_TIME, INTERRUPTED)
VALUES (3734, 1, '2019-05-04', 0, 0, false);
INSERT INTO POMODORO(ID, USER, CREATION_TIMESTAMP, WORK_TIME, BREAK_TIME, INTERRUPTED)
VALUES (3735, 1, '2019-05-04', 0, 0, false);
INSERT INTO POMODORO(ID, USER, CREATION_TIMESTAMP, WORK_TIME, BREAK_TIME, INTERRUPTED)
VALUES (3736, 1, '2019-05-04', 0, 0, false);
INSERT INTO POMODORO(ID, USER, CREATION_TIMESTAMP, WORK_TIME, BREAK_TIME, INTERRUPTED)
VALUES (3737, 1, '2019-05-04', 0, 0, true);
INSERT INTO POMODORO(ID, USER, CREATION_TIMESTAMP, WORK_TIME, BREAK_TIME, INTERRUPTED)
VALUES (3738, 1, '2019-05-04', 0, 0, false);
INSERT INTO POMODORO(ID, USER, CREATION_TIMESTAMP, WORK_TIME, BREAK_TIME, INTERRUPTED)
VALUES (3739, 1, '2019-05-03', 0, 0, true);
INSERT INTO POMODORO(ID, USER, CREATION_TIMESTAMP, WORK_TIME, BREAK_TIME, INTERRUPTED)
VALUES (3740, 1, '2019-05-03', 0, 0, true);
INSERT INTO POMODORO(ID, USER, CREATION_TIMESTAMP, WORK_TIME, BREAK_TIME, INTERRUPTED)
VALUES (3741, 1, '2019-05-03', 0, 0, false);
INSERT INTO POMODORO(ID, USER, CREATION_TIMESTAMP, WORK_TIME, BREAK_TIME, INTERRUPTED)
VALUES (3742, 1, '2019-05-03', 0, 0, false);
INSERT INTO POMODORO(ID, USER, CREATION_TIMESTAMP, WORK_TIME, BREAK_TIME, INTERRUPTED)
VALUES (3743, 1, '2019-05-03', 0, 0, true);
INSERT INTO POMODORO(ID, USER, CREATION_TIMESTAMP, WORK_TIME, BREAK_TIME, INTERRUPTED)
VALUES (3744, 1, '2019-05-03', 0, 0, false);
INSERT INTO POMODORO(ID, USER, CREATION_TIMESTAMP, WORK_TIME, BREAK_TIME, INTERRUPTED)
VALUES (3745, 1, '2019-05-03', 0, 0, true);
INSERT INTO POMODORO(ID, USER, CREATION_TIMESTAMP, WORK_TIME, BREAK_TIME, INTERRUPTED)
VALUES (3746, 1, '2019-05-03', 0, 0, true);
INSERT INTO POMODORO(ID, USER, CREATION_TIMESTAMP, WORK_TIME, BREAK_TIME, INTERRUPTED)
VALUES (3747, 1, '2019-05-03', 0, 0, true);
INSERT INTO POMODORO(ID, USER, CREATION_TIMESTAMP, WORK_TIME, BREAK_TIME, INTERRUPTED)
VALUES (3748, 1, '2019-05-03', 0, 0, false);
INSERT INTO POMODORO(ID, USER, CREATION_TIMESTAMP, WORK_TIME, BREAK_TIME, INTERRUPTED)
VALUES (3749, 1, '2019-05-03', 0, 0, false);
INSERT INTO POMODORO(ID, USER, CREATION_TIMESTAMP, WORK_TIME, BREAK_TIME, INTERRUPTED)
VALUES (3750, 1, '2019-05-03', 0, 0, false);
INSERT INTO POMODORO(ID, USER, CREATION_TIMESTAMP, WORK_TIME, BREAK_TIME, INTERRUPTED)
VALUES (3751, 1, '2019-05-03', 0, 0, false);
INSERT INTO POMODORO(ID, USER, CREATION_TIMESTAMP, WORK_TIME, BREAK_TIME, INTERRUPTED)
VALUES (3752, 1, '2019-05-03', 0, 0, true);
INSERT INTO POMODORO(ID, USER, CREATION_TIMESTAMP, WORK_TIME, BREAK_TIME, INTERRUPTED)
VALUES (3753, 1, '2019-05-03', 0, 0, true);
INSERT INTO POMODORO(ID, USER, CREATION_TIMESTAMP, WORK_TIME, BREAK_TIME, INTERRUPTED)
VALUES (3754, 1, '2019-05-03', 0, 0, true);
INSERT INTO POMODORO(ID, USER, CREATION_TIMESTAMP, WORK_TIME, BREAK_TIME, INTERRUPTED)
VALUES (3755, 1, '2019-05-03', 0, 0, false);
INSERT INTO POMODORO(ID, USER, CREATION_TIMESTAMP, WORK_TIME, BREAK_TIME, INTERRUPTED)
VALUES (3756, 1, '2019-05-03', 0, 0, true);
INSERT INTO POMODORO(ID, USER, CREATION_TIMESTAMP, WORK_TIME, BREAK_TIME, INTERRUPTED)
VALUES (3757, 1, '2019-05-03', 0, 0, false);
INSERT INTO POMODORO(ID, USER, CREATION_TIMESTAMP, WORK_TIME, BREAK_TIME, INTERRUPTED)
VALUES (3758, 1, '2019-05-03', 0, 0, false);
INSERT INTO POMODORO(ID, USER, CREATION_TIMESTAMP, WORK_TIME, BREAK_TIME, INTERRUPTED)
VALUES (3759, 1, '2019-05-03', 0, 0, true);
INSERT INTO POMODORO(ID, USER, CREATION_TIMESTAMP, WORK_TIME, BREAK_TIME, INTERRUPTED)
VALUES (3760, 1, '2019-05-03', 0, 0, false);
INSERT INTO POMODORO(ID, USER, CREATION_TIMESTAMP, WORK_TIME, BREAK_TIME, INTERRUPTED)
VALUES (3761, 1, '2019-05-03', 0, 0, true);
INSERT INTO POMODORO(ID, USER, CREATION_TIMESTAMP, WORK_TIME, BREAK_TIME, INTERRUPTED)
VALUES (3762, 1, '2019-05-03', 0, 0, false);
INSERT INTO POMODORO(ID, USER, CREATION_TIMESTAMP, WORK_TIME, BREAK_TIME, INTERRUPTED)
VALUES (3763, 1, '2019-05-03', 0, 0, false);
INSERT INTO POMODORO(ID, USER, CREATION_TIMESTAMP, WORK_TIME, BREAK_TIME, INTERRUPTED)
VALUES (3764, 1, '2019-05-03', 0, 0, true);
INSERT INTO POMODORO(ID, USER, CREATION_TIMESTAMP, WORK_TIME, BREAK_TIME, INTERRUPTED)
VALUES (3765, 1, '2019-05-03', 0, 0, false);
INSERT INTO POMODORO(ID, USER, CREATION_TIMESTAMP, WORK_TIME, BREAK_TIME, INTERRUPTED)
VALUES (3766, 1, '2019-05-03', 0, 0, true);
INSERT INTO POMODORO(ID, USER, CREATION_TIMESTAMP, WORK_TIME, BREAK_TIME, INTERRUPTED)
VALUES (3767, 1, '2019-05-03', 0, 0, false);
INSERT INTO POMODORO(ID, USER, CREATION_TIMESTAMP, WORK_TIME, BREAK_TIME, INTERRUPTED)
VALUES (3768, 1, '2019-05-03', 0, 0, true);
INSERT INTO POMODORO(ID, USER, CREATION_TIMESTAMP, WORK_TIME, BREAK_TIME, INTERRUPTED)
VALUES (3769, 1, '2019-05-03', 0, 0, false);
INSERT INTO POMODORO(ID, USER, CREATION_TIMESTAMP, WORK_TIME, BREAK_TIME, INTERRUPTED)
VALUES (3770, 1, '2019-05-03', 0, 0, false);
INSERT INTO POMODORO(ID, USER, CREATION_TIMESTAMP, WORK_TIME, BREAK_TIME, INTERRUPTED)
VALUES (3771, 1, '2019-05-03', 0, 0, false);
INSERT INTO POMODORO(ID, USER, CREATION_TIMESTAMP, WORK_TIME, BREAK_TIME, INTERRUPTED)
VALUES (3772, 1, '2019-05-03', 0, 0, true);
INSERT INTO POMODORO(ID, USER, CREATION_TIMESTAMP, WORK_TIME, BREAK_TIME, INTERRUPTED)
VALUES (3773, 1, '2019-05-03', 0, 0, false);
INSERT INTO POMODORO(ID, USER, CREATION_TIMESTAMP, WORK_TIME, BREAK_TIME, INTERRUPTED)
VALUES (3774, 1, '2019-05-03', 0, 0, true);
INSERT INTO POMODORO(ID, USER, CREATION_TIMESTAMP, WORK_TIME, BREAK_TIME, INTERRUPTED)
VALUES (3775, 1, '2019-05-03', 0, 0, true);
INSERT INTO POMODORO(ID, USER, CREATION_TIMESTAMP, WORK_TIME, BREAK_TIME, INTERRUPTED)
VALUES (3776, 1, '2019-05-03', 0, 0, false);
INSERT INTO POMODORO(ID, USER, CREATION_TIMESTAMP, WORK_TIME, BREAK_TIME, INTERRUPTED)
VALUES (3777, 1, '2019-05-03', 0, 0, false);
INSERT INTO POMODORO(ID, USER, CREATION_TIMESTAMP, WORK_TIME, BREAK_TIME, INTERRUPTED)
VALUES (3778, 1, '2019-05-03', 0, 0, true);
INSERT INTO POMODORO(ID, USER, CREATION_TIMESTAMP, WORK_TIME, BREAK_TIME, INTERRUPTED)
VALUES (3779, 1, '2019-05-03', 0, 0, true);
INSERT INTO POMODORO(ID, USER, CREATION_TIMESTAMP, WORK_TIME, BREAK_TIME, INTERRUPTED)
VALUES (3780, 1, '2019-05-03', 0, 0, true);
INSERT INTO POMODORO(ID, USER, CREATION_TIMESTAMP, WORK_TIME, BREAK_TIME, INTERRUPTED)
VALUES (3781, 1, '2019-05-03', 0, 0, false);
INSERT INTO POMODORO(ID, USER, CREATION_TIMESTAMP, WORK_TIME, BREAK_TIME, INTERRUPTED)
VALUES (3782, 1, '2019-05-02', 0, 0, false);
INSERT INTO POMODORO(ID, USER, CREATION_TIMESTAMP, WORK_TIME, BREAK_TIME, INTERRUPTED)
VALUES (3783, 1, '2019-05-02', 0, 0, false);
INSERT INTO POMODORO(ID, USER, CREATION_TIMESTAMP, WORK_TIME, BREAK_TIME, INTERRUPTED)
VALUES (3784, 1, '2019-05-02', 0, 0, false);
INSERT INTO POMODORO(ID, USER, CREATION_TIMESTAMP, WORK_TIME, BREAK_TIME, INTERRUPTED)
VALUES (3785, 1, '2019-05-02', 0, 0, false);
INSERT INTO POMODORO(ID, USER, CREATION_TIMESTAMP, WORK_TIME, BREAK_TIME, INTERRUPTED)
VALUES (3786, 1, '2019-05-02', 0, 0, false);
INSERT INTO POMODORO(ID, USER, CREATION_TIMESTAMP, WORK_TIME, BREAK_TIME, INTERRUPTED)
VALUES (3787, 1, '2019-05-02', 0, 0, false);
INSERT INTO POMODORO(ID, USER, CREATION_TIMESTAMP, WORK_TIME, BREAK_TIME, INTERRUPTED)
VALUES (3788, 1, '2019-05-02', 0, 0, false);
INSERT INTO POMODORO(ID, USER, CREATION_TIMESTAMP, WORK_TIME, BREAK_TIME, INTERRUPTED)
VALUES (3789, 1, '2019-05-02', 0, 0, true);
INSERT INTO POMODORO(ID, USER, CREATION_TIMESTAMP, WORK_TIME, BREAK_TIME, INTERRUPTED)
VALUES (3790, 1, '2019-05-02', 0, 0, false);
INSERT INTO POMODORO(ID, USER, CREATION_TIMESTAMP, WORK_TIME, BREAK_TIME, INTERRUPTED)
VALUES (3791, 1, '2019-05-02', 0, 0, false);
INSERT INTO POMODORO(ID, USER, CREATION_TIMESTAMP, WORK_TIME, BREAK_TIME, INTERRUPTED)
VALUES (3792, 1, '2019-05-02', 0, 0, false);
INSERT INTO POMODORO(ID, USER, CREATION_TIMESTAMP, WORK_TIME, BREAK_TIME, INTERRUPTED)
VALUES (3793, 1, '2019-05-02', 0, 0, false);
INSERT INTO POMODORO(ID, USER, CREATION_TIMESTAMP, WORK_TIME, BREAK_TIME, INTERRUPTED)
VALUES (3794, 1, '2019-05-02', 0, 0, true);
INSERT INTO POMODORO(ID, USER, CREATION_TIMESTAMP, WORK_TIME, BREAK_TIME, INTERRUPTED)
VALUES (3795, 1, '2019-05-02', 0, 0, true);
INSERT INTO POMODORO(ID, USER, CREATION_TIMESTAMP, WORK_TIME, BREAK_TIME, INTERRUPTED)
VALUES (3796, 1, '2019-05-02', 0, 0, false);
INSERT INTO POMODORO(ID, USER, CREATION_TIMESTAMP, WORK_TIME, BREAK_TIME, INTERRUPTED)
VALUES (3797, 1, '2019-05-02', 0, 0, false);
INSERT INTO POMODORO(ID, USER, CREATION_TIMESTAMP, WORK_TIME, BREAK_TIME, INTERRUPTED)
VALUES (3798, 1, '2019-05-02', 0, 0, true);
INSERT INTO POMODORO(ID, USER, CREATION_TIMESTAMP, WORK_TIME, BREAK_TIME, INTERRUPTED)
VALUES (3799, 1, '2019-05-02', 0, 0, false);
INSERT INTO POMODORO(ID, USER, CREATION_TIMESTAMP, WORK_TIME, BREAK_TIME, INTERRUPTED)
VALUES (3800, 1, '2019-05-02', 0, 0, true);
INSERT INTO POMODORO(ID, USER, CREATION_TIMESTAMP, WORK_TIME, BREAK_TIME, INTERRUPTED)
VALUES (3801, 1, '2019-05-02', 0, 0, true);
INSERT INTO POMODORO(ID, USER, CREATION_TIMESTAMP, WORK_TIME, BREAK_TIME, INTERRUPTED)
VALUES (3802, 1, '2019-05-02', 0, 0, false);
INSERT INTO POMODORO(ID, USER, CREATION_TIMESTAMP, WORK_TIME, BREAK_TIME, INTERRUPTED)
VALUES (3803, 1, '2019-05-02', 0, 0, false);
INSERT INTO POMODORO(ID, USER, CREATION_TIMESTAMP, WORK_TIME, BREAK_TIME, INTERRUPTED)
VALUES (3804, 1, '2019-05-02', 0, 0, true);
INSERT INTO POMODORO(ID, USER, CREATION_TIMESTAMP, WORK_TIME, BREAK_TIME, INTERRUPTED)
VALUES (3805, 1, '2019-05-02', 0, 0, true);
INSERT INTO POMODORO(ID, USER, CREATION_TIMESTAMP, WORK_TIME, BREAK_TIME, INTERRUPTED)
VALUES (3806, 1, '2019-05-02', 0, 0, true);
INSERT INTO POMODORO(ID, USER, CREATION_TIMESTAMP, WORK_TIME, BREAK_TIME, INTERRUPTED)
VALUES (3807, 1, '2019-05-02', 0, 0, false);
INSERT INTO POMODORO(ID, USER, CREATION_TIMESTAMP, WORK_TIME, BREAK_TIME, INTERRUPTED)
VALUES (3808, 1, '2019-05-02', 0, 0, true);
INSERT INTO POMODORO(ID, USER, CREATION_TIMESTAMP, WORK_TIME, BREAK_TIME, INTERRUPTED)
VALUES (3809, 1, '2019-05-02', 0, 0, true);
INSERT INTO POMODORO(ID, USER, CREATION_TIMESTAMP, WORK_TIME, BREAK_TIME, INTERRUPTED)
VALUES (3810, 1, '2019-05-02', 0, 0, true);
INSERT INTO POMODORO(ID, USER, CREATION_TIMESTAMP, WORK_TIME, BREAK_TIME, INTERRUPTED)
VALUES (3811, 1, '2019-05-02', 0, 0, true);
INSERT INTO POMODORO(ID, USER, CREATION_TIMESTAMP, WORK_TIME, BREAK_TIME, INTERRUPTED)
VALUES (3812, 1, '2019-05-02', 0, 0, false);
INSERT INTO POMODORO(ID, USER, CREATION_TIMESTAMP, WORK_TIME, BREAK_TIME, INTERRUPTED)
VALUES (3813, 1, '2019-05-02', 0, 0, false);
INSERT INTO POMODORO(ID, USER, CREATION_TIMESTAMP, WORK_TIME, BREAK_TIME, INTERRUPTED)
VALUES (3814, 1, '2019-05-02', 0, 0, false);
INSERT INTO POMODORO(ID, USER, CREATION_TIMESTAMP, WORK_TIME, BREAK_TIME, INTERRUPTED)
VALUES (3815, 1, '2019-05-02', 0, 0, false);
INSERT INTO POMODORO(ID, USER, CREATION_TIMESTAMP, WORK_TIME, BREAK_TIME, INTERRUPTED)
VALUES (3816, 1, '2019-05-02', 0, 0, false);
INSERT INTO POMODORO(ID, USER, CREATION_TIMESTAMP, WORK_TIME, BREAK_TIME, INTERRUPTED)
VALUES (3817, 1, '2019-05-02', 0, 0, false);
INSERT INTO POMODORO(ID, USER, CREATION_TIMESTAMP, WORK_TIME, BREAK_TIME, INTERRUPTED)
VALUES (3818, 1, '2019-05-02', 0, 0, true);
INSERT INTO POMODORO(ID, USER, CREATION_TIMESTAMP, WORK_TIME, BREAK_TIME, INTERRUPTED)
VALUES (3819, 1, '2019-05-02', 0, 0, true);
INSERT INTO POMODORO(ID, USER, CREATION_TIMESTAMP, WORK_TIME, BREAK_TIME, INTERRUPTED)
VALUES (3820, 1, '2019-05-02', 0, 0, true);
INSERT INTO POMODORO(ID, USER, CREATION_TIMESTAMP, WORK_TIME, BREAK_TIME, INTERRUPTED)
VALUES (3821, 1, '2019-05-02', 0, 0, false);
INSERT INTO POMODORO(ID, USER, CREATION_TIMESTAMP, WORK_TIME, BREAK_TIME, INTERRUPTED)
VALUES (3822, 1, '2019-05-02', 0, 0, false);
INSERT INTO POMODORO(ID, USER, CREATION_TIMESTAMP, WORK_TIME, BREAK_TIME, INTERRUPTED)
VALUES (3823, 1, '2019-05-02', 0, 0, false);
INSERT INTO POMODORO(ID, USER, CREATION_TIMESTAMP, WORK_TIME, BREAK_TIME, INTERRUPTED)
VALUES (3824, 1, '2019-05-02', 0, 0, true);
INSERT INTO POMODORO(ID, USER, CREATION_TIMESTAMP, WORK_TIME, BREAK_TIME, INTERRUPTED)
VALUES (3825, 1, '2019-05-02', 0, 0, true);
INSERT INTO POMODORO(ID, USER, CREATION_TIMESTAMP, WORK_TIME, BREAK_TIME, INTERRUPTED)
VALUES (3826, 1, '2019-05-02', 0, 0, false);
INSERT INTO POMODORO(ID, USER, CREATION_TIMESTAMP, WORK_TIME, BREAK_TIME, INTERRUPTED)
VALUES (3827, 1, '2019-05-02', 0, 0, true);
INSERT INTO POMODORO(ID, USER, CREATION_TIMESTAMP, WORK_TIME, BREAK_TIME, INTERRUPTED)
VALUES (3828, 1, '2019-05-02', 0, 0, true);
INSERT INTO POMODORO(ID, USER, CREATION_TIMESTAMP, WORK_TIME, BREAK_TIME, INTERRUPTED)
VALUES (3829, 1, '2019-05-01', 0, 0, true);
INSERT INTO POMODORO(ID, USER, CREATION_TIMESTAMP, WORK_TIME, BREAK_TIME, INTERRUPTED)
VALUES (3830, 1, '2019-05-01', 0, 0, false);
INSERT INTO POMODORO(ID, USER, CREATION_TIMESTAMP, WORK_TIME, BREAK_TIME, INTERRUPTED)
VALUES (3831, 1, '2019-05-01', 0, 0, true);
INSERT INTO POMODORO(ID, USER, CREATION_TIMESTAMP, WORK_TIME, BREAK_TIME, INTERRUPTED)
VALUES (3832, 1, '2019-05-01', 0, 0, false);
INSERT INTO POMODORO(ID, USER, CREATION_TIMESTAMP, WORK_TIME, BREAK_TIME, INTERRUPTED)
VALUES (3833, 1, '2019-05-01', 0, 0, false);
INSERT INTO POMODORO(ID, USER, CREATION_TIMESTAMP, WORK_TIME, BREAK_TIME, INTERRUPTED)
VALUES (3834, 1, '2019-05-01', 0, 0, true);
INSERT INTO POMODORO(ID, USER, CREATION_TIMESTAMP, WORK_TIME, BREAK_TIME, INTERRUPTED)
VALUES (3835, 1, '2019-05-01', 0, 0, true);
INSERT INTO POMODORO(ID, USER, CREATION_TIMESTAMP, WORK_TIME, BREAK_TIME, INTERRUPTED)
VALUES (3836, 1, '2019-05-01', 0, 0, false);
INSERT INTO POMODORO(ID, USER, CREATION_TIMESTAMP, WORK_TIME, BREAK_TIME, INTERRUPTED)
VALUES (3837, 1, '2019-04-30', 0, 0, true);
INSERT INTO POMODORO(ID, USER, CREATION_TIMESTAMP, WORK_TIME, BREAK_TIME, INTERRUPTED)
VALUES (3838, 1, '2019-04-30', 0, 0, false);
INSERT INTO POMODORO(ID, USER, CREATION_TIMESTAMP, WORK_TIME, BREAK_TIME, INTERRUPTED)
VALUES (3839, 1, '2019-04-30', 0, 0, false);
INSERT INTO POMODORO(ID, USER, CREATION_TIMESTAMP, WORK_TIME, BREAK_TIME, INTERRUPTED)
VALUES (3840, 1, '2019-04-30', 0, 0, false);
INSERT INTO POMODORO(ID, USER, CREATION_TIMESTAMP, WORK_TIME, BREAK_TIME, INTERRUPTED)
VALUES (3841, 1, '2019-04-30', 0, 0, true);
INSERT INTO POMODORO(ID, USER, CREATION_TIMESTAMP, WORK_TIME, BREAK_TIME, INTERRUPTED)
VALUES (3842, 1, '2019-04-30', 0, 0, false);
INSERT INTO POMODORO(ID, USER, CREATION_TIMESTAMP, WORK_TIME, BREAK_TIME, INTERRUPTED)
VALUES (3843, 1, '2019-04-30', 0, 0, true);
INSERT INTO POMODORO(ID, USER, CREATION_TIMESTAMP, WORK_TIME, BREAK_TIME, INTERRUPTED)
VALUES (3844, 1, '2019-04-30', 0, 0, true);
INSERT INTO POMODORO(ID, USER, CREATION_TIMESTAMP, WORK_TIME, BREAK_TIME, INTERRUPTED)
VALUES (3845, 1, '2019-04-30', 0, 0, true);
INSERT INTO POMODORO(ID, USER, CREATION_TIMESTAMP, WORK_TIME, BREAK_TIME, INTERRUPTED)
VALUES (3846, 1, '2019-04-30', 0, 0, false);
INSERT INTO POMODORO(ID, USER, CREATION_TIMESTAMP, WORK_TIME, BREAK_TIME, INTERRUPTED)
VALUES (3847, 1, '2019-04-30', 0, 0, true);
INSERT INTO POMODORO(ID, USER, CREATION_TIMESTAMP, WORK_TIME, BREAK_TIME, INTERRUPTED)
VALUES (3848, 1, '2019-04-30', 0, 0, true);
INSERT INTO POMODORO(ID, USER, CREATION_TIMESTAMP, WORK_TIME, BREAK_TIME, INTERRUPTED)
VALUES (3849, 1, '2019-04-30', 0, 0, false);
INSERT INTO POMODORO(ID, USER, CREATION_TIMESTAMP, WORK_TIME, BREAK_TIME, INTERRUPTED)
VALUES (3850, 1, '2019-04-30', 0, 0, false);
INSERT INTO POMODORO(ID, USER, CREATION_TIMESTAMP, WORK_TIME, BREAK_TIME, INTERRUPTED)
VALUES (3851, 1, '2019-04-30', 0, 0, true);
INSERT INTO POMODORO(ID, USER, CREATION_TIMESTAMP, WORK_TIME, BREAK_TIME, INTERRUPTED)
VALUES (3852, 1, '2019-04-30', 0, 0, false);
INSERT INTO POMODORO(ID, USER, CREATION_TIMESTAMP, WORK_TIME, BREAK_TIME, INTERRUPTED)
VALUES (3853, 1, '2019-04-30', 0, 0, false);
INSERT INTO POMODORO(ID, USER, CREATION_TIMESTAMP, WORK_TIME, BREAK_TIME, INTERRUPTED)
VALUES (3854, 1, '2019-04-30', 0, 0, false);
INSERT INTO POMODORO(ID, USER, CREATION_TIMESTAMP, WORK_TIME, BREAK_TIME, INTERRUPTED)
VALUES (3855, 1, '2019-04-30', 0, 0, false);
INSERT INTO POMODORO(ID, USER, CREATION_TIMESTAMP, WORK_TIME, BREAK_TIME, INTERRUPTED)
VALUES (3856, 1, '2019-04-30', 0, 0, true);
INSERT INTO POMODORO(ID, USER, CREATION_TIMESTAMP, WORK_TIME, BREAK_TIME, INTERRUPTED)
VALUES (3857, 1, '2019-04-30', 0, 0, false);
INSERT INTO POMODORO(ID, USER, CREATION_TIMESTAMP, WORK_TIME, BREAK_TIME, INTERRUPTED)
VALUES (3858, 1, '2019-04-30', 0, 0, false);
INSERT INTO POMODORO(ID, USER, CREATION_TIMESTAMP, WORK_TIME, BREAK_TIME, INTERRUPTED)
VALUES (3859, 1, '2019-04-30', 0, 0, true);
INSERT INTO POMODORO(ID, USER, CREATION_TIMESTAMP, WORK_TIME, BREAK_TIME, INTERRUPTED)
VALUES (3860, 1, '2019-04-30', 0, 0, true);
INSERT INTO POMODORO(ID, USER, CREATION_TIMESTAMP, WORK_TIME, BREAK_TIME, INTERRUPTED)
VALUES (3861, 1, '2019-04-30', 0, 0, true);
INSERT INTO POMODORO(ID, USER, CREATION_TIMESTAMP, WORK_TIME, BREAK_TIME, INTERRUPTED)
VALUES (3862, 1, '2019-04-30', 0, 0, true);
INSERT INTO POMODORO(ID, USER, CREATION_TIMESTAMP, WORK_TIME, BREAK_TIME, INTERRUPTED)
VALUES (3863, 1, '2019-04-30', 0, 0, true);
INSERT INTO POMODORO(ID, USER, CREATION_TIMESTAMP, WORK_TIME, BREAK_TIME, INTERRUPTED)
VALUES (3864, 1, '2019-04-30', 0, 0, true);
INSERT INTO POMODORO(ID, USER, CREATION_TIMESTAMP, WORK_TIME, BREAK_TIME, INTERRUPTED)
VALUES (3865, 1, '2019-04-30', 0, 0, true);
INSERT INTO POMODORO(ID, USER, CREATION_TIMESTAMP, WORK_TIME, BREAK_TIME, INTERRUPTED)
VALUES (3866, 1, '2019-04-30', 0, 0, true);
INSERT INTO POMODORO(ID, USER, CREATION_TIMESTAMP, WORK_TIME, BREAK_TIME, INTERRUPTED)
VALUES (3867, 1, '2019-04-30', 0, 0, true);
INSERT INTO POMODORO(ID, USER, CREATION_TIMESTAMP, WORK_TIME, BREAK_TIME, INTERRUPTED)
VALUES (3868, 1, '2019-04-30', 0, 0, true);
INSERT INTO POMODORO(ID, USER, CREATION_TIMESTAMP, WORK_TIME, BREAK_TIME, INTERRUPTED)
VALUES (3869, 1, '2019-04-30', 0, 0, false);
INSERT INTO POMODORO(ID, USER, CREATION_TIMESTAMP, WORK_TIME, BREAK_TIME, INTERRUPTED)
VALUES (3870, 1, '2019-04-30', 0, 0, false);
INSERT INTO POMODORO(ID, USER, CREATION_TIMESTAMP, WORK_TIME, BREAK_TIME, INTERRUPTED)
VALUES (3871, 1, '2019-04-30', 0, 0, true);
INSERT INTO POMODORO(ID, USER, CREATION_TIMESTAMP, WORK_TIME, BREAK_TIME, INTERRUPTED)
VALUES (3872, 1, '2019-04-30', 0, 0, true);
INSERT INTO POMODORO(ID, USER, CREATION_TIMESTAMP, WORK_TIME, BREAK_TIME, INTERRUPTED)
VALUES (3873, 1, '2019-04-30', 0, 0, false);
INSERT INTO POMODORO(ID, USER, CREATION_TIMESTAMP, WORK_TIME, BREAK_TIME, INTERRUPTED)
VALUES (3874, 1, '2019-04-30', 0, 0, true);
INSERT INTO POMODORO(ID, USER, CREATION_TIMESTAMP, WORK_TIME, BREAK_TIME, INTERRUPTED)
VALUES (3875, 1, '2019-04-30', 0, 0, true);
INSERT INTO POMODORO(ID, USER, CREATION_TIMESTAMP, WORK_TIME, BREAK_TIME, INTERRUPTED)
VALUES (3876, 1, '2019-04-30', 0, 0, false);
INSERT INTO POMODORO(ID, USER, CREATION_TIMESTAMP, WORK_TIME, BREAK_TIME, INTERRUPTED)
VALUES (3877, 1, '2019-04-30', 0, 0, false);
INSERT INTO POMODORO(ID, USER, CREATION_TIMESTAMP, WORK_TIME, BREAK_TIME, INTERRUPTED)
VALUES (3878, 1, '2019-04-30', 0, 0, false);
INSERT INTO POMODORO(ID, USER, CREATION_TIMESTAMP, WORK_TIME, BREAK_TIME, INTERRUPTED)
VALUES (3879, 1, '2019-04-30', 0, 0, true);
INSERT INTO POMODORO(ID, USER, CREATION_TIMESTAMP, WORK_TIME, BREAK_TIME, INTERRUPTED)
VALUES (3880, 1, '2019-04-30', 0, 0, false);
INSERT INTO POMODORO(ID, USER, CREATION_TIMESTAMP, WORK_TIME, BREAK_TIME, INTERRUPTED)
VALUES (3881, 1, '2019-04-30', 0, 0, true);
INSERT INTO POMODORO(ID, USER, CREATION_TIMESTAMP, WORK_TIME, BREAK_TIME, INTERRUPTED)
VALUES (3882, 1, '2019-04-30', 0, 0, true);
INSERT INTO POMODORO(ID, USER, CREATION_TIMESTAMP, WORK_TIME, BREAK_TIME, INTERRUPTED)
VALUES (3883, 1, '2019-04-30', 0, 0, true);
INSERT INTO POMODORO(ID, USER, CREATION_TIMESTAMP, WORK_TIME, BREAK_TIME, INTERRUPTED)
VALUES (3884, 1, '2019-04-29', 0, 0, true);
INSERT INTO POMODORO(ID, USER, CREATION_TIMESTAMP, WORK_TIME, BREAK_TIME, INTERRUPTED)
VALUES (3885, 1, '2019-04-29', 0, 0, true);
INSERT INTO POMODORO(ID, USER, CREATION_TIMESTAMP, WORK_TIME, BREAK_TIME, INTERRUPTED)
VALUES (3886, 1, '2019-04-29', 0, 0, false);
INSERT INTO POMODORO(ID, USER, CREATION_TIMESTAMP, WORK_TIME, BREAK_TIME, INTERRUPTED)
VALUES (3887, 1, '2019-04-29', 0, 0, true);
INSERT INTO POMODORO(ID, USER, CREATION_TIMESTAMP, WORK_TIME, BREAK_TIME, INTERRUPTED)
VALUES (3888, 1, '2019-04-29', 0, 0, false);
INSERT INTO POMODORO(ID, USER, CREATION_TIMESTAMP, WORK_TIME, BREAK_TIME, INTERRUPTED)
VALUES (3889, 1, '2019-04-29', 0, 0, true);
INSERT INTO POMODORO(ID, USER, CREATION_TIMESTAMP, WORK_TIME, BREAK_TIME, INTERRUPTED)
VALUES (3890, 1, '2019-04-29', 0, 0, false);
INSERT INTO POMODORO(ID, USER, CREATION_TIMESTAMP, WORK_TIME, BREAK_TIME, INTERRUPTED)
VALUES (3891, 1, '2019-04-29', 0, 0, true);
INSERT INTO POMODORO(ID, USER, CREATION_TIMESTAMP, WORK_TIME, BREAK_TIME, INTERRUPTED)
VALUES (3892, 1, '2019-04-29', 0, 0, true);
INSERT INTO POMODORO(ID, USER, CREATION_TIMESTAMP, WORK_TIME, BREAK_TIME, INTERRUPTED)
VALUES (3893, 1, '2019-04-29', 0, 0, false);
INSERT INTO POMODORO(ID, USER, CREATION_TIMESTAMP, WORK_TIME, BREAK_TIME, INTERRUPTED)
VALUES (3894, 1, '2019-04-29', 0, 0, false);
INSERT INTO POMODORO(ID, USER, CREATION_TIMESTAMP, WORK_TIME, BREAK_TIME, INTERRUPTED)
VALUES (3895, 1, '2019-04-29', 0, 0, false);
INSERT INTO POMODORO(ID, USER, CREATION_TIMESTAMP, WORK_TIME, BREAK_TIME, INTERRUPTED)
VALUES (3896, 1, '2019-04-29', 0, 0, false);
INSERT INTO POMODORO(ID, USER, CREATION_TIMESTAMP, WORK_TIME, BREAK_TIME, INTERRUPTED)
VALUES (3897, 1, '2019-04-29', 0, 0, false);
INSERT INTO POMODORO(ID, USER, CREATION_TIMESTAMP, WORK_TIME, BREAK_TIME, INTERRUPTED)
VALUES (3898, 1, '2019-04-29', 0, 0, false);
INSERT INTO POMODORO(ID, USER, CREATION_TIMESTAMP, WORK_TIME, BREAK_TIME, INTERRUPTED)
VALUES (3899, 1, '2019-04-29', 0, 0, false);
INSERT INTO POMODORO(ID, USER, CREATION_TIMESTAMP, WORK_TIME, BREAK_TIME, INTERRUPTED)
VALUES (3900, 1, '2019-04-29', 0, 0, true);
INSERT INTO POMODORO(ID, USER, CREATION_TIMESTAMP, WORK_TIME, BREAK_TIME, INTERRUPTED)
VALUES (3901, 1, '2019-04-29', 0, 0, false);
INSERT INTO POMODORO(ID, USER, CREATION_TIMESTAMP, WORK_TIME, BREAK_TIME, INTERRUPTED)
VALUES (3902, 1, '2019-04-29', 0, 0, false);
INSERT INTO POMODORO(ID, USER, CREATION_TIMESTAMP, WORK_TIME, BREAK_TIME, INTERRUPTED)
VALUES (3903, 1, '2019-04-29', 0, 0, false);
INSERT INTO POMODORO(ID, USER, CREATION_TIMESTAMP, WORK_TIME, BREAK_TIME, INTERRUPTED)
VALUES (3904, 1, '2019-04-29', 0, 0, true);
INSERT INTO POMODORO(ID, USER, CREATION_TIMESTAMP, WORK_TIME, BREAK_TIME, INTERRUPTED)
VALUES (3905, 1, '2019-04-29', 0, 0, false);
INSERT INTO POMODORO(ID, USER, CREATION_TIMESTAMP, WORK_TIME, BREAK_TIME, INTERRUPTED)
VALUES (3906, 1, '2019-04-29', 0, 0, true);
INSERT INTO POMODORO(ID, USER, CREATION_TIMESTAMP, WORK_TIME, BREAK_TIME, INTERRUPTED)
VALUES (3907, 1, '2019-04-29', 0, 0, false);
INSERT INTO POMODORO(ID, USER, CREATION_TIMESTAMP, WORK_TIME, BREAK_TIME, INTERRUPTED)
VALUES (3908, 1, '2019-04-29', 0, 0, false);
INSERT INTO POMODORO(ID, USER, CREATION_TIMESTAMP, WORK_TIME, BREAK_TIME, INTERRUPTED)
VALUES (3909, 1, '2019-04-29', 0, 0, true);
INSERT INTO POMODORO(ID, USER, CREATION_TIMESTAMP, WORK_TIME, BREAK_TIME, INTERRUPTED)
VALUES (3910, 1, '2019-04-28', 0, 0, true);
INSERT INTO POMODORO(ID, USER, CREATION_TIMESTAMP, WORK_TIME, BREAK_TIME, INTERRUPTED)
VALUES (3911, 1, '2019-04-28', 0, 0, false);
INSERT INTO POMODORO(ID, USER, CREATION_TIMESTAMP, WORK_TIME, BREAK_TIME, INTERRUPTED)
VALUES (3912, 1, '2019-04-28', 0, 0, true);
INSERT INTO POMODORO(ID, USER, CREATION_TIMESTAMP, WORK_TIME, BREAK_TIME, INTERRUPTED)
VALUES (3913, 1, '2019-04-28', 0, 0, true);
INSERT INTO POMODORO(ID, USER, CREATION_TIMESTAMP, WORK_TIME, BREAK_TIME, INTERRUPTED)
VALUES (3914, 1, '2019-04-28', 0, 0, true);
INSERT INTO POMODORO(ID, USER, CREATION_TIMESTAMP, WORK_TIME, BREAK_TIME, INTERRUPTED)
VALUES (3915, 1, '2019-04-28', 0, 0, true);
INSERT INTO POMODORO(ID, USER, CREATION_TIMESTAMP, WORK_TIME, BREAK_TIME, INTERRUPTED)
VALUES (3916, 1, '2019-04-28', 0, 0, true);
INSERT INTO POMODORO(ID, USER, CREATION_TIMESTAMP, WORK_TIME, BREAK_TIME, INTERRUPTED)
VALUES (3917, 1, '2019-04-28', 0, 0, false);
INSERT INTO POMODORO(ID, USER, CREATION_TIMESTAMP, WORK_TIME, BREAK_TIME, INTERRUPTED)
VALUES (3918, 1, '2019-04-28', 0, 0, true);
INSERT INTO POMODORO(ID, USER, CREATION_TIMESTAMP, WORK_TIME, BREAK_TIME, INTERRUPTED)
VALUES (3919, 1, '2019-04-28', 0, 0, true);
INSERT INTO POMODORO(ID, USER, CREATION_TIMESTAMP, WORK_TIME, BREAK_TIME, INTERRUPTED)
VALUES (3920, 1, '2019-04-28', 0, 0, true);
INSERT INTO POMODORO(ID, USER, CREATION_TIMESTAMP, WORK_TIME, BREAK_TIME, INTERRUPTED)
VALUES (3921, 1, '2019-04-28', 0, 0, true);
INSERT INTO POMODORO(ID, USER, CREATION_TIMESTAMP, WORK_TIME, BREAK_TIME, INTERRUPTED)
VALUES (3922, 1, '2019-04-28', 0, 0, true);
INSERT INTO POMODORO(ID, USER, CREATION_TIMESTAMP, WORK_TIME, BREAK_TIME, INTERRUPTED)
VALUES (3923, 1, '2019-04-28', 0, 0, false);
INSERT INTO POMODORO(ID, USER, CREATION_TIMESTAMP, WORK_TIME, BREAK_TIME, INTERRUPTED)
VALUES (3924, 1, '2019-04-28', 0, 0, true);
INSERT INTO POMODORO(ID, USER, CREATION_TIMESTAMP, WORK_TIME, BREAK_TIME, INTERRUPTED)
VALUES (3925, 1, '2019-04-28', 0, 0, false);
INSERT INTO POMODORO(ID, USER, CREATION_TIMESTAMP, WORK_TIME, BREAK_TIME, INTERRUPTED)
VALUES (3926, 1, '2019-04-28', 0, 0, true);
INSERT INTO POMODORO(ID, USER, CREATION_TIMESTAMP, WORK_TIME, BREAK_TIME, INTERRUPTED)
VALUES (3927, 1, '2019-04-28', 0, 0, true);
INSERT INTO POMODORO(ID, USER, CREATION_TIMESTAMP, WORK_TIME, BREAK_TIME, INTERRUPTED)
VALUES (3928, 1, '2019-04-28', 0, 0, true);
INSERT INTO POMODORO(ID, USER, CREATION_TIMESTAMP, WORK_TIME, BREAK_TIME, INTERRUPTED)
VALUES (3929, 1, '2019-04-28', 0, 0, false);
INSERT INTO POMODORO(ID, USER, CREATION_TIMESTAMP, WORK_TIME, BREAK_TIME, INTERRUPTED)
VALUES (3930, 1, '2019-04-28', 0, 0, false);
INSERT INTO POMODORO(ID, USER, CREATION_TIMESTAMP, WORK_TIME, BREAK_TIME, INTERRUPTED)
VALUES (3931, 1, '2019-04-28', 0, 0, true);
INSERT INTO POMODORO(ID, USER, CREATION_TIMESTAMP, WORK_TIME, BREAK_TIME, INTERRUPTED)
VALUES (3932, 1, '2019-04-28', 0, 0, false);
INSERT INTO POMODORO(ID, USER, CREATION_TIMESTAMP, WORK_TIME, BREAK_TIME, INTERRUPTED)
VALUES (3933, 1, '2019-04-28', 0, 0, true);
INSERT INTO POMODORO(ID, USER, CREATION_TIMESTAMP, WORK_TIME, BREAK_TIME, INTERRUPTED)
VALUES (3934, 1, '2019-04-28', 0, 0, false);
INSERT INTO POMODORO(ID, USER, CREATION_TIMESTAMP, WORK_TIME, BREAK_TIME, INTERRUPTED)
VALUES (3935, 1, '2019-04-28', 0, 0, false);
INSERT INTO POMODORO(ID, USER, CREATION_TIMESTAMP, WORK_TIME, BREAK_TIME, INTERRUPTED)
VALUES (3936, 1, '2019-04-28', 0, 0, true);
INSERT INTO POMODORO(ID, USER, CREATION_TIMESTAMP, WORK_TIME, BREAK_TIME, INTERRUPTED)
VALUES (3937, 1, '2019-04-28', 0, 0, false);
INSERT INTO POMODORO(ID, USER, CREATION_TIMESTAMP, WORK_TIME, BREAK_TIME, INTERRUPTED)
VALUES (3938, 1, '2019-04-28', 0, 0, true);
INSERT INTO POMODORO(ID, USER, CREATION_TIMESTAMP, WORK_TIME, BREAK_TIME, INTERRUPTED)
VALUES (3939, 1, '2019-04-28', 0, 0, true);
INSERT INTO POMODORO(ID, USER, CREATION_TIMESTAMP, WORK_TIME, BREAK_TIME, INTERRUPTED)
VALUES (3940, 1, '2019-04-27', 0, 0, false);
INSERT INTO POMODORO(ID, USER, CREATION_TIMESTAMP, WORK_TIME, BREAK_TIME, INTERRUPTED)
VALUES (3941, 1, '2019-04-27', 0, 0, true);
INSERT INTO POMODORO(ID, USER, CREATION_TIMESTAMP, WORK_TIME, BREAK_TIME, INTERRUPTED)
VALUES (3942, 1, '2019-04-27', 0, 0, true);
INSERT INTO POMODORO(ID, USER, CREATION_TIMESTAMP, WORK_TIME, BREAK_TIME, INTERRUPTED)
VALUES (3943, 1, '2019-04-27', 0, 0, true);
INSERT INTO POMODORO(ID, USER, CREATION_TIMESTAMP, WORK_TIME, BREAK_TIME, INTERRUPTED)
VALUES (3944, 1, '2019-04-27', 0, 0, false);
INSERT INTO POMODORO(ID, USER, CREATION_TIMESTAMP, WORK_TIME, BREAK_TIME, INTERRUPTED)
VALUES (3945, 1, '2019-04-27', 0, 0, true);
INSERT INTO POMODORO(ID, USER, CREATION_TIMESTAMP, WORK_TIME, BREAK_TIME, INTERRUPTED)
VALUES (3946, 1, '2019-04-27', 0, 0, true);
INSERT INTO POMODORO(ID, USER, CREATION_TIMESTAMP, WORK_TIME, BREAK_TIME, INTERRUPTED)
VALUES (3947, 1, '2019-04-27', 0, 0, false);
INSERT INTO POMODORO(ID, USER, CREATION_TIMESTAMP, WORK_TIME, BREAK_TIME, INTERRUPTED)
VALUES (3948, 1, '2019-04-27', 0, 0, true);
INSERT INTO POMODORO(ID, USER, CREATION_TIMESTAMP, WORK_TIME, BREAK_TIME, INTERRUPTED)
VALUES (3949, 1, '2019-04-27', 0, 0, true);
INSERT INTO POMODORO(ID, USER, CREATION_TIMESTAMP, WORK_TIME, BREAK_TIME, INTERRUPTED)
VALUES (3950, 1, '2019-04-27', 0, 0, true);
INSERT INTO POMODORO(ID, USER, CREATION_TIMESTAMP, WORK_TIME, BREAK_TIME, INTERRUPTED)
VALUES (3951, 1, '2019-04-27', 0, 0, false);
INSERT INTO POMODORO(ID, USER, CREATION_TIMESTAMP, WORK_TIME, BREAK_TIME, INTERRUPTED)
VALUES (3952, 1, '2019-04-27', 0, 0, false);
INSERT INTO POMODORO(ID, USER, CREATION_TIMESTAMP, WORK_TIME, BREAK_TIME, INTERRUPTED)
VALUES (3953, 1, '2019-04-27', 0, 0, false);
INSERT INTO POMODORO(ID, USER, CREATION_TIMESTAMP, WORK_TIME, BREAK_TIME, INTERRUPTED)
VALUES (3954, 1, '2019-04-27', 0, 0, false);
INSERT INTO POMODORO(ID, USER, CREATION_TIMESTAMP, WORK_TIME, BREAK_TIME, INTERRUPTED)
VALUES (3955, 1, '2019-04-27', 0, 0, true);
INSERT INTO POMODORO(ID, USER, CREATION_TIMESTAMP, WORK_TIME, BREAK_TIME, INTERRUPTED)
VALUES (3956, 1, '2019-04-27', 0, 0, true);
INSERT INTO POMODORO(ID, USER, CREATION_TIMESTAMP, WORK_TIME, BREAK_TIME, INTERRUPTED)
VALUES (3957, 1, '2019-04-27', 0, 0, false);
INSERT INTO POMODORO(ID, USER, CREATION_TIMESTAMP, WORK_TIME, BREAK_TIME, INTERRUPTED)
VALUES (3958, 1, '2019-04-27', 0, 0, true);
INSERT INTO POMODORO(ID, USER, CREATION_TIMESTAMP, WORK_TIME, BREAK_TIME, INTERRUPTED)
VALUES (3959, 1, '2019-04-27', 0, 0, false);
INSERT INTO POMODORO(ID, USER, CREATION_TIMESTAMP, WORK_TIME, BREAK_TIME, INTERRUPTED)
VALUES (3960, 1, '2019-04-27', 0, 0, true);
INSERT INTO POMODORO(ID, USER, CREATION_TIMESTAMP, WORK_TIME, BREAK_TIME, INTERRUPTED)
VALUES (3961, 1, '2019-04-27', 0, 0, true);
INSERT INTO POMODORO(ID, USER, CREATION_TIMESTAMP, WORK_TIME, BREAK_TIME, INTERRUPTED)
VALUES (3962, 1, '2019-04-27', 0, 0, false);
INSERT INTO POMODORO(ID, USER, CREATION_TIMESTAMP, WORK_TIME, BREAK_TIME, INTERRUPTED)
VALUES (3963, 1, '2019-04-27', 0, 0, true);
INSERT INTO POMODORO(ID, USER, CREATION_TIMESTAMP, WORK_TIME, BREAK_TIME, INTERRUPTED)
VALUES (3964, 1, '2019-04-27', 0, 0, true);
INSERT INTO POMODORO(ID, USER, CREATION_TIMESTAMP, WORK_TIME, BREAK_TIME, INTERRUPTED)
VALUES (3965, 1, '2019-04-27', 0, 0, false);
INSERT INTO POMODORO(ID, USER, CREATION_TIMESTAMP, WORK_TIME, BREAK_TIME, INTERRUPTED)
VALUES (3966, 1, '2019-04-27', 0, 0, false);
INSERT INTO POMODORO(ID, USER, CREATION_TIMESTAMP, WORK_TIME, BREAK_TIME, INTERRUPTED)
VALUES (3967, 1, '2019-04-26', 0, 0, false);
INSERT INTO POMODORO(ID, USER, CREATION_TIMESTAMP, WORK_TIME, BREAK_TIME, INTERRUPTED)
VALUES (3968, 1, '2019-04-26', 0, 0, false);
INSERT INTO POMODORO(ID, USER, CREATION_TIMESTAMP, WORK_TIME, BREAK_TIME, INTERRUPTED)
VALUES (3969, 1, '2019-04-26', 0, 0, false);
INSERT INTO POMODORO(ID, USER, CREATION_TIMESTAMP, WORK_TIME, BREAK_TIME, INTERRUPTED)
VALUES (3970, 1, '2019-04-26', 0, 0, true);
INSERT INTO POMODORO(ID, USER, CREATION_TIMESTAMP, WORK_TIME, BREAK_TIME, INTERRUPTED)
VALUES (3971, 1, '2019-04-26', 0, 0, true);
INSERT INTO POMODORO(ID, USER, CREATION_TIMESTAMP, WORK_TIME, BREAK_TIME, INTERRUPTED)
VALUES (3972, 1, '2019-04-26', 0, 0, false);
INSERT INTO POMODORO(ID, USER, CREATION_TIMESTAMP, WORK_TIME, BREAK_TIME, INTERRUPTED)
VALUES (3973, 1, '2019-04-26', 0, 0, true);
INSERT INTO POMODORO(ID, USER, CREATION_TIMESTAMP, WORK_TIME, BREAK_TIME, INTERRUPTED)
VALUES (3974, 1, '2019-04-26', 0, 0, true);
INSERT INTO POMODORO(ID, USER, CREATION_TIMESTAMP, WORK_TIME, BREAK_TIME, INTERRUPTED)
VALUES (3975, 1, '2019-04-26', 0, 0, false);
INSERT INTO POMODORO(ID, USER, CREATION_TIMESTAMP, WORK_TIME, BREAK_TIME, INTERRUPTED)
VALUES (3976, 1, '2019-04-26', 0, 0, true);
INSERT INTO POMODORO(ID, USER, CREATION_TIMESTAMP, WORK_TIME, BREAK_TIME, INTERRUPTED)
VALUES (3977, 1, '2019-04-26', 0, 0, false);
INSERT INTO POMODORO(ID, USER, CREATION_TIMESTAMP, WORK_TIME, BREAK_TIME, INTERRUPTED)
VALUES (3978, 1, '2019-04-26', 0, 0, true);
INSERT INTO POMODORO(ID, USER, CREATION_TIMESTAMP, WORK_TIME, BREAK_TIME, INTERRUPTED)
VALUES (3979, 1, '2019-04-26', 0, 0, true);
INSERT INTO POMODORO(ID, USER, CREATION_TIMESTAMP, WORK_TIME, BREAK_TIME, INTERRUPTED)
VALUES (3980, 1, '2019-04-26', 0, 0, true);
INSERT INTO POMODORO(ID, USER, CREATION_TIMESTAMP, WORK_TIME, BREAK_TIME, INTERRUPTED)
VALUES (3981, 1, '2019-04-26', 0, 0, true);
INSERT INTO POMODORO(ID, USER, CREATION_TIMESTAMP, WORK_TIME, BREAK_TIME, INTERRUPTED)
VALUES (3982, 1, '2019-04-26', 0, 0, false);
INSERT INTO POMODORO(ID, USER, CREATION_TIMESTAMP, WORK_TIME, BREAK_TIME, INTERRUPTED)
VALUES (3983, 1, '2019-04-26', 0, 0, true);
INSERT INTO POMODORO(ID, USER, CREATION_TIMESTAMP, WORK_TIME, BREAK_TIME, INTERRUPTED)
VALUES (3984, 1, '2019-04-26', 0, 0, true);
INSERT INTO POMODORO(ID, USER, CREATION_TIMESTAMP, WORK_TIME, BREAK_TIME, INTERRUPTED)
VALUES (3985, 1, '2019-04-26', 0, 0, true);
INSERT INTO POMODORO(ID, USER, CREATION_TIMESTAMP, WORK_TIME, BREAK_TIME, INTERRUPTED)
VALUES (3986, 1, '2019-04-26', 0, 0, true);
INSERT INTO POMODORO(ID, USER, CREATION_TIMESTAMP, WORK_TIME, BREAK_TIME, INTERRUPTED)
VALUES (3987, 1, '2019-04-26', 0, 0, true);
INSERT INTO POMODORO(ID, USER, CREATION_TIMESTAMP, WORK_TIME, BREAK_TIME, INTERRUPTED)
VALUES (3988, 1, '2019-04-26', 0, 0, false);
INSERT INTO POMODORO(ID, USER, CREATION_TIMESTAMP, WORK_TIME, BREAK_TIME, INTERRUPTED)
VALUES (3989, 1, '2019-04-26', 0, 0, true);
INSERT INTO POMODORO(ID, USER, CREATION_TIMESTAMP, WORK_TIME, BREAK_TIME, INTERRUPTED)
VALUES (3990, 1, '2019-04-26', 0, 0, true);
INSERT INTO POMODORO(ID, USER, CREATION_TIMESTAMP, WORK_TIME, BREAK_TIME, INTERRUPTED)
VALUES (3991, 1, '2019-04-26', 0, 0, false);
INSERT INTO POMODORO(ID, USER, CREATION_TIMESTAMP, WORK_TIME, BREAK_TIME, INTERRUPTED)
VALUES (3992, 1, '2019-04-26', 0, 0, true);
INSERT INTO POMODORO(ID, USER, CREATION_TIMESTAMP, WORK_TIME, BREAK_TIME, INTERRUPTED)
VALUES (3993, 1, '2019-04-26', 0, 0, true);
INSERT INTO POMODORO(ID, USER, CREATION_TIMESTAMP, WORK_TIME, BREAK_TIME, INTERRUPTED)
VALUES (3994, 1, '2019-04-26', 0, 0, true);
INSERT INTO POMODORO(ID, USER, CREATION_TIMESTAMP, WORK_TIME, BREAK_TIME, INTERRUPTED)
VALUES (3995, 1, '2019-04-26', 0, 0, false);
INSERT INTO POMODORO(ID, USER, CREATION_TIMESTAMP, WORK_TIME, BREAK_TIME, INTERRUPTED)
VALUES (3996, 1, '2019-04-26', 0, 0, true);
INSERT INTO POMODORO(ID, USER, CREATION_TIMESTAMP, WORK_TIME, BREAK_TIME, INTERRUPTED)
VALUES (3997, 1, '2019-04-26', 0, 0, false);
INSERT INTO POMODORO(ID, USER, CREATION_TIMESTAMP, WORK_TIME, BREAK_TIME, INTERRUPTED)
VALUES (3998, 1, '2019-04-26', 0, 0, true);
INSERT INTO POMODORO(ID, USER, CREATION_TIMESTAMP, WORK_TIME, BREAK_TIME, INTERRUPTED)
VALUES (3999, 1, '2019-04-26', 0, 0, true);
INSERT INTO POMODORO(ID, USER, CREATION_TIMESTAMP, WORK_TIME, BREAK_TIME, INTERRUPTED)
VALUES (4000, 1, '2019-04-26', 0, 0, false);
INSERT INTO POMODORO(ID, USER, CREATION_TIMESTAMP, WORK_TIME, BREAK_TIME, INTERRUPTED)
VALUES (4001, 1, '2019-04-26', 0, 0, false);
INSERT INTO POMODORO(ID, USER, CREATION_TIMESTAMP, WORK_TIME, BREAK_TIME, INTERRUPTED)
VALUES (4002, 1, '2019-04-26', 0, 0, true);
INSERT INTO POMODORO(ID, USER, CREATION_TIMESTAMP, WORK_TIME, BREAK_TIME, INTERRUPTED)
VALUES (4003, 1, '2019-04-26', 0, 0, false);
INSERT INTO POMODORO(ID, USER, CREATION_TIMESTAMP, WORK_TIME, BREAK_TIME, INTERRUPTED)
VALUES (4004, 1, '2019-04-26', 0, 0, false);
INSERT INTO POMODORO(ID, USER, CREATION_TIMESTAMP, WORK_TIME, BREAK_TIME, INTERRUPTED)
VALUES (4005, 1, '2019-04-26', 0, 0, false);
INSERT INTO POMODORO(ID, USER, CREATION_TIMESTAMP, WORK_TIME, BREAK_TIME, INTERRUPTED)
VALUES (4006, 1, '2019-04-26', 0, 0, true);
INSERT INTO POMODORO(ID, USER, CREATION_TIMESTAMP, WORK_TIME, BREAK_TIME, INTERRUPTED)
VALUES (4007, 1, '2019-04-25', 0, 0, false);
INSERT INTO POMODORO(ID, USER, CREATION_TIMESTAMP, WORK_TIME, BREAK_TIME, INTERRUPTED)
VALUES (4008, 1, '2019-04-25', 0, 0, false);
INSERT INTO POMODORO(ID, USER, CREATION_TIMESTAMP, WORK_TIME, BREAK_TIME, INTERRUPTED)
VALUES (4009, 1, '2019-04-25', 0, 0, false);
INSERT INTO POMODORO(ID, USER, CREATION_TIMESTAMP, WORK_TIME, BREAK_TIME, INTERRUPTED)
VALUES (4010, 1, '2019-04-25', 0, 0, true);
INSERT INTO POMODORO(ID, USER, CREATION_TIMESTAMP, WORK_TIME, BREAK_TIME, INTERRUPTED)
VALUES (4011, 1, '2019-04-25', 0, 0, true);
INSERT INTO POMODORO(ID, USER, CREATION_TIMESTAMP, WORK_TIME, BREAK_TIME, INTERRUPTED)
VALUES (4012, 1, '2019-04-25', 0, 0, true);
INSERT INTO POMODORO(ID, USER, CREATION_TIMESTAMP, WORK_TIME, BREAK_TIME, INTERRUPTED)
VALUES (4013, 1, '2019-04-25', 0, 0, false);
INSERT INTO POMODORO(ID, USER, CREATION_TIMESTAMP, WORK_TIME, BREAK_TIME, INTERRUPTED)
VALUES (4014, 1, '2019-04-25', 0, 0, true);
INSERT INTO POMODORO(ID, USER, CREATION_TIMESTAMP, WORK_TIME, BREAK_TIME, INTERRUPTED)
VALUES (4015, 1, '2019-04-25', 0, 0, false);
INSERT INTO POMODORO(ID, USER, CREATION_TIMESTAMP, WORK_TIME, BREAK_TIME, INTERRUPTED)
VALUES (4016, 1, '2019-04-25', 0, 0, true);
INSERT INTO POMODORO(ID, USER, CREATION_TIMESTAMP, WORK_TIME, BREAK_TIME, INTERRUPTED)
VALUES (4017, 1, '2019-04-25', 0, 0, true);
INSERT INTO POMODORO(ID, USER, CREATION_TIMESTAMP, WORK_TIME, BREAK_TIME, INTERRUPTED)
VALUES (4018, 1, '2019-04-25', 0, 0, true);
INSERT INTO POMODORO(ID, USER, CREATION_TIMESTAMP, WORK_TIME, BREAK_TIME, INTERRUPTED)
VALUES (4019, 1, '2019-04-25', 0, 0, false);
INSERT INTO POMODORO(ID, USER, CREATION_TIMESTAMP, WORK_TIME, BREAK_TIME, INTERRUPTED)
VALUES (4020, 1, '2019-04-25', 0, 0, true);
INSERT INTO POMODORO(ID, USER, CREATION_TIMESTAMP, WORK_TIME, BREAK_TIME, INTERRUPTED)
VALUES (4021, 1, '2019-04-25', 0, 0, true);
INSERT INTO POMODORO(ID, USER, CREATION_TIMESTAMP, WORK_TIME, BREAK_TIME, INTERRUPTED)
VALUES (4022, 1, '2019-04-25', 0, 0, false);
INSERT INTO POMODORO(ID, USER, CREATION_TIMESTAMP, WORK_TIME, BREAK_TIME, INTERRUPTED)
VALUES (4023, 1, '2019-04-25', 0, 0, false);
INSERT INTO POMODORO(ID, USER, CREATION_TIMESTAMP, WORK_TIME, BREAK_TIME, INTERRUPTED)
VALUES (4024, 1, '2019-04-25', 0, 0, false);
INSERT INTO POMODORO(ID, USER, CREATION_TIMESTAMP, WORK_TIME, BREAK_TIME, INTERRUPTED)
VALUES (4025, 1, '2019-04-25', 0, 0, true);
INSERT INTO POMODORO(ID, USER, CREATION_TIMESTAMP, WORK_TIME, BREAK_TIME, INTERRUPTED)
VALUES (4026, 1, '2019-04-24', 0, 0, true);
INSERT INTO POMODORO(ID, USER, CREATION_TIMESTAMP, WORK_TIME, BREAK_TIME, INTERRUPTED)
VALUES (4027, 1, '2019-04-23', 0, 0, false);
INSERT INTO POMODORO(ID, USER, CREATION_TIMESTAMP, WORK_TIME, BREAK_TIME, INTERRUPTED)
VALUES (4028, 1, '2019-04-23', 0, 0, true);
INSERT INTO POMODORO(ID, USER, CREATION_TIMESTAMP, WORK_TIME, BREAK_TIME, INTERRUPTED)
VALUES (4029, 1, '2019-04-23', 0, 0, true);
INSERT INTO POMODORO(ID, USER, CREATION_TIMESTAMP, WORK_TIME, BREAK_TIME, INTERRUPTED)
VALUES (4030, 1, '2019-04-22', 0, 0, true);
INSERT INTO POMODORO(ID, USER, CREATION_TIMESTAMP, WORK_TIME, BREAK_TIME, INTERRUPTED)
VALUES (4031, 1, '2019-04-22', 0, 0, false);
INSERT INTO POMODORO(ID, USER, CREATION_TIMESTAMP, WORK_TIME, BREAK_TIME, INTERRUPTED)
VALUES (4032, 1, '2019-04-22', 0, 0, true);
INSERT INTO POMODORO(ID, USER, CREATION_TIMESTAMP, WORK_TIME, BREAK_TIME, INTERRUPTED)
VALUES (4033, 1, '2019-04-22', 0, 0, false);
INSERT INTO POMODORO(ID, USER, CREATION_TIMESTAMP, WORK_TIME, BREAK_TIME, INTERRUPTED)
VALUES (4034, 1, '2019-04-22', 0, 0, false);
INSERT INTO POMODORO(ID, USER, CREATION_TIMESTAMP, WORK_TIME, BREAK_TIME, INTERRUPTED)
VALUES (4035, 1, '2019-04-22', 0, 0, true);
INSERT INTO POMODORO(ID, USER, CREATION_TIMESTAMP, WORK_TIME, BREAK_TIME, INTERRUPTED)
VALUES (4036, 1, '2019-04-22', 0, 0, false);
INSERT INTO POMODORO(ID, USER, CREATION_TIMESTAMP, WORK_TIME, BREAK_TIME, INTERRUPTED)
VALUES (4037, 1, '2019-04-22', 0, 0, false);
INSERT INTO POMODORO(ID, USER, CREATION_TIMESTAMP, WORK_TIME, BREAK_TIME, INTERRUPTED)
VALUES (4038, 1, '2019-04-22', 0, 0, false);
INSERT INTO POMODORO(ID, USER, CREATION_TIMESTAMP, WORK_TIME, BREAK_TIME, INTERRUPTED)
VALUES (4039, 1, '2019-04-22', 0, 0, true);
INSERT INTO POMODORO(ID, USER, CREATION_TIMESTAMP, WORK_TIME, BREAK_TIME, INTERRUPTED)
VALUES (4040, 1, '2019-04-21', 0, 0, false);
INSERT INTO POMODORO(ID, USER, CREATION_TIMESTAMP, WORK_TIME, BREAK_TIME, INTERRUPTED)
VALUES (4041, 1, '2019-04-21', 0, 0, false);
INSERT INTO POMODORO(ID, USER, CREATION_TIMESTAMP, WORK_TIME, BREAK_TIME, INTERRUPTED)
VALUES (4042, 1, '2019-04-21', 0, 0, true);
INSERT INTO POMODORO(ID, USER, CREATION_TIMESTAMP, WORK_TIME, BREAK_TIME, INTERRUPTED)
VALUES (4043, 1, '2019-04-21', 0, 0, false);
INSERT INTO POMODORO(ID, USER, CREATION_TIMESTAMP, WORK_TIME, BREAK_TIME, INTERRUPTED)
VALUES (4044, 1, '2019-04-21', 0, 0, false);
INSERT INTO POMODORO(ID, USER, CREATION_TIMESTAMP, WORK_TIME, BREAK_TIME, INTERRUPTED)
VALUES (4045, 1, '2019-04-21', 0, 0, false);
INSERT INTO POMODORO(ID, USER, CREATION_TIMESTAMP, WORK_TIME, BREAK_TIME, INTERRUPTED)
VALUES (4046, 1, '2019-04-21', 0, 0, true);
INSERT INTO POMODORO(ID, USER, CREATION_TIMESTAMP, WORK_TIME, BREAK_TIME, INTERRUPTED)
VALUES (4047, 1, '2019-04-21', 0, 0, false);
INSERT INTO POMODORO(ID, USER, CREATION_TIMESTAMP, WORK_TIME, BREAK_TIME, INTERRUPTED)
VALUES (4048, 1, '2019-04-21', 0, 0, false);
INSERT INTO POMODORO(ID, USER, CREATION_TIMESTAMP, WORK_TIME, BREAK_TIME, INTERRUPTED)
VALUES (4049, 1, '2019-04-21', 0, 0, false);
INSERT INTO POMODORO(ID, USER, CREATION_TIMESTAMP, WORK_TIME, BREAK_TIME, INTERRUPTED)
VALUES (4050, 1, '2019-04-21', 0, 0, false);
INSERT INTO POMODORO(ID, USER, CREATION_TIMESTAMP, WORK_TIME, BREAK_TIME, INTERRUPTED)
VALUES (4051, 1, '2019-04-21', 0, 0, true);
INSERT INTO POMODORO(ID, USER, CREATION_TIMESTAMP, WORK_TIME, BREAK_TIME, INTERRUPTED)
VALUES (4052, 1, '2019-04-21', 0, 0, true);
INSERT INTO POMODORO(ID, USER, CREATION_TIMESTAMP, WORK_TIME, BREAK_TIME, INTERRUPTED)
VALUES (4053, 1, '2019-04-21', 0, 0, true);
INSERT INTO POMODORO(ID, USER, CREATION_TIMESTAMP, WORK_TIME, BREAK_TIME, INTERRUPTED)
VALUES (4054, 1, '2019-04-21', 0, 0, true);
INSERT INTO POMODORO(ID, USER, CREATION_TIMESTAMP, WORK_TIME, BREAK_TIME, INTERRUPTED)
VALUES (4055, 1, '2019-04-21', 0, 0, false);
INSERT INTO POMODORO(ID, USER, CREATION_TIMESTAMP, WORK_TIME, BREAK_TIME, INTERRUPTED)
VALUES (4056, 1, '2019-04-21', 0, 0, true);
INSERT INTO POMODORO(ID, USER, CREATION_TIMESTAMP, WORK_TIME, BREAK_TIME, INTERRUPTED)
VALUES (4057, 1, '2019-04-21', 0, 0, false);
INSERT INTO POMODORO(ID, USER, CREATION_TIMESTAMP, WORK_TIME, BREAK_TIME, INTERRUPTED)
VALUES (4058, 1, '2019-04-21', 0, 0, false);
INSERT INTO POMODORO(ID, USER, CREATION_TIMESTAMP, WORK_TIME, BREAK_TIME, INTERRUPTED)
VALUES (4059, 1, '2019-04-21', 0, 0, true);
INSERT INTO POMODORO(ID, USER, CREATION_TIMESTAMP, WORK_TIME, BREAK_TIME, INTERRUPTED)
VALUES (4060, 1, '2019-04-21', 0, 0, true);
INSERT INTO POMODORO(ID, USER, CREATION_TIMESTAMP, WORK_TIME, BREAK_TIME, INTERRUPTED)
VALUES (4061, 1, '2019-04-21', 0, 0, true);
INSERT INTO POMODORO(ID, USER, CREATION_TIMESTAMP, WORK_TIME, BREAK_TIME, INTERRUPTED)
VALUES (4062, 1, '2019-04-21', 0, 0, false);
INSERT INTO POMODORO(ID, USER, CREATION_TIMESTAMP, WORK_TIME, BREAK_TIME, INTERRUPTED)
VALUES (4063, 1, '2019-04-21', 0, 0, false);
INSERT INTO POMODORO(ID, USER, CREATION_TIMESTAMP, WORK_TIME, BREAK_TIME, INTERRUPTED)
VALUES (4064, 1, '2019-04-21', 0, 0, false);
INSERT INTO POMODORO(ID, USER, CREATION_TIMESTAMP, WORK_TIME, BREAK_TIME, INTERRUPTED)
VALUES (4065, 1, '2019-04-21', 0, 0, true);
INSERT INTO POMODORO(ID, USER, CREATION_TIMESTAMP, WORK_TIME, BREAK_TIME, INTERRUPTED)
VALUES (4066, 1, '2019-04-21', 0, 0, true);
INSERT INTO POMODORO(ID, USER, CREATION_TIMESTAMP, WORK_TIME, BREAK_TIME, INTERRUPTED)
VALUES (4067, 1, '2019-04-21', 0, 0, false);
INSERT INTO POMODORO(ID, USER, CREATION_TIMESTAMP, WORK_TIME, BREAK_TIME, INTERRUPTED)
VALUES (4068, 1, '2019-04-21', 0, 0, false);
INSERT INTO POMODORO(ID, USER, CREATION_TIMESTAMP, WORK_TIME, BREAK_TIME, INTERRUPTED)
VALUES (4069, 1, '2019-04-20', 0, 0, true);
INSERT INTO POMODORO(ID, USER, CREATION_TIMESTAMP, WORK_TIME, BREAK_TIME, INTERRUPTED)
VALUES (4070, 1, '2019-04-20', 0, 0, false);
INSERT INTO POMODORO(ID, USER, CREATION_TIMESTAMP, WORK_TIME, BREAK_TIME, INTERRUPTED)
VALUES (4071, 1, '2019-04-20', 0, 0, false);
INSERT INTO POMODORO(ID, USER, CREATION_TIMESTAMP, WORK_TIME, BREAK_TIME, INTERRUPTED)
VALUES (4072, 1, '2019-04-20', 0, 0, true);
INSERT INTO POMODORO(ID, USER, CREATION_TIMESTAMP, WORK_TIME, BREAK_TIME, INTERRUPTED)
VALUES (4073, 1, '2019-04-20', 0, 0, true);
INSERT INTO POMODORO(ID, USER, CREATION_TIMESTAMP, WORK_TIME, BREAK_TIME, INTERRUPTED)
VALUES (4074, 1, '2019-04-20', 0, 0, true);
INSERT INTO POMODORO(ID, USER, CREATION_TIMESTAMP, WORK_TIME, BREAK_TIME, INTERRUPTED)
VALUES (4075, 1, '2019-04-20', 0, 0, false);
INSERT INTO POMODORO(ID, USER, CREATION_TIMESTAMP, WORK_TIME, BREAK_TIME, INTERRUPTED)
VALUES (4076, 1, '2019-04-20', 0, 0, false);
INSERT INTO POMODORO(ID, USER, CREATION_TIMESTAMP, WORK_TIME, BREAK_TIME, INTERRUPTED)
VALUES (4077, 1, '2019-04-20', 0, 0, true);
INSERT INTO POMODORO(ID, USER, CREATION_TIMESTAMP, WORK_TIME, BREAK_TIME, INTERRUPTED)
VALUES (4078, 1, '2019-04-20', 0, 0, false);
INSERT INTO POMODORO(ID, USER, CREATION_TIMESTAMP, WORK_TIME, BREAK_TIME, INTERRUPTED)
VALUES (4079, 1, '2019-04-20', 0, 0, false);
INSERT INTO POMODORO(ID, USER, CREATION_TIMESTAMP, WORK_TIME, BREAK_TIME, INTERRUPTED)
VALUES (4080, 1, '2019-04-20', 0, 0, true);
INSERT INTO POMODORO(ID, USER, CREATION_TIMESTAMP, WORK_TIME, BREAK_TIME, INTERRUPTED)
VALUES (4081, 1, '2019-04-20', 0, 0, false);
INSERT INTO POMODORO(ID, USER, CREATION_TIMESTAMP, WORK_TIME, BREAK_TIME, INTERRUPTED)
VALUES (4082, 1, '2019-04-20', 0, 0, true);
INSERT INTO POMODORO(ID, USER, CREATION_TIMESTAMP, WORK_TIME, BREAK_TIME, INTERRUPTED)
VALUES (4083, 1, '2019-04-20', 0, 0, true);
INSERT INTO POMODORO(ID, USER, CREATION_TIMESTAMP, WORK_TIME, BREAK_TIME, INTERRUPTED)
VALUES (4084, 1, '2019-04-20', 0, 0, false);
INSERT INTO POMODORO(ID, USER, CREATION_TIMESTAMP, WORK_TIME, BREAK_TIME, INTERRUPTED)
VALUES (4085, 1, '2019-04-20', 0, 0, true);
INSERT INTO POMODORO(ID, USER, CREATION_TIMESTAMP, WORK_TIME, BREAK_TIME, INTERRUPTED)
VALUES (4086, 1, '2019-04-20', 0, 0, false);
INSERT INTO POMODORO(ID, USER, CREATION_TIMESTAMP, WORK_TIME, BREAK_TIME, INTERRUPTED)
VALUES (4087, 1, '2019-04-20', 0, 0, true);
INSERT INTO POMODORO(ID, USER, CREATION_TIMESTAMP, WORK_TIME, BREAK_TIME, INTERRUPTED)
VALUES (4088, 1, '2019-04-20', 0, 0, false);
INSERT INTO POMODORO(ID, USER, CREATION_TIMESTAMP, WORK_TIME, BREAK_TIME, INTERRUPTED)
VALUES (4089, 1, '2019-04-20', 0, 0, false);
INSERT INTO POMODORO(ID, USER, CREATION_TIMESTAMP, WORK_TIME, BREAK_TIME, INTERRUPTED)
VALUES (4090, 1, '2019-04-20', 0, 0, false);
INSERT INTO POMODORO(ID, USER, CREATION_TIMESTAMP, WORK_TIME, BREAK_TIME, INTERRUPTED)
VALUES (4091, 1, '2019-04-20', 0, 0, true);
INSERT INTO POMODORO(ID, USER, CREATION_TIMESTAMP, WORK_TIME, BREAK_TIME, INTERRUPTED)
VALUES (4092, 1, '2019-04-20', 0, 0, true);
INSERT INTO POMODORO(ID, USER, CREATION_TIMESTAMP, WORK_TIME, BREAK_TIME, INTERRUPTED)
VALUES (4093, 1, '2019-04-20', 0, 0, false);
INSERT INTO POMODORO(ID, USER, CREATION_TIMESTAMP, WORK_TIME, BREAK_TIME, INTERRUPTED)
VALUES (4094, 1, '2019-04-20', 0, 0, true);
INSERT INTO POMODORO(ID, USER, CREATION_TIMESTAMP, WORK_TIME, BREAK_TIME, INTERRUPTED)
VALUES (4095, 1, '2019-04-20', 0, 0, false);
INSERT INTO POMODORO(ID, USER, CREATION_TIMESTAMP, WORK_TIME, BREAK_TIME, INTERRUPTED)
VALUES (4096, 1, '2019-04-20', 0, 0, false);
INSERT INTO POMODORO(ID, USER, CREATION_TIMESTAMP, WORK_TIME, BREAK_TIME, INTERRUPTED)
VALUES (4097, 1, '2019-04-20', 0, 0, false);
INSERT INTO POMODORO(ID, USER, CREATION_TIMESTAMP, WORK_TIME, BREAK_TIME, INTERRUPTED)
VALUES (4098, 1, '2019-04-20', 0, 0, false);
INSERT INTO POMODORO(ID, USER, CREATION_TIMESTAMP, WORK_TIME, BREAK_TIME, INTERRUPTED)
VALUES (4099, 1, '2019-04-20', 0, 0, true);
INSERT INTO POMODORO(ID, USER, CREATION_TIMESTAMP, WORK_TIME, BREAK_TIME, INTERRUPTED)
VALUES (4100, 1, '2019-04-20', 0, 0, true);
INSERT INTO POMODORO(ID, USER, CREATION_TIMESTAMP, WORK_TIME, BREAK_TIME, INTERRUPTED)
VALUES (4101, 1, '2019-04-20', 0, 0, false);
INSERT INTO POMODORO(ID, USER, CREATION_TIMESTAMP, WORK_TIME, BREAK_TIME, INTERRUPTED)
VALUES (4102, 1, '2019-04-20', 0, 0, false);
INSERT INTO POMODORO(ID, USER, CREATION_TIMESTAMP, WORK_TIME, BREAK_TIME, INTERRUPTED)
VALUES (4103, 1, '2019-04-20', 0, 0, true);
INSERT INTO POMODORO(ID, USER, CREATION_TIMESTAMP, WORK_TIME, BREAK_TIME, INTERRUPTED)
VALUES (4104, 1, '2019-04-20', 0, 0, true);
INSERT INTO POMODORO(ID, USER, CREATION_TIMESTAMP, WORK_TIME, BREAK_TIME, INTERRUPTED)
VALUES (4105, 1, '2019-04-20', 0, 0, false);
INSERT INTO POMODORO(ID, USER, CREATION_TIMESTAMP, WORK_TIME, BREAK_TIME, INTERRUPTED)
VALUES (4106, 1, '2019-04-20', 0, 0, true);
INSERT INTO POMODORO(ID, USER, CREATION_TIMESTAMP, WORK_TIME, BREAK_TIME, INTERRUPTED)
VALUES (4107, 1, '2019-04-20', 0, 0, false);
INSERT INTO POMODORO(ID, USER, CREATION_TIMESTAMP, WORK_TIME, BREAK_TIME, INTERRUPTED)
VALUES (4108, 1, '2019-04-19', 0, 0, false);
INSERT INTO POMODORO(ID, USER, CREATION_TIMESTAMP, WORK_TIME, BREAK_TIME, INTERRUPTED)
VALUES (4109, 1, '2019-04-19', 0, 0, false);
INSERT INTO POMODORO(ID, USER, CREATION_TIMESTAMP, WORK_TIME, BREAK_TIME, INTERRUPTED)
VALUES (4110, 1, '2019-04-19', 0, 0, true);
INSERT INTO POMODORO(ID, USER, CREATION_TIMESTAMP, WORK_TIME, BREAK_TIME, INTERRUPTED)
VALUES (4111, 1, '2019-04-19', 0, 0, false);
INSERT INTO POMODORO(ID, USER, CREATION_TIMESTAMP, WORK_TIME, BREAK_TIME, INTERRUPTED)
VALUES (4112, 1, '2019-04-19', 0, 0, false);
INSERT INTO POMODORO(ID, USER, CREATION_TIMESTAMP, WORK_TIME, BREAK_TIME, INTERRUPTED)
VALUES (4113, 1, '2019-04-19', 0, 0, false);
INSERT INTO POMODORO(ID, USER, CREATION_TIMESTAMP, WORK_TIME, BREAK_TIME, INTERRUPTED)
VALUES (4114, 1, '2019-04-19', 0, 0, true);
INSERT INTO POMODORO(ID, USER, CREATION_TIMESTAMP, WORK_TIME, BREAK_TIME, INTERRUPTED)
VALUES (4115, 1, '2019-04-19', 0, 0, true);
INSERT INTO POMODORO(ID, USER, CREATION_TIMESTAMP, WORK_TIME, BREAK_TIME, INTERRUPTED)
VALUES (4116, 1, '2019-04-19', 0, 0, true);
INSERT INTO POMODORO(ID, USER, CREATION_TIMESTAMP, WORK_TIME, BREAK_TIME, INTERRUPTED)
VALUES (4117, 1, '2019-04-19', 0, 0, false);
INSERT INTO POMODORO(ID, USER, CREATION_TIMESTAMP, WORK_TIME, BREAK_TIME, INTERRUPTED)
VALUES (4118, 1, '2019-04-19', 0, 0, false);
INSERT INTO POMODORO(ID, USER, CREATION_TIMESTAMP, WORK_TIME, BREAK_TIME, INTERRUPTED)
VALUES (4119, 1, '2019-04-19', 0, 0, false);
INSERT INTO POMODORO(ID, USER, CREATION_TIMESTAMP, WORK_TIME, BREAK_TIME, INTERRUPTED)
VALUES (4120, 1, '2019-04-19', 0, 0, true);
INSERT INTO POMODORO(ID, USER, CREATION_TIMESTAMP, WORK_TIME, BREAK_TIME, INTERRUPTED)
VALUES (4121, 1, '2019-04-19', 0, 0, true);
INSERT INTO POMODORO(ID, USER, CREATION_TIMESTAMP, WORK_TIME, BREAK_TIME, INTERRUPTED)
VALUES (4122, 1, '2019-04-19', 0, 0, true);
INSERT INTO POMODORO(ID, USER, CREATION_TIMESTAMP, WORK_TIME, BREAK_TIME, INTERRUPTED)
VALUES (4123, 1, '2019-04-19', 0, 0, true);
INSERT INTO POMODORO(ID, USER, CREATION_TIMESTAMP, WORK_TIME, BREAK_TIME, INTERRUPTED)
VALUES (4124, 1, '2019-04-19', 0, 0, false);
INSERT INTO POMODORO(ID, USER, CREATION_TIMESTAMP, WORK_TIME, BREAK_TIME, INTERRUPTED)
VALUES (4125, 1, '2019-04-19', 0, 0, false);
INSERT INTO POMODORO(ID, USER, CREATION_TIMESTAMP, WORK_TIME, BREAK_TIME, INTERRUPTED)
VALUES (4126, 1, '2019-04-19', 0, 0, false);
INSERT INTO POMODORO(ID, USER, CREATION_TIMESTAMP, WORK_TIME, BREAK_TIME, INTERRUPTED)
VALUES (4127, 1, '2019-04-19', 0, 0, false);
INSERT INTO POMODORO(ID, USER, CREATION_TIMESTAMP, WORK_TIME, BREAK_TIME, INTERRUPTED)
VALUES (4128, 1, '2019-04-19', 0, 0, true);
INSERT INTO POMODORO(ID, USER, CREATION_TIMESTAMP, WORK_TIME, BREAK_TIME, INTERRUPTED)
VALUES (4129, 1, '2019-04-19', 0, 0, false);
INSERT INTO POMODORO(ID, USER, CREATION_TIMESTAMP, WORK_TIME, BREAK_TIME, INTERRUPTED)
VALUES (4130, 1, '2019-04-19', 0, 0, true);
INSERT INTO POMODORO(ID, USER, CREATION_TIMESTAMP, WORK_TIME, BREAK_TIME, INTERRUPTED)
VALUES (4131, 1, '2019-04-19', 0, 0, false);
INSERT INTO POMODORO(ID, USER, CREATION_TIMESTAMP, WORK_TIME, BREAK_TIME, INTERRUPTED)
VALUES (4132, 1, '2019-04-19', 0, 0, false);
INSERT INTO POMODORO(ID, USER, CREATION_TIMESTAMP, WORK_TIME, BREAK_TIME, INTERRUPTED)
VALUES (4133, 1, '2019-04-19', 0, 0, false);
INSERT INTO POMODORO(ID, USER, CREATION_TIMESTAMP, WORK_TIME, BREAK_TIME, INTERRUPTED)
VALUES (4134, 1, '2019-04-19', 0, 0, true);
INSERT INTO POMODORO(ID, USER, CREATION_TIMESTAMP, WORK_TIME, BREAK_TIME, INTERRUPTED)
VALUES (4135, 1, '2019-04-19', 0, 0, true);
INSERT INTO POMODORO(ID, USER, CREATION_TIMESTAMP, WORK_TIME, BREAK_TIME, INTERRUPTED)
VALUES (4136, 1, '2019-04-19', 0, 0, false);
INSERT INTO POMODORO(ID, USER, CREATION_TIMESTAMP, WORK_TIME, BREAK_TIME, INTERRUPTED)
VALUES (4137, 1, '2019-04-18', 0, 0, false);
INSERT INTO POMODORO(ID, USER, CREATION_TIMESTAMP, WORK_TIME, BREAK_TIME, INTERRUPTED)
VALUES (4138, 1, '2019-04-18', 0, 0, true);
INSERT INTO POMODORO(ID, USER, CREATION_TIMESTAMP, WORK_TIME, BREAK_TIME, INTERRUPTED)
VALUES (4139, 1, '2019-04-18', 0, 0, false);
INSERT INTO POMODORO(ID, USER, CREATION_TIMESTAMP, WORK_TIME, BREAK_TIME, INTERRUPTED)
VALUES (4140, 1, '2019-04-18', 0, 0, true);
INSERT INTO POMODORO(ID, USER, CREATION_TIMESTAMP, WORK_TIME, BREAK_TIME, INTERRUPTED)
VALUES (4141, 1, '2019-04-18', 0, 0, false);
INSERT INTO POMODORO(ID, USER, CREATION_TIMESTAMP, WORK_TIME, BREAK_TIME, INTERRUPTED)
VALUES (4142, 1, '2019-04-18', 0, 0, true);
INSERT INTO POMODORO(ID, USER, CREATION_TIMESTAMP, WORK_TIME, BREAK_TIME, INTERRUPTED)
VALUES (4143, 1, '2019-04-18', 0, 0, true);
INSERT INTO POMODORO(ID, USER, CREATION_TIMESTAMP, WORK_TIME, BREAK_TIME, INTERRUPTED)
VALUES (4144, 1, '2019-04-18', 0, 0, false);
INSERT INTO POMODORO(ID, USER, CREATION_TIMESTAMP, WORK_TIME, BREAK_TIME, INTERRUPTED)
VALUES (4145, 1, '2019-04-18', 0, 0, false);
INSERT INTO POMODORO(ID, USER, CREATION_TIMESTAMP, WORK_TIME, BREAK_TIME, INTERRUPTED)
VALUES (4146, 1, '2019-04-18', 0, 0, true);
INSERT INTO POMODORO(ID, USER, CREATION_TIMESTAMP, WORK_TIME, BREAK_TIME, INTERRUPTED)
VALUES (4147, 1, '2019-04-18', 0, 0, false);
INSERT INTO POMODORO(ID, USER, CREATION_TIMESTAMP, WORK_TIME, BREAK_TIME, INTERRUPTED)
VALUES (4148, 1, '2019-04-18', 0, 0, false);
INSERT INTO POMODORO(ID, USER, CREATION_TIMESTAMP, WORK_TIME, BREAK_TIME, INTERRUPTED)
VALUES (4149, 1, '2019-04-18', 0, 0, true);
INSERT INTO POMODORO(ID, USER, CREATION_TIMESTAMP, WORK_TIME, BREAK_TIME, INTERRUPTED)
VALUES (4150, 1, '2019-04-18', 0, 0, false);
INSERT INTO POMODORO(ID, USER, CREATION_TIMESTAMP, WORK_TIME, BREAK_TIME, INTERRUPTED)
VALUES (4151, 1, '2019-04-18', 0, 0, false);
INSERT INTO POMODORO(ID, USER, CREATION_TIMESTAMP, WORK_TIME, BREAK_TIME, INTERRUPTED)
VALUES (4152, 1, '2019-04-18', 0, 0, true);
INSERT INTO POMODORO(ID, USER, CREATION_TIMESTAMP, WORK_TIME, BREAK_TIME, INTERRUPTED)
VALUES (4153, 1, '2019-04-18', 0, 0, true);
INSERT INTO POMODORO(ID, USER, CREATION_TIMESTAMP, WORK_TIME, BREAK_TIME, INTERRUPTED)
VALUES (4154, 1, '2019-04-18', 0, 0, false);
INSERT INTO POMODORO(ID, USER, CREATION_TIMESTAMP, WORK_TIME, BREAK_TIME, INTERRUPTED)
VALUES (4155, 1, '2019-04-18', 0, 0, true);
INSERT INTO POMODORO(ID, USER, CREATION_TIMESTAMP, WORK_TIME, BREAK_TIME, INTERRUPTED)
VALUES (4156, 1, '2019-04-18', 0, 0, true);
INSERT INTO POMODORO(ID, USER, CREATION_TIMESTAMP, WORK_TIME, BREAK_TIME, INTERRUPTED)
VALUES (4157, 1, '2019-04-18', 0, 0, false);
INSERT INTO POMODORO(ID, USER, CREATION_TIMESTAMP, WORK_TIME, BREAK_TIME, INTERRUPTED)
VALUES (4158, 1, '2019-04-18', 0, 0, true);
INSERT INTO POMODORO(ID, USER, CREATION_TIMESTAMP, WORK_TIME, BREAK_TIME, INTERRUPTED)
VALUES (4159, 1, '2019-04-18', 0, 0, true);
INSERT INTO POMODORO(ID, USER, CREATION_TIMESTAMP, WORK_TIME, BREAK_TIME, INTERRUPTED)
VALUES (4160, 1, '2019-04-18', 0, 0, false);
INSERT INTO POMODORO(ID, USER, CREATION_TIMESTAMP, WORK_TIME, BREAK_TIME, INTERRUPTED)
VALUES (4161, 1, '2019-04-18', 0, 0, false);
INSERT INTO POMODORO(ID, USER, CREATION_TIMESTAMP, WORK_TIME, BREAK_TIME, INTERRUPTED)
VALUES (4162, 1, '2019-04-18', 0, 0, true);
INSERT INTO POMODORO(ID, USER, CREATION_TIMESTAMP, WORK_TIME, BREAK_TIME, INTERRUPTED)
VALUES (4163, 1, '2019-04-18', 0, 0, false);
INSERT INTO POMODORO(ID, USER, CREATION_TIMESTAMP, WORK_TIME, BREAK_TIME, INTERRUPTED)
VALUES (4164, 1, '2019-04-18', 0, 0, false);
INSERT INTO POMODORO(ID, USER, CREATION_TIMESTAMP, WORK_TIME, BREAK_TIME, INTERRUPTED)
VALUES (4165, 1, '2019-04-18', 0, 0, true);
INSERT INTO POMODORO(ID, USER, CREATION_TIMESTAMP, WORK_TIME, BREAK_TIME, INTERRUPTED)
VALUES (4166, 1, '2019-04-18', 0, 0, true);
INSERT INTO POMODORO(ID, USER, CREATION_TIMESTAMP, WORK_TIME, BREAK_TIME, INTERRUPTED)
VALUES (4167, 1, '2019-04-18', 0, 0, true);
INSERT INTO POMODORO(ID, USER, CREATION_TIMESTAMP, WORK_TIME, BREAK_TIME, INTERRUPTED)
VALUES (4168, 1, '2019-04-18', 0, 0, false);
INSERT INTO POMODORO(ID, USER, CREATION_TIMESTAMP, WORK_TIME, BREAK_TIME, INTERRUPTED)
VALUES (4169, 1, '2019-04-18', 0, 0, false);
INSERT INTO POMODORO(ID, USER, CREATION_TIMESTAMP, WORK_TIME, BREAK_TIME, INTERRUPTED)
VALUES (4170, 1, '2019-04-18', 0, 0, false);
INSERT INTO POMODORO(ID, USER, CREATION_TIMESTAMP, WORK_TIME, BREAK_TIME, INTERRUPTED)
VALUES (4171, 1, '2019-04-18', 0, 0, false);
INSERT INTO POMODORO(ID, USER, CREATION_TIMESTAMP, WORK_TIME, BREAK_TIME, INTERRUPTED)
VALUES (4172, 1, '2019-04-18', 0, 0, true);
INSERT INTO POMODORO(ID, USER, CREATION_TIMESTAMP, WORK_TIME, BREAK_TIME, INTERRUPTED)
VALUES (4173, 1, '2019-04-18', 0, 0, true);
INSERT INTO POMODORO(ID, USER, CREATION_TIMESTAMP, WORK_TIME, BREAK_TIME, INTERRUPTED)
VALUES (4174, 1, '2019-04-18', 0, 0, false);
INSERT INTO POMODORO(ID, USER, CREATION_TIMESTAMP, WORK_TIME, BREAK_TIME, INTERRUPTED)
VALUES (4175, 1, '2019-04-18', 0, 0, true);
INSERT INTO POMODORO(ID, USER, CREATION_TIMESTAMP, WORK_TIME, BREAK_TIME, INTERRUPTED)
VALUES (4176, 1, '2019-04-18', 0, 0, false);
INSERT INTO POMODORO(ID, USER, CREATION_TIMESTAMP, WORK_TIME, BREAK_TIME, INTERRUPTED)
VALUES (4177, 1, '2019-04-18', 0, 0, false);
INSERT INTO POMODORO(ID, USER, CREATION_TIMESTAMP, WORK_TIME, BREAK_TIME, INTERRUPTED)
VALUES (4178, 1, '2019-04-18', 0, 0, true);
INSERT INTO POMODORO(ID, USER, CREATION_TIMESTAMP, WORK_TIME, BREAK_TIME, INTERRUPTED)
VALUES (4179, 1, '2019-04-18', 0, 0, false);
INSERT INTO POMODORO(ID, USER, CREATION_TIMESTAMP, WORK_TIME, BREAK_TIME, INTERRUPTED)
VALUES (4180, 1, '2019-04-18', 0, 0, true);
INSERT INTO POMODORO(ID, USER, CREATION_TIMESTAMP, WORK_TIME, BREAK_TIME, INTERRUPTED)
VALUES (4181, 1, '2019-04-18', 0, 0, false);
INSERT INTO POMODORO(ID, USER, CREATION_TIMESTAMP, WORK_TIME, BREAK_TIME, INTERRUPTED)
VALUES (4182, 1, '2019-04-18', 0, 0, true);
INSERT INTO POMODORO(ID, USER, CREATION_TIMESTAMP, WORK_TIME, BREAK_TIME, INTERRUPTED)
VALUES (4183, 1, '2019-04-18', 0, 0, false);
INSERT INTO POMODORO(ID, USER, CREATION_TIMESTAMP, WORK_TIME, BREAK_TIME, INTERRUPTED)
VALUES (4184, 1, '2019-04-17', 0, 0, false);
INSERT INTO POMODORO(ID, USER, CREATION_TIMESTAMP, WORK_TIME, BREAK_TIME, INTERRUPTED)
VALUES (4185, 1, '2019-04-17', 0, 0, true);
INSERT INTO POMODORO(ID, USER, CREATION_TIMESTAMP, WORK_TIME, BREAK_TIME, INTERRUPTED)
VALUES (4186, 1, '2019-04-17', 0, 0, false);
INSERT INTO POMODORO(ID, USER, CREATION_TIMESTAMP, WORK_TIME, BREAK_TIME, INTERRUPTED)
VALUES (4187, 1, '2019-04-17', 0, 0, false);
INSERT INTO POMODORO(ID, USER, CREATION_TIMESTAMP, WORK_TIME, BREAK_TIME, INTERRUPTED)
VALUES (4188, 1, '2019-04-17', 0, 0, false);
INSERT INTO POMODORO(ID, USER, CREATION_TIMESTAMP, WORK_TIME, BREAK_TIME, INTERRUPTED)
VALUES (4189, 1, '2019-04-17', 0, 0, true);
INSERT INTO POMODORO(ID, USER, CREATION_TIMESTAMP, WORK_TIME, BREAK_TIME, INTERRUPTED)
VALUES (4190, 1, '2019-04-17', 0, 0, true);
INSERT INTO POMODORO(ID, USER, CREATION_TIMESTAMP, WORK_TIME, BREAK_TIME, INTERRUPTED)
VALUES (4191, 1, '2019-04-17', 0, 0, true);
INSERT INTO POMODORO(ID, USER, CREATION_TIMESTAMP, WORK_TIME, BREAK_TIME, INTERRUPTED)
VALUES (4192, 1, '2019-04-17', 0, 0, true);
INSERT INTO POMODORO(ID, USER, CREATION_TIMESTAMP, WORK_TIME, BREAK_TIME, INTERRUPTED)
VALUES (4193, 1, '2019-04-17', 0, 0, false);
INSERT INTO POMODORO(ID, USER, CREATION_TIMESTAMP, WORK_TIME, BREAK_TIME, INTERRUPTED)
VALUES (4194, 1, '2019-04-17', 0, 0, true);
INSERT INTO POMODORO(ID, USER, CREATION_TIMESTAMP, WORK_TIME, BREAK_TIME, INTERRUPTED)
VALUES (4195, 1, '2019-04-17', 0, 0, true);
INSERT INTO POMODORO(ID, USER, CREATION_TIMESTAMP, WORK_TIME, BREAK_TIME, INTERRUPTED)
VALUES (4196, 1, '2019-04-17', 0, 0, true);
INSERT INTO POMODORO(ID, USER, CREATION_TIMESTAMP, WORK_TIME, BREAK_TIME, INTERRUPTED)
VALUES (4197, 1, '2019-04-17', 0, 0, true);
INSERT INTO POMODORO(ID, USER, CREATION_TIMESTAMP, WORK_TIME, BREAK_TIME, INTERRUPTED)
VALUES (4198, 1, '2019-04-17', 0, 0, true);
INSERT INTO POMODORO(ID, USER, CREATION_TIMESTAMP, WORK_TIME, BREAK_TIME, INTERRUPTED)
VALUES (4199, 1, '2019-04-17', 0, 0, false);
INSERT INTO POMODORO(ID, USER, CREATION_TIMESTAMP, WORK_TIME, BREAK_TIME, INTERRUPTED)
VALUES (4200, 1, '2019-04-17', 0, 0, false);
INSERT INTO POMODORO(ID, USER, CREATION_TIMESTAMP, WORK_TIME, BREAK_TIME, INTERRUPTED)
VALUES (4201, 1, '2019-04-17', 0, 0, false);
INSERT INTO POMODORO(ID, USER, CREATION_TIMESTAMP, WORK_TIME, BREAK_TIME, INTERRUPTED)
VALUES (4202, 1, '2019-04-17', 0, 0, false);
INSERT INTO POMODORO(ID, USER, CREATION_TIMESTAMP, WORK_TIME, BREAK_TIME, INTERRUPTED)
VALUES (4203, 1, '2019-04-17', 0, 0, false);
INSERT INTO POMODORO(ID, USER, CREATION_TIMESTAMP, WORK_TIME, BREAK_TIME, INTERRUPTED)
VALUES (4204, 1, '2019-04-17', 0, 0, false);
INSERT INTO POMODORO(ID, USER, CREATION_TIMESTAMP, WORK_TIME, BREAK_TIME, INTERRUPTED)
VALUES (4205, 1, '2019-04-17', 0, 0, false);
INSERT INTO POMODORO(ID, USER, CREATION_TIMESTAMP, WORK_TIME, BREAK_TIME, INTERRUPTED)
VALUES (4206, 1, '2019-04-17', 0, 0, true);
INSERT INTO POMODORO(ID, USER, CREATION_TIMESTAMP, WORK_TIME, BREAK_TIME, INTERRUPTED)
VALUES (4207, 1, '2019-04-17', 0, 0, true);
INSERT INTO POMODORO(ID, USER, CREATION_TIMESTAMP, WORK_TIME, BREAK_TIME, INTERRUPTED)
VALUES (4208, 1, '2019-04-17', 0, 0, false);
INSERT INTO POMODORO(ID, USER, CREATION_TIMESTAMP, WORK_TIME, BREAK_TIME, INTERRUPTED)
VALUES (4209, 1, '2019-04-17', 0, 0, true);
INSERT INTO POMODORO(ID, USER, CREATION_TIMESTAMP, WORK_TIME, BREAK_TIME, INTERRUPTED)
VALUES (4210, 1, '2019-04-17', 0, 0, true);
INSERT INTO POMODORO(ID, USER, CREATION_TIMESTAMP, WORK_TIME, BREAK_TIME, INTERRUPTED)
VALUES (4211, 1, '2019-04-17', 0, 0, true);
INSERT INTO POMODORO(ID, USER, CREATION_TIMESTAMP, WORK_TIME, BREAK_TIME, INTERRUPTED)
VALUES (4212, 1, '2019-04-17', 0, 0, false);
INSERT INTO POMODORO(ID, USER, CREATION_TIMESTAMP, WORK_TIME, BREAK_TIME, INTERRUPTED)
VALUES (4213, 1, '2019-04-17', 0, 0, false);
INSERT INTO POMODORO(ID, USER, CREATION_TIMESTAMP, WORK_TIME, BREAK_TIME, INTERRUPTED)
VALUES (4214, 1, '2019-04-17', 0, 0, false);
INSERT INTO POMODORO(ID, USER, CREATION_TIMESTAMP, WORK_TIME, BREAK_TIME, INTERRUPTED)
VALUES (4215, 1, '2019-04-17', 0, 0, true);
INSERT INTO POMODORO(ID, USER, CREATION_TIMESTAMP, WORK_TIME, BREAK_TIME, INTERRUPTED)
VALUES (4216, 1, '2019-04-17', 0, 0, false);
INSERT INTO POMODORO(ID, USER, CREATION_TIMESTAMP, WORK_TIME, BREAK_TIME, INTERRUPTED)
VALUES (4217, 1, '2019-04-17', 0, 0, true);
INSERT INTO POMODORO(ID, USER, CREATION_TIMESTAMP, WORK_TIME, BREAK_TIME, INTERRUPTED)
VALUES (4218, 1, '2019-04-17', 0, 0, true);
INSERT INTO POMODORO(ID, USER, CREATION_TIMESTAMP, WORK_TIME, BREAK_TIME, INTERRUPTED)
VALUES (4219, 1, '2019-04-17', 0, 0, false);
INSERT INTO POMODORO(ID, USER, CREATION_TIMESTAMP, WORK_TIME, BREAK_TIME, INTERRUPTED)
VALUES (4220, 1, '2019-04-17', 0, 0, true);
INSERT INTO POMODORO(ID, USER, CREATION_TIMESTAMP, WORK_TIME, BREAK_TIME, INTERRUPTED)
VALUES (4221, 1, '2019-04-17', 0, 0, true);
INSERT INTO POMODORO(ID, USER, CREATION_TIMESTAMP, WORK_TIME, BREAK_TIME, INTERRUPTED)
VALUES (4222, 1, '2019-04-17', 0, 0, true);
INSERT INTO POMODORO(ID, USER, CREATION_TIMESTAMP, WORK_TIME, BREAK_TIME, INTERRUPTED)
VALUES (4223, 1, '2019-04-17', 0, 0, false);
INSERT INTO POMODORO(ID, USER, CREATION_TIMESTAMP, WORK_TIME, BREAK_TIME, INTERRUPTED)
VALUES (4224, 1, '2019-04-17', 0, 0, true);
INSERT INTO POMODORO(ID, USER, CREATION_TIMESTAMP, WORK_TIME, BREAK_TIME, INTERRUPTED)
VALUES (4225, 1, '2019-04-16', 0, 0, false);
INSERT INTO POMODORO(ID, USER, CREATION_TIMESTAMP, WORK_TIME, BREAK_TIME, INTERRUPTED)
VALUES (4226, 1, '2019-04-16', 0, 0, true);
INSERT INTO POMODORO(ID, USER, CREATION_TIMESTAMP, WORK_TIME, BREAK_TIME, INTERRUPTED)
VALUES (4227, 1, '2019-04-16', 0, 0, false);
INSERT INTO POMODORO(ID, USER, CREATION_TIMESTAMP, WORK_TIME, BREAK_TIME, INTERRUPTED)
VALUES (4228, 1, '2019-04-16', 0, 0, false);
INSERT INTO POMODORO(ID, USER, CREATION_TIMESTAMP, WORK_TIME, BREAK_TIME, INTERRUPTED)
VALUES (4229, 1, '2019-04-16', 0, 0, true);
INSERT INTO POMODORO(ID, USER, CREATION_TIMESTAMP, WORK_TIME, BREAK_TIME, INTERRUPTED)
VALUES (4230, 1, '2019-04-16', 0, 0, false);
INSERT INTO POMODORO(ID, USER, CREATION_TIMESTAMP, WORK_TIME, BREAK_TIME, INTERRUPTED)
VALUES (4231, 1, '2019-04-16', 0, 0, false);
INSERT INTO POMODORO(ID, USER, CREATION_TIMESTAMP, WORK_TIME, BREAK_TIME, INTERRUPTED)
VALUES (4232, 1, '2019-04-16', 0, 0, true);
INSERT INTO POMODORO(ID, USER, CREATION_TIMESTAMP, WORK_TIME, BREAK_TIME, INTERRUPTED)
VALUES (4233, 1, '2019-04-16', 0, 0, false);
INSERT INTO POMODORO(ID, USER, CREATION_TIMESTAMP, WORK_TIME, BREAK_TIME, INTERRUPTED)
VALUES (4234, 1, '2019-04-16', 0, 0, false);
INSERT INTO POMODORO(ID, USER, CREATION_TIMESTAMP, WORK_TIME, BREAK_TIME, INTERRUPTED)
VALUES (4235, 1, '2019-04-15', 0, 0, false);
INSERT INTO POMODORO(ID, USER, CREATION_TIMESTAMP, WORK_TIME, BREAK_TIME, INTERRUPTED)
VALUES (4236, 1, '2019-04-15', 0, 0, false);
INSERT INTO POMODORO(ID, USER, CREATION_TIMESTAMP, WORK_TIME, BREAK_TIME, INTERRUPTED)
VALUES (4237, 1, '2019-04-15', 0, 0, false);
INSERT INTO POMODORO(ID, USER, CREATION_TIMESTAMP, WORK_TIME, BREAK_TIME, INTERRUPTED)
VALUES (4238, 1, '2019-04-15', 0, 0, true);
INSERT INTO POMODORO(ID, USER, CREATION_TIMESTAMP, WORK_TIME, BREAK_TIME, INTERRUPTED)
VALUES (4239, 1, '2019-04-15', 0, 0, false);
INSERT INTO POMODORO(ID, USER, CREATION_TIMESTAMP, WORK_TIME, BREAK_TIME, INTERRUPTED)
VALUES (4240, 1, '2019-04-15', 0, 0, false);
INSERT INTO POMODORO(ID, USER, CREATION_TIMESTAMP, WORK_TIME, BREAK_TIME, INTERRUPTED)
VALUES (4241, 1, '2019-04-15', 0, 0, true);
INSERT INTO POMODORO(ID, USER, CREATION_TIMESTAMP, WORK_TIME, BREAK_TIME, INTERRUPTED)
VALUES (4242, 1, '2019-04-15', 0, 0, false);
INSERT INTO POMODORO(ID, USER, CREATION_TIMESTAMP, WORK_TIME, BREAK_TIME, INTERRUPTED)
VALUES (4243, 1, '2019-04-15', 0, 0, false);
INSERT INTO POMODORO(ID, USER, CREATION_TIMESTAMP, WORK_TIME, BREAK_TIME, INTERRUPTED)
VALUES (4244, 1, '2019-04-15', 0, 0, false);
INSERT INTO POMODORO(ID, USER, CREATION_TIMESTAMP, WORK_TIME, BREAK_TIME, INTERRUPTED)
VALUES (4245, 1, '2019-04-15', 0, 0, true);
INSERT INTO POMODORO(ID, USER, CREATION_TIMESTAMP, WORK_TIME, BREAK_TIME, INTERRUPTED)
VALUES (4246, 1, '2019-04-15', 0, 0, false);
INSERT INTO POMODORO(ID, USER, CREATION_TIMESTAMP, WORK_TIME, BREAK_TIME, INTERRUPTED)
VALUES (4247, 1, '2019-04-15', 0, 0, true);
INSERT INTO POMODORO(ID, USER, CREATION_TIMESTAMP, WORK_TIME, BREAK_TIME, INTERRUPTED)
VALUES (4248, 1, '2019-04-15', 0, 0, false);
INSERT INTO POMODORO(ID, USER, CREATION_TIMESTAMP, WORK_TIME, BREAK_TIME, INTERRUPTED)
VALUES (4249, 1, '2019-04-15', 0, 0, true);
INSERT INTO POMODORO(ID, USER, CREATION_TIMESTAMP, WORK_TIME, BREAK_TIME, INTERRUPTED)
VALUES (4250, 1, '2019-04-15', 0, 0, false);
INSERT INTO POMODORO(ID, USER, CREATION_TIMESTAMP, WORK_TIME, BREAK_TIME, INTERRUPTED)
VALUES (4251, 1, '2019-04-15', 0, 0, false);
INSERT INTO POMODORO(ID, USER, CREATION_TIMESTAMP, WORK_TIME, BREAK_TIME, INTERRUPTED)
VALUES (4252, 1, '2019-04-15', 0, 0, true);
INSERT INTO POMODORO(ID, USER, CREATION_TIMESTAMP, WORK_TIME, BREAK_TIME, INTERRUPTED)
VALUES (4253, 1, '2019-04-15', 0, 0, false);
INSERT INTO POMODORO(ID, USER, CREATION_TIMESTAMP, WORK_TIME, BREAK_TIME, INTERRUPTED)
VALUES (4254, 1, '2019-04-15', 0, 0, true);
INSERT INTO POMODORO(ID, USER, CREATION_TIMESTAMP, WORK_TIME, BREAK_TIME, INTERRUPTED)
VALUES (4255, 1, '2019-04-15', 0, 0, false);
INSERT INTO POMODORO(ID, USER, CREATION_TIMESTAMP, WORK_TIME, BREAK_TIME, INTERRUPTED)
VALUES (4256, 1, '2019-04-15', 0, 0, true);
INSERT INTO POMODORO(ID, USER, CREATION_TIMESTAMP, WORK_TIME, BREAK_TIME, INTERRUPTED)
VALUES (4257, 1, '2019-04-15', 0, 0, false);
INSERT INTO POMODORO(ID, USER, CREATION_TIMESTAMP, WORK_TIME, BREAK_TIME, INTERRUPTED)
VALUES (4258, 1, '2019-04-15', 0, 0, true);
INSERT INTO POMODORO(ID, USER, CREATION_TIMESTAMP, WORK_TIME, BREAK_TIME, INTERRUPTED)
VALUES (4259, 1, '2019-04-15', 0, 0, true);
INSERT INTO POMODORO(ID, USER, CREATION_TIMESTAMP, WORK_TIME, BREAK_TIME, INTERRUPTED)
VALUES (4260, 1, '2019-04-15', 0, 0, true);
INSERT INTO POMODORO(ID, USER, CREATION_TIMESTAMP, WORK_TIME, BREAK_TIME, INTERRUPTED)
VALUES (4261, 1, '2019-04-15', 0, 0, true);
INSERT INTO POMODORO(ID, USER, CREATION_TIMESTAMP, WORK_TIME, BREAK_TIME, INTERRUPTED)
VALUES (4262, 1, '2019-04-15', 0, 0, false);
INSERT INTO POMODORO(ID, USER, CREATION_TIMESTAMP, WORK_TIME, BREAK_TIME, INTERRUPTED)
VALUES (4263, 1, '2019-04-15', 0, 0, true);
INSERT INTO POMODORO(ID, USER, CREATION_TIMESTAMP, WORK_TIME, BREAK_TIME, INTERRUPTED)
VALUES (4264, 1, '2019-04-15', 0, 0, false);
INSERT INTO POMODORO(ID, USER, CREATION_TIMESTAMP, WORK_TIME, BREAK_TIME, INTERRUPTED)
VALUES (4265, 1, '2019-04-15', 0, 0, true);
INSERT INTO POMODORO(ID, USER, CREATION_TIMESTAMP, WORK_TIME, BREAK_TIME, INTERRUPTED)
VALUES (4266, 1, '2019-04-15', 0, 0, false);
INSERT INTO POMODORO(ID, USER, CREATION_TIMESTAMP, WORK_TIME, BREAK_TIME, INTERRUPTED)
VALUES (4267, 1, '2019-04-15', 0, 0, true);
INSERT INTO POMODORO(ID, USER, CREATION_TIMESTAMP, WORK_TIME, BREAK_TIME, INTERRUPTED)
VALUES (4268, 1, '2019-04-15', 0, 0, false);
INSERT INTO POMODORO(ID, USER, CREATION_TIMESTAMP, WORK_TIME, BREAK_TIME, INTERRUPTED)
VALUES (4269, 1, '2019-04-15', 0, 0, true);
INSERT INTO POMODORO(ID, USER, CREATION_TIMESTAMP, WORK_TIME, BREAK_TIME, INTERRUPTED)
VALUES (4270, 1, '2019-04-15', 0, 0, true);
INSERT INTO POMODORO(ID, USER, CREATION_TIMESTAMP, WORK_TIME, BREAK_TIME, INTERRUPTED)
VALUES (4271, 1, '2019-04-15', 0, 0, false);
INSERT INTO POMODORO(ID, USER, CREATION_TIMESTAMP, WORK_TIME, BREAK_TIME, INTERRUPTED)
VALUES (4272, 1, '2019-04-15', 0, 0, true);
INSERT INTO POMODORO(ID, USER, CREATION_TIMESTAMP, WORK_TIME, BREAK_TIME, INTERRUPTED)
VALUES (4273, 1, '2019-04-15', 0, 0, false);
INSERT INTO POMODORO(ID, USER, CREATION_TIMESTAMP, WORK_TIME, BREAK_TIME, INTERRUPTED)
VALUES (4274, 1, '2019-04-15', 0, 0, true);
INSERT INTO POMODORO(ID, USER, CREATION_TIMESTAMP, WORK_TIME, BREAK_TIME, INTERRUPTED)
VALUES (4275, 1, '2019-04-15', 0, 0, false);
INSERT INTO POMODORO(ID, USER, CREATION_TIMESTAMP, WORK_TIME, BREAK_TIME, INTERRUPTED)
VALUES (4276, 1, '2019-04-15', 0, 0, true);
INSERT INTO POMODORO(ID, USER, CREATION_TIMESTAMP, WORK_TIME, BREAK_TIME, INTERRUPTED)
VALUES (4277, 1, '2019-04-15', 0, 0, true);
INSERT INTO POMODORO(ID, USER, CREATION_TIMESTAMP, WORK_TIME, BREAK_TIME, INTERRUPTED)
VALUES (4278, 1, '2019-04-15', 0, 0, false);
INSERT INTO POMODORO(ID, USER, CREATION_TIMESTAMP, WORK_TIME, BREAK_TIME, INTERRUPTED)
VALUES (4279, 1, '2019-04-15', 0, 0, true);
INSERT INTO POMODORO(ID, USER, CREATION_TIMESTAMP, WORK_TIME, BREAK_TIME, INTERRUPTED)
VALUES (4280, 1, '2019-04-15', 0, 0, false);
INSERT INTO POMODORO(ID, USER, CREATION_TIMESTAMP, WORK_TIME, BREAK_TIME, INTERRUPTED)
VALUES (4281, 1, '2019-04-15', 0, 0, false);
INSERT INTO POMODORO(ID, USER, CREATION_TIMESTAMP, WORK_TIME, BREAK_TIME, INTERRUPTED)
VALUES (4282, 1, '2019-04-13', 0, 0, true);
INSERT INTO POMODORO(ID, USER, CREATION_TIMESTAMP, WORK_TIME, BREAK_TIME, INTERRUPTED)
VALUES (4283, 1, '2019-04-13', 0, 0, false);
INSERT INTO POMODORO(ID, USER, CREATION_TIMESTAMP, WORK_TIME, BREAK_TIME, INTERRUPTED)
VALUES (4284, 1, '2019-04-13', 0, 0, true);
INSERT INTO POMODORO(ID, USER, CREATION_TIMESTAMP, WORK_TIME, BREAK_TIME, INTERRUPTED)
VALUES (4285, 1, '2019-04-13', 0, 0, false);
INSERT INTO POMODORO(ID, USER, CREATION_TIMESTAMP, WORK_TIME, BREAK_TIME, INTERRUPTED)
VALUES (4286, 1, '2019-04-13', 0, 0, true);
INSERT INTO POMODORO(ID, USER, CREATION_TIMESTAMP, WORK_TIME, BREAK_TIME, INTERRUPTED)
VALUES (4287, 1, '2019-04-13', 0, 0, false);
INSERT INTO POMODORO(ID, USER, CREATION_TIMESTAMP, WORK_TIME, BREAK_TIME, INTERRUPTED)
VALUES (4288, 1, '2019-04-13', 0, 0, false);
INSERT INTO POMODORO(ID, USER, CREATION_TIMESTAMP, WORK_TIME, BREAK_TIME, INTERRUPTED)
VALUES (4289, 1, '2019-04-13', 0, 0, true);
INSERT INTO POMODORO(ID, USER, CREATION_TIMESTAMP, WORK_TIME, BREAK_TIME, INTERRUPTED)
VALUES (4290, 1, '2019-04-13', 0, 0, false);
INSERT INTO POMODORO(ID, USER, CREATION_TIMESTAMP, WORK_TIME, BREAK_TIME, INTERRUPTED)
VALUES (4291, 1, '2019-04-13', 0, 0, true);
INSERT INTO POMODORO(ID, USER, CREATION_TIMESTAMP, WORK_TIME, BREAK_TIME, INTERRUPTED)
VALUES (4292, 1, '2019-04-13', 0, 0, false);
INSERT INTO POMODORO(ID, USER, CREATION_TIMESTAMP, WORK_TIME, BREAK_TIME, INTERRUPTED)
VALUES (4293, 1, '2019-04-13', 0, 0, false);
INSERT INTO POMODORO(ID, USER, CREATION_TIMESTAMP, WORK_TIME, BREAK_TIME, INTERRUPTED)
VALUES (4294, 1, '2019-04-13', 0, 0, true);
INSERT INTO POMODORO(ID, USER, CREATION_TIMESTAMP, WORK_TIME, BREAK_TIME, INTERRUPTED)
VALUES (4295, 1, '2019-04-13', 0, 0, false);
INSERT INTO POMODORO(ID, USER, CREATION_TIMESTAMP, WORK_TIME, BREAK_TIME, INTERRUPTED)
VALUES (4296, 1, '2019-04-13', 0, 0, false);
INSERT INTO POMODORO(ID, USER, CREATION_TIMESTAMP, WORK_TIME, BREAK_TIME, INTERRUPTED)
VALUES (4297, 1, '2019-04-13', 0, 0, true);
INSERT INTO POMODORO(ID, USER, CREATION_TIMESTAMP, WORK_TIME, BREAK_TIME, INTERRUPTED)
VALUES (4298, 1, '2019-04-13', 0, 0, true);
INSERT INTO POMODORO(ID, USER, CREATION_TIMESTAMP, WORK_TIME, BREAK_TIME, INTERRUPTED)
VALUES (4299, 1, '2019-04-13', 0, 0, true);
INSERT INTO POMODORO(ID, USER, CREATION_TIMESTAMP, WORK_TIME, BREAK_TIME, INTERRUPTED)
VALUES (4300, 1, '2019-04-13', 0, 0, false);
INSERT INTO POMODORO(ID, USER, CREATION_TIMESTAMP, WORK_TIME, BREAK_TIME, INTERRUPTED)
VALUES (4301, 1, '2019-04-13', 0, 0, true);
INSERT INTO POMODORO(ID, USER, CREATION_TIMESTAMP, WORK_TIME, BREAK_TIME, INTERRUPTED)
VALUES (4302, 1, '2019-04-13', 0, 0, true);
INSERT INTO POMODORO(ID, USER, CREATION_TIMESTAMP, WORK_TIME, BREAK_TIME, INTERRUPTED)
VALUES (4303, 1, '2019-04-13', 0, 0, false);
INSERT INTO POMODORO(ID, USER, CREATION_TIMESTAMP, WORK_TIME, BREAK_TIME, INTERRUPTED)
VALUES (4304, 1, '2019-04-13', 0, 0, false);
INSERT INTO POMODORO(ID, USER, CREATION_TIMESTAMP, WORK_TIME, BREAK_TIME, INTERRUPTED)
VALUES (4305, 1, '2019-04-13', 0, 0, true);
INSERT INTO POMODORO(ID, USER, CREATION_TIMESTAMP, WORK_TIME, BREAK_TIME, INTERRUPTED)
VALUES (4306, 1, '2019-04-13', 0, 0, false);
INSERT INTO POMODORO(ID, USER, CREATION_TIMESTAMP, WORK_TIME, BREAK_TIME, INTERRUPTED)
VALUES (4307, 1, '2019-04-13', 0, 0, true);
INSERT INTO POMODORO(ID, USER, CREATION_TIMESTAMP, WORK_TIME, BREAK_TIME, INTERRUPTED)
VALUES (4308, 1, '2019-04-13', 0, 0, true);
INSERT INTO POMODORO(ID, USER, CREATION_TIMESTAMP, WORK_TIME, BREAK_TIME, INTERRUPTED)
VALUES (4309, 1, '2019-04-13', 0, 0, false);
INSERT INTO POMODORO(ID, USER, CREATION_TIMESTAMP, WORK_TIME, BREAK_TIME, INTERRUPTED)
VALUES (4310, 1, '2019-04-13', 0, 0, false);
INSERT INTO POMODORO(ID, USER, CREATION_TIMESTAMP, WORK_TIME, BREAK_TIME, INTERRUPTED)
VALUES (4311, 1, '2019-04-13', 0, 0, false);
INSERT INTO POMODORO(ID, USER, CREATION_TIMESTAMP, WORK_TIME, BREAK_TIME, INTERRUPTED)
VALUES (4312, 1, '2019-04-13', 0, 0, true);
INSERT INTO POMODORO(ID, USER, CREATION_TIMESTAMP, WORK_TIME, BREAK_TIME, INTERRUPTED)
VALUES (4313, 1, '2019-04-13', 0, 0, true);
INSERT INTO POMODORO(ID, USER, CREATION_TIMESTAMP, WORK_TIME, BREAK_TIME, INTERRUPTED)
VALUES (4314, 1, '2019-04-13', 0, 0, true);
INSERT INTO POMODORO(ID, USER, CREATION_TIMESTAMP, WORK_TIME, BREAK_TIME, INTERRUPTED)
VALUES (4315, 1, '2019-04-13', 0, 0, true);
INSERT INTO POMODORO(ID, USER, CREATION_TIMESTAMP, WORK_TIME, BREAK_TIME, INTERRUPTED)
VALUES (4316, 1, '2019-04-13', 0, 0, false);
INSERT INTO POMODORO(ID, USER, CREATION_TIMESTAMP, WORK_TIME, BREAK_TIME, INTERRUPTED)
VALUES (4317, 1, '2019-04-13', 0, 0, true);
INSERT INTO POMODORO(ID, USER, CREATION_TIMESTAMP, WORK_TIME, BREAK_TIME, INTERRUPTED)
VALUES (4318, 1, '2019-04-13', 0, 0, false);
INSERT INTO POMODORO(ID, USER, CREATION_TIMESTAMP, WORK_TIME, BREAK_TIME, INTERRUPTED)
VALUES (4319, 1, '2019-04-13', 0, 0, false);
INSERT INTO POMODORO(ID, USER, CREATION_TIMESTAMP, WORK_TIME, BREAK_TIME, INTERRUPTED)
VALUES (4320, 1, '2019-04-13', 0, 0, true);
INSERT INTO POMODORO(ID, USER, CREATION_TIMESTAMP, WORK_TIME, BREAK_TIME, INTERRUPTED)
VALUES (4321, 1, '2019-04-13', 0, 0, false);
INSERT INTO POMODORO(ID, USER, CREATION_TIMESTAMP, WORK_TIME, BREAK_TIME, INTERRUPTED)
VALUES (4322, 1, '2019-04-13', 0, 0, true);
INSERT INTO POMODORO(ID, USER, CREATION_TIMESTAMP, WORK_TIME, BREAK_TIME, INTERRUPTED)
VALUES (4323, 1, '2019-04-13', 0, 0, true);
INSERT INTO POMODORO(ID, USER, CREATION_TIMESTAMP, WORK_TIME, BREAK_TIME, INTERRUPTED)
VALUES (4324, 1, '2019-04-13', 0, 0, true);
INSERT INTO POMODORO(ID, USER, CREATION_TIMESTAMP, WORK_TIME, BREAK_TIME, INTERRUPTED)
VALUES (4325, 1, '2019-04-13', 0, 0, true);
INSERT INTO POMODORO(ID, USER, CREATION_TIMESTAMP, WORK_TIME, BREAK_TIME, INTERRUPTED)
VALUES (4326, 1, '2019-04-13', 0, 0, false);
INSERT INTO POMODORO(ID, USER, CREATION_TIMESTAMP, WORK_TIME, BREAK_TIME, INTERRUPTED)
VALUES (4327, 1, '2019-04-12', 0, 0, false);
INSERT INTO POMODORO(ID, USER, CREATION_TIMESTAMP, WORK_TIME, BREAK_TIME, INTERRUPTED)
VALUES (4328, 1, '2019-04-12', 0, 0, false);
INSERT INTO POMODORO(ID, USER, CREATION_TIMESTAMP, WORK_TIME, BREAK_TIME, INTERRUPTED)
VALUES (4329, 1, '2019-04-12', 0, 0, true);
INSERT INTO POMODORO(ID, USER, CREATION_TIMESTAMP, WORK_TIME, BREAK_TIME, INTERRUPTED)
VALUES (4330, 1, '2019-04-12', 0, 0, false);
INSERT INTO POMODORO(ID, USER, CREATION_TIMESTAMP, WORK_TIME, BREAK_TIME, INTERRUPTED)
VALUES (4331, 1, '2019-04-12', 0, 0, false);
INSERT INTO POMODORO(ID, USER, CREATION_TIMESTAMP, WORK_TIME, BREAK_TIME, INTERRUPTED)
VALUES (4332, 1, '2019-04-12', 0, 0, true);
INSERT INTO POMODORO(ID, USER, CREATION_TIMESTAMP, WORK_TIME, BREAK_TIME, INTERRUPTED)
VALUES (4333, 1, '2019-04-12', 0, 0, true);
INSERT INTO POMODORO(ID, USER, CREATION_TIMESTAMP, WORK_TIME, BREAK_TIME, INTERRUPTED)
VALUES (4334, 1, '2019-04-12', 0, 0, false);
INSERT INTO POMODORO(ID, USER, CREATION_TIMESTAMP, WORK_TIME, BREAK_TIME, INTERRUPTED)
VALUES (4335, 1, '2019-04-12', 0, 0, true);
INSERT INTO POMODORO(ID, USER, CREATION_TIMESTAMP, WORK_TIME, BREAK_TIME, INTERRUPTED)
VALUES (4336, 1, '2019-04-12', 0, 0, false);
INSERT INTO POMODORO(ID, USER, CREATION_TIMESTAMP, WORK_TIME, BREAK_TIME, INTERRUPTED)
VALUES (4337, 1, '2019-04-12', 0, 0, false);
INSERT INTO POMODORO(ID, USER, CREATION_TIMESTAMP, WORK_TIME, BREAK_TIME, INTERRUPTED)
VALUES (4338, 1, '2019-04-12', 0, 0, true);
INSERT INTO POMODORO(ID, USER, CREATION_TIMESTAMP, WORK_TIME, BREAK_TIME, INTERRUPTED)
VALUES (4339, 1, '2019-04-12', 0, 0, false);
INSERT INTO POMODORO(ID, USER, CREATION_TIMESTAMP, WORK_TIME, BREAK_TIME, INTERRUPTED)
VALUES (4340, 1, '2019-04-12', 0, 0, true);
INSERT INTO POMODORO(ID, USER, CREATION_TIMESTAMP, WORK_TIME, BREAK_TIME, INTERRUPTED)
VALUES (4341, 1, '2019-04-12', 0, 0, true);
INSERT INTO POMODORO(ID, USER, CREATION_TIMESTAMP, WORK_TIME, BREAK_TIME, INTERRUPTED)
VALUES (4342, 1, '2019-04-12', 0, 0, true);
INSERT INTO POMODORO(ID, USER, CREATION_TIMESTAMP, WORK_TIME, BREAK_TIME, INTERRUPTED)
VALUES (4343, 1, '2019-04-12', 0, 0, true);
INSERT INTO POMODORO(ID, USER, CREATION_TIMESTAMP, WORK_TIME, BREAK_TIME, INTERRUPTED)
VALUES (4344, 1, '2019-04-12', 0, 0, false);
INSERT INTO POMODORO(ID, USER, CREATION_TIMESTAMP, WORK_TIME, BREAK_TIME, INTERRUPTED)
VALUES (4345, 1, '2019-04-12', 0, 0, false);
INSERT INTO POMODORO(ID, USER, CREATION_TIMESTAMP, WORK_TIME, BREAK_TIME, INTERRUPTED)
VALUES (4346, 1, '2019-04-12', 0, 0, false);
INSERT INTO POMODORO(ID, USER, CREATION_TIMESTAMP, WORK_TIME, BREAK_TIME, INTERRUPTED)
VALUES (4347, 1, '2019-04-12', 0, 0, true);
INSERT INTO POMODORO(ID, USER, CREATION_TIMESTAMP, WORK_TIME, BREAK_TIME, INTERRUPTED)
VALUES (4348, 1, '2019-04-12', 0, 0, true);
INSERT INTO POMODORO(ID, USER, CREATION_TIMESTAMP, WORK_TIME, BREAK_TIME, INTERRUPTED)
VALUES (4349, 1, '2019-04-12', 0, 0, false);
INSERT INTO POMODORO(ID, USER, CREATION_TIMESTAMP, WORK_TIME, BREAK_TIME, INTERRUPTED)
VALUES (4350, 1, '2019-04-12', 0, 0, true);
INSERT INTO POMODORO(ID, USER, CREATION_TIMESTAMP, WORK_TIME, BREAK_TIME, INTERRUPTED)
VALUES (4351, 1, '2019-04-12', 0, 0, true);
INSERT INTO POMODORO(ID, USER, CREATION_TIMESTAMP, WORK_TIME, BREAK_TIME, INTERRUPTED)
VALUES (4352, 1, '2019-04-12', 0, 0, false);
INSERT INTO POMODORO(ID, USER, CREATION_TIMESTAMP, WORK_TIME, BREAK_TIME, INTERRUPTED)
VALUES (4353, 1, '2019-04-12', 0, 0, true);
INSERT INTO POMODORO(ID, USER, CREATION_TIMESTAMP, WORK_TIME, BREAK_TIME, INTERRUPTED)
VALUES (4354, 1, '2019-04-12', 0, 0, false);
INSERT INTO POMODORO(ID, USER, CREATION_TIMESTAMP, WORK_TIME, BREAK_TIME, INTERRUPTED)
VALUES (4355, 1, '2019-04-12', 0, 0, true);
INSERT INTO POMODORO(ID, USER, CREATION_TIMESTAMP, WORK_TIME, BREAK_TIME, INTERRUPTED)
VALUES (4356, 1, '2019-04-12', 0, 0, false);
INSERT INTO POMODORO(ID, USER, CREATION_TIMESTAMP, WORK_TIME, BREAK_TIME, INTERRUPTED)
VALUES (4357, 1, '2019-04-11', 0, 0, false);
INSERT INTO POMODORO(ID, USER, CREATION_TIMESTAMP, WORK_TIME, BREAK_TIME, INTERRUPTED)
VALUES (4358, 1, '2019-04-11', 0, 0, false);
INSERT INTO POMODORO(ID, USER, CREATION_TIMESTAMP, WORK_TIME, BREAK_TIME, INTERRUPTED)
VALUES (4359, 1, '2019-04-11', 0, 0, false);
INSERT INTO POMODORO(ID, USER, CREATION_TIMESTAMP, WORK_TIME, BREAK_TIME, INTERRUPTED)
VALUES (4360, 1, '2019-04-11', 0, 0, true);
INSERT INTO POMODORO(ID, USER, CREATION_TIMESTAMP, WORK_TIME, BREAK_TIME, INTERRUPTED)
VALUES (4361, 1, '2019-04-11', 0, 0, false);
INSERT INTO POMODORO(ID, USER, CREATION_TIMESTAMP, WORK_TIME, BREAK_TIME, INTERRUPTED)
VALUES (4362, 1, '2019-04-11', 0, 0, true);
INSERT INTO POMODORO(ID, USER, CREATION_TIMESTAMP, WORK_TIME, BREAK_TIME, INTERRUPTED)
VALUES (4363, 1, '2019-04-11', 0, 0, false);
INSERT INTO POMODORO(ID, USER, CREATION_TIMESTAMP, WORK_TIME, BREAK_TIME, INTERRUPTED)
VALUES (4364, 1, '2019-04-11', 0, 0, true);
INSERT INTO POMODORO(ID, USER, CREATION_TIMESTAMP, WORK_TIME, BREAK_TIME, INTERRUPTED)
VALUES (4365, 1, '2019-04-11', 0, 0, true);
INSERT INTO POMODORO(ID, USER, CREATION_TIMESTAMP, WORK_TIME, BREAK_TIME, INTERRUPTED)
VALUES (4366, 1, '2019-04-10', 0, 0, true);
INSERT INTO POMODORO(ID, USER, CREATION_TIMESTAMP, WORK_TIME, BREAK_TIME, INTERRUPTED)
VALUES (4367, 1, '2019-04-10', 0, 0, false);
INSERT INTO POMODORO(ID, USER, CREATION_TIMESTAMP, WORK_TIME, BREAK_TIME, INTERRUPTED)
VALUES (4368, 1, '2019-04-10', 0, 0, true);
INSERT INTO POMODORO(ID, USER, CREATION_TIMESTAMP, WORK_TIME, BREAK_TIME, INTERRUPTED)
VALUES (4369, 1, '2019-04-10', 0, 0, true);
INSERT INTO POMODORO(ID, USER, CREATION_TIMESTAMP, WORK_TIME, BREAK_TIME, INTERRUPTED)
VALUES (4370, 1, '2019-04-10', 0, 0, false);
INSERT INTO POMODORO(ID, USER, CREATION_TIMESTAMP, WORK_TIME, BREAK_TIME, INTERRUPTED)
VALUES (4371, 1, '2019-04-10', 0, 0, true);
INSERT INTO POMODORO(ID, USER, CREATION_TIMESTAMP, WORK_TIME, BREAK_TIME, INTERRUPTED)
VALUES (4372, 1, '2019-04-10', 0, 0, true);
INSERT INTO POMODORO(ID, USER, CREATION_TIMESTAMP, WORK_TIME, BREAK_TIME, INTERRUPTED)
VALUES (4373, 1, '2019-04-10', 0, 0, false);
INSERT INTO POMODORO(ID, USER, CREATION_TIMESTAMP, WORK_TIME, BREAK_TIME, INTERRUPTED)
VALUES (4374, 1, '2019-04-10', 0, 0, false);
INSERT INTO POMODORO(ID, USER, CREATION_TIMESTAMP, WORK_TIME, BREAK_TIME, INTERRUPTED)
VALUES (4375, 1, '2019-04-10', 0, 0, true);
INSERT INTO POMODORO(ID, USER, CREATION_TIMESTAMP, WORK_TIME, BREAK_TIME, INTERRUPTED)
VALUES (4376, 1, '2019-04-10', 0, 0, false);
INSERT INTO POMODORO(ID, USER, CREATION_TIMESTAMP, WORK_TIME, BREAK_TIME, INTERRUPTED)
VALUES (4377, 1, '2019-04-10', 0, 0, false);
INSERT INTO POMODORO(ID, USER, CREATION_TIMESTAMP, WORK_TIME, BREAK_TIME, INTERRUPTED)
VALUES (4378, 1, '2019-04-10', 0, 0, true);
INSERT INTO POMODORO(ID, USER, CREATION_TIMESTAMP, WORK_TIME, BREAK_TIME, INTERRUPTED)
VALUES (4379, 1, '2019-04-10', 0, 0, true);
INSERT INTO POMODORO(ID, USER, CREATION_TIMESTAMP, WORK_TIME, BREAK_TIME, INTERRUPTED)
VALUES (4380, 1, '2019-04-10', 0, 0, true);
INSERT INTO POMODORO(ID, USER, CREATION_TIMESTAMP, WORK_TIME, BREAK_TIME, INTERRUPTED)
VALUES (4381, 1, '2019-04-10', 0, 0, true);
INSERT INTO POMODORO(ID, USER, CREATION_TIMESTAMP, WORK_TIME, BREAK_TIME, INTERRUPTED)
VALUES (4382, 1, '2019-04-10', 0, 0, true);
INSERT INTO POMODORO(ID, USER, CREATION_TIMESTAMP, WORK_TIME, BREAK_TIME, INTERRUPTED)
VALUES (4383, 1, '2019-04-10', 0, 0, true);
INSERT INTO POMODORO(ID, USER, CREATION_TIMESTAMP, WORK_TIME, BREAK_TIME, INTERRUPTED)
VALUES (4384, 1, '2019-04-10', 0, 0, true);
INSERT INTO POMODORO(ID, USER, CREATION_TIMESTAMP, WORK_TIME, BREAK_TIME, INTERRUPTED)
VALUES (4385, 1, '2019-04-10', 0, 0, false);
INSERT INTO POMODORO(ID, USER, CREATION_TIMESTAMP, WORK_TIME, BREAK_TIME, INTERRUPTED)
VALUES (4386, 1, '2019-04-09', 0, 0, false);
INSERT INTO POMODORO(ID, USER, CREATION_TIMESTAMP, WORK_TIME, BREAK_TIME, INTERRUPTED)
VALUES (4387, 1, '2019-04-09', 0, 0, false);
INSERT INTO POMODORO(ID, USER, CREATION_TIMESTAMP, WORK_TIME, BREAK_TIME, INTERRUPTED)
VALUES (4388, 1, '2019-04-09', 0, 0, true);
INSERT INTO POMODORO(ID, USER, CREATION_TIMESTAMP, WORK_TIME, BREAK_TIME, INTERRUPTED)
VALUES (4389, 1, '2019-04-09', 0, 0, true);
INSERT INTO POMODORO(ID, USER, CREATION_TIMESTAMP, WORK_TIME, BREAK_TIME, INTERRUPTED)
VALUES (4390, 1, '2019-04-09', 0, 0, false);
INSERT INTO POMODORO(ID, USER, CREATION_TIMESTAMP, WORK_TIME, BREAK_TIME, INTERRUPTED)
VALUES (4391, 1, '2019-04-09', 0, 0, false);
INSERT INTO POMODORO(ID, USER, CREATION_TIMESTAMP, WORK_TIME, BREAK_TIME, INTERRUPTED)
VALUES (4392, 1, '2019-04-09', 0, 0, false);
INSERT INTO POMODORO(ID, USER, CREATION_TIMESTAMP, WORK_TIME, BREAK_TIME, INTERRUPTED)
VALUES (4393, 1, '2019-04-09', 0, 0, false);
INSERT INTO POMODORO(ID, USER, CREATION_TIMESTAMP, WORK_TIME, BREAK_TIME, INTERRUPTED)
VALUES (4394, 1, '2019-04-09', 0, 0, false);
INSERT INTO POMODORO(ID, USER, CREATION_TIMESTAMP, WORK_TIME, BREAK_TIME, INTERRUPTED)
VALUES (4395, 1, '2019-04-09', 0, 0, true);
INSERT INTO POMODORO(ID, USER, CREATION_TIMESTAMP, WORK_TIME, BREAK_TIME, INTERRUPTED)
VALUES (4396, 1, '2019-04-09', 0, 0, true);
INSERT INTO POMODORO(ID, USER, CREATION_TIMESTAMP, WORK_TIME, BREAK_TIME, INTERRUPTED)
VALUES (4397, 1, '2019-04-09', 0, 0, false);
INSERT INTO POMODORO(ID, USER, CREATION_TIMESTAMP, WORK_TIME, BREAK_TIME, INTERRUPTED)
VALUES (4398, 1, '2019-04-09', 0, 0, false);
INSERT INTO POMODORO(ID, USER, CREATION_TIMESTAMP, WORK_TIME, BREAK_TIME, INTERRUPTED)
VALUES (4399, 1, '2019-04-09', 0, 0, true);
INSERT INTO POMODORO(ID, USER, CREATION_TIMESTAMP, WORK_TIME, BREAK_TIME, INTERRUPTED)
VALUES (4400, 1, '2019-04-09', 0, 0, false);
INSERT INTO POMODORO(ID, USER, CREATION_TIMESTAMP, WORK_TIME, BREAK_TIME, INTERRUPTED)
VALUES (4401, 1, '2019-04-09', 0, 0, false);
INSERT INTO POMODORO(ID, USER, CREATION_TIMESTAMP, WORK_TIME, BREAK_TIME, INTERRUPTED)
VALUES (4402, 1, '2019-04-09', 0, 0, true);
INSERT INTO POMODORO(ID, USER, CREATION_TIMESTAMP, WORK_TIME, BREAK_TIME, INTERRUPTED)
VALUES (4403, 1, '2019-04-09', 0, 0, true);
INSERT INTO POMODORO(ID, USER, CREATION_TIMESTAMP, WORK_TIME, BREAK_TIME, INTERRUPTED)
VALUES (4404, 1, '2019-04-09', 0, 0, true);
INSERT INTO POMODORO(ID, USER, CREATION_TIMESTAMP, WORK_TIME, BREAK_TIME, INTERRUPTED)
VALUES (4405, 1, '2019-04-09', 0, 0, true);
INSERT INTO POMODORO(ID, USER, CREATION_TIMESTAMP, WORK_TIME, BREAK_TIME, INTERRUPTED)
VALUES (4406, 1, '2019-04-09', 0, 0, false);
INSERT INTO POMODORO(ID, USER, CREATION_TIMESTAMP, WORK_TIME, BREAK_TIME, INTERRUPTED)
VALUES (4407, 1, '2019-04-09', 0, 0, true);
INSERT INTO POMODORO(ID, USER, CREATION_TIMESTAMP, WORK_TIME, BREAK_TIME, INTERRUPTED)
VALUES (4408, 1, '2019-04-09', 0, 0, false);
INSERT INTO POMODORO(ID, USER, CREATION_TIMESTAMP, WORK_TIME, BREAK_TIME, INTERRUPTED)
VALUES (4409, 1, '2019-04-09', 0, 0, false);
INSERT INTO POMODORO(ID, USER, CREATION_TIMESTAMP, WORK_TIME, BREAK_TIME, INTERRUPTED)
VALUES (4410, 1, '2019-04-09', 0, 0, false);
INSERT INTO POMODORO(ID, USER, CREATION_TIMESTAMP, WORK_TIME, BREAK_TIME, INTERRUPTED)
VALUES (4411, 1, '2019-04-09', 0, 0, false);
INSERT INTO POMODORO(ID, USER, CREATION_TIMESTAMP, WORK_TIME, BREAK_TIME, INTERRUPTED)
VALUES (4412, 1, '2019-04-09', 0, 0, false);
INSERT INTO POMODORO(ID, USER, CREATION_TIMESTAMP, WORK_TIME, BREAK_TIME, INTERRUPTED)
VALUES (4413, 1, '2019-04-09', 0, 0, false);
INSERT INTO POMODORO(ID, USER, CREATION_TIMESTAMP, WORK_TIME, BREAK_TIME, INTERRUPTED)
VALUES (4414, 1, '2019-04-09', 0, 0, true);
INSERT INTO POMODORO(ID, USER, CREATION_TIMESTAMP, WORK_TIME, BREAK_TIME, INTERRUPTED)
VALUES (4415, 1, '2019-04-09', 0, 0, true);
INSERT INTO POMODORO(ID, USER, CREATION_TIMESTAMP, WORK_TIME, BREAK_TIME, INTERRUPTED)
VALUES (4416, 1, '2019-04-09', 0, 0, true);
INSERT INTO POMODORO(ID, USER, CREATION_TIMESTAMP, WORK_TIME, BREAK_TIME, INTERRUPTED)
VALUES (4417, 1, '2019-04-09', 0, 0, false);
INSERT INTO POMODORO(ID, USER, CREATION_TIMESTAMP, WORK_TIME, BREAK_TIME, INTERRUPTED)
VALUES (4418, 1, '2019-04-09', 0, 0, false);
INSERT INTO POMODORO(ID, USER, CREATION_TIMESTAMP, WORK_TIME, BREAK_TIME, INTERRUPTED)
VALUES (4419, 1, '2019-04-09', 0, 0, true);
INSERT INTO POMODORO(ID, USER, CREATION_TIMESTAMP, WORK_TIME, BREAK_TIME, INTERRUPTED)
VALUES (4420, 1, '2019-04-09', 0, 0, false);
INSERT INTO POMODORO(ID, USER, CREATION_TIMESTAMP, WORK_TIME, BREAK_TIME, INTERRUPTED)
VALUES (4421, 1, '2019-04-07', 0, 0, false);
INSERT INTO POMODORO(ID, USER, CREATION_TIMESTAMP, WORK_TIME, BREAK_TIME, INTERRUPTED)
VALUES (4422, 1, '2019-04-07', 0, 0, false);
INSERT INTO POMODORO(ID, USER, CREATION_TIMESTAMP, WORK_TIME, BREAK_TIME, INTERRUPTED)
VALUES (4423, 1, '2019-04-07', 0, 0, false);
INSERT INTO POMODORO(ID, USER, CREATION_TIMESTAMP, WORK_TIME, BREAK_TIME, INTERRUPTED)
VALUES (4424, 1, '2019-04-07', 0, 0, false);
INSERT INTO POMODORO(ID, USER, CREATION_TIMESTAMP, WORK_TIME, BREAK_TIME, INTERRUPTED)
VALUES (4425, 1, '2019-04-07', 0, 0, false);
INSERT INTO POMODORO(ID, USER, CREATION_TIMESTAMP, WORK_TIME, BREAK_TIME, INTERRUPTED)
VALUES (4426, 1, '2019-04-07', 0, 0, false);
INSERT INTO POMODORO(ID, USER, CREATION_TIMESTAMP, WORK_TIME, BREAK_TIME, INTERRUPTED)
VALUES (4427, 1, '2019-04-07', 0, 0, false);
INSERT INTO POMODORO(ID, USER, CREATION_TIMESTAMP, WORK_TIME, BREAK_TIME, INTERRUPTED)
VALUES (4428, 1, '2019-04-07', 0, 0, false);
INSERT INTO POMODORO(ID, USER, CREATION_TIMESTAMP, WORK_TIME, BREAK_TIME, INTERRUPTED)
VALUES (4429, 1, '2019-04-07', 0, 0, false);
INSERT INTO POMODORO(ID, USER, CREATION_TIMESTAMP, WORK_TIME, BREAK_TIME, INTERRUPTED)
VALUES (4430, 1, '2019-04-07', 0, 0, false);
INSERT INTO POMODORO(ID, USER, CREATION_TIMESTAMP, WORK_TIME, BREAK_TIME, INTERRUPTED)
VALUES (4431, 1, '2019-04-07', 0, 0, true);
INSERT INTO POMODORO(ID, USER, CREATION_TIMESTAMP, WORK_TIME, BREAK_TIME, INTERRUPTED)
VALUES (4432, 1, '2019-04-07', 0, 0, true);
INSERT INTO POMODORO(ID, USER, CREATION_TIMESTAMP, WORK_TIME, BREAK_TIME, INTERRUPTED)
VALUES (4433, 1, '2019-04-07', 0, 0, true);
INSERT INTO POMODORO(ID, USER, CREATION_TIMESTAMP, WORK_TIME, BREAK_TIME, INTERRUPTED)
VALUES (4434, 1, '2019-04-07', 0, 0, true);
INSERT INTO POMODORO(ID, USER, CREATION_TIMESTAMP, WORK_TIME, BREAK_TIME, INTERRUPTED)
VALUES (4435, 1, '2019-04-07', 0, 0, false);
INSERT INTO POMODORO(ID, USER, CREATION_TIMESTAMP, WORK_TIME, BREAK_TIME, INTERRUPTED)
VALUES (4436, 1, '2019-04-07', 0, 0, false);
INSERT INTO POMODORO(ID, USER, CREATION_TIMESTAMP, WORK_TIME, BREAK_TIME, INTERRUPTED)
VALUES (4437, 1, '2019-04-07', 0, 0, false);
INSERT INTO POMODORO(ID, USER, CREATION_TIMESTAMP, WORK_TIME, BREAK_TIME, INTERRUPTED)
VALUES (4438, 1, '2019-04-07', 0, 0, false);
INSERT INTO POMODORO(ID, USER, CREATION_TIMESTAMP, WORK_TIME, BREAK_TIME, INTERRUPTED)
VALUES (4439, 1, '2019-04-07', 0, 0, true);
INSERT INTO POMODORO(ID, USER, CREATION_TIMESTAMP, WORK_TIME, BREAK_TIME, INTERRUPTED)
VALUES (4440, 1, '2019-04-07', 0, 0, false);
INSERT INTO POMODORO(ID, USER, CREATION_TIMESTAMP, WORK_TIME, BREAK_TIME, INTERRUPTED)
VALUES (4441, 1, '2019-04-07', 0, 0, false);
INSERT INTO POMODORO(ID, USER, CREATION_TIMESTAMP, WORK_TIME, BREAK_TIME, INTERRUPTED)
VALUES (4442, 1, '2019-04-07', 0, 0, false);
INSERT INTO POMODORO(ID, USER, CREATION_TIMESTAMP, WORK_TIME, BREAK_TIME, INTERRUPTED)
VALUES (4443, 1, '2019-04-07', 0, 0, false);
INSERT INTO POMODORO(ID, USER, CREATION_TIMESTAMP, WORK_TIME, BREAK_TIME, INTERRUPTED)
VALUES (4444, 1, '2019-04-07', 0, 0, true);
INSERT INTO POMODORO(ID, USER, CREATION_TIMESTAMP, WORK_TIME, BREAK_TIME, INTERRUPTED)
VALUES (4445, 1, '2019-04-07', 0, 0, false);
INSERT INTO POMODORO(ID, USER, CREATION_TIMESTAMP, WORK_TIME, BREAK_TIME, INTERRUPTED)
VALUES (4446, 1, '2019-04-07', 0, 0, true);
INSERT INTO POMODORO(ID, USER, CREATION_TIMESTAMP, WORK_TIME, BREAK_TIME, INTERRUPTED)
VALUES (4447, 1, '2019-04-07', 0, 0, true);
INSERT INTO POMODORO(ID, USER, CREATION_TIMESTAMP, WORK_TIME, BREAK_TIME, INTERRUPTED)
VALUES (4448, 1, '2019-04-07', 0, 0, false);
INSERT INTO POMODORO(ID, USER, CREATION_TIMESTAMP, WORK_TIME, BREAK_TIME, INTERRUPTED)
VALUES (4449, 1, '2019-04-07', 0, 0, false);
INSERT INTO POMODORO(ID, USER, CREATION_TIMESTAMP, WORK_TIME, BREAK_TIME, INTERRUPTED)
VALUES (4450, 1, '2019-04-07', 0, 0, true);
INSERT INTO POMODORO(ID, USER, CREATION_TIMESTAMP, WORK_TIME, BREAK_TIME, INTERRUPTED)
VALUES (4451, 1, '2019-04-07', 0, 0, false);
INSERT INTO POMODORO(ID, USER, CREATION_TIMESTAMP, WORK_TIME, BREAK_TIME, INTERRUPTED)
VALUES (4452, 1, '2019-04-07', 0, 0, true);
INSERT INTO POMODORO(ID, USER, CREATION_TIMESTAMP, WORK_TIME, BREAK_TIME, INTERRUPTED)
VALUES (4453, 1, '2019-04-07', 0, 0, true);
INSERT INTO POMODORO(ID, USER, CREATION_TIMESTAMP, WORK_TIME, BREAK_TIME, INTERRUPTED)
VALUES (4454, 1, '2019-04-07', 0, 0, false);
INSERT INTO POMODORO(ID, USER, CREATION_TIMESTAMP, WORK_TIME, BREAK_TIME, INTERRUPTED)
VALUES (4455, 1, '2019-04-07', 0, 0, false);
INSERT INTO POMODORO(ID, USER, CREATION_TIMESTAMP, WORK_TIME, BREAK_TIME, INTERRUPTED)
VALUES (4456, 1, '2019-04-07', 0, 0, true);
INSERT INTO POMODORO(ID, USER, CREATION_TIMESTAMP, WORK_TIME, BREAK_TIME, INTERRUPTED)
VALUES (4457, 1, '2019-04-07', 0, 0, true);
INSERT INTO POMODORO(ID, USER, CREATION_TIMESTAMP, WORK_TIME, BREAK_TIME, INTERRUPTED)
VALUES (4458, 1, '2019-04-07', 0, 0, false);
INSERT INTO POMODORO(ID, USER, CREATION_TIMESTAMP, WORK_TIME, BREAK_TIME, INTERRUPTED)
VALUES (4459, 1, '2019-04-07', 0, 0, false);
INSERT INTO POMODORO(ID, USER, CREATION_TIMESTAMP, WORK_TIME, BREAK_TIME, INTERRUPTED)
VALUES (4460, 1, '2019-04-07', 0, 0, false);
INSERT INTO POMODORO(ID, USER, CREATION_TIMESTAMP, WORK_TIME, BREAK_TIME, INTERRUPTED)
VALUES (4461, 1, '2019-04-07', 0, 0, false);
INSERT INTO POMODORO(ID, USER, CREATION_TIMESTAMP, WORK_TIME, BREAK_TIME, INTERRUPTED)
VALUES (4462, 1, '2019-04-07', 0, 0, false);
INSERT INTO POMODORO(ID, USER, CREATION_TIMESTAMP, WORK_TIME, BREAK_TIME, INTERRUPTED)
VALUES (4463, 1, '2019-04-07', 0, 0, false);
INSERT INTO POMODORO(ID, USER, CREATION_TIMESTAMP, WORK_TIME, BREAK_TIME, INTERRUPTED)
VALUES (4464, 1, '2019-04-06', 0, 0, false);
INSERT INTO POMODORO(ID, USER, CREATION_TIMESTAMP, WORK_TIME, BREAK_TIME, INTERRUPTED)
VALUES (4465, 1, '2019-04-06', 0, 0, true);
INSERT INTO POMODORO(ID, USER, CREATION_TIMESTAMP, WORK_TIME, BREAK_TIME, INTERRUPTED)
VALUES (4466, 1, '2019-04-06', 0, 0, true);
INSERT INTO POMODORO(ID, USER, CREATION_TIMESTAMP, WORK_TIME, BREAK_TIME, INTERRUPTED)
VALUES (4467, 1, '2019-04-06', 0, 0, false);
INSERT INTO POMODORO(ID, USER, CREATION_TIMESTAMP, WORK_TIME, BREAK_TIME, INTERRUPTED)
VALUES (4468, 1, '2019-04-06', 0, 0, false);
INSERT INTO POMODORO(ID, USER, CREATION_TIMESTAMP, WORK_TIME, BREAK_TIME, INTERRUPTED)
VALUES (4469, 1, '2019-04-06', 0, 0, false);
INSERT INTO POMODORO(ID, USER, CREATION_TIMESTAMP, WORK_TIME, BREAK_TIME, INTERRUPTED)
VALUES (4470, 1, '2019-04-06', 0, 0, false);
INSERT INTO POMODORO(ID, USER, CREATION_TIMESTAMP, WORK_TIME, BREAK_TIME, INTERRUPTED)
VALUES (4471, 1, '2019-04-06', 0, 0, true);
INSERT INTO POMODORO(ID, USER, CREATION_TIMESTAMP, WORK_TIME, BREAK_TIME, INTERRUPTED)
VALUES (4472, 1, '2019-04-06', 0, 0, false);
INSERT INTO POMODORO(ID, USER, CREATION_TIMESTAMP, WORK_TIME, BREAK_TIME, INTERRUPTED)
VALUES (4473, 1, '2019-04-06', 0, 0, true);
INSERT INTO POMODORO(ID, USER, CREATION_TIMESTAMP, WORK_TIME, BREAK_TIME, INTERRUPTED)
VALUES (4474, 1, '2019-04-06', 0, 0, true);
INSERT INTO POMODORO(ID, USER, CREATION_TIMESTAMP, WORK_TIME, BREAK_TIME, INTERRUPTED)
VALUES (4475, 1, '2019-04-06', 0, 0, false);
INSERT INTO POMODORO(ID, USER, CREATION_TIMESTAMP, WORK_TIME, BREAK_TIME, INTERRUPTED)
VALUES (4476, 1, '2019-04-06', 0, 0, false);
INSERT INTO POMODORO(ID, USER, CREATION_TIMESTAMP, WORK_TIME, BREAK_TIME, INTERRUPTED)
VALUES (4477, 1, '2019-04-06', 0, 0, false);
INSERT INTO POMODORO(ID, USER, CREATION_TIMESTAMP, WORK_TIME, BREAK_TIME, INTERRUPTED)
VALUES (4478, 1, '2019-04-06', 0, 0, true);
INSERT INTO POMODORO(ID, USER, CREATION_TIMESTAMP, WORK_TIME, BREAK_TIME, INTERRUPTED)
VALUES (4479, 1, '2019-04-06', 0, 0, true);
INSERT INTO POMODORO(ID, USER, CREATION_TIMESTAMP, WORK_TIME, BREAK_TIME, INTERRUPTED)
VALUES (4480, 1, '2019-04-06', 0, 0, true);
INSERT INTO POMODORO(ID, USER, CREATION_TIMESTAMP, WORK_TIME, BREAK_TIME, INTERRUPTED)
VALUES (4481, 1, '2019-04-06', 0, 0, false);
INSERT INTO POMODORO(ID, USER, CREATION_TIMESTAMP, WORK_TIME, BREAK_TIME, INTERRUPTED)
VALUES (4482, 1, '2019-04-06', 0, 0, false);
INSERT INTO POMODORO(ID, USER, CREATION_TIMESTAMP, WORK_TIME, BREAK_TIME, INTERRUPTED)
VALUES (4483, 1, '2019-04-06', 0, 0, true);
INSERT INTO POMODORO(ID, USER, CREATION_TIMESTAMP, WORK_TIME, BREAK_TIME, INTERRUPTED)
VALUES (4484, 1, '2019-04-06', 0, 0, true);
INSERT INTO POMODORO(ID, USER, CREATION_TIMESTAMP, WORK_TIME, BREAK_TIME, INTERRUPTED)
VALUES (4485, 1, '2019-04-06', 0, 0, true);
INSERT INTO POMODORO(ID, USER, CREATION_TIMESTAMP, WORK_TIME, BREAK_TIME, INTERRUPTED)
VALUES (4486, 1, '2019-04-06', 0, 0, false);
INSERT INTO POMODORO(ID, USER, CREATION_TIMESTAMP, WORK_TIME, BREAK_TIME, INTERRUPTED)
VALUES (4487, 1, '2019-04-06', 0, 0, true);
INSERT INTO POMODORO(ID, USER, CREATION_TIMESTAMP, WORK_TIME, BREAK_TIME, INTERRUPTED)
VALUES (4488, 1, '2019-04-06', 0, 0, false);
INSERT INTO POMODORO(ID, USER, CREATION_TIMESTAMP, WORK_TIME, BREAK_TIME, INTERRUPTED)
VALUES (4489, 1, '2019-04-06', 0, 0, true);
INSERT INTO POMODORO(ID, USER, CREATION_TIMESTAMP, WORK_TIME, BREAK_TIME, INTERRUPTED)
VALUES (4490, 1, '2019-04-06', 0, 0, false);
INSERT INTO POMODORO(ID, USER, CREATION_TIMESTAMP, WORK_TIME, BREAK_TIME, INTERRUPTED)
VALUES (4491, 1, '2019-04-06', 0, 0, false);
INSERT INTO POMODORO(ID, USER, CREATION_TIMESTAMP, WORK_TIME, BREAK_TIME, INTERRUPTED)
VALUES (4492, 1, '2019-04-06', 0, 0, false);
INSERT INTO POMODORO(ID, USER, CREATION_TIMESTAMP, WORK_TIME, BREAK_TIME, INTERRUPTED)
VALUES (4493, 1, '2019-04-06', 0, 0, false);
INSERT INTO POMODORO(ID, USER, CREATION_TIMESTAMP, WORK_TIME, BREAK_TIME, INTERRUPTED)
VALUES (4494, 1, '2019-04-06', 0, 0, false);
INSERT INTO POMODORO(ID, USER, CREATION_TIMESTAMP, WORK_TIME, BREAK_TIME, INTERRUPTED)
VALUES (4495, 1, '2019-04-06', 0, 0, true);
INSERT INTO POMODORO(ID, USER, CREATION_TIMESTAMP, WORK_TIME, BREAK_TIME, INTERRUPTED)
VALUES (4496, 1, '2019-04-06', 0, 0, true);
INSERT INTO POMODORO(ID, USER, CREATION_TIMESTAMP, WORK_TIME, BREAK_TIME, INTERRUPTED)
VALUES (4497, 1, '2019-04-06', 0, 0, false);
INSERT INTO POMODORO(ID, USER, CREATION_TIMESTAMP, WORK_TIME, BREAK_TIME, INTERRUPTED)
VALUES (4498, 1, '2019-04-06', 0, 0, true);
INSERT INTO POMODORO(ID, USER, CREATION_TIMESTAMP, WORK_TIME, BREAK_TIME, INTERRUPTED)
VALUES (4499, 1, '2019-04-06', 0, 0, true);
INSERT INTO POMODORO(ID, USER, CREATION_TIMESTAMP, WORK_TIME, BREAK_TIME, INTERRUPTED)
VALUES (4500, 1, '2019-04-06', 0, 0, false);
INSERT INTO POMODORO(ID, USER, CREATION_TIMESTAMP, WORK_TIME, BREAK_TIME, INTERRUPTED)
VALUES (4501, 1, '2019-04-06', 0, 0, true);
INSERT INTO POMODORO(ID, USER, CREATION_TIMESTAMP, WORK_TIME, BREAK_TIME, INTERRUPTED)
VALUES (4502, 1, '2019-04-06', 0, 0, false);
INSERT INTO POMODORO(ID, USER, CREATION_TIMESTAMP, WORK_TIME, BREAK_TIME, INTERRUPTED)
VALUES (4503, 1, '2019-04-06', 0, 0, false);
INSERT INTO POMODORO(ID, USER, CREATION_TIMESTAMP, WORK_TIME, BREAK_TIME, INTERRUPTED)
VALUES (4504, 1, '2019-04-06', 0, 0, true);
INSERT INTO POMODORO(ID, USER, CREATION_TIMESTAMP, WORK_TIME, BREAK_TIME, INTERRUPTED)
VALUES (4505, 1, '2019-04-06', 0, 0, true);
INSERT INTO POMODORO(ID, USER, CREATION_TIMESTAMP, WORK_TIME, BREAK_TIME, INTERRUPTED)
VALUES (4506, 1, '2019-04-06', 0, 0, true);
INSERT INTO POMODORO(ID, USER, CREATION_TIMESTAMP, WORK_TIME, BREAK_TIME, INTERRUPTED)
VALUES (4507, 1, '2019-04-06', 0, 0, false);
INSERT INTO POMODORO(ID, USER, CREATION_TIMESTAMP, WORK_TIME, BREAK_TIME, INTERRUPTED)
VALUES (4508, 1, '2019-04-06', 0, 0, false);
INSERT INTO POMODORO(ID, USER, CREATION_TIMESTAMP, WORK_TIME, BREAK_TIME, INTERRUPTED)
VALUES (4509, 1, '2019-04-06', 0, 0, false);
INSERT INTO POMODORO(ID, USER, CREATION_TIMESTAMP, WORK_TIME, BREAK_TIME, INTERRUPTED)
VALUES (4510, 1, '2019-04-05', 0, 0, false);
INSERT INTO POMODORO(ID, USER, CREATION_TIMESTAMP, WORK_TIME, BREAK_TIME, INTERRUPTED)
VALUES (4511, 1, '2019-04-05', 0, 0, false);
INSERT INTO POMODORO(ID, USER, CREATION_TIMESTAMP, WORK_TIME, BREAK_TIME, INTERRUPTED)
VALUES (4512, 1, '2019-04-05', 0, 0, true);
INSERT INTO POMODORO(ID, USER, CREATION_TIMESTAMP, WORK_TIME, BREAK_TIME, INTERRUPTED)
VALUES (4513, 1, '2019-04-05', 0, 0, true);
INSERT INTO POMODORO(ID, USER, CREATION_TIMESTAMP, WORK_TIME, BREAK_TIME, INTERRUPTED)
VALUES (4514, 1, '2019-04-05', 0, 0, true);
INSERT INTO POMODORO(ID, USER, CREATION_TIMESTAMP, WORK_TIME, BREAK_TIME, INTERRUPTED)
VALUES (4515, 1, '2019-04-05', 0, 0, false);
INSERT INTO POMODORO(ID, USER, CREATION_TIMESTAMP, WORK_TIME, BREAK_TIME, INTERRUPTED)
VALUES (4516, 1, '2019-04-05', 0, 0, false);
INSERT INTO POMODORO(ID, USER, CREATION_TIMESTAMP, WORK_TIME, BREAK_TIME, INTERRUPTED)
VALUES (4517, 1, '2019-04-05', 0, 0, true);
INSERT INTO POMODORO(ID, USER, CREATION_TIMESTAMP, WORK_TIME, BREAK_TIME, INTERRUPTED)
VALUES (4518, 1, '2019-04-05', 0, 0, false);
INSERT INTO POMODORO(ID, USER, CREATION_TIMESTAMP, WORK_TIME, BREAK_TIME, INTERRUPTED)
VALUES (4519, 1, '2019-04-05', 0, 0, true);
INSERT INTO POMODORO(ID, USER, CREATION_TIMESTAMP, WORK_TIME, BREAK_TIME, INTERRUPTED)
VALUES (4520, 1, '2019-04-05', 0, 0, true);
INSERT INTO POMODORO(ID, USER, CREATION_TIMESTAMP, WORK_TIME, BREAK_TIME, INTERRUPTED)
VALUES (4521, 1, '2019-04-05', 0, 0, false);
INSERT INTO POMODORO(ID, USER, CREATION_TIMESTAMP, WORK_TIME, BREAK_TIME, INTERRUPTED)
VALUES (4522, 1, '2019-04-05', 0, 0, true);
INSERT INTO POMODORO(ID, USER, CREATION_TIMESTAMP, WORK_TIME, BREAK_TIME, INTERRUPTED)
VALUES (4523, 1, '2019-04-05', 0, 0, false);
INSERT INTO POMODORO(ID, USER, CREATION_TIMESTAMP, WORK_TIME, BREAK_TIME, INTERRUPTED)
VALUES (4524, 1, '2019-04-05', 0, 0, false);
INSERT INTO POMODORO(ID, USER, CREATION_TIMESTAMP, WORK_TIME, BREAK_TIME, INTERRUPTED)
VALUES (4525, 1, '2019-04-05', 0, 0, false);
INSERT INTO POMODORO(ID, USER, CREATION_TIMESTAMP, WORK_TIME, BREAK_TIME, INTERRUPTED)
VALUES (4526, 1, '2019-04-05', 0, 0, false);
INSERT INTO POMODORO(ID, USER, CREATION_TIMESTAMP, WORK_TIME, BREAK_TIME, INTERRUPTED)
VALUES (4527, 1, '2019-04-05', 0, 0, false);
INSERT INTO POMODORO(ID, USER, CREATION_TIMESTAMP, WORK_TIME, BREAK_TIME, INTERRUPTED)
VALUES (4528, 1, '2019-04-05', 0, 0, false);
INSERT INTO POMODORO(ID, USER, CREATION_TIMESTAMP, WORK_TIME, BREAK_TIME, INTERRUPTED)
VALUES (4529, 1, '2019-04-05', 0, 0, true);
INSERT INTO POMODORO(ID, USER, CREATION_TIMESTAMP, WORK_TIME, BREAK_TIME, INTERRUPTED)
VALUES (4530, 1, '2019-04-05', 0, 0, true);
INSERT INTO POMODORO(ID, USER, CREATION_TIMESTAMP, WORK_TIME, BREAK_TIME, INTERRUPTED)
VALUES (4531, 1, '2019-04-05', 0, 0, false);
INSERT INTO POMODORO(ID, USER, CREATION_TIMESTAMP, WORK_TIME, BREAK_TIME, INTERRUPTED)
VALUES (4532, 1, '2019-04-05', 0, 0, true);
INSERT INTO POMODORO(ID, USER, CREATION_TIMESTAMP, WORK_TIME, BREAK_TIME, INTERRUPTED)
VALUES (4533, 1, '2019-04-05', 0, 0, false);
INSERT INTO POMODORO(ID, USER, CREATION_TIMESTAMP, WORK_TIME, BREAK_TIME, INTERRUPTED)
VALUES (4534, 1, '2019-04-05', 0, 0, true);
INSERT INTO POMODORO(ID, USER, CREATION_TIMESTAMP, WORK_TIME, BREAK_TIME, INTERRUPTED)
VALUES (4535, 1, '2019-04-05', 0, 0, true);
INSERT INTO POMODORO(ID, USER, CREATION_TIMESTAMP, WORK_TIME, BREAK_TIME, INTERRUPTED)
VALUES (4536, 1, '2019-04-05', 0, 0, true);
INSERT INTO POMODORO(ID, USER, CREATION_TIMESTAMP, WORK_TIME, BREAK_TIME, INTERRUPTED)
VALUES (4537, 1, '2019-04-05', 0, 0, false);
INSERT INTO POMODORO(ID, USER, CREATION_TIMESTAMP, WORK_TIME, BREAK_TIME, INTERRUPTED)
VALUES (4538, 1, '2019-04-05', 0, 0, false);
INSERT INTO POMODORO(ID, USER, CREATION_TIMESTAMP, WORK_TIME, BREAK_TIME, INTERRUPTED)
VALUES (4539, 1, '2019-04-05', 0, 0, false);
INSERT INTO POMODORO(ID, USER, CREATION_TIMESTAMP, WORK_TIME, BREAK_TIME, INTERRUPTED)
VALUES (4540, 1, '2019-04-05', 0, 0, false);
INSERT INTO POMODORO(ID, USER, CREATION_TIMESTAMP, WORK_TIME, BREAK_TIME, INTERRUPTED)
VALUES (4541, 1, '2019-04-05', 0, 0, true);
INSERT INTO POMODORO(ID, USER, CREATION_TIMESTAMP, WORK_TIME, BREAK_TIME, INTERRUPTED)
VALUES (4542, 1, '2019-04-05', 0, 0, true);
INSERT INTO POMODORO(ID, USER, CREATION_TIMESTAMP, WORK_TIME, BREAK_TIME, INTERRUPTED)
VALUES (4543, 1, '2019-04-05', 0, 0, false);
INSERT INTO POMODORO(ID, USER, CREATION_TIMESTAMP, WORK_TIME, BREAK_TIME, INTERRUPTED)
VALUES (4544, 1, '2019-04-05', 0, 0, false);
INSERT INTO POMODORO(ID, USER, CREATION_TIMESTAMP, WORK_TIME, BREAK_TIME, INTERRUPTED)
VALUES (4545, 1, '2019-04-05', 0, 0, false);
INSERT INTO POMODORO(ID, USER, CREATION_TIMESTAMP, WORK_TIME, BREAK_TIME, INTERRUPTED)
VALUES (4546, 1, '2019-04-05', 0, 0, false);
INSERT INTO POMODORO(ID, USER, CREATION_TIMESTAMP, WORK_TIME, BREAK_TIME, INTERRUPTED)
VALUES (4547, 1, '2019-04-05', 0, 0, true);
INSERT INTO POMODORO(ID, USER, CREATION_TIMESTAMP, WORK_TIME, BREAK_TIME, INTERRUPTED)
VALUES (4548, 1, '2019-04-04', 0, 0, false);
INSERT INTO POMODORO(ID, USER, CREATION_TIMESTAMP, WORK_TIME, BREAK_TIME, INTERRUPTED)
VALUES (4549, 1, '2019-04-04', 0, 0, true);
INSERT INTO POMODORO(ID, USER, CREATION_TIMESTAMP, WORK_TIME, BREAK_TIME, INTERRUPTED)
VALUES (4550, 1, '2019-04-03', 0, 0, false);
INSERT INTO POMODORO(ID, USER, CREATION_TIMESTAMP, WORK_TIME, BREAK_TIME, INTERRUPTED)
VALUES (4551, 1, '2019-04-03', 0, 0, false);
INSERT INTO POMODORO(ID, USER, CREATION_TIMESTAMP, WORK_TIME, BREAK_TIME, INTERRUPTED)
VALUES (4552, 1, '2019-04-03', 0, 0, true);
INSERT INTO POMODORO(ID, USER, CREATION_TIMESTAMP, WORK_TIME, BREAK_TIME, INTERRUPTED)
VALUES (4553, 1, '2019-04-03', 0, 0, false);
INSERT INTO POMODORO(ID, USER, CREATION_TIMESTAMP, WORK_TIME, BREAK_TIME, INTERRUPTED)
VALUES (4554, 1, '2019-04-03', 0, 0, false);
INSERT INTO POMODORO(ID, USER, CREATION_TIMESTAMP, WORK_TIME, BREAK_TIME, INTERRUPTED)
VALUES (4555, 1, '2019-04-03', 0, 0, true);
INSERT INTO POMODORO(ID, USER, CREATION_TIMESTAMP, WORK_TIME, BREAK_TIME, INTERRUPTED)
VALUES (4556, 1, '2019-04-03', 0, 0, true);
INSERT INTO POMODORO(ID, USER, CREATION_TIMESTAMP, WORK_TIME, BREAK_TIME, INTERRUPTED)
VALUES (4557, 1, '2019-04-03', 0, 0, true);
INSERT INTO POMODORO(ID, USER, CREATION_TIMESTAMP, WORK_TIME, BREAK_TIME, INTERRUPTED)
VALUES (4558, 1, '2019-04-03', 0, 0, true);
INSERT INTO POMODORO(ID, USER, CREATION_TIMESTAMP, WORK_TIME, BREAK_TIME, INTERRUPTED)
VALUES (4559, 1, '2019-04-03', 0, 0, false);
INSERT INTO POMODORO(ID, USER, CREATION_TIMESTAMP, WORK_TIME, BREAK_TIME, INTERRUPTED)
VALUES (4560, 1, '2019-04-03', 0, 0, true);
INSERT INTO POMODORO(ID, USER, CREATION_TIMESTAMP, WORK_TIME, BREAK_TIME, INTERRUPTED)
VALUES (4561, 1, '2019-04-03', 0, 0, true);
INSERT INTO POMODORO(ID, USER, CREATION_TIMESTAMP, WORK_TIME, BREAK_TIME, INTERRUPTED)
VALUES (4562, 1, '2019-04-03', 0, 0, true);
INSERT INTO POMODORO(ID, USER, CREATION_TIMESTAMP, WORK_TIME, BREAK_TIME, INTERRUPTED)
VALUES (4563, 1, '2019-04-03', 0, 0, true);
INSERT INTO POMODORO(ID, USER, CREATION_TIMESTAMP, WORK_TIME, BREAK_TIME, INTERRUPTED)
VALUES (4564, 1, '2019-04-03', 0, 0, true);
INSERT INTO POMODORO(ID, USER, CREATION_TIMESTAMP, WORK_TIME, BREAK_TIME, INTERRUPTED)
VALUES (4565, 1, '2019-04-03', 0, 0, true);
INSERT INTO POMODORO(ID, USER, CREATION_TIMESTAMP, WORK_TIME, BREAK_TIME, INTERRUPTED)
VALUES (4566, 1, '2019-04-03', 0, 0, false);
INSERT INTO POMODORO(ID, USER, CREATION_TIMESTAMP, WORK_TIME, BREAK_TIME, INTERRUPTED)
VALUES (4567, 1, '2019-04-03', 0, 0, false);
INSERT INTO POMODORO(ID, USER, CREATION_TIMESTAMP, WORK_TIME, BREAK_TIME, INTERRUPTED)
VALUES (4568, 1, '2019-04-03', 0, 0, false);
INSERT INTO POMODORO(ID, USER, CREATION_TIMESTAMP, WORK_TIME, BREAK_TIME, INTERRUPTED)
VALUES (4569, 1, '2019-04-03', 0, 0, true);
INSERT INTO POMODORO(ID, USER, CREATION_TIMESTAMP, WORK_TIME, BREAK_TIME, INTERRUPTED)
VALUES (4570, 1, '2019-04-03', 0, 0, false);
INSERT INTO POMODORO(ID, USER, CREATION_TIMESTAMP, WORK_TIME, BREAK_TIME, INTERRUPTED)
VALUES (4571, 1, '2019-04-03', 0, 0, false);
INSERT INTO POMODORO(ID, USER, CREATION_TIMESTAMP, WORK_TIME, BREAK_TIME, INTERRUPTED)
VALUES (4572, 1, '2019-04-03', 0, 0, false);
INSERT INTO POMODORO(ID, USER, CREATION_TIMESTAMP, WORK_TIME, BREAK_TIME, INTERRUPTED)
VALUES (4573, 1, '2019-04-03', 0, 0, false);
INSERT INTO POMODORO(ID, USER, CREATION_TIMESTAMP, WORK_TIME, BREAK_TIME, INTERRUPTED)
VALUES (4574, 1, '2019-04-03', 0, 0, false);
INSERT INTO POMODORO(ID, USER, CREATION_TIMESTAMP, WORK_TIME, BREAK_TIME, INTERRUPTED)
VALUES (4575, 1, '2019-04-03', 0, 0, false);
INSERT INTO POMODORO(ID, USER, CREATION_TIMESTAMP, WORK_TIME, BREAK_TIME, INTERRUPTED)
VALUES (4576, 1, '2019-04-03', 0, 0, false);
INSERT INTO POMODORO(ID, USER, CREATION_TIMESTAMP, WORK_TIME, BREAK_TIME, INTERRUPTED)
VALUES (4577, 1, '2019-04-03', 0, 0, true);
INSERT INTO POMODORO(ID, USER, CREATION_TIMESTAMP, WORK_TIME, BREAK_TIME, INTERRUPTED)
VALUES (4578, 1, '2019-04-03', 0, 0, false);
INSERT INTO POMODORO(ID, USER, CREATION_TIMESTAMP, WORK_TIME, BREAK_TIME, INTERRUPTED)
VALUES (4579, 1, '2019-04-02', 0, 0, false);
INSERT INTO POMODORO(ID, USER, CREATION_TIMESTAMP, WORK_TIME, BREAK_TIME, INTERRUPTED)
VALUES (4580, 1, '2019-04-02', 0, 0, true);
INSERT INTO POMODORO(ID, USER, CREATION_TIMESTAMP, WORK_TIME, BREAK_TIME, INTERRUPTED)
VALUES (4581, 1, '2019-04-02', 0, 0, true);
INSERT INTO POMODORO(ID, USER, CREATION_TIMESTAMP, WORK_TIME, BREAK_TIME, INTERRUPTED)
VALUES (4582, 1, '2019-04-02', 0, 0, true);
INSERT INTO POMODORO(ID, USER, CREATION_TIMESTAMP, WORK_TIME, BREAK_TIME, INTERRUPTED)
VALUES (4583, 1, '2019-04-01', 0, 0, true);
INSERT INTO POMODORO(ID, USER, CREATION_TIMESTAMP, WORK_TIME, BREAK_TIME, INTERRUPTED)
VALUES (4584, 1, '2019-04-01', 0, 0, false);
INSERT INTO POMODORO(ID, USER, CREATION_TIMESTAMP, WORK_TIME, BREAK_TIME, INTERRUPTED)
VALUES (4585, 1, '2019-04-01', 0, 0, true);
INSERT INTO POMODORO(ID, USER, CREATION_TIMESTAMP, WORK_TIME, BREAK_TIME, INTERRUPTED)
VALUES (4586, 1, '2019-04-01', 0, 0, false);
INSERT INTO POMODORO(ID, USER, CREATION_TIMESTAMP, WORK_TIME, BREAK_TIME, INTERRUPTED)
VALUES (4587, 1, '2019-04-01', 0, 0, true);
INSERT INTO POMODORO(ID, USER, CREATION_TIMESTAMP, WORK_TIME, BREAK_TIME, INTERRUPTED)
VALUES (4588, 1, '2019-04-01', 0, 0, true);
INSERT INTO POMODORO(ID, USER, CREATION_TIMESTAMP, WORK_TIME, BREAK_TIME, INTERRUPTED)
VALUES (4589, 1, '2019-04-01', 0, 0, false);
INSERT INTO POMODORO(ID, USER, CREATION_TIMESTAMP, WORK_TIME, BREAK_TIME, INTERRUPTED)
VALUES (4590, 1, '2019-04-01', 0, 0, false);
INSERT INTO POMODORO(ID, USER, CREATION_TIMESTAMP, WORK_TIME, BREAK_TIME, INTERRUPTED)
VALUES (4591, 1, '2019-04-01', 0, 0, true);
INSERT INTO POMODORO(ID, USER, CREATION_TIMESTAMP, WORK_TIME, BREAK_TIME, INTERRUPTED)
VALUES (4592, 1, '2019-04-01', 0, 0, false);
INSERT INTO POMODORO(ID, USER, CREATION_TIMESTAMP, WORK_TIME, BREAK_TIME, INTERRUPTED)
VALUES (4593, 1, '2019-04-01', 0, 0, false);
INSERT INTO POMODORO(ID, USER, CREATION_TIMESTAMP, WORK_TIME, BREAK_TIME, INTERRUPTED)
VALUES (4594, 1, '2019-04-01', 0, 0, true);
INSERT INTO POMODORO(ID, USER, CREATION_TIMESTAMP, WORK_TIME, BREAK_TIME, INTERRUPTED)
VALUES (4595, 1, '2019-04-01', 0, 0, false);
INSERT INTO POMODORO(ID, USER, CREATION_TIMESTAMP, WORK_TIME, BREAK_TIME, INTERRUPTED)
VALUES (4596, 1, '2019-04-01', 0, 0, false);
INSERT INTO POMODORO(ID, USER, CREATION_TIMESTAMP, WORK_TIME, BREAK_TIME, INTERRUPTED)
VALUES (4597, 1, '2019-04-01', 0, 0, true);
INSERT INTO POMODORO(ID, USER, CREATION_TIMESTAMP, WORK_TIME, BREAK_TIME, INTERRUPTED)
VALUES (4598, 1, '2019-04-01', 0, 0, true);
INSERT INTO POMODORO(ID, USER, CREATION_TIMESTAMP, WORK_TIME, BREAK_TIME, INTERRUPTED)
VALUES (4599, 1, '2019-04-01', 0, 0, true);
INSERT INTO POMODORO(ID, USER, CREATION_TIMESTAMP, WORK_TIME, BREAK_TIME, INTERRUPTED)
VALUES (4600, 1, '2019-04-01', 0, 0, false);
INSERT INTO POMODORO(ID, USER, CREATION_TIMESTAMP, WORK_TIME, BREAK_TIME, INTERRUPTED)
VALUES (4601, 1, '2019-03-31', 0, 0, true);
INSERT INTO POMODORO(ID, USER, CREATION_TIMESTAMP, WORK_TIME, BREAK_TIME, INTERRUPTED)
VALUES (4602, 1, '2019-03-31', 0, 0, true);
INSERT INTO POMODORO(ID, USER, CREATION_TIMESTAMP, WORK_TIME, BREAK_TIME, INTERRUPTED)
VALUES (4603, 1, '2019-03-31', 0, 0, true);
INSERT INTO POMODORO(ID, USER, CREATION_TIMESTAMP, WORK_TIME, BREAK_TIME, INTERRUPTED)
VALUES (4604, 1, '2019-03-31', 0, 0, false);
INSERT INTO POMODORO(ID, USER, CREATION_TIMESTAMP, WORK_TIME, BREAK_TIME, INTERRUPTED)
VALUES (4605, 1, '2019-03-31', 0, 0, false);
INSERT INTO POMODORO(ID, USER, CREATION_TIMESTAMP, WORK_TIME, BREAK_TIME, INTERRUPTED)
VALUES (4606, 1, '2019-03-31', 0, 0, true);
INSERT INTO POMODORO(ID, USER, CREATION_TIMESTAMP, WORK_TIME, BREAK_TIME, INTERRUPTED)
VALUES (4607, 1, '2019-03-31', 0, 0, false);
INSERT INTO POMODORO(ID, USER, CREATION_TIMESTAMP, WORK_TIME, BREAK_TIME, INTERRUPTED)
VALUES (4608, 1, '2019-03-31', 0, 0, false);
INSERT INTO POMODORO(ID, USER, CREATION_TIMESTAMP, WORK_TIME, BREAK_TIME, INTERRUPTED)
VALUES (4609, 1, '2019-03-31', 0, 0, false);
INSERT INTO POMODORO(ID, USER, CREATION_TIMESTAMP, WORK_TIME, BREAK_TIME, INTERRUPTED)
VALUES (4610, 1, '2019-03-31', 0, 0, true);
INSERT INTO POMODORO(ID, USER, CREATION_TIMESTAMP, WORK_TIME, BREAK_TIME, INTERRUPTED)
VALUES (4611, 1, '2019-03-31', 0, 0, false);
INSERT INTO POMODORO(ID, USER, CREATION_TIMESTAMP, WORK_TIME, BREAK_TIME, INTERRUPTED)
VALUES (4612, 1, '2019-03-31', 0, 0, false);
INSERT INTO POMODORO(ID, USER, CREATION_TIMESTAMP, WORK_TIME, BREAK_TIME, INTERRUPTED)
VALUES (4613, 1, '2019-03-31', 0, 0, false);
INSERT INTO POMODORO(ID, USER, CREATION_TIMESTAMP, WORK_TIME, BREAK_TIME, INTERRUPTED)
VALUES (4614, 1, '2019-03-31', 0, 0, false);
INSERT INTO POMODORO(ID, USER, CREATION_TIMESTAMP, WORK_TIME, BREAK_TIME, INTERRUPTED)
VALUES (4615, 1, '2019-03-31', 0, 0, false);
INSERT INTO POMODORO(ID, USER, CREATION_TIMESTAMP, WORK_TIME, BREAK_TIME, INTERRUPTED)
VALUES (4616, 1, '2019-03-31', 0, 0, false);
INSERT INTO POMODORO(ID, USER, CREATION_TIMESTAMP, WORK_TIME, BREAK_TIME, INTERRUPTED)
VALUES (4617, 1, '2019-03-31', 0, 0, true);
INSERT INTO POMODORO(ID, USER, CREATION_TIMESTAMP, WORK_TIME, BREAK_TIME, INTERRUPTED)
VALUES (4618, 1, '2019-03-31', 0, 0, true);
INSERT INTO POMODORO(ID, USER, CREATION_TIMESTAMP, WORK_TIME, BREAK_TIME, INTERRUPTED)
VALUES (4619, 1, '2019-03-31', 0, 0, false);
INSERT INTO POMODORO(ID, USER, CREATION_TIMESTAMP, WORK_TIME, BREAK_TIME, INTERRUPTED)
VALUES (4620, 1, '2019-03-31', 0, 0, true);
INSERT INTO POMODORO(ID, USER, CREATION_TIMESTAMP, WORK_TIME, BREAK_TIME, INTERRUPTED)
VALUES (4621, 1, '2019-03-31', 0, 0, true);
INSERT INTO POMODORO(ID, USER, CREATION_TIMESTAMP, WORK_TIME, BREAK_TIME, INTERRUPTED)
VALUES (4622, 1, '2019-03-31', 0, 0, false);
INSERT INTO POMODORO(ID, USER, CREATION_TIMESTAMP, WORK_TIME, BREAK_TIME, INTERRUPTED)
VALUES (4623, 1, '2019-03-31', 0, 0, true);
INSERT INTO POMODORO(ID, USER, CREATION_TIMESTAMP, WORK_TIME, BREAK_TIME, INTERRUPTED)
VALUES (4624, 1, '2019-03-31', 0, 0, true);
INSERT INTO POMODORO(ID, USER, CREATION_TIMESTAMP, WORK_TIME, BREAK_TIME, INTERRUPTED)
VALUES (4625, 1, '2019-03-31', 0, 0, true);
INSERT INTO POMODORO(ID, USER, CREATION_TIMESTAMP, WORK_TIME, BREAK_TIME, INTERRUPTED)
VALUES (4626, 1, '2019-03-31', 0, 0, true);
INSERT INTO POMODORO(ID, USER, CREATION_TIMESTAMP, WORK_TIME, BREAK_TIME, INTERRUPTED)
VALUES (4627, 1, '2019-03-31', 0, 0, true);
INSERT INTO POMODORO(ID, USER, CREATION_TIMESTAMP, WORK_TIME, BREAK_TIME, INTERRUPTED)
VALUES (4628, 1, '2019-03-30', 0, 0, false);
INSERT INTO POMODORO(ID, USER, CREATION_TIMESTAMP, WORK_TIME, BREAK_TIME, INTERRUPTED)
VALUES (4629, 1, '2019-03-30', 0, 0, true);
INSERT INTO POMODORO(ID, USER, CREATION_TIMESTAMP, WORK_TIME, BREAK_TIME, INTERRUPTED)
VALUES (4630, 1, '2019-03-30', 0, 0, true);
INSERT INTO POMODORO(ID, USER, CREATION_TIMESTAMP, WORK_TIME, BREAK_TIME, INTERRUPTED)
VALUES (4631, 1, '2019-03-30', 0, 0, false);
INSERT INTO POMODORO(ID, USER, CREATION_TIMESTAMP, WORK_TIME, BREAK_TIME, INTERRUPTED)
VALUES (4632, 1, '2019-03-30', 0, 0, true);
INSERT INTO POMODORO(ID, USER, CREATION_TIMESTAMP, WORK_TIME, BREAK_TIME, INTERRUPTED)
VALUES (4633, 1, '2019-03-30', 0, 0, false);
INSERT INTO POMODORO(ID, USER, CREATION_TIMESTAMP, WORK_TIME, BREAK_TIME, INTERRUPTED)
VALUES (4634, 1, '2019-03-30', 0, 0, false);
INSERT INTO POMODORO(ID, USER, CREATION_TIMESTAMP, WORK_TIME, BREAK_TIME, INTERRUPTED)
VALUES (4635, 1, '2019-03-30', 0, 0, false);
INSERT INTO POMODORO(ID, USER, CREATION_TIMESTAMP, WORK_TIME, BREAK_TIME, INTERRUPTED)
VALUES (4636, 1, '2019-03-30', 0, 0, false);
INSERT INTO POMODORO(ID, USER, CREATION_TIMESTAMP, WORK_TIME, BREAK_TIME, INTERRUPTED)
VALUES (4637, 1, '2019-03-30', 0, 0, true);
INSERT INTO POMODORO(ID, USER, CREATION_TIMESTAMP, WORK_TIME, BREAK_TIME, INTERRUPTED)
VALUES (4638, 1, '2019-03-30', 0, 0, false);
INSERT INTO POMODORO(ID, USER, CREATION_TIMESTAMP, WORK_TIME, BREAK_TIME, INTERRUPTED)
VALUES (4639, 1, '2019-03-30', 0, 0, false);
INSERT INTO POMODORO(ID, USER, CREATION_TIMESTAMP, WORK_TIME, BREAK_TIME, INTERRUPTED)
VALUES (4640, 1, '2019-03-30', 0, 0, false);
INSERT INTO POMODORO(ID, USER, CREATION_TIMESTAMP, WORK_TIME, BREAK_TIME, INTERRUPTED)
VALUES (4641, 1, '2019-03-30', 0, 0, false);
INSERT INTO POMODORO(ID, USER, CREATION_TIMESTAMP, WORK_TIME, BREAK_TIME, INTERRUPTED)
VALUES (4642, 1, '2019-03-30', 0, 0, true);
INSERT INTO POMODORO(ID, USER, CREATION_TIMESTAMP, WORK_TIME, BREAK_TIME, INTERRUPTED)
VALUES (4643, 1, '2019-03-30', 0, 0, false);
INSERT INTO POMODORO(ID, USER, CREATION_TIMESTAMP, WORK_TIME, BREAK_TIME, INTERRUPTED)
VALUES (4644, 1, '2019-03-30', 0, 0, true);
INSERT INTO POMODORO(ID, USER, CREATION_TIMESTAMP, WORK_TIME, BREAK_TIME, INTERRUPTED)
VALUES (4645, 1, '2019-03-30', 0, 0, true);
INSERT INTO POMODORO(ID, USER, CREATION_TIMESTAMP, WORK_TIME, BREAK_TIME, INTERRUPTED)
VALUES (4646, 1, '2019-03-30', 0, 0, true);
INSERT INTO POMODORO(ID, USER, CREATION_TIMESTAMP, WORK_TIME, BREAK_TIME, INTERRUPTED)
VALUES (4647, 1, '2019-03-30', 0, 0, true);
INSERT INTO POMODORO(ID, USER, CREATION_TIMESTAMP, WORK_TIME, BREAK_TIME, INTERRUPTED)
VALUES (4648, 1, '2019-03-30', 0, 0, true);
INSERT INTO POMODORO(ID, USER, CREATION_TIMESTAMP, WORK_TIME, BREAK_TIME, INTERRUPTED)
VALUES (4649, 1, '2019-03-30', 0, 0, false);
INSERT INTO POMODORO(ID, USER, CREATION_TIMESTAMP, WORK_TIME, BREAK_TIME, INTERRUPTED)
VALUES (4650, 1, '2019-03-30', 0, 0, false);
INSERT INTO POMODORO(ID, USER, CREATION_TIMESTAMP, WORK_TIME, BREAK_TIME, INTERRUPTED)
VALUES (4651, 1, '2019-03-30', 0, 0, true);
INSERT INTO POMODORO(ID, USER, CREATION_TIMESTAMP, WORK_TIME, BREAK_TIME, INTERRUPTED)
VALUES (4652, 1, '2019-03-30', 0, 0, true);
INSERT INTO POMODORO(ID, USER, CREATION_TIMESTAMP, WORK_TIME, BREAK_TIME, INTERRUPTED)
VALUES (4653, 1, '2019-03-30', 0, 0, true);
INSERT INTO POMODORO(ID, USER, CREATION_TIMESTAMP, WORK_TIME, BREAK_TIME, INTERRUPTED)
VALUES (4654, 1, '2019-03-30', 0, 0, false);
INSERT INTO POMODORO(ID, USER, CREATION_TIMESTAMP, WORK_TIME, BREAK_TIME, INTERRUPTED)
VALUES (4655, 1, '2019-03-30', 0, 0, false);
INSERT INTO POMODORO(ID, USER, CREATION_TIMESTAMP, WORK_TIME, BREAK_TIME, INTERRUPTED)
VALUES (4656, 1, '2019-03-30', 0, 0, false);
INSERT INTO POMODORO(ID, USER, CREATION_TIMESTAMP, WORK_TIME, BREAK_TIME, INTERRUPTED)
VALUES (4657, 1, '2019-03-30', 0, 0, true);
INSERT INTO POMODORO(ID, USER, CREATION_TIMESTAMP, WORK_TIME, BREAK_TIME, INTERRUPTED)
VALUES (4658, 1, '2019-03-30', 0, 0, false);
INSERT INTO POMODORO(ID, USER, CREATION_TIMESTAMP, WORK_TIME, BREAK_TIME, INTERRUPTED)
VALUES (4659, 1, '2019-03-30', 0, 0, true);
INSERT INTO POMODORO(ID, USER, CREATION_TIMESTAMP, WORK_TIME, BREAK_TIME, INTERRUPTED)
VALUES (4660, 1, '2019-03-30', 0, 0, true);
INSERT INTO POMODORO(ID, USER, CREATION_TIMESTAMP, WORK_TIME, BREAK_TIME, INTERRUPTED)
VALUES (4661, 1, '2019-03-30', 0, 0, true);
INSERT INTO POMODORO(ID, USER, CREATION_TIMESTAMP, WORK_TIME, BREAK_TIME, INTERRUPTED)
VALUES (4662, 1, '2019-03-30', 0, 0, true);
INSERT INTO POMODORO(ID, USER, CREATION_TIMESTAMP, WORK_TIME, BREAK_TIME, INTERRUPTED)
VALUES (4663, 1, '2019-03-30', 0, 0, true);
INSERT INTO POMODORO(ID, USER, CREATION_TIMESTAMP, WORK_TIME, BREAK_TIME, INTERRUPTED)
VALUES (4664, 1, '2019-03-30', 0, 0, true);
INSERT INTO POMODORO(ID, USER, CREATION_TIMESTAMP, WORK_TIME, BREAK_TIME, INTERRUPTED)
VALUES (4665, 1, '2019-03-30', 0, 0, true);
INSERT INTO POMODORO(ID, USER, CREATION_TIMESTAMP, WORK_TIME, BREAK_TIME, INTERRUPTED)
VALUES (4666, 1, '2019-03-30', 0, 0, true);
INSERT INTO POMODORO(ID, USER, CREATION_TIMESTAMP, WORK_TIME, BREAK_TIME, INTERRUPTED)
VALUES (4667, 1, '2019-03-29', 0, 0, false);
INSERT INTO POMODORO(ID, USER, CREATION_TIMESTAMP, WORK_TIME, BREAK_TIME, INTERRUPTED)
VALUES (4668, 1, '2019-03-29', 0, 0, false);
INSERT INTO POMODORO(ID, USER, CREATION_TIMESTAMP, WORK_TIME, BREAK_TIME, INTERRUPTED)
VALUES (4669, 1, '2019-03-29', 0, 0, true);
INSERT INTO POMODORO(ID, USER, CREATION_TIMESTAMP, WORK_TIME, BREAK_TIME, INTERRUPTED)
VALUES (4670, 1, '2019-03-29', 0, 0, true);
INSERT INTO POMODORO(ID, USER, CREATION_TIMESTAMP, WORK_TIME, BREAK_TIME, INTERRUPTED)
VALUES (4671, 1, '2019-03-29', 0, 0, true);
INSERT INTO POMODORO(ID, USER, CREATION_TIMESTAMP, WORK_TIME, BREAK_TIME, INTERRUPTED)
VALUES (4672, 1, '2019-03-29', 0, 0, true);
INSERT INTO POMODORO(ID, USER, CREATION_TIMESTAMP, WORK_TIME, BREAK_TIME, INTERRUPTED)
VALUES (4673, 1, '2019-03-29', 0, 0, false);
INSERT INTO POMODORO(ID, USER, CREATION_TIMESTAMP, WORK_TIME, BREAK_TIME, INTERRUPTED)
VALUES (4674, 1, '2019-03-29', 0, 0, false);
INSERT INTO POMODORO(ID, USER, CREATION_TIMESTAMP, WORK_TIME, BREAK_TIME, INTERRUPTED)
VALUES (4675, 1, '2019-03-29', 0, 0, false);
INSERT INTO POMODORO(ID, USER, CREATION_TIMESTAMP, WORK_TIME, BREAK_TIME, INTERRUPTED)
VALUES (4676, 1, '2019-03-29', 0, 0, true);
INSERT INTO POMODORO(ID, USER, CREATION_TIMESTAMP, WORK_TIME, BREAK_TIME, INTERRUPTED)
VALUES (4677, 1, '2019-03-29', 0, 0, false);
INSERT INTO POMODORO(ID, USER, CREATION_TIMESTAMP, WORK_TIME, BREAK_TIME, INTERRUPTED)
VALUES (4678, 1, '2019-03-29', 0, 0, false);
INSERT INTO POMODORO(ID, USER, CREATION_TIMESTAMP, WORK_TIME, BREAK_TIME, INTERRUPTED)
VALUES (4679, 1, '2019-03-29', 0, 0, false);
INSERT INTO POMODORO(ID, USER, CREATION_TIMESTAMP, WORK_TIME, BREAK_TIME, INTERRUPTED)
VALUES (4680, 1, '2019-03-29', 0, 0, true);
INSERT INTO POMODORO(ID, USER, CREATION_TIMESTAMP, WORK_TIME, BREAK_TIME, INTERRUPTED)
VALUES (4681, 1, '2019-03-29', 0, 0, true);
INSERT INTO POMODORO(ID, USER, CREATION_TIMESTAMP, WORK_TIME, BREAK_TIME, INTERRUPTED)
VALUES (4682, 1, '2019-03-29', 0, 0, true);
INSERT INTO POMODORO(ID, USER, CREATION_TIMESTAMP, WORK_TIME, BREAK_TIME, INTERRUPTED)
VALUES (4683, 1, '2019-03-29', 0, 0, true);
INSERT INTO POMODORO(ID, USER, CREATION_TIMESTAMP, WORK_TIME, BREAK_TIME, INTERRUPTED)
VALUES (4684, 1, '2019-03-29', 0, 0, false);
INSERT INTO POMODORO(ID, USER, CREATION_TIMESTAMP, WORK_TIME, BREAK_TIME, INTERRUPTED)
VALUES (4685, 1, '2019-03-29', 0, 0, true);
INSERT INTO POMODORO(ID, USER, CREATION_TIMESTAMP, WORK_TIME, BREAK_TIME, INTERRUPTED)
VALUES (4686, 1, '2019-03-29', 0, 0, true);
INSERT INTO POMODORO(ID, USER, CREATION_TIMESTAMP, WORK_TIME, BREAK_TIME, INTERRUPTED)
VALUES (4687, 1, '2019-03-29', 0, 0, true);
INSERT INTO POMODORO(ID, USER, CREATION_TIMESTAMP, WORK_TIME, BREAK_TIME, INTERRUPTED)
VALUES (4688, 1, '2019-03-29', 0, 0, true);
INSERT INTO POMODORO(ID, USER, CREATION_TIMESTAMP, WORK_TIME, BREAK_TIME, INTERRUPTED)
VALUES (4689, 1, '2019-03-29', 0, 0, true);
INSERT INTO POMODORO(ID, USER, CREATION_TIMESTAMP, WORK_TIME, BREAK_TIME, INTERRUPTED)
VALUES (4690, 1, '2019-03-29', 0, 0, false);
INSERT INTO POMODORO(ID, USER, CREATION_TIMESTAMP, WORK_TIME, BREAK_TIME, INTERRUPTED)
VALUES (4691, 1, '2019-03-29', 0, 0, true);
INSERT INTO POMODORO(ID, USER, CREATION_TIMESTAMP, WORK_TIME, BREAK_TIME, INTERRUPTED)
VALUES (4692, 1, '2019-03-29', 0, 0, false);
INSERT INTO POMODORO(ID, USER, CREATION_TIMESTAMP, WORK_TIME, BREAK_TIME, INTERRUPTED)
VALUES (4693, 1, '2019-03-29', 0, 0, false);
INSERT INTO POMODORO(ID, USER, CREATION_TIMESTAMP, WORK_TIME, BREAK_TIME, INTERRUPTED)
VALUES (4694, 1, '2019-03-29', 0, 0, true);
INSERT INTO POMODORO(ID, USER, CREATION_TIMESTAMP, WORK_TIME, BREAK_TIME, INTERRUPTED)
VALUES (4695, 1, '2019-03-29', 0, 0, false);
INSERT INTO POMODORO(ID, USER, CREATION_TIMESTAMP, WORK_TIME, BREAK_TIME, INTERRUPTED)
VALUES (4696, 1, '2019-03-29', 0, 0, false);
INSERT INTO POMODORO(ID, USER, CREATION_TIMESTAMP, WORK_TIME, BREAK_TIME, INTERRUPTED)
VALUES (4697, 1, '2019-03-29', 0, 0, false);
INSERT INTO POMODORO(ID, USER, CREATION_TIMESTAMP, WORK_TIME, BREAK_TIME, INTERRUPTED)
VALUES (4698, 1, '2019-03-29', 0, 0, false);
INSERT INTO POMODORO(ID, USER, CREATION_TIMESTAMP, WORK_TIME, BREAK_TIME, INTERRUPTED)
VALUES (4699, 1, '2019-03-29', 0, 0, false);
INSERT INTO POMODORO(ID, USER, CREATION_TIMESTAMP, WORK_TIME, BREAK_TIME, INTERRUPTED)
VALUES (4700, 1, '2019-03-29', 0, 0, true);
INSERT INTO POMODORO(ID, USER, CREATION_TIMESTAMP, WORK_TIME, BREAK_TIME, INTERRUPTED)
VALUES (4701, 1, '2019-03-29', 0, 0, true);
INSERT INTO POMODORO(ID, USER, CREATION_TIMESTAMP, WORK_TIME, BREAK_TIME, INTERRUPTED)
VALUES (4702, 1, '2019-03-29', 0, 0, true);
INSERT INTO POMODORO(ID, USER, CREATION_TIMESTAMP, WORK_TIME, BREAK_TIME, INTERRUPTED)
VALUES (4703, 1, '2019-03-29', 0, 0, false);
INSERT INTO POMODORO(ID, USER, CREATION_TIMESTAMP, WORK_TIME, BREAK_TIME, INTERRUPTED)
VALUES (4704, 1, '2019-03-29', 0, 0, false);
INSERT INTO POMODORO(ID, USER, CREATION_TIMESTAMP, WORK_TIME, BREAK_TIME, INTERRUPTED)
VALUES (4705, 1, '2019-03-29', 0, 0, true);
INSERT INTO POMODORO(ID, USER, CREATION_TIMESTAMP, WORK_TIME, BREAK_TIME, INTERRUPTED)
VALUES (4706, 1, '2019-03-29', 0, 0, false);
INSERT INTO POMODORO(ID, USER, CREATION_TIMESTAMP, WORK_TIME, BREAK_TIME, INTERRUPTED)
VALUES (4707, 1, '2019-03-29', 0, 0, false);
INSERT INTO POMODORO(ID, USER, CREATION_TIMESTAMP, WORK_TIME, BREAK_TIME, INTERRUPTED)
VALUES (4708, 1, '2019-03-28', 0, 0, true);
INSERT INTO POMODORO(ID, USER, CREATION_TIMESTAMP, WORK_TIME, BREAK_TIME, INTERRUPTED)
VALUES (4709, 1, '2019-03-28', 0, 0, true);
INSERT INTO POMODORO(ID, USER, CREATION_TIMESTAMP, WORK_TIME, BREAK_TIME, INTERRUPTED)
VALUES (4710, 1, '2019-03-28', 0, 0, false);
INSERT INTO POMODORO(ID, USER, CREATION_TIMESTAMP, WORK_TIME, BREAK_TIME, INTERRUPTED)
VALUES (4711, 1, '2019-03-28', 0, 0, false);
INSERT INTO POMODORO(ID, USER, CREATION_TIMESTAMP, WORK_TIME, BREAK_TIME, INTERRUPTED)
VALUES (4712, 1, '2019-03-28', 0, 0, false);
INSERT INTO POMODORO(ID, USER, CREATION_TIMESTAMP, WORK_TIME, BREAK_TIME, INTERRUPTED)
VALUES (4713, 1, '2019-03-27', 0, 0, true);
INSERT INTO POMODORO(ID, USER, CREATION_TIMESTAMP, WORK_TIME, BREAK_TIME, INTERRUPTED)
VALUES (4714, 1, '2019-03-27', 0, 0, true);
INSERT INTO POMODORO(ID, USER, CREATION_TIMESTAMP, WORK_TIME, BREAK_TIME, INTERRUPTED)
VALUES (4715, 1, '2019-03-27', 0, 0, false);
INSERT INTO POMODORO(ID, USER, CREATION_TIMESTAMP, WORK_TIME, BREAK_TIME, INTERRUPTED)
VALUES (4716, 1, '2019-03-27', 0, 0, true);
INSERT INTO POMODORO(ID, USER, CREATION_TIMESTAMP, WORK_TIME, BREAK_TIME, INTERRUPTED)
VALUES (4717, 1, '2019-03-26', 0, 0, false);
INSERT INTO POMODORO(ID, USER, CREATION_TIMESTAMP, WORK_TIME, BREAK_TIME, INTERRUPTED)
VALUES (4718, 1, '2019-03-26', 0, 0, true);
INSERT INTO POMODORO(ID, USER, CREATION_TIMESTAMP, WORK_TIME, BREAK_TIME, INTERRUPTED)
VALUES (4719, 1, '2019-03-26', 0, 0, true);
INSERT INTO POMODORO(ID, USER, CREATION_TIMESTAMP, WORK_TIME, BREAK_TIME, INTERRUPTED)
VALUES (4720, 1, '2019-03-26', 0, 0, true);
INSERT INTO POMODORO(ID, USER, CREATION_TIMESTAMP, WORK_TIME, BREAK_TIME, INTERRUPTED)
VALUES (4721, 1, '2019-03-26', 0, 0, false);
INSERT INTO POMODORO(ID, USER, CREATION_TIMESTAMP, WORK_TIME, BREAK_TIME, INTERRUPTED)
VALUES (4722, 1, '2019-03-26', 0, 0, true);
INSERT INTO POMODORO(ID, USER, CREATION_TIMESTAMP, WORK_TIME, BREAK_TIME, INTERRUPTED)
VALUES (4723, 1, '2019-03-26', 0, 0, true);
INSERT INTO POMODORO(ID, USER, CREATION_TIMESTAMP, WORK_TIME, BREAK_TIME, INTERRUPTED)
VALUES (4724, 1, '2019-03-26', 0, 0, false);
INSERT INTO POMODORO(ID, USER, CREATION_TIMESTAMP, WORK_TIME, BREAK_TIME, INTERRUPTED)
VALUES (4725, 1, '2019-03-26', 0, 0, true);
INSERT INTO POMODORO(ID, USER, CREATION_TIMESTAMP, WORK_TIME, BREAK_TIME, INTERRUPTED)
VALUES (4726, 1, '2019-03-26', 0, 0, true);
INSERT INTO POMODORO(ID, USER, CREATION_TIMESTAMP, WORK_TIME, BREAK_TIME, INTERRUPTED)
VALUES (4727, 1, '2019-03-26', 0, 0, true);
INSERT INTO POMODORO(ID, USER, CREATION_TIMESTAMP, WORK_TIME, BREAK_TIME, INTERRUPTED)
VALUES (4728, 1, '2019-03-26', 0, 0, true);
INSERT INTO POMODORO(ID, USER, CREATION_TIMESTAMP, WORK_TIME, BREAK_TIME, INTERRUPTED)
VALUES (4729, 1, '2019-03-26', 0, 0, false);
INSERT INTO POMODORO(ID, USER, CREATION_TIMESTAMP, WORK_TIME, BREAK_TIME, INTERRUPTED)
VALUES (4730, 1, '2019-03-26', 0, 0, false);
INSERT INTO POMODORO(ID, USER, CREATION_TIMESTAMP, WORK_TIME, BREAK_TIME, INTERRUPTED)
VALUES (4731, 1, '2019-03-26', 0, 0, true);
INSERT INTO POMODORO(ID, USER, CREATION_TIMESTAMP, WORK_TIME, BREAK_TIME, INTERRUPTED)
VALUES (4732, 1, '2019-03-26', 0, 0, false);
INSERT INTO POMODORO(ID, USER, CREATION_TIMESTAMP, WORK_TIME, BREAK_TIME, INTERRUPTED)
VALUES (4733, 1, '2019-03-26', 0, 0, true);
INSERT INTO POMODORO(ID, USER, CREATION_TIMESTAMP, WORK_TIME, BREAK_TIME, INTERRUPTED)
VALUES (4734, 1, '2019-03-26', 0, 0, false);
INSERT INTO POMODORO(ID, USER, CREATION_TIMESTAMP, WORK_TIME, BREAK_TIME, INTERRUPTED)
VALUES (4735, 1, '2019-03-26', 0, 0, true);
INSERT INTO POMODORO(ID, USER, CREATION_TIMESTAMP, WORK_TIME, BREAK_TIME, INTERRUPTED)
VALUES (4736, 1, '2019-03-26', 0, 0, false);
INSERT INTO POMODORO(ID, USER, CREATION_TIMESTAMP, WORK_TIME, BREAK_TIME, INTERRUPTED)
VALUES (4737, 1, '2019-03-26', 0, 0, true);
INSERT INTO POMODORO(ID, USER, CREATION_TIMESTAMP, WORK_TIME, BREAK_TIME, INTERRUPTED)
VALUES (4738, 1, '2019-03-26', 0, 0, false);
INSERT INTO POMODORO(ID, USER, CREATION_TIMESTAMP, WORK_TIME, BREAK_TIME, INTERRUPTED)
VALUES (4739, 1, '2019-03-26', 0, 0, true);
INSERT INTO POMODORO(ID, USER, CREATION_TIMESTAMP, WORK_TIME, BREAK_TIME, INTERRUPTED)
VALUES (4740, 1, '2019-03-25', 0, 0, true);
INSERT INTO POMODORO(ID, USER, CREATION_TIMESTAMP, WORK_TIME, BREAK_TIME, INTERRUPTED)
VALUES (4741, 1, '2019-03-25', 0, 0, false);
INSERT INTO POMODORO(ID, USER, CREATION_TIMESTAMP, WORK_TIME, BREAK_TIME, INTERRUPTED)
VALUES (4742, 1, '2019-03-25', 0, 0, true);
INSERT INTO POMODORO(ID, USER, CREATION_TIMESTAMP, WORK_TIME, BREAK_TIME, INTERRUPTED)
VALUES (4743, 1, '2019-03-25', 0, 0, false);
INSERT INTO POMODORO(ID, USER, CREATION_TIMESTAMP, WORK_TIME, BREAK_TIME, INTERRUPTED)
VALUES (4744, 1, '2019-03-25', 0, 0, true);
INSERT INTO POMODORO(ID, USER, CREATION_TIMESTAMP, WORK_TIME, BREAK_TIME, INTERRUPTED)
VALUES (4745, 1, '2019-03-25', 0, 0, true);
INSERT INTO POMODORO(ID, USER, CREATION_TIMESTAMP, WORK_TIME, BREAK_TIME, INTERRUPTED)
VALUES (4746, 1, '2019-03-25', 0, 0, true);
INSERT INTO POMODORO(ID, USER, CREATION_TIMESTAMP, WORK_TIME, BREAK_TIME, INTERRUPTED)
VALUES (4747, 1, '2019-03-25', 0, 0, false);
INSERT INTO POMODORO(ID, USER, CREATION_TIMESTAMP, WORK_TIME, BREAK_TIME, INTERRUPTED)
VALUES (4748, 1, '2019-03-25', 0, 0, false);
INSERT INTO POMODORO(ID, USER, CREATION_TIMESTAMP, WORK_TIME, BREAK_TIME, INTERRUPTED)
VALUES (4749, 1, '2019-03-25', 0, 0, true);
INSERT INTO POMODORO(ID, USER, CREATION_TIMESTAMP, WORK_TIME, BREAK_TIME, INTERRUPTED)
VALUES (4750, 1, '2019-03-25', 0, 0, false);
INSERT INTO POMODORO(ID, USER, CREATION_TIMESTAMP, WORK_TIME, BREAK_TIME, INTERRUPTED)
VALUES (4751, 1, '2019-03-25', 0, 0, true);
INSERT INTO POMODORO(ID, USER, CREATION_TIMESTAMP, WORK_TIME, BREAK_TIME, INTERRUPTED)
VALUES (4752, 1, '2019-03-25', 0, 0, false);
INSERT INTO POMODORO(ID, USER, CREATION_TIMESTAMP, WORK_TIME, BREAK_TIME, INTERRUPTED)
VALUES (4753, 1, '2019-03-25', 0, 0, true);
INSERT INTO POMODORO(ID, USER, CREATION_TIMESTAMP, WORK_TIME, BREAK_TIME, INTERRUPTED)
VALUES (4754, 1, '2019-03-25', 0, 0, true);
INSERT INTO POMODORO(ID, USER, CREATION_TIMESTAMP, WORK_TIME, BREAK_TIME, INTERRUPTED)
VALUES (4755, 1, '2019-03-25', 0, 0, true);
INSERT INTO POMODORO(ID, USER, CREATION_TIMESTAMP, WORK_TIME, BREAK_TIME, INTERRUPTED)
VALUES (4756, 1, '2019-03-25', 0, 0, false);
INSERT INTO POMODORO(ID, USER, CREATION_TIMESTAMP, WORK_TIME, BREAK_TIME, INTERRUPTED)
VALUES (4757, 1, '2019-03-25', 0, 0, false);
INSERT INTO POMODORO(ID, USER, CREATION_TIMESTAMP, WORK_TIME, BREAK_TIME, INTERRUPTED)
VALUES (4758, 1, '2019-03-25', 0, 0, true);
INSERT INTO POMODORO(ID, USER, CREATION_TIMESTAMP, WORK_TIME, BREAK_TIME, INTERRUPTED)
VALUES (4759, 1, '2019-03-25', 0, 0, false);
INSERT INTO POMODORO(ID, USER, CREATION_TIMESTAMP, WORK_TIME, BREAK_TIME, INTERRUPTED)
VALUES (4760, 1, '2019-03-25', 0, 0, true);
INSERT INTO POMODORO(ID, USER, CREATION_TIMESTAMP, WORK_TIME, BREAK_TIME, INTERRUPTED)
VALUES (4761, 1, '2019-03-25', 0, 0, true);
INSERT INTO POMODORO(ID, USER, CREATION_TIMESTAMP, WORK_TIME, BREAK_TIME, INTERRUPTED)
VALUES (4762, 1, '2019-03-25', 0, 0, false);
INSERT INTO POMODORO(ID, USER, CREATION_TIMESTAMP, WORK_TIME, BREAK_TIME, INTERRUPTED)
VALUES (4763, 1, '2019-03-25', 0, 0, false);
INSERT INTO POMODORO(ID, USER, CREATION_TIMESTAMP, WORK_TIME, BREAK_TIME, INTERRUPTED)
VALUES (4764, 1, '2019-03-25', 0, 0, true);
INSERT INTO POMODORO(ID, USER, CREATION_TIMESTAMP, WORK_TIME, BREAK_TIME, INTERRUPTED)
VALUES (4765, 1, '2019-03-25', 0, 0, true);
INSERT INTO POMODORO(ID, USER, CREATION_TIMESTAMP, WORK_TIME, BREAK_TIME, INTERRUPTED)
VALUES (4766, 1, '2019-03-25', 0, 0, false);
INSERT INTO POMODORO(ID, USER, CREATION_TIMESTAMP, WORK_TIME, BREAK_TIME, INTERRUPTED)
VALUES (4767, 1, '2019-03-25', 0, 0, false);
INSERT INTO POMODORO(ID, USER, CREATION_TIMESTAMP, WORK_TIME, BREAK_TIME, INTERRUPTED)
VALUES (4768, 1, '2019-03-25', 0, 0, true);
INSERT INTO POMODORO(ID, USER, CREATION_TIMESTAMP, WORK_TIME, BREAK_TIME, INTERRUPTED)
VALUES (4769, 1, '2019-03-25', 0, 0, false);
INSERT INTO POMODORO(ID, USER, CREATION_TIMESTAMP, WORK_TIME, BREAK_TIME, INTERRUPTED)
VALUES (4770, 1, '2019-03-25', 0, 0, true);
INSERT INTO POMODORO(ID, USER, CREATION_TIMESTAMP, WORK_TIME, BREAK_TIME, INTERRUPTED)
VALUES (4771, 1, '2019-03-24', 0, 0, true);
INSERT INTO POMODORO(ID, USER, CREATION_TIMESTAMP, WORK_TIME, BREAK_TIME, INTERRUPTED)
VALUES (4772, 1, '2019-03-24', 0, 0, true);
INSERT INTO POMODORO(ID, USER, CREATION_TIMESTAMP, WORK_TIME, BREAK_TIME, INTERRUPTED)
VALUES (4773, 1, '2019-03-24', 0, 0, false);
INSERT INTO POMODORO(ID, USER, CREATION_TIMESTAMP, WORK_TIME, BREAK_TIME, INTERRUPTED)
VALUES (4774, 1, '2019-03-24', 0, 0, true);
INSERT INTO POMODORO(ID, USER, CREATION_TIMESTAMP, WORK_TIME, BREAK_TIME, INTERRUPTED)
VALUES (4775, 1, '2019-03-24', 0, 0, true);
INSERT INTO POMODORO(ID, USER, CREATION_TIMESTAMP, WORK_TIME, BREAK_TIME, INTERRUPTED)
VALUES (4776, 1, '2019-03-24', 0, 0, false);
INSERT INTO POMODORO(ID, USER, CREATION_TIMESTAMP, WORK_TIME, BREAK_TIME, INTERRUPTED)
VALUES (4777, 1, '2019-03-24', 0, 0, false);
INSERT INTO POMODORO(ID, USER, CREATION_TIMESTAMP, WORK_TIME, BREAK_TIME, INTERRUPTED)
VALUES (4778, 1, '2019-03-24', 0, 0, false);
INSERT INTO POMODORO(ID, USER, CREATION_TIMESTAMP, WORK_TIME, BREAK_TIME, INTERRUPTED)
VALUES (4779, 1, '2019-03-24', 0, 0, false);
INSERT INTO POMODORO(ID, USER, CREATION_TIMESTAMP, WORK_TIME, BREAK_TIME, INTERRUPTED)
VALUES (4780, 1, '2019-03-24', 0, 0, true);
INSERT INTO POMODORO(ID, USER, CREATION_TIMESTAMP, WORK_TIME, BREAK_TIME, INTERRUPTED)
VALUES (4781, 1, '2019-03-24', 0, 0, false);
INSERT INTO POMODORO(ID, USER, CREATION_TIMESTAMP, WORK_TIME, BREAK_TIME, INTERRUPTED)
VALUES (4782, 1, '2019-03-24', 0, 0, false);
INSERT INTO POMODORO(ID, USER, CREATION_TIMESTAMP, WORK_TIME, BREAK_TIME, INTERRUPTED)
VALUES (4783, 1, '2019-03-24', 0, 0, true);
INSERT INTO POMODORO(ID, USER, CREATION_TIMESTAMP, WORK_TIME, BREAK_TIME, INTERRUPTED)
VALUES (4784, 1, '2019-03-24', 0, 0, false);
INSERT INTO POMODORO(ID, USER, CREATION_TIMESTAMP, WORK_TIME, BREAK_TIME, INTERRUPTED)
VALUES (4785, 1, '2019-03-24', 0, 0, true);
INSERT INTO POMODORO(ID, USER, CREATION_TIMESTAMP, WORK_TIME, BREAK_TIME, INTERRUPTED)
VALUES (4786, 1, '2019-03-24', 0, 0, false);
INSERT INTO POMODORO(ID, USER, CREATION_TIMESTAMP, WORK_TIME, BREAK_TIME, INTERRUPTED)
VALUES (4787, 1, '2019-03-24', 0, 0, true);
INSERT INTO POMODORO(ID, USER, CREATION_TIMESTAMP, WORK_TIME, BREAK_TIME, INTERRUPTED)
VALUES (4788, 1, '2019-03-24', 0, 0, false);
INSERT INTO POMODORO(ID, USER, CREATION_TIMESTAMP, WORK_TIME, BREAK_TIME, INTERRUPTED)
VALUES (4789, 1, '2019-03-23', 0, 0, false);
INSERT INTO POMODORO(ID, USER, CREATION_TIMESTAMP, WORK_TIME, BREAK_TIME, INTERRUPTED)
VALUES (4790, 1, '2019-03-23', 0, 0, false);
INSERT INTO POMODORO(ID, USER, CREATION_TIMESTAMP, WORK_TIME, BREAK_TIME, INTERRUPTED)
VALUES (4791, 1, '2019-03-23', 0, 0, false);
INSERT INTO POMODORO(ID, USER, CREATION_TIMESTAMP, WORK_TIME, BREAK_TIME, INTERRUPTED)
VALUES (4792, 1, '2019-03-23', 0, 0, false);
INSERT INTO POMODORO(ID, USER, CREATION_TIMESTAMP, WORK_TIME, BREAK_TIME, INTERRUPTED)
VALUES (4793, 1, '2019-03-23', 0, 0, false);
INSERT INTO POMODORO(ID, USER, CREATION_TIMESTAMP, WORK_TIME, BREAK_TIME, INTERRUPTED)
VALUES (4794, 1, '2019-03-23', 0, 0, false);
INSERT INTO POMODORO(ID, USER, CREATION_TIMESTAMP, WORK_TIME, BREAK_TIME, INTERRUPTED)
VALUES (4795, 1, '2019-03-23', 0, 0, false);
INSERT INTO POMODORO(ID, USER, CREATION_TIMESTAMP, WORK_TIME, BREAK_TIME, INTERRUPTED)
VALUES (4796, 1, '2019-03-23', 0, 0, true);
INSERT INTO POMODORO(ID, USER, CREATION_TIMESTAMP, WORK_TIME, BREAK_TIME, INTERRUPTED)
VALUES (4797, 1, '2019-03-23', 0, 0, false);
INSERT INTO POMODORO(ID, USER, CREATION_TIMESTAMP, WORK_TIME, BREAK_TIME, INTERRUPTED)
VALUES (4798, 1, '2019-03-22', 0, 0, true);
INSERT INTO POMODORO(ID, USER, CREATION_TIMESTAMP, WORK_TIME, BREAK_TIME, INTERRUPTED)
VALUES (4799, 1, '2019-03-22', 0, 0, false);
INSERT INTO POMODORO(ID, USER, CREATION_TIMESTAMP, WORK_TIME, BREAK_TIME, INTERRUPTED)
VALUES (4800, 1, '2019-03-22', 0, 0, true);
INSERT INTO POMODORO(ID, USER, CREATION_TIMESTAMP, WORK_TIME, BREAK_TIME, INTERRUPTED)
VALUES (4801, 1, '2019-03-22', 0, 0, true);
INSERT INTO POMODORO(ID, USER, CREATION_TIMESTAMP, WORK_TIME, BREAK_TIME, INTERRUPTED)
VALUES (4802, 1, '2019-03-22', 0, 0, false);
INSERT INTO POMODORO(ID, USER, CREATION_TIMESTAMP, WORK_TIME, BREAK_TIME, INTERRUPTED)
VALUES (4803, 1, '2019-03-22', 0, 0, false);
INSERT INTO POMODORO(ID, USER, CREATION_TIMESTAMP, WORK_TIME, BREAK_TIME, INTERRUPTED)
VALUES (4804, 1, '2019-03-22', 0, 0, false);
INSERT INTO POMODORO(ID, USER, CREATION_TIMESTAMP, WORK_TIME, BREAK_TIME, INTERRUPTED)
VALUES (4805, 1, '2019-03-22', 0, 0, true);
INSERT INTO POMODORO(ID, USER, CREATION_TIMESTAMP, WORK_TIME, BREAK_TIME, INTERRUPTED)
VALUES (4806, 1, '2019-03-22', 0, 0, true);
INSERT INTO POMODORO(ID, USER, CREATION_TIMESTAMP, WORK_TIME, BREAK_TIME, INTERRUPTED)
VALUES (4807, 1, '2019-03-22', 0, 0, true);
INSERT INTO POMODORO(ID, USER, CREATION_TIMESTAMP, WORK_TIME, BREAK_TIME, INTERRUPTED)
VALUES (4808, 1, '2019-03-22', 0, 0, true);
INSERT INTO POMODORO(ID, USER, CREATION_TIMESTAMP, WORK_TIME, BREAK_TIME, INTERRUPTED)
VALUES (4809, 1, '2019-03-22', 0, 0, true);
INSERT INTO POMODORO(ID, USER, CREATION_TIMESTAMP, WORK_TIME, BREAK_TIME, INTERRUPTED)
VALUES (4810, 1, '2019-03-22', 0, 0, false);
INSERT INTO POMODORO(ID, USER, CREATION_TIMESTAMP, WORK_TIME, BREAK_TIME, INTERRUPTED)
VALUES (4811, 1, '2019-03-22', 0, 0, false);
INSERT INTO POMODORO(ID, USER, CREATION_TIMESTAMP, WORK_TIME, BREAK_TIME, INTERRUPTED)
VALUES (4812, 1, '2019-03-22', 0, 0, false);
INSERT INTO POMODORO(ID, USER, CREATION_TIMESTAMP, WORK_TIME, BREAK_TIME, INTERRUPTED)
VALUES (4813, 1, '2019-03-22', 0, 0, false);
INSERT INTO POMODORO(ID, USER, CREATION_TIMESTAMP, WORK_TIME, BREAK_TIME, INTERRUPTED)
VALUES (4814, 1, '2019-03-22', 0, 0, false);
INSERT INTO POMODORO(ID, USER, CREATION_TIMESTAMP, WORK_TIME, BREAK_TIME, INTERRUPTED)
VALUES (4815, 1, '2019-03-22', 0, 0, true);
INSERT INTO POMODORO(ID, USER, CREATION_TIMESTAMP, WORK_TIME, BREAK_TIME, INTERRUPTED)
VALUES (4816, 1, '2019-03-22', 0, 0, true);
INSERT INTO POMODORO(ID, USER, CREATION_TIMESTAMP, WORK_TIME, BREAK_TIME, INTERRUPTED)
VALUES (4817, 1, '2019-03-21', 0, 0, true);
INSERT INTO POMODORO(ID, USER, CREATION_TIMESTAMP, WORK_TIME, BREAK_TIME, INTERRUPTED)
VALUES (4818, 1, '2019-03-21', 0, 0, false);
INSERT INTO POMODORO(ID, USER, CREATION_TIMESTAMP, WORK_TIME, BREAK_TIME, INTERRUPTED)
VALUES (4819, 1, '2019-03-21', 0, 0, true);
INSERT INTO POMODORO(ID, USER, CREATION_TIMESTAMP, WORK_TIME, BREAK_TIME, INTERRUPTED)
VALUES (4820, 1, '2019-03-21', 0, 0, true);
INSERT INTO POMODORO(ID, USER, CREATION_TIMESTAMP, WORK_TIME, BREAK_TIME, INTERRUPTED)
VALUES (4821, 1, '2019-03-21', 0, 0, false);
INSERT INTO POMODORO(ID, USER, CREATION_TIMESTAMP, WORK_TIME, BREAK_TIME, INTERRUPTED)
VALUES (4822, 1, '2019-03-21', 0, 0, true);
INSERT INTO POMODORO(ID, USER, CREATION_TIMESTAMP, WORK_TIME, BREAK_TIME, INTERRUPTED)
VALUES (4823, 1, '2019-03-21', 0, 0, false);
INSERT INTO POMODORO(ID, USER, CREATION_TIMESTAMP, WORK_TIME, BREAK_TIME, INTERRUPTED)
VALUES (4824, 1, '2019-03-20', 0, 0, false);
INSERT INTO POMODORO(ID, USER, CREATION_TIMESTAMP, WORK_TIME, BREAK_TIME, INTERRUPTED)
VALUES (4825, 1, '2019-03-20', 0, 0, true);
INSERT INTO POMODORO(ID, USER, CREATION_TIMESTAMP, WORK_TIME, BREAK_TIME, INTERRUPTED)
VALUES (4826, 1, '2019-03-20', 0, 0, true);
INSERT INTO POMODORO(ID, USER, CREATION_TIMESTAMP, WORK_TIME, BREAK_TIME, INTERRUPTED)
VALUES (4827, 1, '2019-03-20', 0, 0, true);
INSERT INTO POMODORO(ID, USER, CREATION_TIMESTAMP, WORK_TIME, BREAK_TIME, INTERRUPTED)
VALUES (4828, 1, '2019-03-20', 0, 0, false);
INSERT INTO POMODORO(ID, USER, CREATION_TIMESTAMP, WORK_TIME, BREAK_TIME, INTERRUPTED)
VALUES (4829, 1, '2019-03-20', 0, 0, true);
INSERT INTO POMODORO(ID, USER, CREATION_TIMESTAMP, WORK_TIME, BREAK_TIME, INTERRUPTED)
VALUES (4830, 1, '2019-03-20', 0, 0, false);
INSERT INTO POMODORO(ID, USER, CREATION_TIMESTAMP, WORK_TIME, BREAK_TIME, INTERRUPTED)
VALUES (4831, 1, '2019-03-20', 0, 0, true);
INSERT INTO POMODORO(ID, USER, CREATION_TIMESTAMP, WORK_TIME, BREAK_TIME, INTERRUPTED)
VALUES (4832, 1, '2019-03-20', 0, 0, true);
INSERT INTO POMODORO(ID, USER, CREATION_TIMESTAMP, WORK_TIME, BREAK_TIME, INTERRUPTED)
VALUES (4833, 1, '2019-03-20', 0, 0, true);
INSERT INTO POMODORO(ID, USER, CREATION_TIMESTAMP, WORK_TIME, BREAK_TIME, INTERRUPTED)
VALUES (4834, 1, '2019-03-20', 0, 0, false);
INSERT INTO POMODORO(ID, USER, CREATION_TIMESTAMP, WORK_TIME, BREAK_TIME, INTERRUPTED)
VALUES (4835, 1, '2019-03-20', 0, 0, true);
INSERT INTO POMODORO(ID, USER, CREATION_TIMESTAMP, WORK_TIME, BREAK_TIME, INTERRUPTED)
VALUES (4836, 1, '2019-03-20', 0, 0, false);
INSERT INTO POMODORO(ID, USER, CREATION_TIMESTAMP, WORK_TIME, BREAK_TIME, INTERRUPTED)
VALUES (4837, 1, '2019-03-20', 0, 0, false);
INSERT INTO POMODORO(ID, USER, CREATION_TIMESTAMP, WORK_TIME, BREAK_TIME, INTERRUPTED)
VALUES (4838, 1, '2019-03-20', 0, 0, false);
INSERT INTO POMODORO(ID, USER, CREATION_TIMESTAMP, WORK_TIME, BREAK_TIME, INTERRUPTED)
VALUES (4839, 1, '2019-03-20', 0, 0, false);
INSERT INTO POMODORO(ID, USER, CREATION_TIMESTAMP, WORK_TIME, BREAK_TIME, INTERRUPTED)
VALUES (4840, 1, '2019-03-20', 0, 0, false);
INSERT INTO POMODORO(ID, USER, CREATION_TIMESTAMP, WORK_TIME, BREAK_TIME, INTERRUPTED)
VALUES (4841, 1, '2019-03-20', 0, 0, true);
INSERT INTO POMODORO(ID, USER, CREATION_TIMESTAMP, WORK_TIME, BREAK_TIME, INTERRUPTED)
VALUES (4842, 1, '2019-03-20', 0, 0, false);
INSERT INTO POMODORO(ID, USER, CREATION_TIMESTAMP, WORK_TIME, BREAK_TIME, INTERRUPTED)
VALUES (4843, 1, '2019-03-20', 0, 0, false);
INSERT INTO POMODORO(ID, USER, CREATION_TIMESTAMP, WORK_TIME, BREAK_TIME, INTERRUPTED)
VALUES (4844, 1, '2019-03-20', 0, 0, false);
INSERT INTO POMODORO(ID, USER, CREATION_TIMESTAMP, WORK_TIME, BREAK_TIME, INTERRUPTED)
VALUES (4845, 1, '2019-03-20', 0, 0, false);
INSERT INTO POMODORO(ID, USER, CREATION_TIMESTAMP, WORK_TIME, BREAK_TIME, INTERRUPTED)
VALUES (4846, 1, '2019-03-20', 0, 0, false);
INSERT INTO POMODORO(ID, USER, CREATION_TIMESTAMP, WORK_TIME, BREAK_TIME, INTERRUPTED)
VALUES (4847, 1, '2019-03-20', 0, 0, true);
INSERT INTO POMODORO(ID, USER, CREATION_TIMESTAMP, WORK_TIME, BREAK_TIME, INTERRUPTED)
VALUES (4848, 1, '2019-03-20', 0, 0, true);
INSERT INTO POMODORO(ID, USER, CREATION_TIMESTAMP, WORK_TIME, BREAK_TIME, INTERRUPTED)
VALUES (4849, 1, '2019-03-20', 0, 0, true);
INSERT INTO POMODORO(ID, USER, CREATION_TIMESTAMP, WORK_TIME, BREAK_TIME, INTERRUPTED)
VALUES (4850, 1, '2019-03-20', 0, 0, true);
INSERT INTO POMODORO(ID, USER, CREATION_TIMESTAMP, WORK_TIME, BREAK_TIME, INTERRUPTED)
VALUES (4851, 1, '2019-03-20', 0, 0, false);
INSERT INTO POMODORO(ID, USER, CREATION_TIMESTAMP, WORK_TIME, BREAK_TIME, INTERRUPTED)
VALUES (4852, 1, '2019-03-20', 0, 0, false);
INSERT INTO POMODORO(ID, USER, CREATION_TIMESTAMP, WORK_TIME, BREAK_TIME, INTERRUPTED)
VALUES (4853, 1, '2019-03-20', 0, 0, true);
INSERT INTO POMODORO(ID, USER, CREATION_TIMESTAMP, WORK_TIME, BREAK_TIME, INTERRUPTED)
VALUES (4854, 1, '2019-03-20', 0, 0, true);
INSERT INTO POMODORO(ID, USER, CREATION_TIMESTAMP, WORK_TIME, BREAK_TIME, INTERRUPTED)
VALUES (4855, 1, '2019-03-20', 0, 0, true);
INSERT INTO POMODORO(ID, USER, CREATION_TIMESTAMP, WORK_TIME, BREAK_TIME, INTERRUPTED)
VALUES (4856, 1, '2019-03-20', 0, 0, true);
INSERT INTO POMODORO(ID, USER, CREATION_TIMESTAMP, WORK_TIME, BREAK_TIME, INTERRUPTED)
VALUES (4857, 1, '2019-03-20', 0, 0, true);
INSERT INTO POMODORO(ID, USER, CREATION_TIMESTAMP, WORK_TIME, BREAK_TIME, INTERRUPTED)
VALUES (4858, 1, '2019-03-20', 0, 0, true);
INSERT INTO POMODORO(ID, USER, CREATION_TIMESTAMP, WORK_TIME, BREAK_TIME, INTERRUPTED)
VALUES (4859, 1, '2019-03-20', 0, 0, false);
INSERT INTO POMODORO(ID, USER, CREATION_TIMESTAMP, WORK_TIME, BREAK_TIME, INTERRUPTED)
VALUES (4860, 1, '2019-03-20', 0, 0, false);
INSERT INTO POMODORO(ID, USER, CREATION_TIMESTAMP, WORK_TIME, BREAK_TIME, INTERRUPTED)
VALUES (4861, 1, '2019-03-20', 0, 0, true);
INSERT INTO POMODORO(ID, USER, CREATION_TIMESTAMP, WORK_TIME, BREAK_TIME, INTERRUPTED)
VALUES (4862, 1, '2019-03-20', 0, 0, true);
INSERT INTO POMODORO(ID, USER, CREATION_TIMESTAMP, WORK_TIME, BREAK_TIME, INTERRUPTED)
VALUES (4863, 1, '2019-03-20', 0, 0, true);
INSERT INTO POMODORO(ID, USER, CREATION_TIMESTAMP, WORK_TIME, BREAK_TIME, INTERRUPTED)
VALUES (4864, 1, '2019-03-20', 0, 0, false);
INSERT INTO POMODORO(ID, USER, CREATION_TIMESTAMP, WORK_TIME, BREAK_TIME, INTERRUPTED)
VALUES (4865, 1, '2019-03-20', 0, 0, false);
INSERT INTO POMODORO(ID, USER, CREATION_TIMESTAMP, WORK_TIME, BREAK_TIME, INTERRUPTED)
VALUES (4866, 1, '2019-03-20', 0, 0, true);
INSERT INTO POMODORO(ID, USER, CREATION_TIMESTAMP, WORK_TIME, BREAK_TIME, INTERRUPTED)
VALUES (4867, 1, '2019-03-20', 0, 0, false);
INSERT INTO POMODORO(ID, USER, CREATION_TIMESTAMP, WORK_TIME, BREAK_TIME, INTERRUPTED)
VALUES (4868, 1, '2019-03-20', 0, 0, false);
INSERT INTO POMODORO(ID, USER, CREATION_TIMESTAMP, WORK_TIME, BREAK_TIME, INTERRUPTED)
VALUES (4869, 1, '2019-03-20', 0, 0, true);
INSERT INTO POMODORO(ID, USER, CREATION_TIMESTAMP, WORK_TIME, BREAK_TIME, INTERRUPTED)
VALUES (4870, 1, '2019-03-20', 0, 0, true);
INSERT INTO POMODORO(ID, USER, CREATION_TIMESTAMP, WORK_TIME, BREAK_TIME, INTERRUPTED)
VALUES (4871, 1, '2019-03-19', 0, 0, true);
INSERT INTO POMODORO(ID, USER, CREATION_TIMESTAMP, WORK_TIME, BREAK_TIME, INTERRUPTED)
VALUES (4872, 1, '2019-03-19', 0, 0, true);
INSERT INTO POMODORO(ID, USER, CREATION_TIMESTAMP, WORK_TIME, BREAK_TIME, INTERRUPTED)
VALUES (4873, 1, '2019-03-19', 0, 0, false);
INSERT INTO POMODORO(ID, USER, CREATION_TIMESTAMP, WORK_TIME, BREAK_TIME, INTERRUPTED)
VALUES (4874, 1, '2019-03-19', 0, 0, false);
INSERT INTO POMODORO(ID, USER, CREATION_TIMESTAMP, WORK_TIME, BREAK_TIME, INTERRUPTED)
VALUES (4875, 1, '2019-03-19', 0, 0, false);
INSERT INTO POMODORO(ID, USER, CREATION_TIMESTAMP, WORK_TIME, BREAK_TIME, INTERRUPTED)
VALUES (4876, 1, '2019-03-19', 0, 0, false);
INSERT INTO POMODORO(ID, USER, CREATION_TIMESTAMP, WORK_TIME, BREAK_TIME, INTERRUPTED)
VALUES (4877, 1, '2019-03-19', 0, 0, false);
INSERT INTO POMODORO(ID, USER, CREATION_TIMESTAMP, WORK_TIME, BREAK_TIME, INTERRUPTED)
VALUES (4878, 1, '2019-03-18', 0, 0, true);
INSERT INTO POMODORO(ID, USER, CREATION_TIMESTAMP, WORK_TIME, BREAK_TIME, INTERRUPTED)
VALUES (4879, 1, '2019-03-18', 0, 0, false);
INSERT INTO POMODORO(ID, USER, CREATION_TIMESTAMP, WORK_TIME, BREAK_TIME, INTERRUPTED)
VALUES (4880, 1, '2019-03-18', 0, 0, false);
INSERT INTO POMODORO(ID, USER, CREATION_TIMESTAMP, WORK_TIME, BREAK_TIME, INTERRUPTED)
VALUES (4881, 1, '2019-03-18', 0, 0, true);
INSERT INTO POMODORO(ID, USER, CREATION_TIMESTAMP, WORK_TIME, BREAK_TIME, INTERRUPTED)
VALUES (4882, 1, '2019-03-18', 0, 0, true);
INSERT INTO POMODORO(ID, USER, CREATION_TIMESTAMP, WORK_TIME, BREAK_TIME, INTERRUPTED)
VALUES (4883, 1, '2019-03-18', 0, 0, false);
INSERT INTO POMODORO(ID, USER, CREATION_TIMESTAMP, WORK_TIME, BREAK_TIME, INTERRUPTED)
VALUES (4884, 1, '2019-03-18', 0, 0, true);
INSERT INTO POMODORO(ID, USER, CREATION_TIMESTAMP, WORK_TIME, BREAK_TIME, INTERRUPTED)
VALUES (4885, 1, '2019-03-18', 0, 0, false);
INSERT INTO POMODORO(ID, USER, CREATION_TIMESTAMP, WORK_TIME, BREAK_TIME, INTERRUPTED)
VALUES (4886, 1, '2019-03-18', 0, 0, true);
INSERT INTO POMODORO(ID, USER, CREATION_TIMESTAMP, WORK_TIME, BREAK_TIME, INTERRUPTED)
VALUES (4887, 1, '2019-03-18', 0, 0, true);
INSERT INTO POMODORO(ID, USER, CREATION_TIMESTAMP, WORK_TIME, BREAK_TIME, INTERRUPTED)
VALUES (4888, 1, '2019-03-18', 0, 0, true);
INSERT INTO POMODORO(ID, USER, CREATION_TIMESTAMP, WORK_TIME, BREAK_TIME, INTERRUPTED)
VALUES (4889, 1, '2019-03-18', 0, 0, false);
INSERT INTO POMODORO(ID, USER, CREATION_TIMESTAMP, WORK_TIME, BREAK_TIME, INTERRUPTED)
VALUES (4890, 1, '2019-03-18', 0, 0, false);
INSERT INTO POMODORO(ID, USER, CREATION_TIMESTAMP, WORK_TIME, BREAK_TIME, INTERRUPTED)
VALUES (4891, 1, '2019-03-18', 0, 0, false);
INSERT INTO POMODORO(ID, USER, CREATION_TIMESTAMP, WORK_TIME, BREAK_TIME, INTERRUPTED)
VALUES (4892, 1, '2019-03-18', 0, 0, false);
INSERT INTO POMODORO(ID, USER, CREATION_TIMESTAMP, WORK_TIME, BREAK_TIME, INTERRUPTED)
VALUES (4893, 1, '2019-03-18', 0, 0, true);
INSERT INTO POMODORO(ID, USER, CREATION_TIMESTAMP, WORK_TIME, BREAK_TIME, INTERRUPTED)
VALUES (4894, 1, '2019-03-18', 0, 0, false);
INSERT INTO POMODORO(ID, USER, CREATION_TIMESTAMP, WORK_TIME, BREAK_TIME, INTERRUPTED)
VALUES (4895, 1, '2019-03-18', 0, 0, true);
INSERT INTO POMODORO(ID, USER, CREATION_TIMESTAMP, WORK_TIME, BREAK_TIME, INTERRUPTED)
VALUES (4896, 1, '2019-03-18', 0, 0, false);
INSERT INTO POMODORO(ID, USER, CREATION_TIMESTAMP, WORK_TIME, BREAK_TIME, INTERRUPTED)
VALUES (4897, 1, '2019-03-18', 0, 0, true);
INSERT INTO POMODORO(ID, USER, CREATION_TIMESTAMP, WORK_TIME, BREAK_TIME, INTERRUPTED)
VALUES (4898, 1, '2019-03-18', 0, 0, false);
INSERT INTO POMODORO(ID, USER, CREATION_TIMESTAMP, WORK_TIME, BREAK_TIME, INTERRUPTED)
VALUES (4899, 1, '2019-03-18', 0, 0, true);
INSERT INTO POMODORO(ID, USER, CREATION_TIMESTAMP, WORK_TIME, BREAK_TIME, INTERRUPTED)
VALUES (4900, 1, '2019-03-18', 0, 0, false);
INSERT INTO POMODORO(ID, USER, CREATION_TIMESTAMP, WORK_TIME, BREAK_TIME, INTERRUPTED)
VALUES (4901, 1, '2019-03-18', 0, 0, true);
INSERT INTO POMODORO(ID, USER, CREATION_TIMESTAMP, WORK_TIME, BREAK_TIME, INTERRUPTED)
VALUES (4902, 1, '2019-03-18', 0, 0, true);
INSERT INTO POMODORO(ID, USER, CREATION_TIMESTAMP, WORK_TIME, BREAK_TIME, INTERRUPTED)
VALUES (4903, 1, '2019-03-18', 0, 0, true);
INSERT INTO POMODORO(ID, USER, CREATION_TIMESTAMP, WORK_TIME, BREAK_TIME, INTERRUPTED)
VALUES (4904, 1, '2019-03-18', 0, 0, false);
INSERT INTO POMODORO(ID, USER, CREATION_TIMESTAMP, WORK_TIME, BREAK_TIME, INTERRUPTED)
VALUES (4905, 1, '2019-03-18', 0, 0, true);
INSERT INTO POMODORO(ID, USER, CREATION_TIMESTAMP, WORK_TIME, BREAK_TIME, INTERRUPTED)
VALUES (4906, 1, '2019-03-18', 0, 0, true);
INSERT INTO POMODORO(ID, USER, CREATION_TIMESTAMP, WORK_TIME, BREAK_TIME, INTERRUPTED)
VALUES (4907, 1, '2019-03-18', 0, 0, false);
INSERT INTO POMODORO(ID, USER, CREATION_TIMESTAMP, WORK_TIME, BREAK_TIME, INTERRUPTED)
VALUES (4908, 1, '2019-03-17', 0, 0, true);
INSERT INTO POMODORO(ID, USER, CREATION_TIMESTAMP, WORK_TIME, BREAK_TIME, INTERRUPTED)
VALUES (4909, 1, '2019-03-17', 0, 0, false);
INSERT INTO POMODORO(ID, USER, CREATION_TIMESTAMP, WORK_TIME, BREAK_TIME, INTERRUPTED)
VALUES (4910, 1, '2019-03-17', 0, 0, true);
INSERT INTO POMODORO(ID, USER, CREATION_TIMESTAMP, WORK_TIME, BREAK_TIME, INTERRUPTED)
VALUES (4911, 1, '2019-03-17', 0, 0, false);
INSERT INTO POMODORO(ID, USER, CREATION_TIMESTAMP, WORK_TIME, BREAK_TIME, INTERRUPTED)
VALUES (4912, 1, '2019-03-17', 0, 0, false);
INSERT INTO POMODORO(ID, USER, CREATION_TIMESTAMP, WORK_TIME, BREAK_TIME, INTERRUPTED)
VALUES (4913, 1, '2019-03-17', 0, 0, true);
INSERT INTO POMODORO(ID, USER, CREATION_TIMESTAMP, WORK_TIME, BREAK_TIME, INTERRUPTED)
VALUES (4914, 1, '2019-03-17', 0, 0, false);
INSERT INTO POMODORO(ID, USER, CREATION_TIMESTAMP, WORK_TIME, BREAK_TIME, INTERRUPTED)
VALUES (4915, 1, '2019-03-17', 0, 0, true);
INSERT INTO POMODORO(ID, USER, CREATION_TIMESTAMP, WORK_TIME, BREAK_TIME, INTERRUPTED)
VALUES (4916, 1, '2019-03-17', 0, 0, false);
INSERT INTO POMODORO(ID, USER, CREATION_TIMESTAMP, WORK_TIME, BREAK_TIME, INTERRUPTED)
VALUES (4917, 1, '2019-03-17', 0, 0, false);
INSERT INTO POMODORO(ID, USER, CREATION_TIMESTAMP, WORK_TIME, BREAK_TIME, INTERRUPTED)
VALUES (4918, 1, '2019-03-17', 0, 0, false);
INSERT INTO POMODORO(ID, USER, CREATION_TIMESTAMP, WORK_TIME, BREAK_TIME, INTERRUPTED)
VALUES (4919, 1, '2019-03-17', 0, 0, false);
INSERT INTO POMODORO(ID, USER, CREATION_TIMESTAMP, WORK_TIME, BREAK_TIME, INTERRUPTED)
VALUES (4920, 1, '2019-03-17', 0, 0, true);
INSERT INTO POMODORO(ID, USER, CREATION_TIMESTAMP, WORK_TIME, BREAK_TIME, INTERRUPTED)
VALUES (4921, 1, '2019-03-17', 0, 0, true);
INSERT INTO POMODORO(ID, USER, CREATION_TIMESTAMP, WORK_TIME, BREAK_TIME, INTERRUPTED)
VALUES (4922, 1, '2019-03-17', 0, 0, true);
INSERT INTO POMODORO(ID, USER, CREATION_TIMESTAMP, WORK_TIME, BREAK_TIME, INTERRUPTED)
VALUES (4923, 1, '2019-03-16', 0, 0, false);
INSERT INTO POMODORO(ID, USER, CREATION_TIMESTAMP, WORK_TIME, BREAK_TIME, INTERRUPTED)
VALUES (4924, 1, '2019-03-16', 0, 0, true);
INSERT INTO POMODORO(ID, USER, CREATION_TIMESTAMP, WORK_TIME, BREAK_TIME, INTERRUPTED)
VALUES (4925, 1, '2019-03-16', 0, 0, true);
INSERT INTO POMODORO(ID, USER, CREATION_TIMESTAMP, WORK_TIME, BREAK_TIME, INTERRUPTED)
VALUES (4926, 1, '2019-03-16', 0, 0, false);
INSERT INTO POMODORO(ID, USER, CREATION_TIMESTAMP, WORK_TIME, BREAK_TIME, INTERRUPTED)
VALUES (4927, 1, '2019-03-16', 0, 0, false);
INSERT INTO POMODORO(ID, USER, CREATION_TIMESTAMP, WORK_TIME, BREAK_TIME, INTERRUPTED)
VALUES (4928, 1, '2019-03-16', 0, 0, true);
INSERT INTO POMODORO(ID, USER, CREATION_TIMESTAMP, WORK_TIME, BREAK_TIME, INTERRUPTED)
VALUES (4929, 1, '2019-03-16', 0, 0, false);
INSERT INTO POMODORO(ID, USER, CREATION_TIMESTAMP, WORK_TIME, BREAK_TIME, INTERRUPTED)
VALUES (4930, 1, '2019-03-15', 0, 0, false);
INSERT INTO POMODORO(ID, USER, CREATION_TIMESTAMP, WORK_TIME, BREAK_TIME, INTERRUPTED)
VALUES (4931, 1, '2019-03-15', 0, 0, false);
INSERT INTO POMODORO(ID, USER, CREATION_TIMESTAMP, WORK_TIME, BREAK_TIME, INTERRUPTED)
VALUES (4932, 1, '2019-03-15', 0, 0, true);
INSERT INTO POMODORO(ID, USER, CREATION_TIMESTAMP, WORK_TIME, BREAK_TIME, INTERRUPTED)
VALUES (4933, 1, '2019-03-15', 0, 0, false);
INSERT INTO POMODORO(ID, USER, CREATION_TIMESTAMP, WORK_TIME, BREAK_TIME, INTERRUPTED)
VALUES (4934, 1, '2019-03-15', 0, 0, true);
INSERT INTO POMODORO(ID, USER, CREATION_TIMESTAMP, WORK_TIME, BREAK_TIME, INTERRUPTED)
VALUES (4935, 1, '2019-03-15', 0, 0, false);
INSERT INTO POMODORO(ID, USER, CREATION_TIMESTAMP, WORK_TIME, BREAK_TIME, INTERRUPTED)
VALUES (4936, 1, '2019-03-15', 0, 0, false);
INSERT INTO POMODORO(ID, USER, CREATION_TIMESTAMP, WORK_TIME, BREAK_TIME, INTERRUPTED)
VALUES (4937, 1, '2019-03-15', 0, 0, true);
INSERT INTO POMODORO(ID, USER, CREATION_TIMESTAMP, WORK_TIME, BREAK_TIME, INTERRUPTED)
VALUES (4938, 1, '2019-03-15', 0, 0, true);
INSERT INTO POMODORO(ID, USER, CREATION_TIMESTAMP, WORK_TIME, BREAK_TIME, INTERRUPTED)
VALUES (4939, 1, '2019-03-15', 0, 0, true);
INSERT INTO POMODORO(ID, USER, CREATION_TIMESTAMP, WORK_TIME, BREAK_TIME, INTERRUPTED)
VALUES (4940, 1, '2019-03-15', 0, 0, false);
INSERT INTO POMODORO(ID, USER, CREATION_TIMESTAMP, WORK_TIME, BREAK_TIME, INTERRUPTED)
VALUES (4941, 1, '2019-03-15', 0, 0, true);
INSERT INTO POMODORO(ID, USER, CREATION_TIMESTAMP, WORK_TIME, BREAK_TIME, INTERRUPTED)
VALUES (4942, 1, '2019-03-15', 0, 0, true);
INSERT INTO POMODORO(ID, USER, CREATION_TIMESTAMP, WORK_TIME, BREAK_TIME, INTERRUPTED)
VALUES (4943, 1, '2019-03-15', 0, 0, false);
INSERT INTO POMODORO(ID, USER, CREATION_TIMESTAMP, WORK_TIME, BREAK_TIME, INTERRUPTED)
VALUES (4944, 1, '2019-03-15', 0, 0, true);
INSERT INTO POMODORO(ID, USER, CREATION_TIMESTAMP, WORK_TIME, BREAK_TIME, INTERRUPTED)
VALUES (4945, 1, '2019-03-15', 0, 0, true);
INSERT INTO POMODORO(ID, USER, CREATION_TIMESTAMP, WORK_TIME, BREAK_TIME, INTERRUPTED)
VALUES (4946, 1, '2019-03-15', 0, 0, true);
INSERT INTO POMODORO(ID, USER, CREATION_TIMESTAMP, WORK_TIME, BREAK_TIME, INTERRUPTED)
VALUES (4947, 1, '2019-03-15', 0, 0, true);
INSERT INTO POMODORO(ID, USER, CREATION_TIMESTAMP, WORK_TIME, BREAK_TIME, INTERRUPTED)
VALUES (4948, 1, '2019-03-15', 0, 0, false);
INSERT INTO POMODORO(ID, USER, CREATION_TIMESTAMP, WORK_TIME, BREAK_TIME, INTERRUPTED)
VALUES (4949, 1, '2019-03-15', 0, 0, true);
INSERT INTO POMODORO(ID, USER, CREATION_TIMESTAMP, WORK_TIME, BREAK_TIME, INTERRUPTED)
VALUES (4950, 1, '2019-03-15', 0, 0, true);
INSERT INTO POMODORO(ID, USER, CREATION_TIMESTAMP, WORK_TIME, BREAK_TIME, INTERRUPTED)
VALUES (4951, 1, '2019-03-15', 0, 0, false);
INSERT INTO POMODORO(ID, USER, CREATION_TIMESTAMP, WORK_TIME, BREAK_TIME, INTERRUPTED)
VALUES (4952, 1, '2019-03-15', 0, 0, true);
INSERT INTO POMODORO(ID, USER, CREATION_TIMESTAMP, WORK_TIME, BREAK_TIME, INTERRUPTED)
VALUES (4953, 1, '2019-03-15', 0, 0, false);
INSERT INTO POMODORO(ID, USER, CREATION_TIMESTAMP, WORK_TIME, BREAK_TIME, INTERRUPTED)
VALUES (4954, 1, '2019-03-15', 0, 0, true);
INSERT INTO POMODORO(ID, USER, CREATION_TIMESTAMP, WORK_TIME, BREAK_TIME, INTERRUPTED)
VALUES (4955, 1, '2019-03-15', 0, 0, false);
INSERT INTO POMODORO(ID, USER, CREATION_TIMESTAMP, WORK_TIME, BREAK_TIME, INTERRUPTED)
VALUES (4956, 1, '2019-03-15', 0, 0, true);
INSERT INTO POMODORO(ID, USER, CREATION_TIMESTAMP, WORK_TIME, BREAK_TIME, INTERRUPTED)
VALUES (4957, 1, '2019-03-15', 0, 0, false);
INSERT INTO POMODORO(ID, USER, CREATION_TIMESTAMP, WORK_TIME, BREAK_TIME, INTERRUPTED)
VALUES (4958, 1, '2019-03-15', 0, 0, true);
INSERT INTO POMODORO(ID, USER, CREATION_TIMESTAMP, WORK_TIME, BREAK_TIME, INTERRUPTED)
VALUES (4959, 1, '2019-03-15', 0, 0, true);
INSERT INTO POMODORO(ID, USER, CREATION_TIMESTAMP, WORK_TIME, BREAK_TIME, INTERRUPTED)
VALUES (4960, 1, '2019-03-15', 0, 0, false);
INSERT INTO POMODORO(ID, USER, CREATION_TIMESTAMP, WORK_TIME, BREAK_TIME, INTERRUPTED)
VALUES (4961, 1, '2019-03-15', 0, 0, false);
INSERT INTO POMODORO(ID, USER, CREATION_TIMESTAMP, WORK_TIME, BREAK_TIME, INTERRUPTED)
VALUES (4962, 1, '2019-03-14', 0, 0, false);
INSERT INTO POMODORO(ID, USER, CREATION_TIMESTAMP, WORK_TIME, BREAK_TIME, INTERRUPTED)
VALUES (4963, 1, '2019-03-14', 0, 0, false);
INSERT INTO POMODORO(ID, USER, CREATION_TIMESTAMP, WORK_TIME, BREAK_TIME, INTERRUPTED)
VALUES (4964, 1, '2019-03-14', 0, 0, false);
INSERT INTO POMODORO(ID, USER, CREATION_TIMESTAMP, WORK_TIME, BREAK_TIME, INTERRUPTED)
VALUES (4965, 1, '2019-03-14', 0, 0, true);
INSERT INTO POMODORO(ID, USER, CREATION_TIMESTAMP, WORK_TIME, BREAK_TIME, INTERRUPTED)
VALUES (4966, 1, '2019-03-14', 0, 0, false);
INSERT INTO POMODORO(ID, USER, CREATION_TIMESTAMP, WORK_TIME, BREAK_TIME, INTERRUPTED)
VALUES (4967, 1, '2019-03-14', 0, 0, false);
INSERT INTO POMODORO(ID, USER, CREATION_TIMESTAMP, WORK_TIME, BREAK_TIME, INTERRUPTED)
VALUES (4968, 1, '2019-03-14', 0, 0, true);
INSERT INTO POMODORO(ID, USER, CREATION_TIMESTAMP, WORK_TIME, BREAK_TIME, INTERRUPTED)
VALUES (4969, 1, '2019-03-14', 0, 0, true);
INSERT INTO POMODORO(ID, USER, CREATION_TIMESTAMP, WORK_TIME, BREAK_TIME, INTERRUPTED)
VALUES (4970, 1, '2019-03-14', 0, 0, false);
INSERT INTO POMODORO(ID, USER, CREATION_TIMESTAMP, WORK_TIME, BREAK_TIME, INTERRUPTED)
VALUES (4971, 1, '2019-03-14', 0, 0, true);
INSERT INTO POMODORO(ID, USER, CREATION_TIMESTAMP, WORK_TIME, BREAK_TIME, INTERRUPTED)
VALUES (4972, 1, '2019-03-14', 0, 0, true);
INSERT INTO POMODORO(ID, USER, CREATION_TIMESTAMP, WORK_TIME, BREAK_TIME, INTERRUPTED)
VALUES (4973, 1, '2019-03-14', 0, 0, false);
INSERT INTO POMODORO(ID, USER, CREATION_TIMESTAMP, WORK_TIME, BREAK_TIME, INTERRUPTED)
VALUES (4974, 1, '2019-03-14', 0, 0, false);
INSERT INTO POMODORO(ID, USER, CREATION_TIMESTAMP, WORK_TIME, BREAK_TIME, INTERRUPTED)
VALUES (4975, 1, '2019-03-14', 0, 0, true);
INSERT INTO POMODORO(ID, USER, CREATION_TIMESTAMP, WORK_TIME, BREAK_TIME, INTERRUPTED)
VALUES (4976, 1, '2019-03-14', 0, 0, false);
INSERT INTO POMODORO(ID, USER, CREATION_TIMESTAMP, WORK_TIME, BREAK_TIME, INTERRUPTED)
VALUES (4977, 1, '2019-03-14', 0, 0, true);
INSERT INTO POMODORO(ID, USER, CREATION_TIMESTAMP, WORK_TIME, BREAK_TIME, INTERRUPTED)
VALUES (4978, 1, '2019-03-14', 0, 0, true);
INSERT INTO POMODORO(ID, USER, CREATION_TIMESTAMP, WORK_TIME, BREAK_TIME, INTERRUPTED)
VALUES (4979, 1, '2019-03-14', 0, 0, true);
INSERT INTO POMODORO(ID, USER, CREATION_TIMESTAMP, WORK_TIME, BREAK_TIME, INTERRUPTED)
VALUES (4980, 1, '2019-03-14', 0, 0, true);
INSERT INTO POMODORO(ID, USER, CREATION_TIMESTAMP, WORK_TIME, BREAK_TIME, INTERRUPTED)
VALUES (4981, 1, '2019-03-14', 0, 0, false);
INSERT INTO POMODORO(ID, USER, CREATION_TIMESTAMP, WORK_TIME, BREAK_TIME, INTERRUPTED)
VALUES (4982, 1, '2019-03-14', 0, 0, false);
INSERT INTO POMODORO(ID, USER, CREATION_TIMESTAMP, WORK_TIME, BREAK_TIME, INTERRUPTED)
VALUES (4983, 1, '2019-03-14', 0, 0, true);
INSERT INTO POMODORO(ID, USER, CREATION_TIMESTAMP, WORK_TIME, BREAK_TIME, INTERRUPTED)
VALUES (4984, 1, '2019-03-14', 0, 0, false);
INSERT INTO POMODORO(ID, USER, CREATION_TIMESTAMP, WORK_TIME, BREAK_TIME, INTERRUPTED)
VALUES (4985, 1, '2019-03-14', 0, 0, true);
INSERT INTO POMODORO(ID, USER, CREATION_TIMESTAMP, WORK_TIME, BREAK_TIME, INTERRUPTED)
VALUES (4986, 1, '2019-03-14', 0, 0, true);
INSERT INTO POMODORO(ID, USER, CREATION_TIMESTAMP, WORK_TIME, BREAK_TIME, INTERRUPTED)
VALUES (4987, 1, '2019-03-14', 0, 0, true);
INSERT INTO POMODORO(ID, USER, CREATION_TIMESTAMP, WORK_TIME, BREAK_TIME, INTERRUPTED)
VALUES (4988, 1, '2019-03-14', 0, 0, true);
INSERT INTO POMODORO(ID, USER, CREATION_TIMESTAMP, WORK_TIME, BREAK_TIME, INTERRUPTED)
VALUES (4989, 1, '2019-03-14', 0, 0, false);
INSERT INTO POMODORO(ID, USER, CREATION_TIMESTAMP, WORK_TIME, BREAK_TIME, INTERRUPTED)
VALUES (4990, 1, '2019-03-14', 0, 0, true);
INSERT INTO POMODORO(ID, USER, CREATION_TIMESTAMP, WORK_TIME, BREAK_TIME, INTERRUPTED)
VALUES (4991, 1, '2019-03-14', 0, 0, true);
INSERT INTO POMODORO(ID, USER, CREATION_TIMESTAMP, WORK_TIME, BREAK_TIME, INTERRUPTED)
VALUES (4992, 1, '2019-03-14', 0, 0, true);
INSERT INTO POMODORO(ID, USER, CREATION_TIMESTAMP, WORK_TIME, BREAK_TIME, INTERRUPTED)
VALUES (4993, 1, '2019-03-14', 0, 0, false);
INSERT INTO POMODORO(ID, USER, CREATION_TIMESTAMP, WORK_TIME, BREAK_TIME, INTERRUPTED)
VALUES (4994, 1, '2019-03-13', 0, 0, false);
INSERT INTO POMODORO(ID, USER, CREATION_TIMESTAMP, WORK_TIME, BREAK_TIME, INTERRUPTED)
VALUES (4995, 1, '2019-03-13', 0, 0, false);
INSERT INTO POMODORO(ID, USER, CREATION_TIMESTAMP, WORK_TIME, BREAK_TIME, INTERRUPTED)
VALUES (4996, 1, '2019-03-13', 0, 0, false);
INSERT INTO POMODORO(ID, USER, CREATION_TIMESTAMP, WORK_TIME, BREAK_TIME, INTERRUPTED)
VALUES (4997, 1, '2019-03-13', 0, 0, false);
INSERT INTO POMODORO(ID, USER, CREATION_TIMESTAMP, WORK_TIME, BREAK_TIME, INTERRUPTED)
VALUES (4998, 1, '2019-03-13', 0, 0, true);
INSERT INTO POMODORO(ID, USER, CREATION_TIMESTAMP, WORK_TIME, BREAK_TIME, INTERRUPTED)
VALUES (4999, 1, '2019-03-13', 0, 0, true);
INSERT INTO POMODORO(ID, USER, CREATION_TIMESTAMP, WORK_TIME, BREAK_TIME, INTERRUPTED)
VALUES (5000, 1, '2019-03-13', 0, 0, false);
INSERT INTO POMODORO(ID, USER, CREATION_TIMESTAMP, WORK_TIME, BREAK_TIME, INTERRUPTED)
VALUES (5001, 1, '2019-03-13', 0, 0, true);
INSERT INTO POMODORO(ID, USER, CREATION_TIMESTAMP, WORK_TIME, BREAK_TIME, INTERRUPTED)
VALUES (5002, 1, '2019-03-13', 0, 0, false);
INSERT INTO POMODORO(ID, USER, CREATION_TIMESTAMP, WORK_TIME, BREAK_TIME, INTERRUPTED)
VALUES (5003, 1, '2019-03-13', 0, 0, false);
INSERT INTO POMODORO(ID, USER, CREATION_TIMESTAMP, WORK_TIME, BREAK_TIME, INTERRUPTED)
VALUES (5004, 1, '2019-03-13', 0, 0, false);
INSERT INTO POMODORO(ID, USER, CREATION_TIMESTAMP, WORK_TIME, BREAK_TIME, INTERRUPTED)
VALUES (5005, 1, '2019-03-13', 0, 0, false);
INSERT INTO POMODORO(ID, USER, CREATION_TIMESTAMP, WORK_TIME, BREAK_TIME, INTERRUPTED)
VALUES (5006, 1, '2019-03-13', 0, 0, true);
INSERT INTO POMODORO(ID, USER, CREATION_TIMESTAMP, WORK_TIME, BREAK_TIME, INTERRUPTED)
VALUES (5007, 1, '2019-03-13', 0, 0, true);
INSERT INTO POMODORO(ID, USER, CREATION_TIMESTAMP, WORK_TIME, BREAK_TIME, INTERRUPTED)
VALUES (5008, 1, '2019-03-13', 0, 0, true);
INSERT INTO POMODORO(ID, USER, CREATION_TIMESTAMP, WORK_TIME, BREAK_TIME, INTERRUPTED)
VALUES (5009, 1, '2019-03-13', 0, 0, true);
INSERT INTO POMODORO(ID, USER, CREATION_TIMESTAMP, WORK_TIME, BREAK_TIME, INTERRUPTED)
VALUES (5010, 1, '2019-03-13', 0, 0, false);
INSERT INTO POMODORO(ID, USER, CREATION_TIMESTAMP, WORK_TIME, BREAK_TIME, INTERRUPTED)
VALUES (5011, 1, '2019-03-13', 0, 0, true);
INSERT INTO POMODORO(ID, USER, CREATION_TIMESTAMP, WORK_TIME, BREAK_TIME, INTERRUPTED)
VALUES (5012, 1, '2019-03-13', 0, 0, false);
INSERT INTO POMODORO(ID, USER, CREATION_TIMESTAMP, WORK_TIME, BREAK_TIME, INTERRUPTED)
VALUES (5013, 1, '2019-03-13', 0, 0, false);
INSERT INTO POMODORO(ID, USER, CREATION_TIMESTAMP, WORK_TIME, BREAK_TIME, INTERRUPTED)
VALUES (5014, 1, '2019-03-13', 0, 0, false);
INSERT INTO POMODORO(ID, USER, CREATION_TIMESTAMP, WORK_TIME, BREAK_TIME, INTERRUPTED)
VALUES (5015, 1, '2019-03-13', 0, 0, true);
INSERT INTO POMODORO(ID, USER, CREATION_TIMESTAMP, WORK_TIME, BREAK_TIME, INTERRUPTED)
VALUES (5016, 1, '2019-03-13', 0, 0, false);
INSERT INTO POMODORO(ID, USER, CREATION_TIMESTAMP, WORK_TIME, BREAK_TIME, INTERRUPTED)
VALUES (5017, 1, '2019-03-13', 0, 0, false);
INSERT INTO POMODORO(ID, USER, CREATION_TIMESTAMP, WORK_TIME, BREAK_TIME, INTERRUPTED)
VALUES (5018, 1, '2019-03-13', 0, 0, true);
INSERT INTO POMODORO(ID, USER, CREATION_TIMESTAMP, WORK_TIME, BREAK_TIME, INTERRUPTED)
VALUES (5019, 1, '2019-03-13', 0, 0, false);
INSERT INTO POMODORO(ID, USER, CREATION_TIMESTAMP, WORK_TIME, BREAK_TIME, INTERRUPTED)
VALUES (5020, 1, '2019-03-13', 0, 0, true);
INSERT INTO POMODORO(ID, USER, CREATION_TIMESTAMP, WORK_TIME, BREAK_TIME, INTERRUPTED)
VALUES (5021, 1, '2019-03-13', 0, 0, false);
INSERT INTO POMODORO(ID, USER, CREATION_TIMESTAMP, WORK_TIME, BREAK_TIME, INTERRUPTED)
VALUES (5022, 1, '2019-03-13', 0, 0, false);
INSERT INTO POMODORO(ID, USER, CREATION_TIMESTAMP, WORK_TIME, BREAK_TIME, INTERRUPTED)
VALUES (5023, 1, '2019-03-13', 0, 0, false);
INSERT INTO POMODORO(ID, USER, CREATION_TIMESTAMP, WORK_TIME, BREAK_TIME, INTERRUPTED)
VALUES (5024, 1, '2019-03-13', 0, 0, true);
INSERT INTO POMODORO(ID, USER, CREATION_TIMESTAMP, WORK_TIME, BREAK_TIME, INTERRUPTED)
VALUES (5025, 1, '2019-03-13', 0, 0, false);
INSERT INTO POMODORO(ID, USER, CREATION_TIMESTAMP, WORK_TIME, BREAK_TIME, INTERRUPTED)
VALUES (5026, 1, '2019-03-13', 0, 0, false);
INSERT INTO POMODORO(ID, USER, CREATION_TIMESTAMP, WORK_TIME, BREAK_TIME, INTERRUPTED)
VALUES (5027, 1, '2019-03-13', 0, 0, true);
INSERT INTO POMODORO(ID, USER, CREATION_TIMESTAMP, WORK_TIME, BREAK_TIME, INTERRUPTED)
VALUES (5028, 1, '2019-03-13', 0, 0, true);
INSERT INTO POMODORO(ID, USER, CREATION_TIMESTAMP, WORK_TIME, BREAK_TIME, INTERRUPTED)
VALUES (5029, 1, '2019-03-13', 0, 0, true);
INSERT INTO POMODORO(ID, USER, CREATION_TIMESTAMP, WORK_TIME, BREAK_TIME, INTERRUPTED)
VALUES (5030, 1, '2019-03-13', 0, 0, false);
INSERT INTO POMODORO(ID, USER, CREATION_TIMESTAMP, WORK_TIME, BREAK_TIME, INTERRUPTED)
VALUES (5031, 1, '2019-03-13', 0, 0, true);
INSERT INTO POMODORO(ID, USER, CREATION_TIMESTAMP, WORK_TIME, BREAK_TIME, INTERRUPTED)
VALUES (5032, 1, '2019-03-12', 0, 0, false);
INSERT INTO POMODORO(ID, USER, CREATION_TIMESTAMP, WORK_TIME, BREAK_TIME, INTERRUPTED)
VALUES (5033, 1, '2019-03-12', 0, 0, true);
INSERT INTO POMODORO(ID, USER, CREATION_TIMESTAMP, WORK_TIME, BREAK_TIME, INTERRUPTED)
VALUES (5034, 1, '2019-03-12', 0, 0, true);
INSERT INTO POMODORO(ID, USER, CREATION_TIMESTAMP, WORK_TIME, BREAK_TIME, INTERRUPTED)
VALUES (5035, 1, '2019-03-12', 0, 0, true);
INSERT INTO POMODORO(ID, USER, CREATION_TIMESTAMP, WORK_TIME, BREAK_TIME, INTERRUPTED)
VALUES (5036, 1, '2019-03-12', 0, 0, true);
INSERT INTO POMODORO(ID, USER, CREATION_TIMESTAMP, WORK_TIME, BREAK_TIME, INTERRUPTED)
VALUES (5037, 1, '2019-03-12', 0, 0, false);
INSERT INTO POMODORO(ID, USER, CREATION_TIMESTAMP, WORK_TIME, BREAK_TIME, INTERRUPTED)
VALUES (5038, 1, '2019-03-12', 0, 0, false);
INSERT INTO POMODORO(ID, USER, CREATION_TIMESTAMP, WORK_TIME, BREAK_TIME, INTERRUPTED)
VALUES (5039, 1, '2019-03-12', 0, 0, true);
INSERT INTO POMODORO(ID, USER, CREATION_TIMESTAMP, WORK_TIME, BREAK_TIME, INTERRUPTED)
VALUES (5040, 1, '2019-03-12', 0, 0, true);
INSERT INTO POMODORO(ID, USER, CREATION_TIMESTAMP, WORK_TIME, BREAK_TIME, INTERRUPTED)
VALUES (5041, 1, '2019-03-12', 0, 0, false);
INSERT INTO POMODORO(ID, USER, CREATION_TIMESTAMP, WORK_TIME, BREAK_TIME, INTERRUPTED)
VALUES (5042, 1, '2019-03-12', 0, 0, false);
INSERT INTO POMODORO(ID, USER, CREATION_TIMESTAMP, WORK_TIME, BREAK_TIME, INTERRUPTED)
VALUES (5043, 1, '2019-03-12', 0, 0, true);
INSERT INTO POMODORO(ID, USER, CREATION_TIMESTAMP, WORK_TIME, BREAK_TIME, INTERRUPTED)
VALUES (5044, 1, '2019-03-12', 0, 0, true);
INSERT INTO POMODORO(ID, USER, CREATION_TIMESTAMP, WORK_TIME, BREAK_TIME, INTERRUPTED)
VALUES (5045, 1, '2019-03-12', 0, 0, true);
INSERT INTO POMODORO(ID, USER, CREATION_TIMESTAMP, WORK_TIME, BREAK_TIME, INTERRUPTED)
VALUES (5046, 1, '2019-03-12', 0, 0, true);
INSERT INTO POMODORO(ID, USER, CREATION_TIMESTAMP, WORK_TIME, BREAK_TIME, INTERRUPTED)
VALUES (5047, 1, '2019-03-12', 0, 0, false);
INSERT INTO POMODORO(ID, USER, CREATION_TIMESTAMP, WORK_TIME, BREAK_TIME, INTERRUPTED)
VALUES (5048, 1, '2019-03-12', 0, 0, true);
INSERT INTO POMODORO(ID, USER, CREATION_TIMESTAMP, WORK_TIME, BREAK_TIME, INTERRUPTED)
VALUES (5049, 1, '2019-03-12', 0, 0, true);
INSERT INTO POMODORO(ID, USER, CREATION_TIMESTAMP, WORK_TIME, BREAK_TIME, INTERRUPTED)
VALUES (5050, 1, '2019-03-12', 0, 0, true);
INSERT INTO POMODORO(ID, USER, CREATION_TIMESTAMP, WORK_TIME, BREAK_TIME, INTERRUPTED)
VALUES (5051, 1, '2019-03-12', 0, 0, false);
INSERT INTO POMODORO(ID, USER, CREATION_TIMESTAMP, WORK_TIME, BREAK_TIME, INTERRUPTED)
VALUES (5052, 1, '2019-03-12', 0, 0, false);
INSERT INTO POMODORO(ID, USER, CREATION_TIMESTAMP, WORK_TIME, BREAK_TIME, INTERRUPTED)
VALUES (5053, 1, '2019-03-12', 0, 0, false);
INSERT INTO POMODORO(ID, USER, CREATION_TIMESTAMP, WORK_TIME, BREAK_TIME, INTERRUPTED)
VALUES (5054, 1, '2019-03-12', 0, 0, true);
INSERT INTO POMODORO(ID, USER, CREATION_TIMESTAMP, WORK_TIME, BREAK_TIME, INTERRUPTED)
VALUES (5055, 1, '2019-03-12', 0, 0, true);
INSERT INTO POMODORO(ID, USER, CREATION_TIMESTAMP, WORK_TIME, BREAK_TIME, INTERRUPTED)
VALUES (5056, 1, '2019-03-12', 0, 0, false);
INSERT INTO POMODORO(ID, USER, CREATION_TIMESTAMP, WORK_TIME, BREAK_TIME, INTERRUPTED)
VALUES (5057, 1, '2019-03-12', 0, 0, true);
INSERT INTO POMODORO(ID, USER, CREATION_TIMESTAMP, WORK_TIME, BREAK_TIME, INTERRUPTED)
VALUES (5058, 1, '2019-03-12', 0, 0, false);
INSERT INTO POMODORO(ID, USER, CREATION_TIMESTAMP, WORK_TIME, BREAK_TIME, INTERRUPTED)
VALUES (5059, 1, '2019-03-12', 0, 0, true);
INSERT INTO POMODORO(ID, USER, CREATION_TIMESTAMP, WORK_TIME, BREAK_TIME, INTERRUPTED)
VALUES (5060, 1, '2019-03-12', 0, 0, true);
INSERT INTO POMODORO(ID, USER, CREATION_TIMESTAMP, WORK_TIME, BREAK_TIME, INTERRUPTED)
VALUES (5061, 1, '2019-03-12', 0, 0, false);
INSERT INTO POMODORO(ID, USER, CREATION_TIMESTAMP, WORK_TIME, BREAK_TIME, INTERRUPTED)
VALUES (5062, 1, '2019-03-12', 0, 0, false);
INSERT INTO POMODORO(ID, USER, CREATION_TIMESTAMP, WORK_TIME, BREAK_TIME, INTERRUPTED)
VALUES (5063, 1, '2019-03-12', 0, 0, true);
INSERT INTO POMODORO(ID, USER, CREATION_TIMESTAMP, WORK_TIME, BREAK_TIME, INTERRUPTED)
VALUES (5064, 1, '2019-03-12', 0, 0, false);
INSERT INTO POMODORO(ID, USER, CREATION_TIMESTAMP, WORK_TIME, BREAK_TIME, INTERRUPTED)
VALUES (5065, 1, '2019-03-12', 0, 0, true);
INSERT INTO POMODORO(ID, USER, CREATION_TIMESTAMP, WORK_TIME, BREAK_TIME, INTERRUPTED)
VALUES (5066, 1, '2019-03-12', 0, 0, true);
INSERT INTO POMODORO(ID, USER, CREATION_TIMESTAMP, WORK_TIME, BREAK_TIME, INTERRUPTED)
VALUES (5067, 1, '2019-03-12', 0, 0, true);
INSERT INTO POMODORO(ID, USER, CREATION_TIMESTAMP, WORK_TIME, BREAK_TIME, INTERRUPTED)
VALUES (5068, 1, '2019-03-12', 0, 0, true);
INSERT INTO POMODORO(ID, USER, CREATION_TIMESTAMP, WORK_TIME, BREAK_TIME, INTERRUPTED)
VALUES (5069, 1, '2019-03-12', 0, 0, false);
INSERT INTO POMODORO(ID, USER, CREATION_TIMESTAMP, WORK_TIME, BREAK_TIME, INTERRUPTED)
VALUES (5070, 1, '2019-03-12', 0, 0, false);
INSERT INTO POMODORO(ID, USER, CREATION_TIMESTAMP, WORK_TIME, BREAK_TIME, INTERRUPTED)
VALUES (5071, 1, '2019-03-12', 0, 0, true);
INSERT INTO POMODORO(ID, USER, CREATION_TIMESTAMP, WORK_TIME, BREAK_TIME, INTERRUPTED)
VALUES (5072, 1, '2019-03-12', 0, 0, false);
INSERT INTO POMODORO(ID, USER, CREATION_TIMESTAMP, WORK_TIME, BREAK_TIME, INTERRUPTED)
VALUES (5073, 1, '2019-03-12', 0, 0, true);
INSERT INTO POMODORO(ID, USER, CREATION_TIMESTAMP, WORK_TIME, BREAK_TIME, INTERRUPTED)
VALUES (5074, 1, '2019-03-12', 0, 0, true);
INSERT INTO POMODORO(ID, USER, CREATION_TIMESTAMP, WORK_TIME, BREAK_TIME, INTERRUPTED)
VALUES (5075, 1, '2019-03-12', 0, 0, true);
INSERT INTO POMODORO(ID, USER, CREATION_TIMESTAMP, WORK_TIME, BREAK_TIME, INTERRUPTED)
VALUES (5076, 1, '2019-03-12', 0, 0, true);
INSERT INTO POMODORO(ID, USER, CREATION_TIMESTAMP, WORK_TIME, BREAK_TIME, INTERRUPTED)
VALUES (5077, 1, '2019-03-12', 0, 0, true);
INSERT INTO POMODORO(ID, USER, CREATION_TIMESTAMP, WORK_TIME, BREAK_TIME, INTERRUPTED)
VALUES (5078, 1, '2019-03-12', 0, 0, true);
INSERT INTO POMODORO(ID, USER, CREATION_TIMESTAMP, WORK_TIME, BREAK_TIME, INTERRUPTED)
VALUES (5079, 1, '2019-03-11', 0, 0, false);
INSERT INTO POMODORO(ID, USER, CREATION_TIMESTAMP, WORK_TIME, BREAK_TIME, INTERRUPTED)
VALUES (5080, 1, '2019-03-11', 0, 0, true);
INSERT INTO POMODORO(ID, USER, CREATION_TIMESTAMP, WORK_TIME, BREAK_TIME, INTERRUPTED)
VALUES (5081, 1, '2019-03-11', 0, 0, true);
INSERT INTO POMODORO(ID, USER, CREATION_TIMESTAMP, WORK_TIME, BREAK_TIME, INTERRUPTED)
VALUES (5082, 1, '2019-03-11', 0, 0, true);
INSERT INTO POMODORO(ID, USER, CREATION_TIMESTAMP, WORK_TIME, BREAK_TIME, INTERRUPTED)
VALUES (5083, 1, '2019-03-11', 0, 0, false);
INSERT INTO POMODORO(ID, USER, CREATION_TIMESTAMP, WORK_TIME, BREAK_TIME, INTERRUPTED)
VALUES (5084, 1, '2019-03-11', 0, 0, true);
INSERT INTO POMODORO(ID, USER, CREATION_TIMESTAMP, WORK_TIME, BREAK_TIME, INTERRUPTED)
VALUES (5085, 1, '2019-03-11', 0, 0, true);
INSERT INTO POMODORO(ID, USER, CREATION_TIMESTAMP, WORK_TIME, BREAK_TIME, INTERRUPTED)
VALUES (5086, 1, '2019-03-11', 0, 0, true);
INSERT INTO POMODORO(ID, USER, CREATION_TIMESTAMP, WORK_TIME, BREAK_TIME, INTERRUPTED)
VALUES (5087, 1, '2019-03-11', 0, 0, true);
INSERT INTO POMODORO(ID, USER, CREATION_TIMESTAMP, WORK_TIME, BREAK_TIME, INTERRUPTED)
VALUES (5088, 1, '2019-03-11', 0, 0, false);
INSERT INTO POMODORO(ID, USER, CREATION_TIMESTAMP, WORK_TIME, BREAK_TIME, INTERRUPTED)
VALUES (5089, 1, '2019-03-11', 0, 0, true);
INSERT INTO POMODORO(ID, USER, CREATION_TIMESTAMP, WORK_TIME, BREAK_TIME, INTERRUPTED)
VALUES (5090, 1, '2019-03-11', 0, 0, false);
INSERT INTO POMODORO(ID, USER, CREATION_TIMESTAMP, WORK_TIME, BREAK_TIME, INTERRUPTED)
VALUES (5091, 1, '2019-03-11', 0, 0, true);
INSERT INTO POMODORO(ID, USER, CREATION_TIMESTAMP, WORK_TIME, BREAK_TIME, INTERRUPTED)
VALUES (5092, 1, '2019-03-11', 0, 0, false);
INSERT INTO POMODORO(ID, USER, CREATION_TIMESTAMP, WORK_TIME, BREAK_TIME, INTERRUPTED)
VALUES (5093, 1, '2019-03-11', 0, 0, false);
INSERT INTO POMODORO(ID, USER, CREATION_TIMESTAMP, WORK_TIME, BREAK_TIME, INTERRUPTED)
VALUES (5094, 1, '2019-03-11', 0, 0, false);
INSERT INTO POMODORO(ID, USER, CREATION_TIMESTAMP, WORK_TIME, BREAK_TIME, INTERRUPTED)
VALUES (5095, 1, '2019-03-11', 0, 0, true);
INSERT INTO POMODORO(ID, USER, CREATION_TIMESTAMP, WORK_TIME, BREAK_TIME, INTERRUPTED)
VALUES (5096, 1, '2019-03-11', 0, 0, true);
INSERT INTO POMODORO(ID, USER, CREATION_TIMESTAMP, WORK_TIME, BREAK_TIME, INTERRUPTED)
VALUES (5097, 1, '2019-03-11', 0, 0, true);
INSERT INTO POMODORO(ID, USER, CREATION_TIMESTAMP, WORK_TIME, BREAK_TIME, INTERRUPTED)
VALUES (5098, 1, '2019-03-11', 0, 0, false);
INSERT INTO POMODORO(ID, USER, CREATION_TIMESTAMP, WORK_TIME, BREAK_TIME, INTERRUPTED)
VALUES (5099, 1, '2019-03-11', 0, 0, true);
INSERT INTO POMODORO(ID, USER, CREATION_TIMESTAMP, WORK_TIME, BREAK_TIME, INTERRUPTED)
VALUES (5100, 1, '2019-03-11', 0, 0, true);
INSERT INTO POMODORO(ID, USER, CREATION_TIMESTAMP, WORK_TIME, BREAK_TIME, INTERRUPTED)
VALUES (5101, 1, '2019-03-11', 0, 0, true);
INSERT INTO POMODORO(ID, USER, CREATION_TIMESTAMP, WORK_TIME, BREAK_TIME, INTERRUPTED)
VALUES (5102, 1, '2019-03-11', 0, 0, true);
INSERT INTO POMODORO(ID, USER, CREATION_TIMESTAMP, WORK_TIME, BREAK_TIME, INTERRUPTED)
VALUES (5103, 1, '2019-03-11', 0, 0, true);
INSERT INTO POMODORO(ID, USER, CREATION_TIMESTAMP, WORK_TIME, BREAK_TIME, INTERRUPTED)
VALUES (5104, 1, '2019-03-11', 0, 0, true);
INSERT INTO POMODORO(ID, USER, CREATION_TIMESTAMP, WORK_TIME, BREAK_TIME, INTERRUPTED)
VALUES (5105, 1, '2019-03-11', 0, 0, false);
INSERT INTO POMODORO(ID, USER, CREATION_TIMESTAMP, WORK_TIME, BREAK_TIME, INTERRUPTED)
VALUES (5106, 1, '2019-03-11', 0, 0, false);
INSERT INTO POMODORO(ID, USER, CREATION_TIMESTAMP, WORK_TIME, BREAK_TIME, INTERRUPTED)
VALUES (5107, 1, '2019-03-11', 0, 0, false);
INSERT INTO POMODORO(ID, USER, CREATION_TIMESTAMP, WORK_TIME, BREAK_TIME, INTERRUPTED)
VALUES (5108, 1, '2019-03-11', 0, 0, false);
INSERT INTO POMODORO(ID, USER, CREATION_TIMESTAMP, WORK_TIME, BREAK_TIME, INTERRUPTED)
VALUES (5109, 1, '2019-03-11', 0, 0, true);
INSERT INTO POMODORO(ID, USER, CREATION_TIMESTAMP, WORK_TIME, BREAK_TIME, INTERRUPTED)
VALUES (5110, 1, '2019-03-11', 0, 0, false);
INSERT INTO POMODORO(ID, USER, CREATION_TIMESTAMP, WORK_TIME, BREAK_TIME, INTERRUPTED)
VALUES (5111, 1, '2019-03-11', 0, 0, false);
INSERT INTO POMODORO(ID, USER, CREATION_TIMESTAMP, WORK_TIME, BREAK_TIME, INTERRUPTED)
VALUES (5112, 1, '2019-03-11', 0, 0, true);
INSERT INTO POMODORO(ID, USER, CREATION_TIMESTAMP, WORK_TIME, BREAK_TIME, INTERRUPTED)
VALUES (5113, 1, '2019-03-11', 0, 0, false);
INSERT INTO POMODORO(ID, USER, CREATION_TIMESTAMP, WORK_TIME, BREAK_TIME, INTERRUPTED)
VALUES (5114, 1, '2019-03-11', 0, 0, false);
INSERT INTO POMODORO(ID, USER, CREATION_TIMESTAMP, WORK_TIME, BREAK_TIME, INTERRUPTED)
VALUES (5115, 1, '2019-03-11', 0, 0, false);
INSERT INTO POMODORO(ID, USER, CREATION_TIMESTAMP, WORK_TIME, BREAK_TIME, INTERRUPTED)
VALUES (5116, 1, '2019-03-11', 0, 0, true);
INSERT INTO POMODORO(ID, USER, CREATION_TIMESTAMP, WORK_TIME, BREAK_TIME, INTERRUPTED)
VALUES (5117, 1, '2019-03-11', 0, 0, true);
INSERT INTO POMODORO(ID, USER, CREATION_TIMESTAMP, WORK_TIME, BREAK_TIME, INTERRUPTED)
VALUES (5118, 1, '2019-03-11', 0, 0, false);
INSERT INTO POMODORO(ID, USER, CREATION_TIMESTAMP, WORK_TIME, BREAK_TIME, INTERRUPTED)
VALUES (5119, 1, '2019-03-11', 0, 0, false);
INSERT INTO POMODORO(ID, USER, CREATION_TIMESTAMP, WORK_TIME, BREAK_TIME, INTERRUPTED)
VALUES (5120, 1, '2019-03-11', 0, 0, true);
INSERT INTO POMODORO(ID, USER, CREATION_TIMESTAMP, WORK_TIME, BREAK_TIME, INTERRUPTED)
VALUES (5121, 1, '2019-03-11', 0, 0, true);
INSERT INTO POMODORO(ID, USER, CREATION_TIMESTAMP, WORK_TIME, BREAK_TIME, INTERRUPTED)
VALUES (5122, 1, '2019-03-11', 0, 0, true);
INSERT INTO POMODORO(ID, USER, CREATION_TIMESTAMP, WORK_TIME, BREAK_TIME, INTERRUPTED)
VALUES (5123, 1, '2019-03-10', 0, 0, false);
INSERT INTO POMODORO(ID, USER, CREATION_TIMESTAMP, WORK_TIME, BREAK_TIME, INTERRUPTED)
VALUES (5124, 1, '2019-03-10', 0, 0, true);
INSERT INTO POMODORO(ID, USER, CREATION_TIMESTAMP, WORK_TIME, BREAK_TIME, INTERRUPTED)
VALUES (5125, 1, '2019-03-10', 0, 0, false);
INSERT INTO POMODORO(ID, USER, CREATION_TIMESTAMP, WORK_TIME, BREAK_TIME, INTERRUPTED)
VALUES (5126, 1, '2019-03-10', 0, 0, false);
INSERT INTO POMODORO(ID, USER, CREATION_TIMESTAMP, WORK_TIME, BREAK_TIME, INTERRUPTED)
VALUES (5127, 1, '2019-03-10', 0, 0, false);
INSERT INTO POMODORO(ID, USER, CREATION_TIMESTAMP, WORK_TIME, BREAK_TIME, INTERRUPTED)
VALUES (5128, 1, '2019-03-10', 0, 0, false);
INSERT INTO POMODORO(ID, USER, CREATION_TIMESTAMP, WORK_TIME, BREAK_TIME, INTERRUPTED)
VALUES (5129, 1, '2019-03-10', 0, 0, true);
INSERT INTO POMODORO(ID, USER, CREATION_TIMESTAMP, WORK_TIME, BREAK_TIME, INTERRUPTED)
VALUES (5130, 1, '2019-03-10', 0, 0, false);
INSERT INTO POMODORO(ID, USER, CREATION_TIMESTAMP, WORK_TIME, BREAK_TIME, INTERRUPTED)
VALUES (5131, 1, '2019-03-10', 0, 0, false);
INSERT INTO POMODORO(ID, USER, CREATION_TIMESTAMP, WORK_TIME, BREAK_TIME, INTERRUPTED)
VALUES (5132, 1, '2019-03-10', 0, 0, true);
INSERT INTO POMODORO(ID, USER, CREATION_TIMESTAMP, WORK_TIME, BREAK_TIME, INTERRUPTED)
VALUES (5133, 1, '2019-03-10', 0, 0, true);
INSERT INTO POMODORO(ID, USER, CREATION_TIMESTAMP, WORK_TIME, BREAK_TIME, INTERRUPTED)
VALUES (5134, 1, '2019-03-10', 0, 0, true);
INSERT INTO POMODORO(ID, USER, CREATION_TIMESTAMP, WORK_TIME, BREAK_TIME, INTERRUPTED)
VALUES (5135, 1, '2019-03-10', 0, 0, true);
INSERT INTO POMODORO(ID, USER, CREATION_TIMESTAMP, WORK_TIME, BREAK_TIME, INTERRUPTED)
VALUES (5136, 1, '2019-03-10', 0, 0, true);
INSERT INTO POMODORO(ID, USER, CREATION_TIMESTAMP, WORK_TIME, BREAK_TIME, INTERRUPTED)
VALUES (5137, 1, '2019-03-10', 0, 0, false);
INSERT INTO POMODORO(ID, USER, CREATION_TIMESTAMP, WORK_TIME, BREAK_TIME, INTERRUPTED)
VALUES (5138, 1, '2019-03-10', 0, 0, false);
INSERT INTO POMODORO(ID, USER, CREATION_TIMESTAMP, WORK_TIME, BREAK_TIME, INTERRUPTED)
VALUES (5139, 1, '2019-03-10', 0, 0, true);
INSERT INTO POMODORO(ID, USER, CREATION_TIMESTAMP, WORK_TIME, BREAK_TIME, INTERRUPTED)
VALUES (5140, 1, '2019-03-10', 0, 0, false);
INSERT INTO POMODORO(ID, USER, CREATION_TIMESTAMP, WORK_TIME, BREAK_TIME, INTERRUPTED)
VALUES (5141, 1, '2019-03-10', 0, 0, false);
INSERT INTO POMODORO(ID, USER, CREATION_TIMESTAMP, WORK_TIME, BREAK_TIME, INTERRUPTED)
VALUES (5142, 1, '2019-03-10', 0, 0, true);
INSERT INTO POMODORO(ID, USER, CREATION_TIMESTAMP, WORK_TIME, BREAK_TIME, INTERRUPTED)
VALUES (5143, 1, '2019-03-10', 0, 0, true);
INSERT INTO POMODORO(ID, USER, CREATION_TIMESTAMP, WORK_TIME, BREAK_TIME, INTERRUPTED)
VALUES (5144, 1, '2019-03-10', 0, 0, true);
INSERT INTO POMODORO(ID, USER, CREATION_TIMESTAMP, WORK_TIME, BREAK_TIME, INTERRUPTED)
VALUES (5145, 1, '2019-03-10', 0, 0, true);
INSERT INTO POMODORO(ID, USER, CREATION_TIMESTAMP, WORK_TIME, BREAK_TIME, INTERRUPTED)
VALUES (5146, 1, '2019-03-10', 0, 0, false);
INSERT INTO POMODORO(ID, USER, CREATION_TIMESTAMP, WORK_TIME, BREAK_TIME, INTERRUPTED)
VALUES (5147, 1, '2019-03-10', 0, 0, true);
INSERT INTO POMODORO(ID, USER, CREATION_TIMESTAMP, WORK_TIME, BREAK_TIME, INTERRUPTED)
VALUES (5148, 1, '2019-03-10', 0, 0, false);
INSERT INTO POMODORO(ID, USER, CREATION_TIMESTAMP, WORK_TIME, BREAK_TIME, INTERRUPTED)
VALUES (5149, 1, '2019-03-10', 0, 0, true);
INSERT INTO POMODORO(ID, USER, CREATION_TIMESTAMP, WORK_TIME, BREAK_TIME, INTERRUPTED)
VALUES (5150, 1, '2019-03-10', 0, 0, false);
INSERT INTO POMODORO(ID, USER, CREATION_TIMESTAMP, WORK_TIME, BREAK_TIME, INTERRUPTED)
VALUES (5151, 1, '2019-03-10', 0, 0, true);
INSERT INTO POMODORO(ID, USER, CREATION_TIMESTAMP, WORK_TIME, BREAK_TIME, INTERRUPTED)
VALUES (5152, 1, '2019-03-10', 0, 0, true);
INSERT INTO POMODORO(ID, USER, CREATION_TIMESTAMP, WORK_TIME, BREAK_TIME, INTERRUPTED)
VALUES (5153, 1, '2019-03-10', 0, 0, true);
INSERT INTO POMODORO(ID, USER, CREATION_TIMESTAMP, WORK_TIME, BREAK_TIME, INTERRUPTED)
VALUES (5154, 1, '2019-03-10', 0, 0, false);
INSERT INTO POMODORO(ID, USER, CREATION_TIMESTAMP, WORK_TIME, BREAK_TIME, INTERRUPTED)
VALUES (5155, 1, '2019-03-10', 0, 0, false);
INSERT INTO POMODORO(ID, USER, CREATION_TIMESTAMP, WORK_TIME, BREAK_TIME, INTERRUPTED)
VALUES (5156, 1, '2019-03-10', 0, 0, false);
INSERT INTO POMODORO(ID, USER, CREATION_TIMESTAMP, WORK_TIME, BREAK_TIME, INTERRUPTED)
VALUES (5157, 1, '2019-03-09', 0, 0, true);
INSERT INTO POMODORO(ID, USER, CREATION_TIMESTAMP, WORK_TIME, BREAK_TIME, INTERRUPTED)
VALUES (5158, 1, '2019-03-09', 0, 0, false);
INSERT INTO POMODORO(ID, USER, CREATION_TIMESTAMP, WORK_TIME, BREAK_TIME, INTERRUPTED)
VALUES (5159, 1, '2019-03-09', 0, 0, true);
INSERT INTO POMODORO(ID, USER, CREATION_TIMESTAMP, WORK_TIME, BREAK_TIME, INTERRUPTED)
VALUES (5160, 1, '2019-03-09', 0, 0, true);
INSERT INTO POMODORO(ID, USER, CREATION_TIMESTAMP, WORK_TIME, BREAK_TIME, INTERRUPTED)
VALUES (5161, 1, '2019-03-09', 0, 0, false);
INSERT INTO POMODORO(ID, USER, CREATION_TIMESTAMP, WORK_TIME, BREAK_TIME, INTERRUPTED)
VALUES (5162, 1, '2019-03-09', 0, 0, false);
INSERT INTO POMODORO(ID, USER, CREATION_TIMESTAMP, WORK_TIME, BREAK_TIME, INTERRUPTED)
VALUES (5163, 1, '2019-03-08', 0, 0, false);
INSERT INTO POMODORO(ID, USER, CREATION_TIMESTAMP, WORK_TIME, BREAK_TIME, INTERRUPTED)
VALUES (5164, 1, '2019-03-08', 0, 0, true);
INSERT INTO POMODORO(ID, USER, CREATION_TIMESTAMP, WORK_TIME, BREAK_TIME, INTERRUPTED)
VALUES (5165, 1, '2019-03-08', 0, 0, false);
INSERT INTO POMODORO(ID, USER, CREATION_TIMESTAMP, WORK_TIME, BREAK_TIME, INTERRUPTED)
VALUES (5166, 1, '2019-03-08', 0, 0, false);
INSERT INTO POMODORO(ID, USER, CREATION_TIMESTAMP, WORK_TIME, BREAK_TIME, INTERRUPTED)
VALUES (5167, 1, '2019-03-08', 0, 0, true);
INSERT INTO POMODORO(ID, USER, CREATION_TIMESTAMP, WORK_TIME, BREAK_TIME, INTERRUPTED)
VALUES (5168, 1, '2019-03-08', 0, 0, true);
INSERT INTO POMODORO(ID, USER, CREATION_TIMESTAMP, WORK_TIME, BREAK_TIME, INTERRUPTED)
VALUES (5169, 1, '2019-03-08', 0, 0, false);
INSERT INTO POMODORO(ID, USER, CREATION_TIMESTAMP, WORK_TIME, BREAK_TIME, INTERRUPTED)
VALUES (5170, 1, '2019-03-08', 0, 0, false);
INSERT INTO POMODORO(ID, USER, CREATION_TIMESTAMP, WORK_TIME, BREAK_TIME, INTERRUPTED)
VALUES (5171, 1, '2019-03-08', 0, 0, false);
INSERT INTO POMODORO(ID, USER, CREATION_TIMESTAMP, WORK_TIME, BREAK_TIME, INTERRUPTED)
VALUES (5172, 1, '2019-03-08', 0, 0, false);
INSERT INTO POMODORO(ID, USER, CREATION_TIMESTAMP, WORK_TIME, BREAK_TIME, INTERRUPTED)
VALUES (5173, 1, '2019-03-08', 0, 0, true);
INSERT INTO POMODORO(ID, USER, CREATION_TIMESTAMP, WORK_TIME, BREAK_TIME, INTERRUPTED)
VALUES (5174, 1, '2019-03-08', 0, 0, false);
INSERT INTO POMODORO(ID, USER, CREATION_TIMESTAMP, WORK_TIME, BREAK_TIME, INTERRUPTED)
VALUES (5175, 1, '2019-03-08', 0, 0, false);
INSERT INTO POMODORO(ID, USER, CREATION_TIMESTAMP, WORK_TIME, BREAK_TIME, INTERRUPTED)
VALUES (5176, 1, '2019-03-08', 0, 0, false);
INSERT INTO POMODORO(ID, USER, CREATION_TIMESTAMP, WORK_TIME, BREAK_TIME, INTERRUPTED)
VALUES (5177, 1, '2019-03-08', 0, 0, false);
INSERT INTO POMODORO(ID, USER, CREATION_TIMESTAMP, WORK_TIME, BREAK_TIME, INTERRUPTED)
VALUES (5178, 1, '2019-03-08', 0, 0, false);
INSERT INTO POMODORO(ID, USER, CREATION_TIMESTAMP, WORK_TIME, BREAK_TIME, INTERRUPTED)
VALUES (5179, 1, '2019-03-08', 0, 0, false);
INSERT INTO POMODORO(ID, USER, CREATION_TIMESTAMP, WORK_TIME, BREAK_TIME, INTERRUPTED)
VALUES (5180, 1, '2019-03-08', 0, 0, false);
INSERT INTO POMODORO(ID, USER, CREATION_TIMESTAMP, WORK_TIME, BREAK_TIME, INTERRUPTED)
VALUES (5181, 1, '2019-03-08', 0, 0, true);
INSERT INTO POMODORO(ID, USER, CREATION_TIMESTAMP, WORK_TIME, BREAK_TIME, INTERRUPTED)
VALUES (5182, 1, '2019-03-08', 0, 0, true);
INSERT INTO POMODORO(ID, USER, CREATION_TIMESTAMP, WORK_TIME, BREAK_TIME, INTERRUPTED)
VALUES (5183, 1, '2019-03-08', 0, 0, true);
INSERT INTO POMODORO(ID, USER, CREATION_TIMESTAMP, WORK_TIME, BREAK_TIME, INTERRUPTED)
VALUES (5184, 1, '2019-03-08', 0, 0, false);
INSERT INTO POMODORO(ID, USER, CREATION_TIMESTAMP, WORK_TIME, BREAK_TIME, INTERRUPTED)
VALUES (5185, 1, '2019-03-08', 0, 0, true);
INSERT INTO POMODORO(ID, USER, CREATION_TIMESTAMP, WORK_TIME, BREAK_TIME, INTERRUPTED)
VALUES (5186, 1, '2019-03-08', 0, 0, true);
INSERT INTO POMODORO(ID, USER, CREATION_TIMESTAMP, WORK_TIME, BREAK_TIME, INTERRUPTED)
VALUES (5187, 1, '2019-03-08', 0, 0, true);
INSERT INTO POMODORO(ID, USER, CREATION_TIMESTAMP, WORK_TIME, BREAK_TIME, INTERRUPTED)
VALUES (5188, 1, '2019-03-08', 0, 0, true);
INSERT INTO POMODORO(ID, USER, CREATION_TIMESTAMP, WORK_TIME, BREAK_TIME, INTERRUPTED)
VALUES (5189, 1, '2019-03-08', 0, 0, false);
INSERT INTO POMODORO(ID, USER, CREATION_TIMESTAMP, WORK_TIME, BREAK_TIME, INTERRUPTED)
VALUES (5190, 1, '2019-03-08', 0, 0, false);
INSERT INTO POMODORO(ID, USER, CREATION_TIMESTAMP, WORK_TIME, BREAK_TIME, INTERRUPTED)
VALUES (5191, 1, '2019-03-08', 0, 0, false);
INSERT INTO POMODORO(ID, USER, CREATION_TIMESTAMP, WORK_TIME, BREAK_TIME, INTERRUPTED)
VALUES (5192, 1, '2019-03-08', 0, 0, true);
INSERT INTO POMODORO(ID, USER, CREATION_TIMESTAMP, WORK_TIME, BREAK_TIME, INTERRUPTED)
VALUES (5193, 1, '2019-03-08', 0, 0, false);
INSERT INTO POMODORO(ID, USER, CREATION_TIMESTAMP, WORK_TIME, BREAK_TIME, INTERRUPTED)
VALUES (5194, 1, '2019-03-08', 0, 0, false);
INSERT INTO POMODORO(ID, USER, CREATION_TIMESTAMP, WORK_TIME, BREAK_TIME, INTERRUPTED)
VALUES (5195, 1, '2019-03-08', 0, 0, true);
INSERT INTO POMODORO(ID, USER, CREATION_TIMESTAMP, WORK_TIME, BREAK_TIME, INTERRUPTED)
VALUES (5196, 1, '2019-03-07', 0, 0, true);
INSERT INTO POMODORO(ID, USER, CREATION_TIMESTAMP, WORK_TIME, BREAK_TIME, INTERRUPTED)
VALUES (5197, 1, '2019-03-07', 0, 0, true);
INSERT INTO POMODORO(ID, USER, CREATION_TIMESTAMP, WORK_TIME, BREAK_TIME, INTERRUPTED)
VALUES (5198, 1, '2019-03-07', 0, 0, true);
INSERT INTO POMODORO(ID, USER, CREATION_TIMESTAMP, WORK_TIME, BREAK_TIME, INTERRUPTED)
VALUES (5199, 1, '2019-03-07', 0, 0, false);
INSERT INTO POMODORO(ID, USER, CREATION_TIMESTAMP, WORK_TIME, BREAK_TIME, INTERRUPTED)
VALUES (5200, 1, '2019-03-07', 0, 0, true);
INSERT INTO POMODORO(ID, USER, CREATION_TIMESTAMP, WORK_TIME, BREAK_TIME, INTERRUPTED)
VALUES (5201, 1, '2019-03-07', 0, 0, true);
INSERT INTO POMODORO(ID, USER, CREATION_TIMESTAMP, WORK_TIME, BREAK_TIME, INTERRUPTED)
VALUES (5202, 1, '2019-03-07', 0, 0, true);
INSERT INTO POMODORO(ID, USER, CREATION_TIMESTAMP, WORK_TIME, BREAK_TIME, INTERRUPTED)
VALUES (5203, 1, '2019-03-07', 0, 0, false);
INSERT INTO POMODORO(ID, USER, CREATION_TIMESTAMP, WORK_TIME, BREAK_TIME, INTERRUPTED)
VALUES (5204, 1, '2019-03-07', 0, 0, false);
INSERT INTO POMODORO(ID, USER, CREATION_TIMESTAMP, WORK_TIME, BREAK_TIME, INTERRUPTED)
VALUES (5205, 1, '2019-03-07', 0, 0, true);
INSERT INTO POMODORO(ID, USER, CREATION_TIMESTAMP, WORK_TIME, BREAK_TIME, INTERRUPTED)
VALUES (5206, 1, '2019-03-07', 0, 0, false);
INSERT INTO POMODORO(ID, USER, CREATION_TIMESTAMP, WORK_TIME, BREAK_TIME, INTERRUPTED)
VALUES (5207, 1, '2019-03-07', 0, 0, false);
INSERT INTO POMODORO(ID, USER, CREATION_TIMESTAMP, WORK_TIME, BREAK_TIME, INTERRUPTED)
VALUES (5208, 1, '2019-03-07', 0, 0, true);
INSERT INTO POMODORO(ID, USER, CREATION_TIMESTAMP, WORK_TIME, BREAK_TIME, INTERRUPTED)
VALUES (5209, 1, '2019-03-07', 0, 0, true);
INSERT INTO POMODORO(ID, USER, CREATION_TIMESTAMP, WORK_TIME, BREAK_TIME, INTERRUPTED)
VALUES (5210, 1, '2019-03-07', 0, 0, false);
INSERT INTO POMODORO(ID, USER, CREATION_TIMESTAMP, WORK_TIME, BREAK_TIME, INTERRUPTED)
VALUES (5211, 1, '2019-03-07', 0, 0, true);
INSERT INTO POMODORO(ID, USER, CREATION_TIMESTAMP, WORK_TIME, BREAK_TIME, INTERRUPTED)
VALUES (5212, 1, '2019-03-07', 0, 0, false);
INSERT INTO POMODORO(ID, USER, CREATION_TIMESTAMP, WORK_TIME, BREAK_TIME, INTERRUPTED)
VALUES (5213, 1, '2019-03-07', 0, 0, false);
INSERT INTO POMODORO(ID, USER, CREATION_TIMESTAMP, WORK_TIME, BREAK_TIME, INTERRUPTED)
VALUES (5214, 1, '2019-03-07', 0, 0, true);
INSERT INTO POMODORO(ID, USER, CREATION_TIMESTAMP, WORK_TIME, BREAK_TIME, INTERRUPTED)
VALUES (5215, 1, '2019-03-07', 0, 0, true);
INSERT INTO POMODORO(ID, USER, CREATION_TIMESTAMP, WORK_TIME, BREAK_TIME, INTERRUPTED)
VALUES (5216, 1, '2019-03-07', 0, 0, false);
INSERT INTO POMODORO(ID, USER, CREATION_TIMESTAMP, WORK_TIME, BREAK_TIME, INTERRUPTED)
VALUES (5217, 1, '2019-03-07', 0, 0, true);
INSERT INTO POMODORO(ID, USER, CREATION_TIMESTAMP, WORK_TIME, BREAK_TIME, INTERRUPTED)
VALUES (5218, 1, '2019-03-06', 0, 0, false);
INSERT INTO POMODORO(ID, USER, CREATION_TIMESTAMP, WORK_TIME, BREAK_TIME, INTERRUPTED)
VALUES (5219, 1, '2019-03-06', 0, 0, true);
INSERT INTO POMODORO(ID, USER, CREATION_TIMESTAMP, WORK_TIME, BREAK_TIME, INTERRUPTED)
VALUES (5220, 1, '2019-03-06', 0, 0, false);
INSERT INTO POMODORO(ID, USER, CREATION_TIMESTAMP, WORK_TIME, BREAK_TIME, INTERRUPTED)
VALUES (5221, 1, '2019-03-06', 0, 0, false);
INSERT INTO POMODORO(ID, USER, CREATION_TIMESTAMP, WORK_TIME, BREAK_TIME, INTERRUPTED)
VALUES (5222, 1, '2019-03-06', 0, 0, true);
INSERT INTO POMODORO(ID, USER, CREATION_TIMESTAMP, WORK_TIME, BREAK_TIME, INTERRUPTED)
VALUES (5223, 1, '2019-03-06', 0, 0, true);
INSERT INTO POMODORO(ID, USER, CREATION_TIMESTAMP, WORK_TIME, BREAK_TIME, INTERRUPTED)
VALUES (5224, 1, '2019-03-06', 0, 0, false);
INSERT INTO POMODORO(ID, USER, CREATION_TIMESTAMP, WORK_TIME, BREAK_TIME, INTERRUPTED)
VALUES (5225, 1, '2019-03-06', 0, 0, false);
INSERT INTO POMODORO(ID, USER, CREATION_TIMESTAMP, WORK_TIME, BREAK_TIME, INTERRUPTED)
VALUES (5226, 1, '2019-03-06', 0, 0, true);
INSERT INTO POMODORO(ID, USER, CREATION_TIMESTAMP, WORK_TIME, BREAK_TIME, INTERRUPTED)
VALUES (5227, 1, '2019-03-06', 0, 0, true);
INSERT INTO POMODORO(ID, USER, CREATION_TIMESTAMP, WORK_TIME, BREAK_TIME, INTERRUPTED)
VALUES (5228, 1, '2019-03-06', 0, 0, false);
INSERT INTO POMODORO(ID, USER, CREATION_TIMESTAMP, WORK_TIME, BREAK_TIME, INTERRUPTED)
VALUES (5229, 1, '2019-03-06', 0, 0, false);
INSERT INTO POMODORO(ID, USER, CREATION_TIMESTAMP, WORK_TIME, BREAK_TIME, INTERRUPTED)
VALUES (5230, 1, '2019-03-06', 0, 0, true);
INSERT INTO POMODORO(ID, USER, CREATION_TIMESTAMP, WORK_TIME, BREAK_TIME, INTERRUPTED)
VALUES (5231, 1, '2019-03-06', 0, 0, false);
INSERT INTO POMODORO(ID, USER, CREATION_TIMESTAMP, WORK_TIME, BREAK_TIME, INTERRUPTED)
VALUES (5232, 1, '2019-03-06', 0, 0, false);
INSERT INTO POMODORO(ID, USER, CREATION_TIMESTAMP, WORK_TIME, BREAK_TIME, INTERRUPTED)
VALUES (5233, 1, '2019-03-06', 0, 0, true);
INSERT INTO POMODORO(ID, USER, CREATION_TIMESTAMP, WORK_TIME, BREAK_TIME, INTERRUPTED)
VALUES (5234, 1, '2019-03-06', 0, 0, false);
INSERT INTO POMODORO(ID, USER, CREATION_TIMESTAMP, WORK_TIME, BREAK_TIME, INTERRUPTED)
VALUES (5235, 1, '2019-03-06', 0, 0, true);
INSERT INTO POMODORO(ID, USER, CREATION_TIMESTAMP, WORK_TIME, BREAK_TIME, INTERRUPTED)
VALUES (5236, 1, '2019-03-06', 0, 0, false);
INSERT INTO POMODORO(ID, USER, CREATION_TIMESTAMP, WORK_TIME, BREAK_TIME, INTERRUPTED)
VALUES (5237, 1, '2019-03-06', 0, 0, true);
INSERT INTO POMODORO(ID, USER, CREATION_TIMESTAMP, WORK_TIME, BREAK_TIME, INTERRUPTED)
VALUES (5238, 1, '2019-03-06', 0, 0, true);
INSERT INTO POMODORO(ID, USER, CREATION_TIMESTAMP, WORK_TIME, BREAK_TIME, INTERRUPTED)
VALUES (5239, 1, '2019-03-06', 0, 0, true);
INSERT INTO POMODORO(ID, USER, CREATION_TIMESTAMP, WORK_TIME, BREAK_TIME, INTERRUPTED)
VALUES (5240, 1, '2019-03-06', 0, 0, true);
INSERT INTO POMODORO(ID, USER, CREATION_TIMESTAMP, WORK_TIME, BREAK_TIME, INTERRUPTED)
VALUES (5241, 1, '2019-03-06', 0, 0, true);
INSERT INTO POMODORO(ID, USER, CREATION_TIMESTAMP, WORK_TIME, BREAK_TIME, INTERRUPTED)
VALUES (5242, 1, '2019-03-05', 0, 0, false);
INSERT INTO POMODORO(ID, USER, CREATION_TIMESTAMP, WORK_TIME, BREAK_TIME, INTERRUPTED)
VALUES (5243, 1, '2019-03-05', 0, 0, true);
INSERT INTO POMODORO(ID, USER, CREATION_TIMESTAMP, WORK_TIME, BREAK_TIME, INTERRUPTED)
VALUES (5244, 1, '2019-03-05', 0, 0, false);
INSERT INTO POMODORO(ID, USER, CREATION_TIMESTAMP, WORK_TIME, BREAK_TIME, INTERRUPTED)
VALUES (5245, 1, '2019-03-05', 0, 0, false);
INSERT INTO POMODORO(ID, USER, CREATION_TIMESTAMP, WORK_TIME, BREAK_TIME, INTERRUPTED)
VALUES (5246, 1, '2019-03-05', 0, 0, false);
INSERT INTO POMODORO(ID, USER, CREATION_TIMESTAMP, WORK_TIME, BREAK_TIME, INTERRUPTED)
VALUES (5247, 1, '2019-03-05', 0, 0, false);
INSERT INTO POMODORO(ID, USER, CREATION_TIMESTAMP, WORK_TIME, BREAK_TIME, INTERRUPTED)
VALUES (5248, 1, '2019-03-05', 0, 0, true);
INSERT INTO POMODORO(ID, USER, CREATION_TIMESTAMP, WORK_TIME, BREAK_TIME, INTERRUPTED)
VALUES (5249, 1, '2019-03-05', 0, 0, false);
INSERT INTO POMODORO(ID, USER, CREATION_TIMESTAMP, WORK_TIME, BREAK_TIME, INTERRUPTED)
VALUES (5250, 1, '2019-03-05', 0, 0, false);
INSERT INTO POMODORO(ID, USER, CREATION_TIMESTAMP, WORK_TIME, BREAK_TIME, INTERRUPTED)
VALUES (5251, 1, '2019-03-05', 0, 0, true);
INSERT INTO POMODORO(ID, USER, CREATION_TIMESTAMP, WORK_TIME, BREAK_TIME, INTERRUPTED)
VALUES (5252, 1, '2019-03-05', 0, 0, false);
INSERT INTO POMODORO(ID, USER, CREATION_TIMESTAMP, WORK_TIME, BREAK_TIME, INTERRUPTED)
VALUES (5253, 1, '2019-03-05', 0, 0, false);
INSERT INTO POMODORO(ID, USER, CREATION_TIMESTAMP, WORK_TIME, BREAK_TIME, INTERRUPTED)
VALUES (5254, 1, '2019-03-05', 0, 0, true);
INSERT INTO POMODORO(ID, USER, CREATION_TIMESTAMP, WORK_TIME, BREAK_TIME, INTERRUPTED)
VALUES (5255, 1, '2019-03-05', 0, 0, true);
INSERT INTO POMODORO(ID, USER, CREATION_TIMESTAMP, WORK_TIME, BREAK_TIME, INTERRUPTED)
VALUES (5256, 1, '2019-03-05', 0, 0, true);
INSERT INTO POMODORO(ID, USER, CREATION_TIMESTAMP, WORK_TIME, BREAK_TIME, INTERRUPTED)
VALUES (5257, 1, '2019-03-05', 0, 0, false);
INSERT INTO POMODORO(ID, USER, CREATION_TIMESTAMP, WORK_TIME, BREAK_TIME, INTERRUPTED)
VALUES (5258, 1, '2019-03-05', 0, 0, false);
INSERT INTO POMODORO(ID, USER, CREATION_TIMESTAMP, WORK_TIME, BREAK_TIME, INTERRUPTED)
VALUES (5259, 1, '2019-03-05', 0, 0, false);
INSERT INTO POMODORO(ID, USER, CREATION_TIMESTAMP, WORK_TIME, BREAK_TIME, INTERRUPTED)
VALUES (5260, 1, '2019-03-05', 0, 0, false);
INSERT INTO POMODORO(ID, USER, CREATION_TIMESTAMP, WORK_TIME, BREAK_TIME, INTERRUPTED)
VALUES (5261, 1, '2019-03-05', 0, 0, false);
INSERT INTO POMODORO(ID, USER, CREATION_TIMESTAMP, WORK_TIME, BREAK_TIME, INTERRUPTED)
VALUES (5262, 1, '2019-03-05', 0, 0, false);
INSERT INTO POMODORO(ID, USER, CREATION_TIMESTAMP, WORK_TIME, BREAK_TIME, INTERRUPTED)
VALUES (5263, 1, '2019-03-05', 0, 0, false);
INSERT INTO POMODORO(ID, USER, CREATION_TIMESTAMP, WORK_TIME, BREAK_TIME, INTERRUPTED)
VALUES (5264, 1, '2019-03-05', 0, 0, false);
INSERT INTO POMODORO(ID, USER, CREATION_TIMESTAMP, WORK_TIME, BREAK_TIME, INTERRUPTED)
VALUES (5265, 1, '2019-03-04', 0, 0, false);
INSERT INTO POMODORO(ID, USER, CREATION_TIMESTAMP, WORK_TIME, BREAK_TIME, INTERRUPTED)
VALUES (5266, 1, '2019-03-04', 0, 0, true);
INSERT INTO POMODORO(ID, USER, CREATION_TIMESTAMP, WORK_TIME, BREAK_TIME, INTERRUPTED)
VALUES (5267, 1, '2019-03-04', 0, 0, false);
INSERT INTO POMODORO(ID, USER, CREATION_TIMESTAMP, WORK_TIME, BREAK_TIME, INTERRUPTED)
VALUES (5268, 1, '2019-03-04', 0, 0, true);
INSERT INTO POMODORO(ID, USER, CREATION_TIMESTAMP, WORK_TIME, BREAK_TIME, INTERRUPTED)
VALUES (5269, 1, '2019-03-04', 0, 0, true);
INSERT INTO POMODORO(ID, USER, CREATION_TIMESTAMP, WORK_TIME, BREAK_TIME, INTERRUPTED)
VALUES (5270, 1, '2019-03-04', 0, 0, true);
INSERT INTO POMODORO(ID, USER, CREATION_TIMESTAMP, WORK_TIME, BREAK_TIME, INTERRUPTED)
VALUES (5271, 1, '2019-03-04', 0, 0, true);
INSERT INTO POMODORO(ID, USER, CREATION_TIMESTAMP, WORK_TIME, BREAK_TIME, INTERRUPTED)
VALUES (5272, 1, '2019-03-04', 0, 0, true);
INSERT INTO POMODORO(ID, USER, CREATION_TIMESTAMP, WORK_TIME, BREAK_TIME, INTERRUPTED)
VALUES (5273, 1, '2019-03-04', 0, 0, true);
INSERT INTO POMODORO(ID, USER, CREATION_TIMESTAMP, WORK_TIME, BREAK_TIME, INTERRUPTED)
VALUES (5274, 1, '2019-03-04', 0, 0, false);
INSERT INTO POMODORO(ID, USER, CREATION_TIMESTAMP, WORK_TIME, BREAK_TIME, INTERRUPTED)
VALUES (5275, 1, '2019-03-04', 0, 0, false);
INSERT INTO POMODORO(ID, USER, CREATION_TIMESTAMP, WORK_TIME, BREAK_TIME, INTERRUPTED)
VALUES (5276, 1, '2019-03-04', 0, 0, false);
INSERT INTO POMODORO(ID, USER, CREATION_TIMESTAMP, WORK_TIME, BREAK_TIME, INTERRUPTED)
VALUES (5277, 1, '2019-03-04', 0, 0, false);
INSERT INTO POMODORO(ID, USER, CREATION_TIMESTAMP, WORK_TIME, BREAK_TIME, INTERRUPTED)
VALUES (5278, 1, '2019-03-04', 0, 0, true);
INSERT INTO POMODORO(ID, USER, CREATION_TIMESTAMP, WORK_TIME, BREAK_TIME, INTERRUPTED)
VALUES (5279, 1, '2019-03-04', 0, 0, false);
INSERT INTO POMODORO(ID, USER, CREATION_TIMESTAMP, WORK_TIME, BREAK_TIME, INTERRUPTED)
VALUES (5280, 1, '2019-03-04', 0, 0, true);
INSERT INTO POMODORO(ID, USER, CREATION_TIMESTAMP, WORK_TIME, BREAK_TIME, INTERRUPTED)
VALUES (5281, 1, '2019-03-04', 0, 0, false);
INSERT INTO POMODORO(ID, USER, CREATION_TIMESTAMP, WORK_TIME, BREAK_TIME, INTERRUPTED)
VALUES (5282, 1, '2019-03-04', 0, 0, true);
INSERT INTO POMODORO(ID, USER, CREATION_TIMESTAMP, WORK_TIME, BREAK_TIME, INTERRUPTED)
VALUES (5283, 1, '2019-03-04', 0, 0, true);
INSERT INTO POMODORO(ID, USER, CREATION_TIMESTAMP, WORK_TIME, BREAK_TIME, INTERRUPTED)
VALUES (5284, 1, '2019-03-04', 0, 0, true);
INSERT INTO POMODORO(ID, USER, CREATION_TIMESTAMP, WORK_TIME, BREAK_TIME, INTERRUPTED)
VALUES (5285, 1, '2019-03-04', 0, 0, true);
INSERT INTO POMODORO(ID, USER, CREATION_TIMESTAMP, WORK_TIME, BREAK_TIME, INTERRUPTED)
VALUES (5286, 1, '2019-03-04', 0, 0, false);
INSERT INTO POMODORO(ID, USER, CREATION_TIMESTAMP, WORK_TIME, BREAK_TIME, INTERRUPTED)
VALUES (5287, 1, '2019-03-04', 0, 0, false);
INSERT INTO POMODORO(ID, USER, CREATION_TIMESTAMP, WORK_TIME, BREAK_TIME, INTERRUPTED)
VALUES (5288, 1, '2019-03-04', 0, 0, true);
INSERT INTO POMODORO(ID, USER, CREATION_TIMESTAMP, WORK_TIME, BREAK_TIME, INTERRUPTED)
VALUES (5289, 1, '2019-03-04', 0, 0, true);
INSERT INTO POMODORO(ID, USER, CREATION_TIMESTAMP, WORK_TIME, BREAK_TIME, INTERRUPTED)
VALUES (5290, 1, '2019-03-04', 0, 0, false);
INSERT INTO POMODORO(ID, USER, CREATION_TIMESTAMP, WORK_TIME, BREAK_TIME, INTERRUPTED)
VALUES (5291, 1, '2019-03-04', 0, 0, false);
INSERT INTO POMODORO(ID, USER, CREATION_TIMESTAMP, WORK_TIME, BREAK_TIME, INTERRUPTED)
VALUES (5292, 1, '2019-03-04', 0, 0, false);
INSERT INTO POMODORO(ID, USER, CREATION_TIMESTAMP, WORK_TIME, BREAK_TIME, INTERRUPTED)
VALUES (5293, 1, '2019-03-04', 0, 0, false);
INSERT INTO POMODORO(ID, USER, CREATION_TIMESTAMP, WORK_TIME, BREAK_TIME, INTERRUPTED)
VALUES (5294, 1, '2019-03-04', 0, 0, false);
INSERT INTO POMODORO(ID, USER, CREATION_TIMESTAMP, WORK_TIME, BREAK_TIME, INTERRUPTED)
VALUES (5295, 1, '2019-03-04', 0, 0, false);
INSERT INTO POMODORO(ID, USER, CREATION_TIMESTAMP, WORK_TIME, BREAK_TIME, INTERRUPTED)
VALUES (5296, 1, '2019-03-04', 0, 0, true);
INSERT INTO POMODORO(ID, USER, CREATION_TIMESTAMP, WORK_TIME, BREAK_TIME, INTERRUPTED)
VALUES (5297, 1, '2019-03-04', 0, 0, false);
INSERT INTO POMODORO(ID, USER, CREATION_TIMESTAMP, WORK_TIME, BREAK_TIME, INTERRUPTED)
VALUES (5298, 1, '2019-03-04', 0, 0, false);
INSERT INTO POMODORO(ID, USER, CREATION_TIMESTAMP, WORK_TIME, BREAK_TIME, INTERRUPTED)
VALUES (5299, 1, '2019-03-04', 0, 0, true);
INSERT INTO POMODORO(ID, USER, CREATION_TIMESTAMP, WORK_TIME, BREAK_TIME, INTERRUPTED)
VALUES (5300, 1, '2019-03-03', 0, 0, false);
INSERT INTO POMODORO(ID, USER, CREATION_TIMESTAMP, WORK_TIME, BREAK_TIME, INTERRUPTED)
VALUES (5301, 1, '2019-03-03', 0, 0, false);
INSERT INTO POMODORO(ID, USER, CREATION_TIMESTAMP, WORK_TIME, BREAK_TIME, INTERRUPTED)
VALUES (5302, 1, '2019-03-03', 0, 0, false);
INSERT INTO POMODORO(ID, USER, CREATION_TIMESTAMP, WORK_TIME, BREAK_TIME, INTERRUPTED)
VALUES (5303, 1, '2019-03-03', 0, 0, false);
INSERT INTO POMODORO(ID, USER, CREATION_TIMESTAMP, WORK_TIME, BREAK_TIME, INTERRUPTED)
VALUES (5304, 1, '2019-03-03', 0, 0, true);
INSERT INTO POMODORO(ID, USER, CREATION_TIMESTAMP, WORK_TIME, BREAK_TIME, INTERRUPTED)
VALUES (5305, 1, '2019-03-03', 0, 0, true);
INSERT INTO POMODORO(ID, USER, CREATION_TIMESTAMP, WORK_TIME, BREAK_TIME, INTERRUPTED)
VALUES (5306, 1, '2019-03-03', 0, 0, false);
INSERT INTO POMODORO(ID, USER, CREATION_TIMESTAMP, WORK_TIME, BREAK_TIME, INTERRUPTED)
VALUES (5307, 1, '2019-03-03', 0, 0, false);
INSERT INTO POMODORO(ID, USER, CREATION_TIMESTAMP, WORK_TIME, BREAK_TIME, INTERRUPTED)
VALUES (5308, 1, '2019-03-03', 0, 0, true);
INSERT INTO POMODORO(ID, USER, CREATION_TIMESTAMP, WORK_TIME, BREAK_TIME, INTERRUPTED)
VALUES (5309, 1, '2019-03-03', 0, 0, false);
INSERT INTO POMODORO(ID, USER, CREATION_TIMESTAMP, WORK_TIME, BREAK_TIME, INTERRUPTED)
VALUES (5310, 1, '2019-03-03', 0, 0, true);
INSERT INTO POMODORO(ID, USER, CREATION_TIMESTAMP, WORK_TIME, BREAK_TIME, INTERRUPTED)
VALUES (5311, 1, '2019-03-03', 0, 0, true);
INSERT INTO POMODORO(ID, USER, CREATION_TIMESTAMP, WORK_TIME, BREAK_TIME, INTERRUPTED)
VALUES (5312, 1, '2019-03-03', 0, 0, false);
INSERT INTO POMODORO(ID, USER, CREATION_TIMESTAMP, WORK_TIME, BREAK_TIME, INTERRUPTED)
VALUES (5313, 1, '2019-03-03', 0, 0, false);
INSERT INTO POMODORO(ID, USER, CREATION_TIMESTAMP, WORK_TIME, BREAK_TIME, INTERRUPTED)
VALUES (5314, 1, '2019-03-03', 0, 0, true);
INSERT INTO POMODORO(ID, USER, CREATION_TIMESTAMP, WORK_TIME, BREAK_TIME, INTERRUPTED)
VALUES (5315, 1, '2019-03-03', 0, 0, false);
INSERT INTO POMODORO(ID, USER, CREATION_TIMESTAMP, WORK_TIME, BREAK_TIME, INTERRUPTED)
VALUES (5316, 1, '2019-03-03', 0, 0, true);
INSERT INTO POMODORO(ID, USER, CREATION_TIMESTAMP, WORK_TIME, BREAK_TIME, INTERRUPTED)
VALUES (5317, 1, '2019-03-03', 0, 0, false);
INSERT INTO POMODORO(ID, USER, CREATION_TIMESTAMP, WORK_TIME, BREAK_TIME, INTERRUPTED)
VALUES (5318, 1, '2019-03-03', 0, 0, true);
INSERT INTO POMODORO(ID, USER, CREATION_TIMESTAMP, WORK_TIME, BREAK_TIME, INTERRUPTED)
VALUES (5319, 1, '2019-03-03', 0, 0, true);
INSERT INTO POMODORO(ID, USER, CREATION_TIMESTAMP, WORK_TIME, BREAK_TIME, INTERRUPTED)
VALUES (5320, 1, '2019-03-03', 0, 0, true);
INSERT INTO POMODORO(ID, USER, CREATION_TIMESTAMP, WORK_TIME, BREAK_TIME, INTERRUPTED)
VALUES (5321, 1, '2019-03-01', 0, 0, false);
INSERT INTO POMODORO(ID, USER, CREATION_TIMESTAMP, WORK_TIME, BREAK_TIME, INTERRUPTED)
VALUES (5322, 1, '2019-03-01', 0, 0, true);
INSERT INTO POMODORO(ID, USER, CREATION_TIMESTAMP, WORK_TIME, BREAK_TIME, INTERRUPTED)
VALUES (5323, 1, '2019-03-01', 0, 0, true);
INSERT INTO POMODORO(ID, USER, CREATION_TIMESTAMP, WORK_TIME, BREAK_TIME, INTERRUPTED)
VALUES (5324, 1, '2019-03-01', 0, 0, false);
INSERT INTO POMODORO(ID, USER, CREATION_TIMESTAMP, WORK_TIME, BREAK_TIME, INTERRUPTED)
VALUES (5325, 1, '2019-03-01', 0, 0, true);
INSERT INTO POMODORO(ID, USER, CREATION_TIMESTAMP, WORK_TIME, BREAK_TIME, INTERRUPTED)
VALUES (5326, 1, '2019-03-01', 0, 0, false);
INSERT INTO POMODORO(ID, USER, CREATION_TIMESTAMP, WORK_TIME, BREAK_TIME, INTERRUPTED)
VALUES (5327, 1, '2019-03-01', 0, 0, true);
INSERT INTO POMODORO(ID, USER, CREATION_TIMESTAMP, WORK_TIME, BREAK_TIME, INTERRUPTED)
VALUES (5328, 1, '2019-03-01', 0, 0, true);
INSERT INTO POMODORO(ID, USER, CREATION_TIMESTAMP, WORK_TIME, BREAK_TIME, INTERRUPTED)
VALUES (5329, 1, '2019-03-01', 0, 0, true);
INSERT INTO POMODORO(ID, USER, CREATION_TIMESTAMP, WORK_TIME, BREAK_TIME, INTERRUPTED)
VALUES (5330, 1, '2019-03-01', 0, 0, true);
INSERT INTO POMODORO(ID, USER, CREATION_TIMESTAMP, WORK_TIME, BREAK_TIME, INTERRUPTED)
VALUES (5331, 1, '2019-03-01', 0, 0, true);
INSERT INTO POMODORO(ID, USER, CREATION_TIMESTAMP, WORK_TIME, BREAK_TIME, INTERRUPTED)
VALUES (5332, 1, '2019-03-01', 0, 0, true);
INSERT INTO POMODORO(ID, USER, CREATION_TIMESTAMP, WORK_TIME, BREAK_TIME, INTERRUPTED)
VALUES (5333, 1, '2019-03-01', 0, 0, false);
INSERT INTO POMODORO(ID, USER, CREATION_TIMESTAMP, WORK_TIME, BREAK_TIME, INTERRUPTED)
VALUES (5334, 1, '2019-03-01', 0, 0, false);
INSERT INTO POMODORO(ID, USER, CREATION_TIMESTAMP, WORK_TIME, BREAK_TIME, INTERRUPTED)
VALUES (5335, 1, '2019-03-01', 0, 0, true);
INSERT INTO POMODORO(ID, USER, CREATION_TIMESTAMP, WORK_TIME, BREAK_TIME, INTERRUPTED)
VALUES (5336, 1, '2019-03-01', 0, 0, true);
INSERT INTO POMODORO(ID, USER, CREATION_TIMESTAMP, WORK_TIME, BREAK_TIME, INTERRUPTED)
VALUES (5337, 1, '2019-03-01', 0, 0, true);
INSERT INTO POMODORO(ID, USER, CREATION_TIMESTAMP, WORK_TIME, BREAK_TIME, INTERRUPTED)
VALUES (5338, 1, '2019-02-28', 0, 0, true);
INSERT INTO POMODORO(ID, USER, CREATION_TIMESTAMP, WORK_TIME, BREAK_TIME, INTERRUPTED)
VALUES (5339, 1, '2019-02-28', 0, 0, true);
INSERT INTO POMODORO(ID, USER, CREATION_TIMESTAMP, WORK_TIME, BREAK_TIME, INTERRUPTED)
VALUES (5340, 1, '2019-02-28', 0, 0, false);
INSERT INTO POMODORO(ID, USER, CREATION_TIMESTAMP, WORK_TIME, BREAK_TIME, INTERRUPTED)
VALUES (5341, 1, '2019-02-28', 0, 0, true);
INSERT INTO POMODORO(ID, USER, CREATION_TIMESTAMP, WORK_TIME, BREAK_TIME, INTERRUPTED)
VALUES (5342, 1, '2019-02-28', 0, 0, false);
INSERT INTO POMODORO(ID, USER, CREATION_TIMESTAMP, WORK_TIME, BREAK_TIME, INTERRUPTED)
VALUES (5343, 1, '2019-02-28', 0, 0, false);
INSERT INTO POMODORO(ID, USER, CREATION_TIMESTAMP, WORK_TIME, BREAK_TIME, INTERRUPTED)
VALUES (5344, 1, '2019-02-28', 0, 0, false);
INSERT INTO POMODORO(ID, USER, CREATION_TIMESTAMP, WORK_TIME, BREAK_TIME, INTERRUPTED)
VALUES (5345, 1, '2019-02-27', 0, 0, false);
INSERT INTO POMODORO(ID, USER, CREATION_TIMESTAMP, WORK_TIME, BREAK_TIME, INTERRUPTED)
VALUES (5346, 1, '2019-02-27', 0, 0, false);
INSERT INTO POMODORO(ID, USER, CREATION_TIMESTAMP, WORK_TIME, BREAK_TIME, INTERRUPTED)
VALUES (5347, 1, '2019-02-27', 0, 0, true);
INSERT INTO POMODORO(ID, USER, CREATION_TIMESTAMP, WORK_TIME, BREAK_TIME, INTERRUPTED)
VALUES (5348, 1, '2019-02-27', 0, 0, false);
INSERT INTO POMODORO(ID, USER, CREATION_TIMESTAMP, WORK_TIME, BREAK_TIME, INTERRUPTED)
VALUES (5349, 1, '2019-02-27', 0, 0, true);
INSERT INTO POMODORO(ID, USER, CREATION_TIMESTAMP, WORK_TIME, BREAK_TIME, INTERRUPTED)
VALUES (5350, 1, '2019-02-27', 0, 0, false);
INSERT INTO POMODORO(ID, USER, CREATION_TIMESTAMP, WORK_TIME, BREAK_TIME, INTERRUPTED)
VALUES (5351, 1, '2019-02-27', 0, 0, true);
INSERT INTO POMODORO(ID, USER, CREATION_TIMESTAMP, WORK_TIME, BREAK_TIME, INTERRUPTED)
VALUES (5352, 1, '2019-02-27', 0, 0, true);
INSERT INTO POMODORO(ID, USER, CREATION_TIMESTAMP, WORK_TIME, BREAK_TIME, INTERRUPTED)
VALUES (5353, 1, '2019-02-27', 0, 0, false);
INSERT INTO POMODORO(ID, USER, CREATION_TIMESTAMP, WORK_TIME, BREAK_TIME, INTERRUPTED)
VALUES (5354, 1, '2019-02-27', 0, 0, true);
INSERT INTO POMODORO(ID, USER, CREATION_TIMESTAMP, WORK_TIME, BREAK_TIME, INTERRUPTED)
VALUES (5355, 1, '2019-02-27', 0, 0, true);
INSERT INTO POMODORO(ID, USER, CREATION_TIMESTAMP, WORK_TIME, BREAK_TIME, INTERRUPTED)
VALUES (5356, 1, '2019-02-27', 0, 0, false);
INSERT INTO POMODORO(ID, USER, CREATION_TIMESTAMP, WORK_TIME, BREAK_TIME, INTERRUPTED)
VALUES (5357, 1, '2019-02-27', 0, 0, true);
INSERT INTO POMODORO(ID, USER, CREATION_TIMESTAMP, WORK_TIME, BREAK_TIME, INTERRUPTED)
VALUES (5358, 1, '2019-02-27', 0, 0, true);
INSERT INTO POMODORO(ID, USER, CREATION_TIMESTAMP, WORK_TIME, BREAK_TIME, INTERRUPTED)
VALUES (5359, 1, '2019-02-27', 0, 0, true);
INSERT INTO POMODORO(ID, USER, CREATION_TIMESTAMP, WORK_TIME, BREAK_TIME, INTERRUPTED)
VALUES (5360, 1, '2019-02-27', 0, 0, true);
INSERT INTO POMODORO(ID, USER, CREATION_TIMESTAMP, WORK_TIME, BREAK_TIME, INTERRUPTED)
VALUES (5361, 1, '2019-02-27', 0, 0, true);
INSERT INTO POMODORO(ID, USER, CREATION_TIMESTAMP, WORK_TIME, BREAK_TIME, INTERRUPTED)
VALUES (5362, 1, '2019-02-27', 0, 0, false);
INSERT INTO POMODORO(ID, USER, CREATION_TIMESTAMP, WORK_TIME, BREAK_TIME, INTERRUPTED)
VALUES (5363, 1, '2019-02-27', 0, 0, false);
INSERT INTO POMODORO(ID, USER, CREATION_TIMESTAMP, WORK_TIME, BREAK_TIME, INTERRUPTED)
VALUES (5364, 1, '2019-02-27', 0, 0, false);
INSERT INTO POMODORO(ID, USER, CREATION_TIMESTAMP, WORK_TIME, BREAK_TIME, INTERRUPTED)
VALUES (5365, 1, '2019-02-27', 0, 0, true);
INSERT INTO POMODORO(ID, USER, CREATION_TIMESTAMP, WORK_TIME, BREAK_TIME, INTERRUPTED)
VALUES (5366, 1, '2019-02-27', 0, 0, true);
INSERT INTO POMODORO(ID, USER, CREATION_TIMESTAMP, WORK_TIME, BREAK_TIME, INTERRUPTED)
VALUES (5367, 1, '2019-02-27', 0, 0, true);
INSERT INTO POMODORO(ID, USER, CREATION_TIMESTAMP, WORK_TIME, BREAK_TIME, INTERRUPTED)
VALUES (5368, 1, '2019-02-27', 0, 0, true);
INSERT INTO POMODORO(ID, USER, CREATION_TIMESTAMP, WORK_TIME, BREAK_TIME, INTERRUPTED)
VALUES (5369, 1, '2019-02-26', 0, 0, false);
INSERT INTO POMODORO(ID, USER, CREATION_TIMESTAMP, WORK_TIME, BREAK_TIME, INTERRUPTED)
VALUES (5370, 1, '2019-02-26', 0, 0, true);
INSERT INTO POMODORO(ID, USER, CREATION_TIMESTAMP, WORK_TIME, BREAK_TIME, INTERRUPTED)
VALUES (5371, 1, '2019-02-26', 0, 0, false);
INSERT INTO POMODORO(ID, USER, CREATION_TIMESTAMP, WORK_TIME, BREAK_TIME, INTERRUPTED)
VALUES (5372, 1, '2019-02-26', 0, 0, false);
INSERT INTO POMODORO(ID, USER, CREATION_TIMESTAMP, WORK_TIME, BREAK_TIME, INTERRUPTED)
VALUES (5373, 1, '2019-02-26', 0, 0, true);
INSERT INTO POMODORO(ID, USER, CREATION_TIMESTAMP, WORK_TIME, BREAK_TIME, INTERRUPTED)
VALUES (5374, 1, '2019-02-26', 0, 0, false);
INSERT INTO POMODORO(ID, USER, CREATION_TIMESTAMP, WORK_TIME, BREAK_TIME, INTERRUPTED)
VALUES (5375, 1, '2019-02-26', 0, 0, false);
INSERT INTO POMODORO(ID, USER, CREATION_TIMESTAMP, WORK_TIME, BREAK_TIME, INTERRUPTED)
VALUES (5376, 1, '2019-02-26', 0, 0, true);
INSERT INTO POMODORO(ID, USER, CREATION_TIMESTAMP, WORK_TIME, BREAK_TIME, INTERRUPTED)
VALUES (5377, 1, '2019-02-26', 0, 0, true);
INSERT INTO POMODORO(ID, USER, CREATION_TIMESTAMP, WORK_TIME, BREAK_TIME, INTERRUPTED)
VALUES (5378, 1, '2019-02-26', 0, 0, true);
INSERT INTO POMODORO(ID, USER, CREATION_TIMESTAMP, WORK_TIME, BREAK_TIME, INTERRUPTED)
VALUES (5379, 1, '2019-02-26', 0, 0, false);
INSERT INTO POMODORO(ID, USER, CREATION_TIMESTAMP, WORK_TIME, BREAK_TIME, INTERRUPTED)
VALUES (5380, 1, '2019-02-26', 0, 0, false);
INSERT INTO POMODORO(ID, USER, CREATION_TIMESTAMP, WORK_TIME, BREAK_TIME, INTERRUPTED)
VALUES (5381, 1, '2019-02-26', 0, 0, false);
INSERT INTO POMODORO(ID, USER, CREATION_TIMESTAMP, WORK_TIME, BREAK_TIME, INTERRUPTED)
VALUES (5382, 1, '2019-02-26', 0, 0, true);
INSERT INTO POMODORO(ID, USER, CREATION_TIMESTAMP, WORK_TIME, BREAK_TIME, INTERRUPTED)
VALUES (5383, 1, '2019-02-26', 0, 0, false);
INSERT INTO POMODORO(ID, USER, CREATION_TIMESTAMP, WORK_TIME, BREAK_TIME, INTERRUPTED)
VALUES (5384, 1, '2019-02-26', 0, 0, true);
INSERT INTO POMODORO(ID, USER, CREATION_TIMESTAMP, WORK_TIME, BREAK_TIME, INTERRUPTED)
VALUES (5385, 1, '2019-02-26', 0, 0, false);
INSERT INTO POMODORO(ID, USER, CREATION_TIMESTAMP, WORK_TIME, BREAK_TIME, INTERRUPTED)
VALUES (5386, 1, '2019-02-25', 0, 0, true);
INSERT INTO POMODORO(ID, USER, CREATION_TIMESTAMP, WORK_TIME, BREAK_TIME, INTERRUPTED)
VALUES (5387, 1, '2019-02-25', 0, 0, true);
INSERT INTO POMODORO(ID, USER, CREATION_TIMESTAMP, WORK_TIME, BREAK_TIME, INTERRUPTED)
VALUES (5388, 1, '2019-02-25', 0, 0, false);
INSERT INTO POMODORO(ID, USER, CREATION_TIMESTAMP, WORK_TIME, BREAK_TIME, INTERRUPTED)
VALUES (5389, 1, '2019-02-25', 0, 0, true);
INSERT INTO POMODORO(ID, USER, CREATION_TIMESTAMP, WORK_TIME, BREAK_TIME, INTERRUPTED)
VALUES (5390, 1, '2019-02-25', 0, 0, true);
INSERT INTO POMODORO(ID, USER, CREATION_TIMESTAMP, WORK_TIME, BREAK_TIME, INTERRUPTED)
VALUES (5391, 1, '2019-02-25', 0, 0, false);
INSERT INTO POMODORO(ID, USER, CREATION_TIMESTAMP, WORK_TIME, BREAK_TIME, INTERRUPTED)
VALUES (5392, 1, '2019-02-25', 0, 0, false);
INSERT INTO POMODORO(ID, USER, CREATION_TIMESTAMP, WORK_TIME, BREAK_TIME, INTERRUPTED)
VALUES (5393, 1, '2019-02-25', 0, 0, true);
INSERT INTO POMODORO(ID, USER, CREATION_TIMESTAMP, WORK_TIME, BREAK_TIME, INTERRUPTED)
VALUES (5394, 1, '2019-02-25', 0, 0, true);
INSERT INTO POMODORO(ID, USER, CREATION_TIMESTAMP, WORK_TIME, BREAK_TIME, INTERRUPTED)
VALUES (5395, 1, '2019-02-25', 0, 0, false);
INSERT INTO POMODORO(ID, USER, CREATION_TIMESTAMP, WORK_TIME, BREAK_TIME, INTERRUPTED)
VALUES (5396, 1, '2019-02-25', 0, 0, false);
INSERT INTO POMODORO(ID, USER, CREATION_TIMESTAMP, WORK_TIME, BREAK_TIME, INTERRUPTED)
VALUES (5397, 1, '2019-02-25', 0, 0, false);
INSERT INTO POMODORO(ID, USER, CREATION_TIMESTAMP, WORK_TIME, BREAK_TIME, INTERRUPTED)
VALUES (5398, 1, '2019-02-25', 0, 0, true);
INSERT INTO POMODORO(ID, USER, CREATION_TIMESTAMP, WORK_TIME, BREAK_TIME, INTERRUPTED)
VALUES (5399, 1, '2019-02-25', 0, 0, false);
INSERT INTO POMODORO(ID, USER, CREATION_TIMESTAMP, WORK_TIME, BREAK_TIME, INTERRUPTED)
VALUES (5400, 1, '2019-02-25', 0, 0, false);
INSERT INTO POMODORO(ID, USER, CREATION_TIMESTAMP, WORK_TIME, BREAK_TIME, INTERRUPTED)
VALUES (5401, 1, '2019-02-25', 0, 0, true);
INSERT INTO POMODORO(ID, USER, CREATION_TIMESTAMP, WORK_TIME, BREAK_TIME, INTERRUPTED)
VALUES (5402, 1, '2019-02-25', 0, 0, false);
INSERT INTO POMODORO(ID, USER, CREATION_TIMESTAMP, WORK_TIME, BREAK_TIME, INTERRUPTED)
VALUES (5403, 1, '2019-02-25', 0, 0, false);
INSERT INTO POMODORO(ID, USER, CREATION_TIMESTAMP, WORK_TIME, BREAK_TIME, INTERRUPTED)
VALUES (5404, 1, '2019-02-25', 0, 0, false);
INSERT INTO POMODORO(ID, USER, CREATION_TIMESTAMP, WORK_TIME, BREAK_TIME, INTERRUPTED)
VALUES (5405, 1, '2019-02-25', 0, 0, true);
INSERT INTO POMODORO(ID, USER, CREATION_TIMESTAMP, WORK_TIME, BREAK_TIME, INTERRUPTED)
VALUES (5406, 1, '2019-02-25', 0, 0, false);
INSERT INTO POMODORO(ID, USER, CREATION_TIMESTAMP, WORK_TIME, BREAK_TIME, INTERRUPTED)
VALUES (5407, 1, '2019-02-25', 0, 0, false);
INSERT INTO POMODORO(ID, USER, CREATION_TIMESTAMP, WORK_TIME, BREAK_TIME, INTERRUPTED)
VALUES (5408, 1, '2019-02-25', 0, 0, true);
INSERT INTO POMODORO(ID, USER, CREATION_TIMESTAMP, WORK_TIME, BREAK_TIME, INTERRUPTED)
VALUES (5409, 1, '2019-02-25', 0, 0, true);
INSERT INTO POMODORO(ID, USER, CREATION_TIMESTAMP, WORK_TIME, BREAK_TIME, INTERRUPTED)
VALUES (5410, 1, '2019-02-25', 0, 0, true);
INSERT INTO POMODORO(ID, USER, CREATION_TIMESTAMP, WORK_TIME, BREAK_TIME, INTERRUPTED)
VALUES (5411, 1, '2019-02-25', 0, 0, false);
INSERT INTO POMODORO(ID, USER, CREATION_TIMESTAMP, WORK_TIME, BREAK_TIME, INTERRUPTED)
VALUES (5412, 1, '2019-02-25', 0, 0, true);
INSERT INTO POMODORO(ID, USER, CREATION_TIMESTAMP, WORK_TIME, BREAK_TIME, INTERRUPTED)
VALUES (5413, 1, '2019-02-25', 0, 0, true);
INSERT INTO POMODORO(ID, USER, CREATION_TIMESTAMP, WORK_TIME, BREAK_TIME, INTERRUPTED)
VALUES (5414, 1, '2019-02-25', 0, 0, true);
INSERT INTO POMODORO(ID, USER, CREATION_TIMESTAMP, WORK_TIME, BREAK_TIME, INTERRUPTED)
VALUES (5415, 1, '2019-02-25', 0, 0, false);
INSERT INTO POMODORO(ID, USER, CREATION_TIMESTAMP, WORK_TIME, BREAK_TIME, INTERRUPTED)
VALUES (5416, 1, '2019-02-25', 0, 0, true);
INSERT INTO POMODORO(ID, USER, CREATION_TIMESTAMP, WORK_TIME, BREAK_TIME, INTERRUPTED)
VALUES (5417, 1, '2019-02-25', 0, 0, false);
INSERT INTO POMODORO(ID, USER, CREATION_TIMESTAMP, WORK_TIME, BREAK_TIME, INTERRUPTED)
VALUES (5418, 1, '2019-02-24', 0, 0, true);
INSERT INTO POMODORO(ID, USER, CREATION_TIMESTAMP, WORK_TIME, BREAK_TIME, INTERRUPTED)
VALUES (5419, 1, '2019-02-24', 0, 0, false);
INSERT INTO POMODORO(ID, USER, CREATION_TIMESTAMP, WORK_TIME, BREAK_TIME, INTERRUPTED)
VALUES (5420, 1, '2019-02-24', 0, 0, true);
INSERT INTO POMODORO(ID, USER, CREATION_TIMESTAMP, WORK_TIME, BREAK_TIME, INTERRUPTED)
VALUES (5421, 1, '2019-02-24', 0, 0, false);
INSERT INTO POMODORO(ID, USER, CREATION_TIMESTAMP, WORK_TIME, BREAK_TIME, INTERRUPTED)
VALUES (5422, 1, '2019-02-24', 0, 0, false);
INSERT INTO POMODORO(ID, USER, CREATION_TIMESTAMP, WORK_TIME, BREAK_TIME, INTERRUPTED)
VALUES (5423, 1, '2019-02-24', 0, 0, true);
INSERT INTO POMODORO(ID, USER, CREATION_TIMESTAMP, WORK_TIME, BREAK_TIME, INTERRUPTED)
VALUES (5424, 1, '2019-02-24', 0, 0, true);
INSERT INTO POMODORO(ID, USER, CREATION_TIMESTAMP, WORK_TIME, BREAK_TIME, INTERRUPTED)
VALUES (5425, 1, '2019-02-24', 0, 0, true);
INSERT INTO POMODORO(ID, USER, CREATION_TIMESTAMP, WORK_TIME, BREAK_TIME, INTERRUPTED)
VALUES (5426, 1, '2019-02-24', 0, 0, false);
INSERT INTO POMODORO(ID, USER, CREATION_TIMESTAMP, WORK_TIME, BREAK_TIME, INTERRUPTED)
VALUES (5427, 1, '2019-02-24', 0, 0, false);
INSERT INTO POMODORO(ID, USER, CREATION_TIMESTAMP, WORK_TIME, BREAK_TIME, INTERRUPTED)
VALUES (5428, 1, '2019-02-24', 0, 0, true);
INSERT INTO POMODORO(ID, USER, CREATION_TIMESTAMP, WORK_TIME, BREAK_TIME, INTERRUPTED)
VALUES (5429, 1, '2019-02-24', 0, 0, true);
INSERT INTO POMODORO(ID, USER, CREATION_TIMESTAMP, WORK_TIME, BREAK_TIME, INTERRUPTED)
VALUES (5430, 1, '2019-02-24', 0, 0, true);
INSERT INTO POMODORO(ID, USER, CREATION_TIMESTAMP, WORK_TIME, BREAK_TIME, INTERRUPTED)
VALUES (5431, 1, '2019-02-24', 0, 0, true);
INSERT INTO POMODORO(ID, USER, CREATION_TIMESTAMP, WORK_TIME, BREAK_TIME, INTERRUPTED)
VALUES (5432, 1, '2019-02-24', 0, 0, false);
INSERT INTO POMODORO(ID, USER, CREATION_TIMESTAMP, WORK_TIME, BREAK_TIME, INTERRUPTED)
VALUES (5433, 1, '2019-02-24', 0, 0, true);
INSERT INTO POMODORO(ID, USER, CREATION_TIMESTAMP, WORK_TIME, BREAK_TIME, INTERRUPTED)
VALUES (5434, 1, '2019-02-24', 0, 0, true);
INSERT INTO POMODORO(ID, USER, CREATION_TIMESTAMP, WORK_TIME, BREAK_TIME, INTERRUPTED)
VALUES (5435, 1, '2019-02-24', 0, 0, true);
INSERT INTO POMODORO(ID, USER, CREATION_TIMESTAMP, WORK_TIME, BREAK_TIME, INTERRUPTED)
VALUES (5436, 1, '2019-02-24', 0, 0, true);
INSERT INTO POMODORO(ID, USER, CREATION_TIMESTAMP, WORK_TIME, BREAK_TIME, INTERRUPTED)
VALUES (5437, 1, '2019-02-24', 0, 0, true);
INSERT INTO POMODORO(ID, USER, CREATION_TIMESTAMP, WORK_TIME, BREAK_TIME, INTERRUPTED)
VALUES (5438, 1, '2019-02-24', 0, 0, false);
INSERT INTO POMODORO(ID, USER, CREATION_TIMESTAMP, WORK_TIME, BREAK_TIME, INTERRUPTED)
VALUES (5439, 1, '2019-02-24', 0, 0, true);
INSERT INTO POMODORO(ID, USER, CREATION_TIMESTAMP, WORK_TIME, BREAK_TIME, INTERRUPTED)
VALUES (5440, 1, '2019-02-24', 0, 0, true);
INSERT INTO POMODORO(ID, USER, CREATION_TIMESTAMP, WORK_TIME, BREAK_TIME, INTERRUPTED)
VALUES (5441, 1, '2019-02-24', 0, 0, true);
INSERT INTO POMODORO(ID, USER, CREATION_TIMESTAMP, WORK_TIME, BREAK_TIME, INTERRUPTED)
VALUES (5442, 1, '2019-02-24', 0, 0, false);
INSERT INTO POMODORO(ID, USER, CREATION_TIMESTAMP, WORK_TIME, BREAK_TIME, INTERRUPTED)
VALUES (5443, 1, '2019-02-24', 0, 0, false);
INSERT INTO POMODORO(ID, USER, CREATION_TIMESTAMP, WORK_TIME, BREAK_TIME, INTERRUPTED)
VALUES (5444, 1, '2019-02-24', 0, 0, true);
INSERT INTO POMODORO(ID, USER, CREATION_TIMESTAMP, WORK_TIME, BREAK_TIME, INTERRUPTED)
VALUES (5445, 1, '2019-02-24', 0, 0, false);
INSERT INTO POMODORO(ID, USER, CREATION_TIMESTAMP, WORK_TIME, BREAK_TIME, INTERRUPTED)
VALUES (5446, 1, '2019-02-24', 0, 0, true);
INSERT INTO POMODORO(ID, USER, CREATION_TIMESTAMP, WORK_TIME, BREAK_TIME, INTERRUPTED)
VALUES (5447, 1, '2019-02-24', 0, 0, false);
INSERT INTO POMODORO(ID, USER, CREATION_TIMESTAMP, WORK_TIME, BREAK_TIME, INTERRUPTED)
VALUES (5448, 1, '2019-02-24', 0, 0, true);
INSERT INTO POMODORO(ID, USER, CREATION_TIMESTAMP, WORK_TIME, BREAK_TIME, INTERRUPTED)
VALUES (5449, 1, '2019-02-24', 0, 0, true);
INSERT INTO POMODORO(ID, USER, CREATION_TIMESTAMP, WORK_TIME, BREAK_TIME, INTERRUPTED)
VALUES (5450, 1, '2019-02-24', 0, 0, false);
INSERT INTO POMODORO(ID, USER, CREATION_TIMESTAMP, WORK_TIME, BREAK_TIME, INTERRUPTED)
VALUES (5451, 1, '2019-02-24', 0, 0, false);
INSERT INTO POMODORO(ID, USER, CREATION_TIMESTAMP, WORK_TIME, BREAK_TIME, INTERRUPTED)
VALUES (5452, 1, '2019-02-24', 0, 0, false);
INSERT INTO POMODORO(ID, USER, CREATION_TIMESTAMP, WORK_TIME, BREAK_TIME, INTERRUPTED)
VALUES (5453, 1, '2019-02-24', 0, 0, false);
INSERT INTO POMODORO(ID, USER, CREATION_TIMESTAMP, WORK_TIME, BREAK_TIME, INTERRUPTED)
VALUES (5454, 1, '2019-02-24', 0, 0, false);
INSERT INTO POMODORO(ID, USER, CREATION_TIMESTAMP, WORK_TIME, BREAK_TIME, INTERRUPTED)
VALUES (5455, 1, '2019-02-24', 0, 0, true);
INSERT INTO POMODORO(ID, USER, CREATION_TIMESTAMP, WORK_TIME, BREAK_TIME, INTERRUPTED)
VALUES (5456, 1, '2019-02-24', 0, 0, false);
INSERT INTO POMODORO(ID, USER, CREATION_TIMESTAMP, WORK_TIME, BREAK_TIME, INTERRUPTED)
VALUES (5457, 1, '2019-02-24', 0, 0, true);
INSERT INTO POMODORO(ID, USER, CREATION_TIMESTAMP, WORK_TIME, BREAK_TIME, INTERRUPTED)
VALUES (5458, 1, '2019-02-24', 0, 0, false);
INSERT INTO POMODORO(ID, USER, CREATION_TIMESTAMP, WORK_TIME, BREAK_TIME, INTERRUPTED)
VALUES (5459, 1, '2019-02-24', 0, 0, true);
INSERT INTO POMODORO(ID, USER, CREATION_TIMESTAMP, WORK_TIME, BREAK_TIME, INTERRUPTED)
VALUES (5460, 1, '2019-02-23', 0, 0, true);
INSERT INTO POMODORO(ID, USER, CREATION_TIMESTAMP, WORK_TIME, BREAK_TIME, INTERRUPTED)
VALUES (5461, 1, '2019-02-23', 0, 0, false);
INSERT INTO POMODORO(ID, USER, CREATION_TIMESTAMP, WORK_TIME, BREAK_TIME, INTERRUPTED)
VALUES (5462, 1, '2019-02-23', 0, 0, false);
INSERT INTO POMODORO(ID, USER, CREATION_TIMESTAMP, WORK_TIME, BREAK_TIME, INTERRUPTED)
VALUES (5463, 1, '2019-02-23', 0, 0, true);
INSERT INTO POMODORO(ID, USER, CREATION_TIMESTAMP, WORK_TIME, BREAK_TIME, INTERRUPTED)
VALUES (5464, 1, '2019-02-23', 0, 0, false);
INSERT INTO POMODORO(ID, USER, CREATION_TIMESTAMP, WORK_TIME, BREAK_TIME, INTERRUPTED)
VALUES (5465, 1, '2019-02-23', 0, 0, true);
INSERT INTO POMODORO(ID, USER, CREATION_TIMESTAMP, WORK_TIME, BREAK_TIME, INTERRUPTED)
VALUES (5466, 1, '2019-02-23', 0, 0, false);
INSERT INTO POMODORO(ID, USER, CREATION_TIMESTAMP, WORK_TIME, BREAK_TIME, INTERRUPTED)
VALUES (5467, 1, '2019-02-23', 0, 0, false);
INSERT INTO POMODORO(ID, USER, CREATION_TIMESTAMP, WORK_TIME, BREAK_TIME, INTERRUPTED)
VALUES (5468, 1, '2019-02-23', 0, 0, true);
INSERT INTO POMODORO(ID, USER, CREATION_TIMESTAMP, WORK_TIME, BREAK_TIME, INTERRUPTED)
VALUES (5469, 1, '2019-02-23', 0, 0, true);
INSERT INTO POMODORO(ID, USER, CREATION_TIMESTAMP, WORK_TIME, BREAK_TIME, INTERRUPTED)
VALUES (5470, 1, '2019-02-23', 0, 0, false);
INSERT INTO POMODORO(ID, USER, CREATION_TIMESTAMP, WORK_TIME, BREAK_TIME, INTERRUPTED)
VALUES (5471, 1, '2019-02-23', 0, 0, true);
INSERT INTO POMODORO(ID, USER, CREATION_TIMESTAMP, WORK_TIME, BREAK_TIME, INTERRUPTED)
VALUES (5472, 1, '2019-02-23', 0, 0, false);
INSERT INTO POMODORO(ID, USER, CREATION_TIMESTAMP, WORK_TIME, BREAK_TIME, INTERRUPTED)
VALUES (5473, 1, '2019-02-23', 0, 0, true);
INSERT INTO POMODORO(ID, USER, CREATION_TIMESTAMP, WORK_TIME, BREAK_TIME, INTERRUPTED)
VALUES (5474, 1, '2019-02-23', 0, 0, true);
INSERT INTO POMODORO(ID, USER, CREATION_TIMESTAMP, WORK_TIME, BREAK_TIME, INTERRUPTED)
VALUES (5475, 1, '2019-02-23', 0, 0, true);
INSERT INTO POMODORO(ID, USER, CREATION_TIMESTAMP, WORK_TIME, BREAK_TIME, INTERRUPTED)
VALUES (5476, 1, '2019-02-23', 0, 0, false);
INSERT INTO POMODORO(ID, USER, CREATION_TIMESTAMP, WORK_TIME, BREAK_TIME, INTERRUPTED)
VALUES (5477, 1, '2019-02-23', 0, 0, true);
INSERT INTO POMODORO(ID, USER, CREATION_TIMESTAMP, WORK_TIME, BREAK_TIME, INTERRUPTED)
VALUES (5478, 1, '2019-02-23', 0, 0, true);
INSERT INTO POMODORO(ID, USER, CREATION_TIMESTAMP, WORK_TIME, BREAK_TIME, INTERRUPTED)
VALUES (5479, 1, '2019-02-23', 0, 0, false);
INSERT INTO POMODORO(ID, USER, CREATION_TIMESTAMP, WORK_TIME, BREAK_TIME, INTERRUPTED)
VALUES (5480, 1, '2019-02-23', 0, 0, true);
INSERT INTO POMODORO(ID, USER, CREATION_TIMESTAMP, WORK_TIME, BREAK_TIME, INTERRUPTED)
VALUES (5481, 1, '2019-02-23', 0, 0, true);
INSERT INTO POMODORO(ID, USER, CREATION_TIMESTAMP, WORK_TIME, BREAK_TIME, INTERRUPTED)
VALUES (5482, 1, '2019-02-23', 0, 0, false);
INSERT INTO POMODORO(ID, USER, CREATION_TIMESTAMP, WORK_TIME, BREAK_TIME, INTERRUPTED)
VALUES (5483, 1, '2019-02-23', 0, 0, false);
INSERT INTO POMODORO(ID, USER, CREATION_TIMESTAMP, WORK_TIME, BREAK_TIME, INTERRUPTED)
VALUES (5484, 1, '2019-02-23', 0, 0, true);
INSERT INTO POMODORO(ID, USER, CREATION_TIMESTAMP, WORK_TIME, BREAK_TIME, INTERRUPTED)
VALUES (5485, 1, '2019-02-23', 0, 0, false);
INSERT INTO POMODORO(ID, USER, CREATION_TIMESTAMP, WORK_TIME, BREAK_TIME, INTERRUPTED)
VALUES (5486, 1, '2019-02-23', 0, 0, true);
INSERT INTO POMODORO(ID, USER, CREATION_TIMESTAMP, WORK_TIME, BREAK_TIME, INTERRUPTED)
VALUES (5487, 1, '2019-02-23', 0, 0, false);
INSERT INTO POMODORO(ID, USER, CREATION_TIMESTAMP, WORK_TIME, BREAK_TIME, INTERRUPTED)
VALUES (5488, 1, '2019-02-23', 0, 0, false);
INSERT INTO POMODORO(ID, USER, CREATION_TIMESTAMP, WORK_TIME, BREAK_TIME, INTERRUPTED)
VALUES (5489, 1, '2019-02-23', 0, 0, false);
INSERT INTO POMODORO(ID, USER, CREATION_TIMESTAMP, WORK_TIME, BREAK_TIME, INTERRUPTED)
VALUES (5490, 1, '2019-02-23', 0, 0, false);
INSERT INTO POMODORO(ID, USER, CREATION_TIMESTAMP, WORK_TIME, BREAK_TIME, INTERRUPTED)
VALUES (5491, 1, '2019-02-23', 0, 0, false);
INSERT INTO POMODORO(ID, USER, CREATION_TIMESTAMP, WORK_TIME, BREAK_TIME, INTERRUPTED)
VALUES (5492, 1, '2019-02-23', 0, 0, true);
INSERT INTO POMODORO(ID, USER, CREATION_TIMESTAMP, WORK_TIME, BREAK_TIME, INTERRUPTED)
VALUES (5493, 1, '2019-02-23', 0, 0, true);
INSERT INTO POMODORO(ID, USER, CREATION_TIMESTAMP, WORK_TIME, BREAK_TIME, INTERRUPTED)
VALUES (5494, 1, '2019-02-23', 0, 0, false);
INSERT INTO POMODORO(ID, USER, CREATION_TIMESTAMP, WORK_TIME, BREAK_TIME, INTERRUPTED)
VALUES (5495, 1, '2019-02-23', 0, 0, true);
INSERT INTO POMODORO(ID, USER, CREATION_TIMESTAMP, WORK_TIME, BREAK_TIME, INTERRUPTED)
VALUES (5496, 1, '2019-02-23', 0, 0, false);
INSERT INTO POMODORO(ID, USER, CREATION_TIMESTAMP, WORK_TIME, BREAK_TIME, INTERRUPTED)
VALUES (5497, 1, '2019-02-23', 0, 0, false);
INSERT INTO POMODORO(ID, USER, CREATION_TIMESTAMP, WORK_TIME, BREAK_TIME, INTERRUPTED)
VALUES (5498, 1, '2019-02-23', 0, 0, false);
INSERT INTO POMODORO(ID, USER, CREATION_TIMESTAMP, WORK_TIME, BREAK_TIME, INTERRUPTED)
VALUES (5499, 1, '2019-02-23', 0, 0, true);
INSERT INTO POMODORO(ID, USER, CREATION_TIMESTAMP, WORK_TIME, BREAK_TIME, INTERRUPTED)
VALUES (5500, 1, '2019-02-23', 0, 0, false);
INSERT INTO POMODORO(ID, USER, CREATION_TIMESTAMP, WORK_TIME, BREAK_TIME, INTERRUPTED)
VALUES (5501, 1, '2019-02-23', 0, 0, true);
INSERT INTO POMODORO(ID, USER, CREATION_TIMESTAMP, WORK_TIME, BREAK_TIME, INTERRUPTED)
VALUES (5502, 1, '2019-02-23', 0, 0, false);
INSERT INTO POMODORO(ID, USER, CREATION_TIMESTAMP, WORK_TIME, BREAK_TIME, INTERRUPTED)
VALUES (5503, 1, '2019-02-23', 0, 0, false);
INSERT INTO POMODORO(ID, USER, CREATION_TIMESTAMP, WORK_TIME, BREAK_TIME, INTERRUPTED)
VALUES (5504, 1, '2019-02-22', 0, 0, true);
INSERT INTO POMODORO(ID, USER, CREATION_TIMESTAMP, WORK_TIME, BREAK_TIME, INTERRUPTED)
VALUES (5505, 1, '2019-02-21', 0, 0, false);
INSERT INTO POMODORO(ID, USER, CREATION_TIMESTAMP, WORK_TIME, BREAK_TIME, INTERRUPTED)
VALUES (5506, 1, '2019-02-21', 0, 0, true);
INSERT INTO POMODORO(ID, USER, CREATION_TIMESTAMP, WORK_TIME, BREAK_TIME, INTERRUPTED)
VALUES (5507, 1, '2019-02-21', 0, 0, true);
INSERT INTO POMODORO(ID, USER, CREATION_TIMESTAMP, WORK_TIME, BREAK_TIME, INTERRUPTED)
VALUES (5508, 1, '2019-02-21', 0, 0, false);
INSERT INTO POMODORO(ID, USER, CREATION_TIMESTAMP, WORK_TIME, BREAK_TIME, INTERRUPTED)
VALUES (5509, 1, '2019-02-21', 0, 0, true);
INSERT INTO POMODORO(ID, USER, CREATION_TIMESTAMP, WORK_TIME, BREAK_TIME, INTERRUPTED)
VALUES (5510, 1, '2019-02-21', 0, 0, true);
INSERT INTO POMODORO(ID, USER, CREATION_TIMESTAMP, WORK_TIME, BREAK_TIME, INTERRUPTED)
VALUES (5511, 1, '2019-02-21', 0, 0, true);
INSERT INTO POMODORO(ID, USER, CREATION_TIMESTAMP, WORK_TIME, BREAK_TIME, INTERRUPTED)
VALUES (5512, 1, '2019-02-21', 0, 0, true);
INSERT INTO POMODORO(ID, USER, CREATION_TIMESTAMP, WORK_TIME, BREAK_TIME, INTERRUPTED)
VALUES (5513, 1, '2019-02-21', 0, 0, false);
INSERT INTO POMODORO(ID, USER, CREATION_TIMESTAMP, WORK_TIME, BREAK_TIME, INTERRUPTED)
VALUES (5514, 1, '2019-02-21', 0, 0, false);
INSERT INTO POMODORO(ID, USER, CREATION_TIMESTAMP, WORK_TIME, BREAK_TIME, INTERRUPTED)
VALUES (5515, 1, '2019-02-21', 0, 0, true);
INSERT INTO POMODORO(ID, USER, CREATION_TIMESTAMP, WORK_TIME, BREAK_TIME, INTERRUPTED)
VALUES (5516, 1, '2019-02-21', 0, 0, true);
INSERT INTO POMODORO(ID, USER, CREATION_TIMESTAMP, WORK_TIME, BREAK_TIME, INTERRUPTED)
VALUES (5517, 1, '2019-02-21', 0, 0, true);
INSERT INTO POMODORO(ID, USER, CREATION_TIMESTAMP, WORK_TIME, BREAK_TIME, INTERRUPTED)
VALUES (5518, 1, '2019-02-21', 0, 0, false);
INSERT INTO POMODORO(ID, USER, CREATION_TIMESTAMP, WORK_TIME, BREAK_TIME, INTERRUPTED)
VALUES (5519, 1, '2019-02-21', 0, 0, true);
INSERT INTO POMODORO(ID, USER, CREATION_TIMESTAMP, WORK_TIME, BREAK_TIME, INTERRUPTED)
VALUES (5520, 1, '2019-02-21', 0, 0, false);
INSERT INTO POMODORO(ID, USER, CREATION_TIMESTAMP, WORK_TIME, BREAK_TIME, INTERRUPTED)
VALUES (5521, 1, '2019-02-21', 0, 0, false);
INSERT INTO POMODORO(ID, USER, CREATION_TIMESTAMP, WORK_TIME, BREAK_TIME, INTERRUPTED)
VALUES (5522, 1, '2019-02-21', 0, 0, true);
INSERT INTO POMODORO(ID, USER, CREATION_TIMESTAMP, WORK_TIME, BREAK_TIME, INTERRUPTED)
VALUES (5523, 1, '2019-02-21', 0, 0, false);
INSERT INTO POMODORO(ID, USER, CREATION_TIMESTAMP, WORK_TIME, BREAK_TIME, INTERRUPTED)
VALUES (5524, 1, '2019-02-21', 0, 0, false);
INSERT INTO POMODORO(ID, USER, CREATION_TIMESTAMP, WORK_TIME, BREAK_TIME, INTERRUPTED)
VALUES (5525, 1, '2019-02-21', 0, 0, false);
INSERT INTO POMODORO(ID, USER, CREATION_TIMESTAMP, WORK_TIME, BREAK_TIME, INTERRUPTED)
VALUES (5526, 1, '2019-02-21', 0, 0, false);
INSERT INTO POMODORO(ID, USER, CREATION_TIMESTAMP, WORK_TIME, BREAK_TIME, INTERRUPTED)
VALUES (5527, 1, '2019-02-21', 0, 0, false);
INSERT INTO POMODORO(ID, USER, CREATION_TIMESTAMP, WORK_TIME, BREAK_TIME, INTERRUPTED)
VALUES (5528, 1, '2019-02-21', 0, 0, true);
INSERT INTO POMODORO(ID, USER, CREATION_TIMESTAMP, WORK_TIME, BREAK_TIME, INTERRUPTED)
VALUES (5529, 1, '2019-02-21', 0, 0, false);
INSERT INTO POMODORO(ID, USER, CREATION_TIMESTAMP, WORK_TIME, BREAK_TIME, INTERRUPTED)
VALUES (5530, 1, '2019-02-21', 0, 0, false);
INSERT INTO POMODORO(ID, USER, CREATION_TIMESTAMP, WORK_TIME, BREAK_TIME, INTERRUPTED)
VALUES (5531, 1, '2019-02-21', 0, 0, true);
INSERT INTO POMODORO(ID, USER, CREATION_TIMESTAMP, WORK_TIME, BREAK_TIME, INTERRUPTED)
VALUES (5532, 1, '2019-02-21', 0, 0, true);
INSERT INTO POMODORO(ID, USER, CREATION_TIMESTAMP, WORK_TIME, BREAK_TIME, INTERRUPTED)
VALUES (5533, 1, '2019-02-21', 0, 0, false);
INSERT INTO POMODORO(ID, USER, CREATION_TIMESTAMP, WORK_TIME, BREAK_TIME, INTERRUPTED)
VALUES (5534, 1, '2019-02-21', 0, 0, false);
INSERT INTO POMODORO(ID, USER, CREATION_TIMESTAMP, WORK_TIME, BREAK_TIME, INTERRUPTED)
VALUES (5535, 1, '2019-02-21', 0, 0, false);
INSERT INTO POMODORO(ID, USER, CREATION_TIMESTAMP, WORK_TIME, BREAK_TIME, INTERRUPTED)
VALUES (5536, 1, '2019-02-21', 0, 0, false);
INSERT INTO POMODORO(ID, USER, CREATION_TIMESTAMP, WORK_TIME, BREAK_TIME, INTERRUPTED)
VALUES (5537, 1, '2019-02-21', 0, 0, true);
INSERT INTO POMODORO(ID, USER, CREATION_TIMESTAMP, WORK_TIME, BREAK_TIME, INTERRUPTED)
VALUES (5538, 1, '2019-02-21', 0, 0, false);
INSERT INTO POMODORO(ID, USER, CREATION_TIMESTAMP, WORK_TIME, BREAK_TIME, INTERRUPTED)
VALUES (5539, 1, '2019-02-21', 0, 0, true);
INSERT INTO POMODORO(ID, USER, CREATION_TIMESTAMP, WORK_TIME, BREAK_TIME, INTERRUPTED)
VALUES (5540, 1, '2019-02-21', 0, 0, false);
INSERT INTO POMODORO(ID, USER, CREATION_TIMESTAMP, WORK_TIME, BREAK_TIME, INTERRUPTED)
VALUES (5541, 1, '2019-02-21', 0, 0, false);
INSERT INTO POMODORO(ID, USER, CREATION_TIMESTAMP, WORK_TIME, BREAK_TIME, INTERRUPTED)
VALUES (5542, 1, '2019-02-21', 0, 0, false);
INSERT INTO POMODORO(ID, USER, CREATION_TIMESTAMP, WORK_TIME, BREAK_TIME, INTERRUPTED)
VALUES (5543, 1, '2019-02-20', 0, 0, true);
INSERT INTO POMODORO(ID, USER, CREATION_TIMESTAMP, WORK_TIME, BREAK_TIME, INTERRUPTED)
VALUES (5544, 1, '2019-02-20', 0, 0, false);
INSERT INTO POMODORO(ID, USER, CREATION_TIMESTAMP, WORK_TIME, BREAK_TIME, INTERRUPTED)
VALUES (5545, 1, '2019-02-20', 0, 0, false);
INSERT INTO POMODORO(ID, USER, CREATION_TIMESTAMP, WORK_TIME, BREAK_TIME, INTERRUPTED)
VALUES (5546, 1, '2019-02-20', 0, 0, false);
INSERT INTO POMODORO(ID, USER, CREATION_TIMESTAMP, WORK_TIME, BREAK_TIME, INTERRUPTED)
VALUES (5547, 1, '2019-02-20', 0, 0, true);
INSERT INTO POMODORO(ID, USER, CREATION_TIMESTAMP, WORK_TIME, BREAK_TIME, INTERRUPTED)
VALUES (5548, 1, '2019-02-20', 0, 0, true);
INSERT INTO POMODORO(ID, USER, CREATION_TIMESTAMP, WORK_TIME, BREAK_TIME, INTERRUPTED)
VALUES (5549, 1, '2019-02-20', 0, 0, false);
INSERT INTO POMODORO(ID, USER, CREATION_TIMESTAMP, WORK_TIME, BREAK_TIME, INTERRUPTED)
VALUES (5550, 1, '2019-02-20', 0, 0, false);
INSERT INTO POMODORO(ID, USER, CREATION_TIMESTAMP, WORK_TIME, BREAK_TIME, INTERRUPTED)
VALUES (5551, 1, '2019-02-20', 0, 0, false);
INSERT INTO POMODORO(ID, USER, CREATION_TIMESTAMP, WORK_TIME, BREAK_TIME, INTERRUPTED)
VALUES (5552, 1, '2019-02-20', 0, 0, false);
INSERT INTO POMODORO(ID, USER, CREATION_TIMESTAMP, WORK_TIME, BREAK_TIME, INTERRUPTED)
VALUES (5553, 1, '2019-02-20', 0, 0, true);
INSERT INTO POMODORO(ID, USER, CREATION_TIMESTAMP, WORK_TIME, BREAK_TIME, INTERRUPTED)
VALUES (5554, 1, '2019-02-20', 0, 0, true);
INSERT INTO POMODORO(ID, USER, CREATION_TIMESTAMP, WORK_TIME, BREAK_TIME, INTERRUPTED)
VALUES (5555, 1, '2019-02-20', 0, 0, false);
INSERT INTO POMODORO(ID, USER, CREATION_TIMESTAMP, WORK_TIME, BREAK_TIME, INTERRUPTED)
VALUES (5556, 1, '2019-02-19', 0, 0, true);
INSERT INTO POMODORO(ID, USER, CREATION_TIMESTAMP, WORK_TIME, BREAK_TIME, INTERRUPTED)
VALUES (5557, 1, '2019-02-19', 0, 0, true);
INSERT INTO POMODORO(ID, USER, CREATION_TIMESTAMP, WORK_TIME, BREAK_TIME, INTERRUPTED)
VALUES (5558, 1, '2019-02-19', 0, 0, false);
INSERT INTO POMODORO(ID, USER, CREATION_TIMESTAMP, WORK_TIME, BREAK_TIME, INTERRUPTED)
VALUES (5559, 1, '2019-02-19', 0, 0, false);
INSERT INTO POMODORO(ID, USER, CREATION_TIMESTAMP, WORK_TIME, BREAK_TIME, INTERRUPTED)
VALUES (5560, 1, '2019-02-18', 0, 0, false);
INSERT INTO POMODORO(ID, USER, CREATION_TIMESTAMP, WORK_TIME, BREAK_TIME, INTERRUPTED)
VALUES (5561, 1, '2019-02-18', 0, 0, true);
INSERT INTO POMODORO(ID, USER, CREATION_TIMESTAMP, WORK_TIME, BREAK_TIME, INTERRUPTED)
VALUES (5562, 1, '2019-02-18', 0, 0, true);
INSERT INTO POMODORO(ID, USER, CREATION_TIMESTAMP, WORK_TIME, BREAK_TIME, INTERRUPTED)
VALUES (5563, 1, '2019-02-18', 0, 0, false);
INSERT INTO POMODORO(ID, USER, CREATION_TIMESTAMP, WORK_TIME, BREAK_TIME, INTERRUPTED)
VALUES (5564, 1, '2019-02-18', 0, 0, false);
INSERT INTO POMODORO(ID, USER, CREATION_TIMESTAMP, WORK_TIME, BREAK_TIME, INTERRUPTED)
VALUES (5565, 1, '2019-02-18', 0, 0, true);
INSERT INTO POMODORO(ID, USER, CREATION_TIMESTAMP, WORK_TIME, BREAK_TIME, INTERRUPTED)
VALUES (5566, 1, '2019-02-18', 0, 0, true);
INSERT INTO POMODORO(ID, USER, CREATION_TIMESTAMP, WORK_TIME, BREAK_TIME, INTERRUPTED)
VALUES (5567, 1, '2019-02-18', 0, 0, false);
INSERT INTO POMODORO(ID, USER, CREATION_TIMESTAMP, WORK_TIME, BREAK_TIME, INTERRUPTED)
VALUES (5568, 1, '2019-02-18', 0, 0, true);
INSERT INTO POMODORO(ID, USER, CREATION_TIMESTAMP, WORK_TIME, BREAK_TIME, INTERRUPTED)
VALUES (5569, 1, '2019-02-18', 0, 0, true);
INSERT INTO POMODORO(ID, USER, CREATION_TIMESTAMP, WORK_TIME, BREAK_TIME, INTERRUPTED)
VALUES (5570, 1, '2019-02-18', 0, 0, false);
INSERT INTO POMODORO(ID, USER, CREATION_TIMESTAMP, WORK_TIME, BREAK_TIME, INTERRUPTED)
VALUES (5571, 1, '2019-02-18', 0, 0, true);
INSERT INTO POMODORO(ID, USER, CREATION_TIMESTAMP, WORK_TIME, BREAK_TIME, INTERRUPTED)
VALUES (5572, 1, '2019-02-18', 0, 0, false);
INSERT INTO POMODORO(ID, USER, CREATION_TIMESTAMP, WORK_TIME, BREAK_TIME, INTERRUPTED)
VALUES (5573, 1, '2019-02-17', 0, 0, false);
INSERT INTO POMODORO(ID, USER, CREATION_TIMESTAMP, WORK_TIME, BREAK_TIME, INTERRUPTED)
VALUES (5574, 1, '2019-02-16', 0, 0, true);
INSERT INTO POMODORO(ID, USER, CREATION_TIMESTAMP, WORK_TIME, BREAK_TIME, INTERRUPTED)
VALUES (5575, 1, '2019-02-16', 0, 0, true);
INSERT INTO POMODORO(ID, USER, CREATION_TIMESTAMP, WORK_TIME, BREAK_TIME, INTERRUPTED)
VALUES (5576, 1, '2019-02-16', 0, 0, false);
INSERT INTO POMODORO(ID, USER, CREATION_TIMESTAMP, WORK_TIME, BREAK_TIME, INTERRUPTED)
VALUES (5577, 1, '2019-02-16', 0, 0, false);
INSERT INTO POMODORO(ID, USER, CREATION_TIMESTAMP, WORK_TIME, BREAK_TIME, INTERRUPTED)
VALUES (5578, 1, '2019-02-16', 0, 0, false);
INSERT INTO POMODORO(ID, USER, CREATION_TIMESTAMP, WORK_TIME, BREAK_TIME, INTERRUPTED)
VALUES (5579, 1, '2019-02-16', 0, 0, false);
INSERT INTO POMODORO(ID, USER, CREATION_TIMESTAMP, WORK_TIME, BREAK_TIME, INTERRUPTED)
VALUES (5580, 1, '2019-02-16', 0, 0, true);
INSERT INTO POMODORO(ID, USER, CREATION_TIMESTAMP, WORK_TIME, BREAK_TIME, INTERRUPTED)
VALUES (5581, 1, '2019-02-16', 0, 0, true);
INSERT INTO POMODORO(ID, USER, CREATION_TIMESTAMP, WORK_TIME, BREAK_TIME, INTERRUPTED)
VALUES (5582, 1, '2019-02-16', 0, 0, true);
INSERT INTO POMODORO(ID, USER, CREATION_TIMESTAMP, WORK_TIME, BREAK_TIME, INTERRUPTED)
VALUES (5583, 1, '2019-02-16', 0, 0, true);
INSERT INTO POMODORO(ID, USER, CREATION_TIMESTAMP, WORK_TIME, BREAK_TIME, INTERRUPTED)
VALUES (5584, 1, '2019-02-16', 0, 0, true);
INSERT INTO POMODORO(ID, USER, CREATION_TIMESTAMP, WORK_TIME, BREAK_TIME, INTERRUPTED)
VALUES (5585, 1, '2019-02-16', 0, 0, false);
INSERT INTO POMODORO(ID, USER, CREATION_TIMESTAMP, WORK_TIME, BREAK_TIME, INTERRUPTED)
VALUES (5586, 1, '2019-02-16', 0, 0, false);
INSERT INTO POMODORO(ID, USER, CREATION_TIMESTAMP, WORK_TIME, BREAK_TIME, INTERRUPTED)
VALUES (5587, 1, '2019-02-16', 0, 0, false);
INSERT INTO POMODORO(ID, USER, CREATION_TIMESTAMP, WORK_TIME, BREAK_TIME, INTERRUPTED)
VALUES (5588, 1, '2019-02-16', 0, 0, true);
INSERT INTO POMODORO(ID, USER, CREATION_TIMESTAMP, WORK_TIME, BREAK_TIME, INTERRUPTED)
VALUES (5589, 1, '2019-02-16', 0, 0, false);
INSERT INTO POMODORO(ID, USER, CREATION_TIMESTAMP, WORK_TIME, BREAK_TIME, INTERRUPTED)
VALUES (5590, 1, '2019-02-16', 0, 0, true);
INSERT INTO POMODORO(ID, USER, CREATION_TIMESTAMP, WORK_TIME, BREAK_TIME, INTERRUPTED)
VALUES (5591, 1, '2019-02-16', 0, 0, true);
INSERT INTO POMODORO(ID, USER, CREATION_TIMESTAMP, WORK_TIME, BREAK_TIME, INTERRUPTED)
VALUES (5592, 1, '2019-02-16', 0, 0, true);
INSERT INTO POMODORO(ID, USER, CREATION_TIMESTAMP, WORK_TIME, BREAK_TIME, INTERRUPTED)
VALUES (5593, 1, '2019-02-16', 0, 0, true);
INSERT INTO POMODORO(ID, USER, CREATION_TIMESTAMP, WORK_TIME, BREAK_TIME, INTERRUPTED)
VALUES (5594, 1, '2019-02-16', 0, 0, false);
INSERT INTO POMODORO(ID, USER, CREATION_TIMESTAMP, WORK_TIME, BREAK_TIME, INTERRUPTED)
VALUES (5595, 1, '2019-02-16', 0, 0, true);
INSERT INTO POMODORO(ID, USER, CREATION_TIMESTAMP, WORK_TIME, BREAK_TIME, INTERRUPTED)
VALUES (5596, 1, '2019-02-16', 0, 0, true);
INSERT INTO POMODORO(ID, USER, CREATION_TIMESTAMP, WORK_TIME, BREAK_TIME, INTERRUPTED)
VALUES (5597, 1, '2019-02-16', 0, 0, false);
INSERT INTO POMODORO(ID, USER, CREATION_TIMESTAMP, WORK_TIME, BREAK_TIME, INTERRUPTED)
VALUES (5598, 1, '2019-02-16', 0, 0, false);
INSERT INTO POMODORO(ID, USER, CREATION_TIMESTAMP, WORK_TIME, BREAK_TIME, INTERRUPTED)
VALUES (5599, 1, '2019-02-16', 0, 0, true);
INSERT INTO POMODORO(ID, USER, CREATION_TIMESTAMP, WORK_TIME, BREAK_TIME, INTERRUPTED)
VALUES (5600, 1, '2019-02-16', 0, 0, true);
INSERT INTO POMODORO(ID, USER, CREATION_TIMESTAMP, WORK_TIME, BREAK_TIME, INTERRUPTED)
VALUES (5601, 1, '2019-02-16', 0, 0, false);
INSERT INTO POMODORO(ID, USER, CREATION_TIMESTAMP, WORK_TIME, BREAK_TIME, INTERRUPTED)
VALUES (5602, 1, '2019-02-16', 0, 0, true);
INSERT INTO POMODORO(ID, USER, CREATION_TIMESTAMP, WORK_TIME, BREAK_TIME, INTERRUPTED)
VALUES (5603, 1, '2019-02-16', 0, 0, false);
INSERT INTO POMODORO(ID, USER, CREATION_TIMESTAMP, WORK_TIME, BREAK_TIME, INTERRUPTED)
VALUES (5604, 1, '2019-02-16', 0, 0, true);
INSERT INTO POMODORO(ID, USER, CREATION_TIMESTAMP, WORK_TIME, BREAK_TIME, INTERRUPTED)
VALUES (5605, 1, '2019-02-16', 0, 0, false);
INSERT INTO POMODORO(ID, USER, CREATION_TIMESTAMP, WORK_TIME, BREAK_TIME, INTERRUPTED)
VALUES (5606, 1, '2019-02-16', 0, 0, true);
INSERT INTO POMODORO(ID, USER, CREATION_TIMESTAMP, WORK_TIME, BREAK_TIME, INTERRUPTED)
VALUES (5607, 1, '2019-02-16', 0, 0, true);
INSERT INTO POMODORO(ID, USER, CREATION_TIMESTAMP, WORK_TIME, BREAK_TIME, INTERRUPTED)
VALUES (5608, 1, '2019-02-15', 0, 0, false);
INSERT INTO POMODORO(ID, USER, CREATION_TIMESTAMP, WORK_TIME, BREAK_TIME, INTERRUPTED)
VALUES (5609, 1, '2019-02-15', 0, 0, false);
INSERT INTO POMODORO(ID, USER, CREATION_TIMESTAMP, WORK_TIME, BREAK_TIME, INTERRUPTED)
VALUES (5610, 1, '2019-02-15', 0, 0, true);
INSERT INTO POMODORO(ID, USER, CREATION_TIMESTAMP, WORK_TIME, BREAK_TIME, INTERRUPTED)
VALUES (5611, 1, '2019-02-15', 0, 0, false);
INSERT INTO POMODORO(ID, USER, CREATION_TIMESTAMP, WORK_TIME, BREAK_TIME, INTERRUPTED)
VALUES (5612, 1, '2019-02-15', 0, 0, false);
INSERT INTO POMODORO(ID, USER, CREATION_TIMESTAMP, WORK_TIME, BREAK_TIME, INTERRUPTED)
VALUES (5613, 1, '2019-02-15', 0, 0, true);
INSERT INTO POMODORO(ID, USER, CREATION_TIMESTAMP, WORK_TIME, BREAK_TIME, INTERRUPTED)
VALUES (5614, 1, '2019-02-15', 0, 0, true);
INSERT INTO POMODORO(ID, USER, CREATION_TIMESTAMP, WORK_TIME, BREAK_TIME, INTERRUPTED)
VALUES (5615, 1, '2019-02-15', 0, 0, true);
INSERT INTO POMODORO(ID, USER, CREATION_TIMESTAMP, WORK_TIME, BREAK_TIME, INTERRUPTED)
VALUES (5616, 1, '2019-02-15', 0, 0, true);
INSERT INTO POMODORO(ID, USER, CREATION_TIMESTAMP, WORK_TIME, BREAK_TIME, INTERRUPTED)
VALUES (5617, 1, '2019-02-15', 0, 0, false);
INSERT INTO POMODORO(ID, USER, CREATION_TIMESTAMP, WORK_TIME, BREAK_TIME, INTERRUPTED)
VALUES (5618, 1, '2019-02-15', 0, 0, true);
INSERT INTO POMODORO(ID, USER, CREATION_TIMESTAMP, WORK_TIME, BREAK_TIME, INTERRUPTED)
VALUES (5619, 1, '2019-02-15', 0, 0, true);
INSERT INTO POMODORO(ID, USER, CREATION_TIMESTAMP, WORK_TIME, BREAK_TIME, INTERRUPTED)
VALUES (5620, 1, '2019-02-15', 0, 0, false);
INSERT INTO POMODORO(ID, USER, CREATION_TIMESTAMP, WORK_TIME, BREAK_TIME, INTERRUPTED)
VALUES (5621, 1, '2019-02-15', 0, 0, true);
INSERT INTO POMODORO(ID, USER, CREATION_TIMESTAMP, WORK_TIME, BREAK_TIME, INTERRUPTED)
VALUES (5622, 1, '2019-02-15', 0, 0, true);
INSERT INTO POMODORO(ID, USER, CREATION_TIMESTAMP, WORK_TIME, BREAK_TIME, INTERRUPTED)
VALUES (5623, 1, '2019-02-15', 0, 0, false);
INSERT INTO POMODORO(ID, USER, CREATION_TIMESTAMP, WORK_TIME, BREAK_TIME, INTERRUPTED)
VALUES (5624, 1, '2019-02-15', 0, 0, true);
INSERT INTO POMODORO(ID, USER, CREATION_TIMESTAMP, WORK_TIME, BREAK_TIME, INTERRUPTED)
VALUES (5625, 1, '2019-02-15', 0, 0, false);
INSERT INTO POMODORO(ID, USER, CREATION_TIMESTAMP, WORK_TIME, BREAK_TIME, INTERRUPTED)
VALUES (5626, 1, '2019-02-15', 0, 0, true);
INSERT INTO POMODORO(ID, USER, CREATION_TIMESTAMP, WORK_TIME, BREAK_TIME, INTERRUPTED)
VALUES (5627, 1, '2019-02-15', 0, 0, false);
INSERT INTO POMODORO(ID, USER, CREATION_TIMESTAMP, WORK_TIME, BREAK_TIME, INTERRUPTED)
VALUES (5628, 1, '2019-02-15', 0, 0, true);
INSERT INTO POMODORO(ID, USER, CREATION_TIMESTAMP, WORK_TIME, BREAK_TIME, INTERRUPTED)
VALUES (5629, 1, '2019-02-15', 0, 0, true);
INSERT INTO POMODORO(ID, USER, CREATION_TIMESTAMP, WORK_TIME, BREAK_TIME, INTERRUPTED)
VALUES (5630, 1, '2019-02-15', 0, 0, true);
INSERT INTO POMODORO(ID, USER, CREATION_TIMESTAMP, WORK_TIME, BREAK_TIME, INTERRUPTED)
VALUES (5631, 1, '2019-02-15', 0, 0, true);
INSERT INTO POMODORO(ID, USER, CREATION_TIMESTAMP, WORK_TIME, BREAK_TIME, INTERRUPTED)
VALUES (5632, 1, '2019-02-15', 0, 0, true);
INSERT INTO POMODORO(ID, USER, CREATION_TIMESTAMP, WORK_TIME, BREAK_TIME, INTERRUPTED)
VALUES (5633, 1, '2019-02-15', 0, 0, true);
INSERT INTO POMODORO(ID, USER, CREATION_TIMESTAMP, WORK_TIME, BREAK_TIME, INTERRUPTED)
VALUES (5634, 1, '2019-02-15', 0, 0, false);
INSERT INTO POMODORO(ID, USER, CREATION_TIMESTAMP, WORK_TIME, BREAK_TIME, INTERRUPTED)
VALUES (5635, 1, '2019-02-15', 0, 0, true);
INSERT INTO POMODORO(ID, USER, CREATION_TIMESTAMP, WORK_TIME, BREAK_TIME, INTERRUPTED)
VALUES (5636, 1, '2019-02-15', 0, 0, true);
INSERT INTO POMODORO(ID, USER, CREATION_TIMESTAMP, WORK_TIME, BREAK_TIME, INTERRUPTED)
VALUES (5637, 1, '2019-02-15', 0, 0, false);
INSERT INTO POMODORO(ID, USER, CREATION_TIMESTAMP, WORK_TIME, BREAK_TIME, INTERRUPTED)
VALUES (5638, 1, '2019-02-15', 0, 0, true);
INSERT INTO POMODORO(ID, USER, CREATION_TIMESTAMP, WORK_TIME, BREAK_TIME, INTERRUPTED)
VALUES (5639, 1, '2019-02-15', 0, 0, true);
INSERT INTO POMODORO(ID, USER, CREATION_TIMESTAMP, WORK_TIME, BREAK_TIME, INTERRUPTED)
VALUES (5640, 1, '2019-02-15', 0, 0, false);
INSERT INTO POMODORO(ID, USER, CREATION_TIMESTAMP, WORK_TIME, BREAK_TIME, INTERRUPTED)
VALUES (5641, 1, '2019-02-15', 0, 0, false);
INSERT INTO POMODORO(ID, USER, CREATION_TIMESTAMP, WORK_TIME, BREAK_TIME, INTERRUPTED)
VALUES (5642, 1, '2019-02-15', 0, 0, true);
INSERT INTO POMODORO(ID, USER, CREATION_TIMESTAMP, WORK_TIME, BREAK_TIME, INTERRUPTED)
VALUES (5643, 1, '2019-02-15', 0, 0, false);
INSERT INTO POMODORO(ID, USER, CREATION_TIMESTAMP, WORK_TIME, BREAK_TIME, INTERRUPTED)
VALUES (5644, 1, '2019-02-15', 0, 0, true);
INSERT INTO POMODORO(ID, USER, CREATION_TIMESTAMP, WORK_TIME, BREAK_TIME, INTERRUPTED)
VALUES (5645, 1, '2019-02-15', 0, 0, true);
INSERT INTO POMODORO(ID, USER, CREATION_TIMESTAMP, WORK_TIME, BREAK_TIME, INTERRUPTED)
VALUES (5646, 1, '2019-02-14', 0, 0, true);
INSERT INTO POMODORO(ID, USER, CREATION_TIMESTAMP, WORK_TIME, BREAK_TIME, INTERRUPTED)
VALUES (5647, 1, '2019-02-14', 0, 0, false);
INSERT INTO POMODORO(ID, USER, CREATION_TIMESTAMP, WORK_TIME, BREAK_TIME, INTERRUPTED)
VALUES (5648, 1, '2019-02-14', 0, 0, true);
INSERT INTO POMODORO(ID, USER, CREATION_TIMESTAMP, WORK_TIME, BREAK_TIME, INTERRUPTED)
VALUES (5649, 1, '2019-02-14', 0, 0, true);
INSERT INTO POMODORO(ID, USER, CREATION_TIMESTAMP, WORK_TIME, BREAK_TIME, INTERRUPTED)
VALUES (5650, 1, '2019-02-14', 0, 0, true);
INSERT INTO POMODORO(ID, USER, CREATION_TIMESTAMP, WORK_TIME, BREAK_TIME, INTERRUPTED)
VALUES (5651, 1, '2019-02-14', 0, 0, true);
INSERT INTO POMODORO(ID, USER, CREATION_TIMESTAMP, WORK_TIME, BREAK_TIME, INTERRUPTED)
VALUES (5652, 1, '2019-02-14', 0, 0, true);
INSERT INTO POMODORO(ID, USER, CREATION_TIMESTAMP, WORK_TIME, BREAK_TIME, INTERRUPTED)
VALUES (5653, 1, '2019-02-14', 0, 0, true);
INSERT INTO POMODORO(ID, USER, CREATION_TIMESTAMP, WORK_TIME, BREAK_TIME, INTERRUPTED)
VALUES (5654, 1, '2019-02-14', 0, 0, true);
INSERT INTO POMODORO(ID, USER, CREATION_TIMESTAMP, WORK_TIME, BREAK_TIME, INTERRUPTED)
VALUES (5655, 1, '2019-02-14', 0, 0, true);
INSERT INTO POMODORO(ID, USER, CREATION_TIMESTAMP, WORK_TIME, BREAK_TIME, INTERRUPTED)
VALUES (5656, 1, '2019-02-14', 0, 0, true);
INSERT INTO POMODORO(ID, USER, CREATION_TIMESTAMP, WORK_TIME, BREAK_TIME, INTERRUPTED)
VALUES (5657, 1, '2019-02-14', 0, 0, true);
INSERT INTO POMODORO(ID, USER, CREATION_TIMESTAMP, WORK_TIME, BREAK_TIME, INTERRUPTED)
VALUES (5658, 1, '2019-02-14', 0, 0, true);
INSERT INTO POMODORO(ID, USER, CREATION_TIMESTAMP, WORK_TIME, BREAK_TIME, INTERRUPTED)
VALUES (5659, 1, '2019-02-14', 0, 0, true);
INSERT INTO POMODORO(ID, USER, CREATION_TIMESTAMP, WORK_TIME, BREAK_TIME, INTERRUPTED)
VALUES (5660, 1, '2019-02-14', 0, 0, false);
INSERT INTO POMODORO(ID, USER, CREATION_TIMESTAMP, WORK_TIME, BREAK_TIME, INTERRUPTED)
VALUES (5661, 1, '2019-02-14', 0, 0, false);
INSERT INTO POMODORO(ID, USER, CREATION_TIMESTAMP, WORK_TIME, BREAK_TIME, INTERRUPTED)
VALUES (5662, 1, '2019-02-14', 0, 0, false);
INSERT INTO POMODORO(ID, USER, CREATION_TIMESTAMP, WORK_TIME, BREAK_TIME, INTERRUPTED)
VALUES (5663, 1, '2019-02-14', 0, 0, false);
INSERT INTO POMODORO(ID, USER, CREATION_TIMESTAMP, WORK_TIME, BREAK_TIME, INTERRUPTED)
VALUES (5664, 1, '2019-02-14', 0, 0, false);
INSERT INTO POMODORO(ID, USER, CREATION_TIMESTAMP, WORK_TIME, BREAK_TIME, INTERRUPTED)
VALUES (5665, 1, '2019-02-14', 0, 0, true);
INSERT INTO POMODORO(ID, USER, CREATION_TIMESTAMP, WORK_TIME, BREAK_TIME, INTERRUPTED)
VALUES (5666, 1, '2019-02-14', 0, 0, true);
INSERT INTO POMODORO(ID, USER, CREATION_TIMESTAMP, WORK_TIME, BREAK_TIME, INTERRUPTED)
VALUES (5667, 1, '2019-02-13', 0, 0, true);
INSERT INTO POMODORO(ID, USER, CREATION_TIMESTAMP, WORK_TIME, BREAK_TIME, INTERRUPTED)
VALUES (5668, 1, '2019-02-13', 0, 0, true);
INSERT INTO POMODORO(ID, USER, CREATION_TIMESTAMP, WORK_TIME, BREAK_TIME, INTERRUPTED)
VALUES (5669, 1, '2019-02-13', 0, 0, true);
INSERT INTO POMODORO(ID, USER, CREATION_TIMESTAMP, WORK_TIME, BREAK_TIME, INTERRUPTED)
VALUES (5670, 1, '2019-02-13', 0, 0, false);
INSERT INTO POMODORO(ID, USER, CREATION_TIMESTAMP, WORK_TIME, BREAK_TIME, INTERRUPTED)
VALUES (5671, 1, '2019-02-13', 0, 0, false);
INSERT INTO POMODORO(ID, USER, CREATION_TIMESTAMP, WORK_TIME, BREAK_TIME, INTERRUPTED)
VALUES (5672, 1, '2019-02-13', 0, 0, true);
INSERT INTO POMODORO(ID, USER, CREATION_TIMESTAMP, WORK_TIME, BREAK_TIME, INTERRUPTED)
VALUES (5673, 1, '2019-02-13', 0, 0, true);
INSERT INTO POMODORO(ID, USER, CREATION_TIMESTAMP, WORK_TIME, BREAK_TIME, INTERRUPTED)
VALUES (5674, 1, '2019-02-13', 0, 0, true);
INSERT INTO POMODORO(ID, USER, CREATION_TIMESTAMP, WORK_TIME, BREAK_TIME, INTERRUPTED)
VALUES (5675, 1, '2019-02-13', 0, 0, true);
INSERT INTO POMODORO(ID, USER, CREATION_TIMESTAMP, WORK_TIME, BREAK_TIME, INTERRUPTED)
VALUES (5676, 1, '2019-02-13', 0, 0, false);
INSERT INTO POMODORO(ID, USER, CREATION_TIMESTAMP, WORK_TIME, BREAK_TIME, INTERRUPTED)
VALUES (5677, 1, '2019-02-13', 0, 0, false);
INSERT INTO POMODORO(ID, USER, CREATION_TIMESTAMP, WORK_TIME, BREAK_TIME, INTERRUPTED)
VALUES (5678, 1, '2019-02-13', 0, 0, true);
INSERT INTO POMODORO(ID, USER, CREATION_TIMESTAMP, WORK_TIME, BREAK_TIME, INTERRUPTED)
VALUES (5679, 1, '2019-02-13', 0, 0, false);
INSERT INTO POMODORO(ID, USER, CREATION_TIMESTAMP, WORK_TIME, BREAK_TIME, INTERRUPTED)
VALUES (5680, 1, '2019-02-13', 0, 0, false);
INSERT INTO POMODORO(ID, USER, CREATION_TIMESTAMP, WORK_TIME, BREAK_TIME, INTERRUPTED)
VALUES (5681, 1, '2019-02-13', 0, 0, false);
INSERT INTO POMODORO(ID, USER, CREATION_TIMESTAMP, WORK_TIME, BREAK_TIME, INTERRUPTED)
VALUES (5682, 1, '2019-02-13', 0, 0, false);
INSERT INTO POMODORO(ID, USER, CREATION_TIMESTAMP, WORK_TIME, BREAK_TIME, INTERRUPTED)
VALUES (5683, 1, '2019-02-13', 0, 0, false);
INSERT INTO POMODORO(ID, USER, CREATION_TIMESTAMP, WORK_TIME, BREAK_TIME, INTERRUPTED)
VALUES (5684, 1, '2019-02-13', 0, 0, true);
INSERT INTO POMODORO(ID, USER, CREATION_TIMESTAMP, WORK_TIME, BREAK_TIME, INTERRUPTED)
VALUES (5685, 1, '2019-02-13', 0, 0, false);
INSERT INTO POMODORO(ID, USER, CREATION_TIMESTAMP, WORK_TIME, BREAK_TIME, INTERRUPTED)
VALUES (5686, 1, '2019-02-13', 0, 0, true);
INSERT INTO POMODORO(ID, USER, CREATION_TIMESTAMP, WORK_TIME, BREAK_TIME, INTERRUPTED)
VALUES (5687, 1, '2019-02-13', 0, 0, true);
INSERT INTO POMODORO(ID, USER, CREATION_TIMESTAMP, WORK_TIME, BREAK_TIME, INTERRUPTED)
VALUES (5688, 1, '2019-02-13', 0, 0, false);
INSERT INTO POMODORO(ID, USER, CREATION_TIMESTAMP, WORK_TIME, BREAK_TIME, INTERRUPTED)
VALUES (5689, 1, '2019-02-13', 0, 0, true);
INSERT INTO POMODORO(ID, USER, CREATION_TIMESTAMP, WORK_TIME, BREAK_TIME, INTERRUPTED)
VALUES (5690, 1, '2019-02-13', 0, 0, false);
INSERT INTO POMODORO(ID, USER, CREATION_TIMESTAMP, WORK_TIME, BREAK_TIME, INTERRUPTED)
VALUES (5691, 1, '2019-02-13', 0, 0, false);
INSERT INTO POMODORO(ID, USER, CREATION_TIMESTAMP, WORK_TIME, BREAK_TIME, INTERRUPTED)
VALUES (5692, 1, '2019-02-13', 0, 0, true);
INSERT INTO POMODORO(ID, USER, CREATION_TIMESTAMP, WORK_TIME, BREAK_TIME, INTERRUPTED)
VALUES (5693, 1, '2019-02-13', 0, 0, false);
INSERT INTO POMODORO(ID, USER, CREATION_TIMESTAMP, WORK_TIME, BREAK_TIME, INTERRUPTED)
VALUES (5694, 1, '2019-02-13', 0, 0, false);
INSERT INTO POMODORO(ID, USER, CREATION_TIMESTAMP, WORK_TIME, BREAK_TIME, INTERRUPTED)
VALUES (5695, 1, '2019-02-13', 0, 0, true);
INSERT INTO POMODORO(ID, USER, CREATION_TIMESTAMP, WORK_TIME, BREAK_TIME, INTERRUPTED)
VALUES (5696, 1, '2019-02-13', 0, 0, false);
INSERT INTO POMODORO(ID, USER, CREATION_TIMESTAMP, WORK_TIME, BREAK_TIME, INTERRUPTED)
VALUES (5697, 1, '2019-02-13', 0, 0, true);
INSERT INTO POMODORO(ID, USER, CREATION_TIMESTAMP, WORK_TIME, BREAK_TIME, INTERRUPTED)
VALUES (5698, 1, '2019-02-13', 0, 0, true);
INSERT INTO POMODORO(ID, USER, CREATION_TIMESTAMP, WORK_TIME, BREAK_TIME, INTERRUPTED)
VALUES (5699, 1, '2019-02-13', 0, 0, true);
INSERT INTO POMODORO(ID, USER, CREATION_TIMESTAMP, WORK_TIME, BREAK_TIME, INTERRUPTED)
VALUES (5700, 1, '2019-02-13', 0, 0, true);
INSERT INTO POMODORO(ID, USER, CREATION_TIMESTAMP, WORK_TIME, BREAK_TIME, INTERRUPTED)
VALUES (5701, 1, '2019-02-13', 0, 0, true);
INSERT INTO POMODORO(ID, USER, CREATION_TIMESTAMP, WORK_TIME, BREAK_TIME, INTERRUPTED)
VALUES (5702, 1, '2019-02-13', 0, 0, false);
INSERT INTO POMODORO(ID, USER, CREATION_TIMESTAMP, WORK_TIME, BREAK_TIME, INTERRUPTED)
VALUES (5703, 1, '2019-02-13', 0, 0, true);
INSERT INTO POMODORO(ID, USER, CREATION_TIMESTAMP, WORK_TIME, BREAK_TIME, INTERRUPTED)
VALUES (5704, 1, '2019-02-13', 0, 0, false);
INSERT INTO POMODORO(ID, USER, CREATION_TIMESTAMP, WORK_TIME, BREAK_TIME, INTERRUPTED)
VALUES (5705, 1, '2019-02-13', 0, 0, false);
INSERT INTO POMODORO(ID, USER, CREATION_TIMESTAMP, WORK_TIME, BREAK_TIME, INTERRUPTED)
VALUES (5706, 1, '2019-02-13', 0, 0, false);
INSERT INTO POMODORO(ID, USER, CREATION_TIMESTAMP, WORK_TIME, BREAK_TIME, INTERRUPTED)
VALUES (5707, 1, '2019-02-13', 0, 0, false);
INSERT INTO POMODORO(ID, USER, CREATION_TIMESTAMP, WORK_TIME, BREAK_TIME, INTERRUPTED)
VALUES (5708, 1, '2019-02-13', 0, 0, true);
INSERT INTO POMODORO(ID, USER, CREATION_TIMESTAMP, WORK_TIME, BREAK_TIME, INTERRUPTED)
VALUES (5709, 1, '2019-02-13', 0, 0, false);
INSERT INTO POMODORO(ID, USER, CREATION_TIMESTAMP, WORK_TIME, BREAK_TIME, INTERRUPTED)
VALUES (5710, 1, '2019-02-13', 0, 0, true);
INSERT INTO POMODORO(ID, USER, CREATION_TIMESTAMP, WORK_TIME, BREAK_TIME, INTERRUPTED)
VALUES (5711, 1, '2019-02-13', 0, 0, false);
INSERT INTO POMODORO(ID, USER, CREATION_TIMESTAMP, WORK_TIME, BREAK_TIME, INTERRUPTED)
VALUES (5712, 1, '2019-02-13', 0, 0, true);
INSERT INTO POMODORO(ID, USER, CREATION_TIMESTAMP, WORK_TIME, BREAK_TIME, INTERRUPTED)
VALUES (5713, 1, '2019-02-12', 0, 0, false);
INSERT INTO POMODORO(ID, USER, CREATION_TIMESTAMP, WORK_TIME, BREAK_TIME, INTERRUPTED)
VALUES (5714, 1, '2019-02-12', 0, 0, false);
INSERT INTO POMODORO(ID, USER, CREATION_TIMESTAMP, WORK_TIME, BREAK_TIME, INTERRUPTED)
VALUES (5715, 1, '2019-02-12', 0, 0, false);
INSERT INTO POMODORO(ID, USER, CREATION_TIMESTAMP, WORK_TIME, BREAK_TIME, INTERRUPTED)
VALUES (5716, 1, '2019-02-12', 0, 0, false);
INSERT INTO POMODORO(ID, USER, CREATION_TIMESTAMP, WORK_TIME, BREAK_TIME, INTERRUPTED)
VALUES (5717, 1, '2019-02-11', 0, 0, true);
INSERT INTO POMODORO(ID, USER, CREATION_TIMESTAMP, WORK_TIME, BREAK_TIME, INTERRUPTED)
VALUES (5718, 1, '2019-02-11', 0, 0, false);
INSERT INTO POMODORO(ID, USER, CREATION_TIMESTAMP, WORK_TIME, BREAK_TIME, INTERRUPTED)
VALUES (5719, 1, '2019-02-11', 0, 0, true);
INSERT INTO POMODORO(ID, USER, CREATION_TIMESTAMP, WORK_TIME, BREAK_TIME, INTERRUPTED)
VALUES (5720, 1, '2019-02-11', 0, 0, true);
INSERT INTO POMODORO(ID, USER, CREATION_TIMESTAMP, WORK_TIME, BREAK_TIME, INTERRUPTED)
VALUES (5721, 1, '2019-02-11', 0, 0, true);
INSERT INTO POMODORO(ID, USER, CREATION_TIMESTAMP, WORK_TIME, BREAK_TIME, INTERRUPTED)
VALUES (5722, 1, '2019-02-11', 0, 0, true);
INSERT INTO POMODORO(ID, USER, CREATION_TIMESTAMP, WORK_TIME, BREAK_TIME, INTERRUPTED)
VALUES (5723, 1, '2019-02-11', 0, 0, false);
INSERT INTO POMODORO(ID, USER, CREATION_TIMESTAMP, WORK_TIME, BREAK_TIME, INTERRUPTED)
VALUES (5724, 1, '2019-02-11', 0, 0, false);
INSERT INTO POMODORO(ID, USER, CREATION_TIMESTAMP, WORK_TIME, BREAK_TIME, INTERRUPTED)
VALUES (5725, 1, '2019-02-11', 0, 0, true);
INSERT INTO POMODORO(ID, USER, CREATION_TIMESTAMP, WORK_TIME, BREAK_TIME, INTERRUPTED)
VALUES (5726, 1, '2019-02-11', 0, 0, false);
INSERT INTO POMODORO(ID, USER, CREATION_TIMESTAMP, WORK_TIME, BREAK_TIME, INTERRUPTED)
VALUES (5727, 1, '2019-02-11', 0, 0, false);
INSERT INTO POMODORO(ID, USER, CREATION_TIMESTAMP, WORK_TIME, BREAK_TIME, INTERRUPTED)
VALUES (5728, 1, '2019-02-11', 0, 0, false);
INSERT INTO POMODORO(ID, USER, CREATION_TIMESTAMP, WORK_TIME, BREAK_TIME, INTERRUPTED)
VALUES (5729, 1, '2019-02-11', 0, 0, true);
INSERT INTO POMODORO(ID, USER, CREATION_TIMESTAMP, WORK_TIME, BREAK_TIME, INTERRUPTED)
VALUES (5730, 1, '2019-02-11', 0, 0, true);
INSERT INTO POMODORO(ID, USER, CREATION_TIMESTAMP, WORK_TIME, BREAK_TIME, INTERRUPTED)
VALUES (5731, 1, '2019-02-11', 0, 0, true);
INSERT INTO POMODORO(ID, USER, CREATION_TIMESTAMP, WORK_TIME, BREAK_TIME, INTERRUPTED)
VALUES (5732, 1, '2019-02-11', 0, 0, true);
INSERT INTO POMODORO(ID, USER, CREATION_TIMESTAMP, WORK_TIME, BREAK_TIME, INTERRUPTED)
VALUES (5733, 1, '2019-02-11', 0, 0, false);
INSERT INTO POMODORO(ID, USER, CREATION_TIMESTAMP, WORK_TIME, BREAK_TIME, INTERRUPTED)
VALUES (5734, 1, '2019-02-11', 0, 0, false);
INSERT INTO POMODORO(ID, USER, CREATION_TIMESTAMP, WORK_TIME, BREAK_TIME, INTERRUPTED)
VALUES (5735, 1, '2019-02-11', 0, 0, false);
INSERT INTO POMODORO(ID, USER, CREATION_TIMESTAMP, WORK_TIME, BREAK_TIME, INTERRUPTED)
VALUES (5736, 1, '2019-02-11', 0, 0, true);
INSERT INTO POMODORO(ID, USER, CREATION_TIMESTAMP, WORK_TIME, BREAK_TIME, INTERRUPTED)
VALUES (5737, 1, '2019-02-11', 0, 0, true);
INSERT INTO POMODORO(ID, USER, CREATION_TIMESTAMP, WORK_TIME, BREAK_TIME, INTERRUPTED)
VALUES (5738, 1, '2019-02-11', 0, 0, false);
INSERT INTO POMODORO(ID, USER, CREATION_TIMESTAMP, WORK_TIME, BREAK_TIME, INTERRUPTED)
VALUES (5739, 1, '2019-02-11', 0, 0, false);
INSERT INTO POMODORO(ID, USER, CREATION_TIMESTAMP, WORK_TIME, BREAK_TIME, INTERRUPTED)
VALUES (5740, 1, '2019-02-11', 0, 0, false);
INSERT INTO POMODORO(ID, USER, CREATION_TIMESTAMP, WORK_TIME, BREAK_TIME, INTERRUPTED)
VALUES (5741, 1, '2019-02-11', 0, 0, true);
INSERT INTO POMODORO(ID, USER, CREATION_TIMESTAMP, WORK_TIME, BREAK_TIME, INTERRUPTED)
VALUES (5742, 1, '2019-02-11', 0, 0, true);
INSERT INTO POMODORO(ID, USER, CREATION_TIMESTAMP, WORK_TIME, BREAK_TIME, INTERRUPTED)
VALUES (5743, 1, '2019-02-11', 0, 0, true);
INSERT INTO POMODORO(ID, USER, CREATION_TIMESTAMP, WORK_TIME, BREAK_TIME, INTERRUPTED)
VALUES (5744, 1, '2019-02-11', 0, 0, false);
INSERT INTO POMODORO(ID, USER, CREATION_TIMESTAMP, WORK_TIME, BREAK_TIME, INTERRUPTED)
VALUES (5745, 1, '2019-02-11', 0, 0, true);
INSERT INTO POMODORO(ID, USER, CREATION_TIMESTAMP, WORK_TIME, BREAK_TIME, INTERRUPTED)
VALUES (5746, 1, '2019-02-11', 0, 0, true);
INSERT INTO POMODORO(ID, USER, CREATION_TIMESTAMP, WORK_TIME, BREAK_TIME, INTERRUPTED)
VALUES (5747, 1, '2019-02-11', 0, 0, true);
INSERT INTO POMODORO(ID, USER, CREATION_TIMESTAMP, WORK_TIME, BREAK_TIME, INTERRUPTED)
VALUES (5748, 1, '2019-02-11', 0, 0, true);
INSERT INTO POMODORO(ID, USER, CREATION_TIMESTAMP, WORK_TIME, BREAK_TIME, INTERRUPTED)
VALUES (5749, 1, '2019-02-11', 0, 0, true);
INSERT INTO POMODORO(ID, USER, CREATION_TIMESTAMP, WORK_TIME, BREAK_TIME, INTERRUPTED)
VALUES (5750, 1, '2019-02-11', 0, 0, false);
INSERT INTO POMODORO(ID, USER, CREATION_TIMESTAMP, WORK_TIME, BREAK_TIME, INTERRUPTED)
VALUES (5751, 1, '2019-02-11', 0, 0, true);
INSERT INTO POMODORO(ID, USER, CREATION_TIMESTAMP, WORK_TIME, BREAK_TIME, INTERRUPTED)
VALUES (5752, 1, '2019-02-11', 0, 0, false);
INSERT INTO POMODORO(ID, USER, CREATION_TIMESTAMP, WORK_TIME, BREAK_TIME, INTERRUPTED)
VALUES (5753, 1, '2019-02-11', 0, 0, true);
INSERT INTO POMODORO(ID, USER, CREATION_TIMESTAMP, WORK_TIME, BREAK_TIME, INTERRUPTED)
VALUES (5754, 1, '2019-02-11', 0, 0, true);
INSERT INTO POMODORO(ID, USER, CREATION_TIMESTAMP, WORK_TIME, BREAK_TIME, INTERRUPTED)
VALUES (5755, 1, '2019-02-11', 0, 0, false);
INSERT INTO POMODORO(ID, USER, CREATION_TIMESTAMP, WORK_TIME, BREAK_TIME, INTERRUPTED)
VALUES (5756, 1, '2019-02-11', 0, 0, false);
INSERT INTO POMODORO(ID, USER, CREATION_TIMESTAMP, WORK_TIME, BREAK_TIME, INTERRUPTED)
VALUES (5757, 1, '2019-02-11', 0, 0, false);
INSERT INTO POMODORO(ID, USER, CREATION_TIMESTAMP, WORK_TIME, BREAK_TIME, INTERRUPTED)
VALUES (5758, 1, '2019-02-11', 0, 0, false);
INSERT INTO POMODORO(ID, USER, CREATION_TIMESTAMP, WORK_TIME, BREAK_TIME, INTERRUPTED)
VALUES (5759, 1, '2019-02-11', 0, 0, true);
INSERT INTO POMODORO(ID, USER, CREATION_TIMESTAMP, WORK_TIME, BREAK_TIME, INTERRUPTED)
VALUES (5760, 1, '2019-02-10', 0, 0, false);
INSERT INTO POMODORO(ID, USER, CREATION_TIMESTAMP, WORK_TIME, BREAK_TIME, INTERRUPTED)
VALUES (5761, 1, '2019-02-10', 0, 0, true);
INSERT INTO POMODORO(ID, USER, CREATION_TIMESTAMP, WORK_TIME, BREAK_TIME, INTERRUPTED)
VALUES (5762, 1, '2019-02-10', 0, 0, false);
INSERT INTO POMODORO(ID, USER, CREATION_TIMESTAMP, WORK_TIME, BREAK_TIME, INTERRUPTED)
VALUES (5763, 1, '2019-02-10', 0, 0, true);
INSERT INTO POMODORO(ID, USER, CREATION_TIMESTAMP, WORK_TIME, BREAK_TIME, INTERRUPTED)
VALUES (5764, 1, '2019-02-10', 0, 0, true);
INSERT INTO POMODORO(ID, USER, CREATION_TIMESTAMP, WORK_TIME, BREAK_TIME, INTERRUPTED)
VALUES (5765, 1, '2019-02-08', 0, 0, false);
INSERT INTO POMODORO(ID, USER, CREATION_TIMESTAMP, WORK_TIME, BREAK_TIME, INTERRUPTED)
VALUES (5766, 1, '2019-02-08', 0, 0, false);
INSERT INTO POMODORO(ID, USER, CREATION_TIMESTAMP, WORK_TIME, BREAK_TIME, INTERRUPTED)
VALUES (5767, 1, '2019-02-08', 0, 0, false);
INSERT INTO POMODORO(ID, USER, CREATION_TIMESTAMP, WORK_TIME, BREAK_TIME, INTERRUPTED)
VALUES (5768, 1, '2019-02-08', 0, 0, false);
INSERT INTO POMODORO(ID, USER, CREATION_TIMESTAMP, WORK_TIME, BREAK_TIME, INTERRUPTED)
VALUES (5769, 1, '2019-02-08', 0, 0, true);
INSERT INTO POMODORO(ID, USER, CREATION_TIMESTAMP, WORK_TIME, BREAK_TIME, INTERRUPTED)
VALUES (5770, 1, '2019-02-08', 0, 0, false);
INSERT INTO POMODORO(ID, USER, CREATION_TIMESTAMP, WORK_TIME, BREAK_TIME, INTERRUPTED)
VALUES (5771, 1, '2019-02-08', 0, 0, true);
INSERT INTO POMODORO(ID, USER, CREATION_TIMESTAMP, WORK_TIME, BREAK_TIME, INTERRUPTED)
VALUES (5772, 1, '2019-02-08', 0, 0, true);
INSERT INTO POMODORO(ID, USER, CREATION_TIMESTAMP, WORK_TIME, BREAK_TIME, INTERRUPTED)
VALUES (5773, 1, '2019-02-08', 0, 0, true);
INSERT INTO POMODORO(ID, USER, CREATION_TIMESTAMP, WORK_TIME, BREAK_TIME, INTERRUPTED)
VALUES (5774, 1, '2019-02-08', 0, 0, true);
INSERT INTO POMODORO(ID, USER, CREATION_TIMESTAMP, WORK_TIME, BREAK_TIME, INTERRUPTED)
VALUES (5775, 1, '2019-02-08', 0, 0, false);
INSERT INTO POMODORO(ID, USER, CREATION_TIMESTAMP, WORK_TIME, BREAK_TIME, INTERRUPTED)
VALUES (5776, 1, '2019-02-08', 0, 0, false);
INSERT INTO POMODORO(ID, USER, CREATION_TIMESTAMP, WORK_TIME, BREAK_TIME, INTERRUPTED)
VALUES (5777, 1, '2019-02-08', 0, 0, true);
INSERT INTO POMODORO(ID, USER, CREATION_TIMESTAMP, WORK_TIME, BREAK_TIME, INTERRUPTED)
VALUES (5778, 1, '2019-02-08', 0, 0, false);
INSERT INTO POMODORO(ID, USER, CREATION_TIMESTAMP, WORK_TIME, BREAK_TIME, INTERRUPTED)
VALUES (5779, 1, '2019-02-08', 0, 0, true);
INSERT INTO POMODORO(ID, USER, CREATION_TIMESTAMP, WORK_TIME, BREAK_TIME, INTERRUPTED)
VALUES (5780, 1, '2019-02-08', 0, 0, true);
INSERT INTO POMODORO(ID, USER, CREATION_TIMESTAMP, WORK_TIME, BREAK_TIME, INTERRUPTED)
VALUES (5781, 1, '2019-02-07', 0, 0, false);
INSERT INTO POMODORO(ID, USER, CREATION_TIMESTAMP, WORK_TIME, BREAK_TIME, INTERRUPTED)
VALUES (5782, 1, '2019-02-07', 0, 0, true);
INSERT INTO POMODORO(ID, USER, CREATION_TIMESTAMP, WORK_TIME, BREAK_TIME, INTERRUPTED)
VALUES (5783, 1, '2019-02-07', 0, 0, false);
INSERT INTO POMODORO(ID, USER, CREATION_TIMESTAMP, WORK_TIME, BREAK_TIME, INTERRUPTED)
VALUES (5784, 1, '2019-02-07', 0, 0, false);
INSERT INTO POMODORO(ID, USER, CREATION_TIMESTAMP, WORK_TIME, BREAK_TIME, INTERRUPTED)
VALUES (5785, 1, '2019-02-07', 0, 0, false);
INSERT INTO POMODORO(ID, USER, CREATION_TIMESTAMP, WORK_TIME, BREAK_TIME, INTERRUPTED)
VALUES (5786, 1, '2019-02-07', 0, 0, false);
INSERT INTO POMODORO(ID, USER, CREATION_TIMESTAMP, WORK_TIME, BREAK_TIME, INTERRUPTED)
VALUES (5787, 1, '2019-02-07', 0, 0, false);
INSERT INTO POMODORO(ID, USER, CREATION_TIMESTAMP, WORK_TIME, BREAK_TIME, INTERRUPTED)
VALUES (5788, 1, '2019-02-07', 0, 0, true);
INSERT INTO POMODORO(ID, USER, CREATION_TIMESTAMP, WORK_TIME, BREAK_TIME, INTERRUPTED)
VALUES (5789, 1, '2019-02-07', 0, 0, false);
INSERT INTO POMODORO(ID, USER, CREATION_TIMESTAMP, WORK_TIME, BREAK_TIME, INTERRUPTED)
VALUES (5790, 1, '2019-02-07', 0, 0, true);
INSERT INTO POMODORO(ID, USER, CREATION_TIMESTAMP, WORK_TIME, BREAK_TIME, INTERRUPTED)
VALUES (5791, 1, '2019-02-07', 0, 0, false);
INSERT INTO POMODORO(ID, USER, CREATION_TIMESTAMP, WORK_TIME, BREAK_TIME, INTERRUPTED)
VALUES (5792, 1, '2019-02-07', 0, 0, false);
INSERT INTO POMODORO(ID, USER, CREATION_TIMESTAMP, WORK_TIME, BREAK_TIME, INTERRUPTED)
VALUES (5793, 1, '2019-02-07', 0, 0, true);
INSERT INTO POMODORO(ID, USER, CREATION_TIMESTAMP, WORK_TIME, BREAK_TIME, INTERRUPTED)
VALUES (5794, 1, '2019-02-07', 0, 0, true);
INSERT INTO POMODORO(ID, USER, CREATION_TIMESTAMP, WORK_TIME, BREAK_TIME, INTERRUPTED)
VALUES (5795, 1, '2019-02-07', 0, 0, false);
INSERT INTO POMODORO(ID, USER, CREATION_TIMESTAMP, WORK_TIME, BREAK_TIME, INTERRUPTED)
VALUES (5796, 1, '2019-02-07', 0, 0, false);
INSERT INTO POMODORO(ID, USER, CREATION_TIMESTAMP, WORK_TIME, BREAK_TIME, INTERRUPTED)
VALUES (5797, 1, '2019-02-07', 0, 0, false);
INSERT INTO POMODORO(ID, USER, CREATION_TIMESTAMP, WORK_TIME, BREAK_TIME, INTERRUPTED)
VALUES (5798, 1, '2019-02-07', 0, 0, false);
INSERT INTO POMODORO(ID, USER, CREATION_TIMESTAMP, WORK_TIME, BREAK_TIME, INTERRUPTED)
VALUES (5799, 1, '2019-02-07', 0, 0, false);
INSERT INTO POMODORO(ID, USER, CREATION_TIMESTAMP, WORK_TIME, BREAK_TIME, INTERRUPTED)
VALUES (5800, 1, '2019-02-07', 0, 0, true);
INSERT INTO POMODORO(ID, USER, CREATION_TIMESTAMP, WORK_TIME, BREAK_TIME, INTERRUPTED)
VALUES (5801, 1, '2019-02-07', 0, 0, true);
INSERT INTO POMODORO(ID, USER, CREATION_TIMESTAMP, WORK_TIME, BREAK_TIME, INTERRUPTED)
VALUES (5802, 1, '2019-02-07', 0, 0, true);
INSERT INTO POMODORO(ID, USER, CREATION_TIMESTAMP, WORK_TIME, BREAK_TIME, INTERRUPTED)
VALUES (5803, 1, '2019-02-07', 0, 0, true);
INSERT INTO POMODORO(ID, USER, CREATION_TIMESTAMP, WORK_TIME, BREAK_TIME, INTERRUPTED)
VALUES (5804, 1, '2019-02-07', 0, 0, true);
INSERT INTO POMODORO(ID, USER, CREATION_TIMESTAMP, WORK_TIME, BREAK_TIME, INTERRUPTED)
VALUES (5805, 1, '2019-02-07', 0, 0, false);
INSERT INTO POMODORO(ID, USER, CREATION_TIMESTAMP, WORK_TIME, BREAK_TIME, INTERRUPTED)
VALUES (5806, 1, '2019-02-07', 0, 0, true);
INSERT INTO POMODORO(ID, USER, CREATION_TIMESTAMP, WORK_TIME, BREAK_TIME, INTERRUPTED)
VALUES (5807, 1, '2019-02-07', 0, 0, true);
INSERT INTO POMODORO(ID, USER, CREATION_TIMESTAMP, WORK_TIME, BREAK_TIME, INTERRUPTED)
VALUES (5808, 1, '2019-02-07', 0, 0, true);
INSERT INTO POMODORO(ID, USER, CREATION_TIMESTAMP, WORK_TIME, BREAK_TIME, INTERRUPTED)
VALUES (5809, 1, '2019-02-07', 0, 0, false);
INSERT INTO POMODORO(ID, USER, CREATION_TIMESTAMP, WORK_TIME, BREAK_TIME, INTERRUPTED)
VALUES (5810, 1, '2019-02-07', 0, 0, true);
INSERT INTO POMODORO(ID, USER, CREATION_TIMESTAMP, WORK_TIME, BREAK_TIME, INTERRUPTED)
VALUES (5811, 1, '2019-02-07', 0, 0, true);
INSERT INTO POMODORO(ID, USER, CREATION_TIMESTAMP, WORK_TIME, BREAK_TIME, INTERRUPTED)
VALUES (5812, 1, '2019-02-07', 0, 0, true);
INSERT INTO POMODORO(ID, USER, CREATION_TIMESTAMP, WORK_TIME, BREAK_TIME, INTERRUPTED)
VALUES (5813, 1, '2019-02-07', 0, 0, true);
INSERT INTO POMODORO(ID, USER, CREATION_TIMESTAMP, WORK_TIME, BREAK_TIME, INTERRUPTED)
VALUES (5814, 1, '2019-02-06', 0, 0, true);
INSERT INTO POMODORO(ID, USER, CREATION_TIMESTAMP, WORK_TIME, BREAK_TIME, INTERRUPTED)
VALUES (5815, 1, '2019-02-06', 0, 0, true);
INSERT INTO POMODORO(ID, USER, CREATION_TIMESTAMP, WORK_TIME, BREAK_TIME, INTERRUPTED)
VALUES (5816, 1, '2019-02-06', 0, 0, true);
INSERT INTO POMODORO(ID, USER, CREATION_TIMESTAMP, WORK_TIME, BREAK_TIME, INTERRUPTED)
VALUES (5817, 1, '2019-02-06', 0, 0, false);
INSERT INTO POMODORO(ID, USER, CREATION_TIMESTAMP, WORK_TIME, BREAK_TIME, INTERRUPTED)
VALUES (5818, 1, '2019-02-06', 0, 0, true);
INSERT INTO POMODORO(ID, USER, CREATION_TIMESTAMP, WORK_TIME, BREAK_TIME, INTERRUPTED)
VALUES (5819, 1, '2019-02-06', 0, 0, true);
INSERT INTO POMODORO(ID, USER, CREATION_TIMESTAMP, WORK_TIME, BREAK_TIME, INTERRUPTED)
VALUES (5820, 1, '2019-02-06', 0, 0, false);
INSERT INTO POMODORO(ID, USER, CREATION_TIMESTAMP, WORK_TIME, BREAK_TIME, INTERRUPTED)
VALUES (5821, 1, '2019-02-06', 0, 0, true);
INSERT INTO POMODORO(ID, USER, CREATION_TIMESTAMP, WORK_TIME, BREAK_TIME, INTERRUPTED)
VALUES (5822, 1, '2019-02-06', 0, 0, true);
INSERT INTO POMODORO(ID, USER, CREATION_TIMESTAMP, WORK_TIME, BREAK_TIME, INTERRUPTED)
VALUES (5823, 1, '2019-02-06', 0, 0, true);
INSERT INTO POMODORO(ID, USER, CREATION_TIMESTAMP, WORK_TIME, BREAK_TIME, INTERRUPTED)
VALUES (5824, 1, '2019-02-06', 0, 0, false);
INSERT INTO POMODORO(ID, USER, CREATION_TIMESTAMP, WORK_TIME, BREAK_TIME, INTERRUPTED)
VALUES (5825, 1, '2019-02-06', 0, 0, false);
INSERT INTO POMODORO(ID, USER, CREATION_TIMESTAMP, WORK_TIME, BREAK_TIME, INTERRUPTED)
VALUES (5826, 1, '2019-02-06', 0, 0, true);
INSERT INTO POMODORO(ID, USER, CREATION_TIMESTAMP, WORK_TIME, BREAK_TIME, INTERRUPTED)
VALUES (5827, 1, '2019-02-06', 0, 0, true);
INSERT INTO POMODORO(ID, USER, CREATION_TIMESTAMP, WORK_TIME, BREAK_TIME, INTERRUPTED)
VALUES (5828, 1, '2019-02-06', 0, 0, false);
INSERT INTO POMODORO(ID, USER, CREATION_TIMESTAMP, WORK_TIME, BREAK_TIME, INTERRUPTED)
VALUES (5829, 1, '2019-02-06', 0, 0, false);
INSERT INTO POMODORO(ID, USER, CREATION_TIMESTAMP, WORK_TIME, BREAK_TIME, INTERRUPTED)
VALUES (5830, 1, '2019-02-06', 0, 0, true);
INSERT INTO POMODORO(ID, USER, CREATION_TIMESTAMP, WORK_TIME, BREAK_TIME, INTERRUPTED)
VALUES (5831, 1, '2019-02-06', 0, 0, false);
INSERT INTO POMODORO(ID, USER, CREATION_TIMESTAMP, WORK_TIME, BREAK_TIME, INTERRUPTED)
VALUES (5832, 1, '2019-02-06', 0, 0, false);
INSERT INTO POMODORO(ID, USER, CREATION_TIMESTAMP, WORK_TIME, BREAK_TIME, INTERRUPTED)
VALUES (5833, 1, '2019-02-06', 0, 0, false);
INSERT INTO POMODORO(ID, USER, CREATION_TIMESTAMP, WORK_TIME, BREAK_TIME, INTERRUPTED)
VALUES (5834, 1, '2019-02-06', 0, 0, true);
INSERT INTO POMODORO(ID, USER, CREATION_TIMESTAMP, WORK_TIME, BREAK_TIME, INTERRUPTED)
VALUES (5835, 1, '2019-02-06', 0, 0, false);
INSERT INTO POMODORO(ID, USER, CREATION_TIMESTAMP, WORK_TIME, BREAK_TIME, INTERRUPTED)
VALUES (5836, 1, '2019-02-06', 0, 0, true);
INSERT INTO POMODORO(ID, USER, CREATION_TIMESTAMP, WORK_TIME, BREAK_TIME, INTERRUPTED)
VALUES (5837, 1, '2019-02-06', 0, 0, true);
INSERT INTO POMODORO(ID, USER, CREATION_TIMESTAMP, WORK_TIME, BREAK_TIME, INTERRUPTED)
VALUES (5838, 1, '2019-02-06', 0, 0, false);
INSERT INTO POMODORO(ID, USER, CREATION_TIMESTAMP, WORK_TIME, BREAK_TIME, INTERRUPTED)
VALUES (5839, 1, '2019-02-06', 0, 0, true);
INSERT INTO POMODORO(ID, USER, CREATION_TIMESTAMP, WORK_TIME, BREAK_TIME, INTERRUPTED)
VALUES (5840, 1, '2019-02-04', 0, 0, true);
INSERT INTO POMODORO(ID, USER, CREATION_TIMESTAMP, WORK_TIME, BREAK_TIME, INTERRUPTED)
VALUES (5841, 1, '2019-02-04', 0, 0, true);
INSERT INTO POMODORO(ID, USER, CREATION_TIMESTAMP, WORK_TIME, BREAK_TIME, INTERRUPTED)
VALUES (5842, 1, '2019-02-04', 0, 0, false);
INSERT INTO POMODORO(ID, USER, CREATION_TIMESTAMP, WORK_TIME, BREAK_TIME, INTERRUPTED)
VALUES (5843, 1, '2019-02-04', 0, 0, false);
INSERT INTO POMODORO(ID, USER, CREATION_TIMESTAMP, WORK_TIME, BREAK_TIME, INTERRUPTED)
VALUES (5844, 1, '2019-02-04', 0, 0, false);
INSERT INTO POMODORO(ID, USER, CREATION_TIMESTAMP, WORK_TIME, BREAK_TIME, INTERRUPTED)
VALUES (5845, 1, '2019-02-04', 0, 0, true);
INSERT INTO POMODORO(ID, USER, CREATION_TIMESTAMP, WORK_TIME, BREAK_TIME, INTERRUPTED)
VALUES (5846, 1, '2019-02-04', 0, 0, false);
INSERT INTO POMODORO(ID, USER, CREATION_TIMESTAMP, WORK_TIME, BREAK_TIME, INTERRUPTED)
VALUES (5847, 1, '2019-02-04', 0, 0, true);
INSERT INTO POMODORO(ID, USER, CREATION_TIMESTAMP, WORK_TIME, BREAK_TIME, INTERRUPTED)
VALUES (5848, 1, '2019-02-04', 0, 0, true);
INSERT INTO POMODORO(ID, USER, CREATION_TIMESTAMP, WORK_TIME, BREAK_TIME, INTERRUPTED)
VALUES (5849, 1, '2019-02-04', 0, 0, false);
INSERT INTO POMODORO(ID, USER, CREATION_TIMESTAMP, WORK_TIME, BREAK_TIME, INTERRUPTED)
VALUES (5850, 1, '2019-02-04', 0, 0, false);
INSERT INTO POMODORO(ID, USER, CREATION_TIMESTAMP, WORK_TIME, BREAK_TIME, INTERRUPTED)
VALUES (5851, 1, '2019-02-04', 0, 0, false);
INSERT INTO POMODORO(ID, USER, CREATION_TIMESTAMP, WORK_TIME, BREAK_TIME, INTERRUPTED)
VALUES (5852, 1, '2019-02-04', 0, 0, false);
INSERT INTO POMODORO(ID, USER, CREATION_TIMESTAMP, WORK_TIME, BREAK_TIME, INTERRUPTED)
VALUES (5853, 1, '2019-02-04', 0, 0, false);
INSERT INTO POMODORO(ID, USER, CREATION_TIMESTAMP, WORK_TIME, BREAK_TIME, INTERRUPTED)
VALUES (5854, 1, '2019-02-04', 0, 0, true);
INSERT INTO POMODORO(ID, USER, CREATION_TIMESTAMP, WORK_TIME, BREAK_TIME, INTERRUPTED)
VALUES (5855, 1, '2019-02-04', 0, 0, false);
INSERT INTO POMODORO(ID, USER, CREATION_TIMESTAMP, WORK_TIME, BREAK_TIME, INTERRUPTED)
VALUES (5856, 1, '2019-02-04', 0, 0, true);
INSERT INTO POMODORO(ID, USER, CREATION_TIMESTAMP, WORK_TIME, BREAK_TIME, INTERRUPTED)
VALUES (5857, 1, '2019-02-04', 0, 0, false);
INSERT INTO POMODORO(ID, USER, CREATION_TIMESTAMP, WORK_TIME, BREAK_TIME, INTERRUPTED)
VALUES (5858, 1, '2019-02-04', 0, 0, true);
INSERT INTO POMODORO(ID, USER, CREATION_TIMESTAMP, WORK_TIME, BREAK_TIME, INTERRUPTED)
VALUES (5859, 1, '2019-02-04', 0, 0, true);
INSERT INTO POMODORO(ID, USER, CREATION_TIMESTAMP, WORK_TIME, BREAK_TIME, INTERRUPTED)
VALUES (5860, 1, '2019-02-04', 0, 0, true);
INSERT INTO POMODORO(ID, USER, CREATION_TIMESTAMP, WORK_TIME, BREAK_TIME, INTERRUPTED)
VALUES (5861, 1, '2019-02-04', 0, 0, false);
INSERT INTO POMODORO(ID, USER, CREATION_TIMESTAMP, WORK_TIME, BREAK_TIME, INTERRUPTED)
VALUES (5862, 1, '2019-02-04', 0, 0, false);
INSERT INTO POMODORO(ID, USER, CREATION_TIMESTAMP, WORK_TIME, BREAK_TIME, INTERRUPTED)
VALUES (5863, 1, '2019-02-04', 0, 0, false);
INSERT INTO POMODORO(ID, USER, CREATION_TIMESTAMP, WORK_TIME, BREAK_TIME, INTERRUPTED)
VALUES (5864, 1, '2019-02-04', 0, 0, false);
INSERT INTO POMODORO(ID, USER, CREATION_TIMESTAMP, WORK_TIME, BREAK_TIME, INTERRUPTED)
VALUES (5865, 1, '2019-02-04', 0, 0, true);
INSERT INTO POMODORO(ID, USER, CREATION_TIMESTAMP, WORK_TIME, BREAK_TIME, INTERRUPTED)
VALUES (5866, 1, '2019-02-04', 0, 0, false);
INSERT INTO POMODORO(ID, USER, CREATION_TIMESTAMP, WORK_TIME, BREAK_TIME, INTERRUPTED)
VALUES (5867, 1, '2019-02-04', 0, 0, true);
INSERT INTO POMODORO(ID, USER, CREATION_TIMESTAMP, WORK_TIME, BREAK_TIME, INTERRUPTED)
VALUES (5868, 1, '2019-02-04', 0, 0, true);
INSERT INTO POMODORO(ID, USER, CREATION_TIMESTAMP, WORK_TIME, BREAK_TIME, INTERRUPTED)
VALUES (5869, 1, '2019-02-04', 0, 0, false);
INSERT INTO POMODORO(ID, USER, CREATION_TIMESTAMP, WORK_TIME, BREAK_TIME, INTERRUPTED)
VALUES (5870, 1, '2019-02-04', 0, 0, false);
INSERT INTO POMODORO(ID, USER, CREATION_TIMESTAMP, WORK_TIME, BREAK_TIME, INTERRUPTED)
VALUES (5871, 1, '2019-02-04', 0, 0, true);
INSERT INTO POMODORO(ID, USER, CREATION_TIMESTAMP, WORK_TIME, BREAK_TIME, INTERRUPTED)
VALUES (5872, 1, '2019-02-03', 0, 0, false);
INSERT INTO POMODORO(ID, USER, CREATION_TIMESTAMP, WORK_TIME, BREAK_TIME, INTERRUPTED)
VALUES (5873, 1, '2019-02-03', 0, 0, false);
INSERT INTO POMODORO(ID, USER, CREATION_TIMESTAMP, WORK_TIME, BREAK_TIME, INTERRUPTED)
VALUES (5874, 1, '2019-02-03', 0, 0, true);
INSERT INTO POMODORO(ID, USER, CREATION_TIMESTAMP, WORK_TIME, BREAK_TIME, INTERRUPTED)
VALUES (5875, 1, '2019-02-03', 0, 0, true);
INSERT INTO POMODORO(ID, USER, CREATION_TIMESTAMP, WORK_TIME, BREAK_TIME, INTERRUPTED)
VALUES (5876, 1, '2019-02-03', 0, 0, false);
INSERT INTO POMODORO(ID, USER, CREATION_TIMESTAMP, WORK_TIME, BREAK_TIME, INTERRUPTED)
VALUES (5877, 1, '2019-02-03', 0, 0, false);
INSERT INTO POMODORO(ID, USER, CREATION_TIMESTAMP, WORK_TIME, BREAK_TIME, INTERRUPTED)
VALUES (5878, 1, '2019-02-03', 0, 0, false);
INSERT INTO POMODORO(ID, USER, CREATION_TIMESTAMP, WORK_TIME, BREAK_TIME, INTERRUPTED)
VALUES (5879, 1, '2019-02-03', 0, 0, true);
INSERT INTO POMODORO(ID, USER, CREATION_TIMESTAMP, WORK_TIME, BREAK_TIME, INTERRUPTED)
VALUES (5880, 1, '2019-02-03', 0, 0, false);
INSERT INTO POMODORO(ID, USER, CREATION_TIMESTAMP, WORK_TIME, BREAK_TIME, INTERRUPTED)
VALUES (5881, 1, '2019-02-03', 0, 0, true);
INSERT INTO POMODORO(ID, USER, CREATION_TIMESTAMP, WORK_TIME, BREAK_TIME, INTERRUPTED)
VALUES (5882, 1, '2019-02-03', 0, 0, false);
INSERT INTO POMODORO(ID, USER, CREATION_TIMESTAMP, WORK_TIME, BREAK_TIME, INTERRUPTED)
VALUES (5883, 1, '2019-02-03', 0, 0, true);
INSERT INTO POMODORO(ID, USER, CREATION_TIMESTAMP, WORK_TIME, BREAK_TIME, INTERRUPTED)
VALUES (5884, 1, '2019-02-03', 0, 0, false);
INSERT INTO POMODORO(ID, USER, CREATION_TIMESTAMP, WORK_TIME, BREAK_TIME, INTERRUPTED)
VALUES (5885, 1, '2019-02-03', 0, 0, true);
INSERT INTO POMODORO(ID, USER, CREATION_TIMESTAMP, WORK_TIME, BREAK_TIME, INTERRUPTED)
VALUES (5886, 1, '2019-02-02', 0, 0, true);
INSERT INTO POMODORO(ID, USER, CREATION_TIMESTAMP, WORK_TIME, BREAK_TIME, INTERRUPTED)
VALUES (5887, 1, '2019-02-02', 0, 0, false);
INSERT INTO POMODORO(ID, USER, CREATION_TIMESTAMP, WORK_TIME, BREAK_TIME, INTERRUPTED)
VALUES (5888, 1, '2019-02-02', 0, 0, true);
INSERT INTO POMODORO(ID, USER, CREATION_TIMESTAMP, WORK_TIME, BREAK_TIME, INTERRUPTED)
VALUES (5889, 1, '2019-02-02', 0, 0, false);
INSERT INTO POMODORO(ID, USER, CREATION_TIMESTAMP, WORK_TIME, BREAK_TIME, INTERRUPTED)
VALUES (5890, 1, '2019-02-02', 0, 0, true);
INSERT INTO POMODORO(ID, USER, CREATION_TIMESTAMP, WORK_TIME, BREAK_TIME, INTERRUPTED)
VALUES (5891, 1, '2019-02-02', 0, 0, false);
INSERT INTO POMODORO(ID, USER, CREATION_TIMESTAMP, WORK_TIME, BREAK_TIME, INTERRUPTED)
VALUES (5892, 1, '2019-02-02', 0, 0, false);
INSERT INTO POMODORO(ID, USER, CREATION_TIMESTAMP, WORK_TIME, BREAK_TIME, INTERRUPTED)
VALUES (5893, 1, '2019-02-02', 0, 0, false);
INSERT INTO POMODORO(ID, USER, CREATION_TIMESTAMP, WORK_TIME, BREAK_TIME, INTERRUPTED)
VALUES (5894, 1, '2019-02-02', 0, 0, false);
INSERT INTO POMODORO(ID, USER, CREATION_TIMESTAMP, WORK_TIME, BREAK_TIME, INTERRUPTED)
VALUES (5895, 1, '2019-02-02', 0, 0, true);
INSERT INTO POMODORO(ID, USER, CREATION_TIMESTAMP, WORK_TIME, BREAK_TIME, INTERRUPTED)
VALUES (5896, 1, '2019-02-02', 0, 0, true);
INSERT INTO POMODORO(ID, USER, CREATION_TIMESTAMP, WORK_TIME, BREAK_TIME, INTERRUPTED)
VALUES (5897, 1, '2019-02-02', 0, 0, true);
INSERT INTO POMODORO(ID, USER, CREATION_TIMESTAMP, WORK_TIME, BREAK_TIME, INTERRUPTED)
VALUES (5898, 1, '2019-02-02', 0, 0, true);
INSERT INTO POMODORO(ID, USER, CREATION_TIMESTAMP, WORK_TIME, BREAK_TIME, INTERRUPTED)
VALUES (5899, 1, '2019-02-02', 0, 0, false);
INSERT INTO POMODORO(ID, USER, CREATION_TIMESTAMP, WORK_TIME, BREAK_TIME, INTERRUPTED)
VALUES (5900, 1, '2019-02-02', 0, 0, false);
INSERT INTO POMODORO(ID, USER, CREATION_TIMESTAMP, WORK_TIME, BREAK_TIME, INTERRUPTED)
VALUES (5901, 1, '2019-02-02', 0, 0, false);
INSERT INTO POMODORO(ID, USER, CREATION_TIMESTAMP, WORK_TIME, BREAK_TIME, INTERRUPTED)
VALUES (5902, 1, '2019-02-02', 0, 0, true);
INSERT INTO POMODORO(ID, USER, CREATION_TIMESTAMP, WORK_TIME, BREAK_TIME, INTERRUPTED)
VALUES (5903, 1, '2019-02-02', 0, 0, false);
INSERT INTO POMODORO(ID, USER, CREATION_TIMESTAMP, WORK_TIME, BREAK_TIME, INTERRUPTED)
VALUES (5904, 1, '2019-02-02', 0, 0, true);
INSERT INTO POMODORO(ID, USER, CREATION_TIMESTAMP, WORK_TIME, BREAK_TIME, INTERRUPTED)
VALUES (5905, 1, '2019-02-02', 0, 0, true);
INSERT INTO POMODORO(ID, USER, CREATION_TIMESTAMP, WORK_TIME, BREAK_TIME, INTERRUPTED)
VALUES (5906, 1, '2019-02-02', 0, 0, true);
INSERT INTO POMODORO(ID, USER, CREATION_TIMESTAMP, WORK_TIME, BREAK_TIME, INTERRUPTED)
VALUES (5907, 1, '2019-02-02', 0, 0, true);
INSERT INTO POMODORO(ID, USER, CREATION_TIMESTAMP, WORK_TIME, BREAK_TIME, INTERRUPTED)
VALUES (5908, 1, '2019-02-02', 0, 0, false);
INSERT INTO POMODORO(ID, USER, CREATION_TIMESTAMP, WORK_TIME, BREAK_TIME, INTERRUPTED)
VALUES (5909, 1, '2019-02-02', 0, 0, false);
INSERT INTO POMODORO(ID, USER, CREATION_TIMESTAMP, WORK_TIME, BREAK_TIME, INTERRUPTED)
VALUES (5910, 1, '2019-02-02', 0, 0, true);
INSERT INTO POMODORO(ID, USER, CREATION_TIMESTAMP, WORK_TIME, BREAK_TIME, INTERRUPTED)
VALUES (5911, 1, '2019-02-02', 0, 0, true);
INSERT INTO POMODORO(ID, USER, CREATION_TIMESTAMP, WORK_TIME, BREAK_TIME, INTERRUPTED)
VALUES (5912, 1, '2019-02-02', 0, 0, false);
INSERT INTO POMODORO(ID, USER, CREATION_TIMESTAMP, WORK_TIME, BREAK_TIME, INTERRUPTED)
VALUES (5913, 1, '2019-02-02', 0, 0, false);
INSERT INTO POMODORO(ID, USER, CREATION_TIMESTAMP, WORK_TIME, BREAK_TIME, INTERRUPTED)
VALUES (5914, 1, '2019-02-02', 0, 0, true);
INSERT INTO POMODORO(ID, USER, CREATION_TIMESTAMP, WORK_TIME, BREAK_TIME, INTERRUPTED)
VALUES (5915, 1, '2019-02-02', 0, 0, true);
INSERT INTO POMODORO(ID, USER, CREATION_TIMESTAMP, WORK_TIME, BREAK_TIME, INTERRUPTED)
VALUES (5916, 1, '2019-02-02', 0, 0, true);
INSERT INTO POMODORO(ID, USER, CREATION_TIMESTAMP, WORK_TIME, BREAK_TIME, INTERRUPTED)
VALUES (5917, 1, '2019-02-02', 0, 0, false);
INSERT INTO POMODORO(ID, USER, CREATION_TIMESTAMP, WORK_TIME, BREAK_TIME, INTERRUPTED)
VALUES (5918, 1, '2019-02-02', 0, 0, false);
INSERT INTO POMODORO(ID, USER, CREATION_TIMESTAMP, WORK_TIME, BREAK_TIME, INTERRUPTED)
VALUES (5919, 1, '2019-02-01', 0, 0, true);
INSERT INTO POMODORO(ID, USER, CREATION_TIMESTAMP, WORK_TIME, BREAK_TIME, INTERRUPTED)
VALUES (5920, 1, '2019-02-01', 0, 0, true);
INSERT INTO POMODORO(ID, USER, CREATION_TIMESTAMP, WORK_TIME, BREAK_TIME, INTERRUPTED)
VALUES (5921, 1, '2019-02-01', 0, 0, false);
INSERT INTO POMODORO(ID, USER, CREATION_TIMESTAMP, WORK_TIME, BREAK_TIME, INTERRUPTED)
VALUES (5922, 1, '2019-02-01', 0, 0, false);
INSERT INTO POMODORO(ID, USER, CREATION_TIMESTAMP, WORK_TIME, BREAK_TIME, INTERRUPTED)
VALUES (5923, 1, '2019-02-01', 0, 0, true);
INSERT INTO POMODORO(ID, USER, CREATION_TIMESTAMP, WORK_TIME, BREAK_TIME, INTERRUPTED)
VALUES (5924, 1, '2019-02-01', 0, 0, true);
INSERT INTO POMODORO(ID, USER, CREATION_TIMESTAMP, WORK_TIME, BREAK_TIME, INTERRUPTED)
VALUES (5925, 1, '2019-02-01', 0, 0, true);
INSERT INTO POMODORO(ID, USER, CREATION_TIMESTAMP, WORK_TIME, BREAK_TIME, INTERRUPTED)
VALUES (5926, 1, '2019-02-01', 0, 0, true);
INSERT INTO POMODORO(ID, USER, CREATION_TIMESTAMP, WORK_TIME, BREAK_TIME, INTERRUPTED)
VALUES (5927, 1, '2019-02-01', 0, 0, false);
INSERT INTO POMODORO(ID, USER, CREATION_TIMESTAMP, WORK_TIME, BREAK_TIME, INTERRUPTED)
VALUES (5928, 1, '2019-02-01', 0, 0, true);
INSERT INTO POMODORO(ID, USER, CREATION_TIMESTAMP, WORK_TIME, BREAK_TIME, INTERRUPTED)
VALUES (5929, 1, '2019-02-01', 0, 0, false);
INSERT INTO POMODORO(ID, USER, CREATION_TIMESTAMP, WORK_TIME, BREAK_TIME, INTERRUPTED)
VALUES (5930, 1, '2019-02-01', 0, 0, false);
INSERT INTO POMODORO(ID, USER, CREATION_TIMESTAMP, WORK_TIME, BREAK_TIME, INTERRUPTED)
VALUES (5931, 1, '2019-02-01', 0, 0, false);
INSERT INTO POMODORO(ID, USER, CREATION_TIMESTAMP, WORK_TIME, BREAK_TIME, INTERRUPTED)
VALUES (5932, 1, '2019-02-01', 0, 0, false);
INSERT INTO POMODORO(ID, USER, CREATION_TIMESTAMP, WORK_TIME, BREAK_TIME, INTERRUPTED)
VALUES (5933, 1, '2019-02-01', 0, 0, true);
INSERT INTO POMODORO(ID, USER, CREATION_TIMESTAMP, WORK_TIME, BREAK_TIME, INTERRUPTED)
VALUES (5934, 1, '2019-02-01', 0, 0, false);
INSERT INTO POMODORO(ID, USER, CREATION_TIMESTAMP, WORK_TIME, BREAK_TIME, INTERRUPTED)
VALUES (5935, 1, '2019-02-01', 0, 0, false);
INSERT INTO POMODORO(ID, USER, CREATION_TIMESTAMP, WORK_TIME, BREAK_TIME, INTERRUPTED)
VALUES (5936, 1, '2019-02-01', 0, 0, true);
INSERT INTO POMODORO(ID, USER, CREATION_TIMESTAMP, WORK_TIME, BREAK_TIME, INTERRUPTED)
VALUES (5937, 1, '2019-02-01', 0, 0, true);
INSERT INTO POMODORO(ID, USER, CREATION_TIMESTAMP, WORK_TIME, BREAK_TIME, INTERRUPTED)
VALUES (5938, 1, '2019-02-01', 0, 0, false);
INSERT INTO POMODORO(ID, USER, CREATION_TIMESTAMP, WORK_TIME, BREAK_TIME, INTERRUPTED)
VALUES (5939, 1, '2019-02-01', 0, 0, true);
INSERT INTO POMODORO(ID, USER, CREATION_TIMESTAMP, WORK_TIME, BREAK_TIME, INTERRUPTED)
VALUES (5940, 1, '2019-02-01', 0, 0, false);
INSERT INTO POMODORO(ID, USER, CREATION_TIMESTAMP, WORK_TIME, BREAK_TIME, INTERRUPTED)
VALUES (5941, 1, '2019-02-01', 0, 0, false);
INSERT INTO POMODORO(ID, USER, CREATION_TIMESTAMP, WORK_TIME, BREAK_TIME, INTERRUPTED)
VALUES (5942, 1, '2019-02-01', 0, 0, true);
INSERT INTO POMODORO(ID, USER, CREATION_TIMESTAMP, WORK_TIME, BREAK_TIME, INTERRUPTED)
VALUES (5943, 1, '2019-02-01', 0, 0, false);
INSERT INTO POMODORO(ID, USER, CREATION_TIMESTAMP, WORK_TIME, BREAK_TIME, INTERRUPTED)
VALUES (5944, 1, '2019-02-01', 0, 0, false);
INSERT INTO POMODORO(ID, USER, CREATION_TIMESTAMP, WORK_TIME, BREAK_TIME, INTERRUPTED)
VALUES (5945, 1, '2019-02-01', 0, 0, false);
INSERT INTO POMODORO(ID, USER, CREATION_TIMESTAMP, WORK_TIME, BREAK_TIME, INTERRUPTED)
VALUES (5946, 1, '2019-02-01', 0, 0, true);
INSERT INTO POMODORO(ID, USER, CREATION_TIMESTAMP, WORK_TIME, BREAK_TIME, INTERRUPTED)
VALUES (5947, 1, '2019-02-01', 0, 0, true);
INSERT INTO POMODORO(ID, USER, CREATION_TIMESTAMP, WORK_TIME, BREAK_TIME, INTERRUPTED)
VALUES (5948, 1, '2019-02-01', 0, 0, false);
INSERT INTO POMODORO(ID, USER, CREATION_TIMESTAMP, WORK_TIME, BREAK_TIME, INTERRUPTED)
VALUES (5949, 1, '2019-02-01', 0, 0, false);
INSERT INTO POMODORO(ID, USER, CREATION_TIMESTAMP, WORK_TIME, BREAK_TIME, INTERRUPTED)
VALUES (5950, 1, '2019-01-31', 0, 0, false);
INSERT INTO POMODORO(ID, USER, CREATION_TIMESTAMP, WORK_TIME, BREAK_TIME, INTERRUPTED)
VALUES (5951, 1, '2019-01-31', 0, 0, false);
INSERT INTO POMODORO(ID, USER, CREATION_TIMESTAMP, WORK_TIME, BREAK_TIME, INTERRUPTED)
VALUES (5952, 1, '2019-01-31', 0, 0, false);
INSERT INTO POMODORO(ID, USER, CREATION_TIMESTAMP, WORK_TIME, BREAK_TIME, INTERRUPTED)
VALUES (5953, 1, '2019-01-31', 0, 0, true);
INSERT INTO POMODORO(ID, USER, CREATION_TIMESTAMP, WORK_TIME, BREAK_TIME, INTERRUPTED)
VALUES (5954, 1, '2019-01-30', 0, 0, false);
INSERT INTO POMODORO(ID, USER, CREATION_TIMESTAMP, WORK_TIME, BREAK_TIME, INTERRUPTED)
VALUES (5955, 1, '2019-01-30', 0, 0, true);
INSERT INTO POMODORO(ID, USER, CREATION_TIMESTAMP, WORK_TIME, BREAK_TIME, INTERRUPTED)
VALUES (5956, 1, '2019-01-30', 0, 0, true);
INSERT INTO POMODORO(ID, USER, CREATION_TIMESTAMP, WORK_TIME, BREAK_TIME, INTERRUPTED)
VALUES (5957, 1, '2019-01-30', 0, 0, true);
INSERT INTO POMODORO(ID, USER, CREATION_TIMESTAMP, WORK_TIME, BREAK_TIME, INTERRUPTED)
VALUES (5958, 1, '2019-01-30', 0, 0, true);
INSERT INTO POMODORO(ID, USER, CREATION_TIMESTAMP, WORK_TIME, BREAK_TIME, INTERRUPTED)
VALUES (5959, 1, '2019-01-30', 0, 0, true);
INSERT INTO POMODORO(ID, USER, CREATION_TIMESTAMP, WORK_TIME, BREAK_TIME, INTERRUPTED)
VALUES (5960, 1, '2019-01-30', 0, 0, false);
INSERT INTO POMODORO(ID, USER, CREATION_TIMESTAMP, WORK_TIME, BREAK_TIME, INTERRUPTED)
VALUES (5961, 1, '2019-01-30', 0, 0, false);
INSERT INTO POMODORO(ID, USER, CREATION_TIMESTAMP, WORK_TIME, BREAK_TIME, INTERRUPTED)
VALUES (5962, 1, '2019-01-30', 0, 0, true);
INSERT INTO POMODORO(ID, USER, CREATION_TIMESTAMP, WORK_TIME, BREAK_TIME, INTERRUPTED)
VALUES (5963, 1, '2019-01-30', 0, 0, true);
INSERT INTO POMODORO(ID, USER, CREATION_TIMESTAMP, WORK_TIME, BREAK_TIME, INTERRUPTED)
VALUES (5964, 1, '2019-01-30', 0, 0, true);
INSERT INTO POMODORO(ID, USER, CREATION_TIMESTAMP, WORK_TIME, BREAK_TIME, INTERRUPTED)
VALUES (5965, 1, '2019-01-30', 0, 0, true);
INSERT INTO POMODORO(ID, USER, CREATION_TIMESTAMP, WORK_TIME, BREAK_TIME, INTERRUPTED)
VALUES (5966, 1, '2019-01-30', 0, 0, true);
INSERT INTO POMODORO(ID, USER, CREATION_TIMESTAMP, WORK_TIME, BREAK_TIME, INTERRUPTED)
VALUES (5967, 1, '2019-01-30', 0, 0, true);
INSERT INTO POMODORO(ID, USER, CREATION_TIMESTAMP, WORK_TIME, BREAK_TIME, INTERRUPTED)
VALUES (5968, 1, '2019-01-30', 0, 0, false);
INSERT INTO POMODORO(ID, USER, CREATION_TIMESTAMP, WORK_TIME, BREAK_TIME, INTERRUPTED)
VALUES (5969, 1, '2019-01-30', 0, 0, true);
INSERT INTO POMODORO(ID, USER, CREATION_TIMESTAMP, WORK_TIME, BREAK_TIME, INTERRUPTED)
VALUES (5970, 1, '2019-01-30', 0, 0, false);
INSERT INTO POMODORO(ID, USER, CREATION_TIMESTAMP, WORK_TIME, BREAK_TIME, INTERRUPTED)
VALUES (5971, 1, '2019-01-30', 0, 0, true);
INSERT INTO POMODORO(ID, USER, CREATION_TIMESTAMP, WORK_TIME, BREAK_TIME, INTERRUPTED)
VALUES (5972, 1, '2019-01-30', 0, 0, false);
INSERT INTO POMODORO(ID, USER, CREATION_TIMESTAMP, WORK_TIME, BREAK_TIME, INTERRUPTED)
VALUES (5973, 1, '2019-01-29', 0, 0, false);
INSERT INTO POMODORO(ID, USER, CREATION_TIMESTAMP, WORK_TIME, BREAK_TIME, INTERRUPTED)
VALUES (5974, 1, '2019-01-29', 0, 0, false);
INSERT INTO POMODORO(ID, USER, CREATION_TIMESTAMP, WORK_TIME, BREAK_TIME, INTERRUPTED)
VALUES (5975, 1, '2019-01-29', 0, 0, false);
INSERT INTO POMODORO(ID, USER, CREATION_TIMESTAMP, WORK_TIME, BREAK_TIME, INTERRUPTED)
VALUES (5976, 1, '2019-01-29', 0, 0, true);
INSERT INTO POMODORO(ID, USER, CREATION_TIMESTAMP, WORK_TIME, BREAK_TIME, INTERRUPTED)
VALUES (5977, 1, '2019-01-29', 0, 0, true);
INSERT INTO POMODORO(ID, USER, CREATION_TIMESTAMP, WORK_TIME, BREAK_TIME, INTERRUPTED)
VALUES (5978, 1, '2019-01-29', 0, 0, false);
INSERT INTO POMODORO(ID, USER, CREATION_TIMESTAMP, WORK_TIME, BREAK_TIME, INTERRUPTED)
VALUES (5979, 1, '2019-01-29', 0, 0, true);
INSERT INTO POMODORO(ID, USER, CREATION_TIMESTAMP, WORK_TIME, BREAK_TIME, INTERRUPTED)
VALUES (5980, 1, '2019-01-29', 0, 0, true);
INSERT INTO POMODORO(ID, USER, CREATION_TIMESTAMP, WORK_TIME, BREAK_TIME, INTERRUPTED)
VALUES (5981, 1, '2019-01-29', 0, 0, true);
INSERT INTO POMODORO(ID, USER, CREATION_TIMESTAMP, WORK_TIME, BREAK_TIME, INTERRUPTED)
VALUES (5982, 1, '2019-01-29', 0, 0, false);
INSERT INTO POMODORO(ID, USER, CREATION_TIMESTAMP, WORK_TIME, BREAK_TIME, INTERRUPTED)
VALUES (5983, 1, '2019-01-29', 0, 0, false);
INSERT INTO POMODORO(ID, USER, CREATION_TIMESTAMP, WORK_TIME, BREAK_TIME, INTERRUPTED)
VALUES (5984, 1, '2019-01-29', 0, 0, false);
INSERT INTO POMODORO(ID, USER, CREATION_TIMESTAMP, WORK_TIME, BREAK_TIME, INTERRUPTED)
VALUES (5985, 1, '2019-01-29', 0, 0, false);
INSERT INTO POMODORO(ID, USER, CREATION_TIMESTAMP, WORK_TIME, BREAK_TIME, INTERRUPTED)
VALUES (5986, 1, '2019-01-29', 0, 0, false);
INSERT INTO POMODORO(ID, USER, CREATION_TIMESTAMP, WORK_TIME, BREAK_TIME, INTERRUPTED)
VALUES (5987, 1, '2019-01-29', 0, 0, false);
INSERT INTO POMODORO(ID, USER, CREATION_TIMESTAMP, WORK_TIME, BREAK_TIME, INTERRUPTED)
VALUES (5988, 1, '2019-01-29', 0, 0, true);
INSERT INTO POMODORO(ID, USER, CREATION_TIMESTAMP, WORK_TIME, BREAK_TIME, INTERRUPTED)
VALUES (5989, 1, '2019-01-28', 0, 0, true);
INSERT INTO POMODORO(ID, USER, CREATION_TIMESTAMP, WORK_TIME, BREAK_TIME, INTERRUPTED)
VALUES (5990, 1, '2019-01-28', 0, 0, true);
INSERT INTO POMODORO(ID, USER, CREATION_TIMESTAMP, WORK_TIME, BREAK_TIME, INTERRUPTED)
VALUES (5991, 1, '2019-01-28', 0, 0, false);
INSERT INTO POMODORO(ID, USER, CREATION_TIMESTAMP, WORK_TIME, BREAK_TIME, INTERRUPTED)
VALUES (5992, 1, '2019-01-28', 0, 0, true);
INSERT INTO POMODORO(ID, USER, CREATION_TIMESTAMP, WORK_TIME, BREAK_TIME, INTERRUPTED)
VALUES (5993, 1, '2019-01-28', 0, 0, true);
INSERT INTO POMODORO(ID, USER, CREATION_TIMESTAMP, WORK_TIME, BREAK_TIME, INTERRUPTED)
VALUES (5994, 1, '2019-01-28', 0, 0, true);
INSERT INTO POMODORO(ID, USER, CREATION_TIMESTAMP, WORK_TIME, BREAK_TIME, INTERRUPTED)
VALUES (5995, 1, '2019-01-28', 0, 0, true);
INSERT INTO POMODORO(ID, USER, CREATION_TIMESTAMP, WORK_TIME, BREAK_TIME, INTERRUPTED)
VALUES (5996, 1, '2019-01-28', 0, 0, false);
INSERT INTO POMODORO(ID, USER, CREATION_TIMESTAMP, WORK_TIME, BREAK_TIME, INTERRUPTED)
VALUES (5997, 1, '2019-01-28', 0, 0, true);
INSERT INTO POMODORO(ID, USER, CREATION_TIMESTAMP, WORK_TIME, BREAK_TIME, INTERRUPTED)
VALUES (5998, 1, '2019-01-28', 0, 0, false);
INSERT INTO POMODORO(ID, USER, CREATION_TIMESTAMP, WORK_TIME, BREAK_TIME, INTERRUPTED)
VALUES (5999, 1, '2019-01-28', 0, 0, true);
INSERT INTO POMODORO(ID, USER, CREATION_TIMESTAMP, WORK_TIME, BREAK_TIME, INTERRUPTED)
VALUES (6000, 1, '2019-01-28', 0, 0, false);
INSERT INTO POMODORO(ID, USER, CREATION_TIMESTAMP, WORK_TIME, BREAK_TIME, INTERRUPTED)
VALUES (6001, 1, '2019-01-28', 0, 0, false);
INSERT INTO POMODORO(ID, USER, CREATION_TIMESTAMP, WORK_TIME, BREAK_TIME, INTERRUPTED)
VALUES (6002, 1, '2019-01-28', 0, 0, true);
INSERT INTO POMODORO(ID, USER, CREATION_TIMESTAMP, WORK_TIME, BREAK_TIME, INTERRUPTED)
VALUES (6003, 1, '2019-01-28', 0, 0, true);
INSERT INTO POMODORO(ID, USER, CREATION_TIMESTAMP, WORK_TIME, BREAK_TIME, INTERRUPTED)
VALUES (6004, 1, '2019-01-28', 0, 0, true);
INSERT INTO POMODORO(ID, USER, CREATION_TIMESTAMP, WORK_TIME, BREAK_TIME, INTERRUPTED)
VALUES (6005, 1, '2019-01-28', 0, 0, true);
INSERT INTO POMODORO(ID, USER, CREATION_TIMESTAMP, WORK_TIME, BREAK_TIME, INTERRUPTED)
VALUES (6006, 1, '2019-01-28', 0, 0, false);
INSERT INTO POMODORO(ID, USER, CREATION_TIMESTAMP, WORK_TIME, BREAK_TIME, INTERRUPTED)
VALUES (6007, 1, '2019-01-28', 0, 0, false);
INSERT INTO POMODORO(ID, USER, CREATION_TIMESTAMP, WORK_TIME, BREAK_TIME, INTERRUPTED)
VALUES (6008, 1, '2019-01-28', 0, 0, true);
INSERT INTO POMODORO(ID, USER, CREATION_TIMESTAMP, WORK_TIME, BREAK_TIME, INTERRUPTED)
VALUES (6009, 1, '2019-01-28', 0, 0, false);
INSERT INTO POMODORO(ID, USER, CREATION_TIMESTAMP, WORK_TIME, BREAK_TIME, INTERRUPTED)
VALUES (6010, 1, '2019-01-28', 0, 0, true);
INSERT INTO POMODORO(ID, USER, CREATION_TIMESTAMP, WORK_TIME, BREAK_TIME, INTERRUPTED)
VALUES (6011, 1, '2019-01-28', 0, 0, false);
INSERT INTO POMODORO(ID, USER, CREATION_TIMESTAMP, WORK_TIME, BREAK_TIME, INTERRUPTED)
VALUES (6012, 1, '2019-01-28', 0, 0, true);
INSERT INTO POMODORO(ID, USER, CREATION_TIMESTAMP, WORK_TIME, BREAK_TIME, INTERRUPTED)
VALUES (6013, 1, '2019-01-28', 0, 0, true);
INSERT INTO POMODORO(ID, USER, CREATION_TIMESTAMP, WORK_TIME, BREAK_TIME, INTERRUPTED)
VALUES (6014, 1, '2019-01-28', 0, 0, true);
INSERT INTO POMODORO(ID, USER, CREATION_TIMESTAMP, WORK_TIME, BREAK_TIME, INTERRUPTED)
VALUES (6015, 1, '2019-01-28', 0, 0, true);
INSERT INTO POMODORO(ID, USER, CREATION_TIMESTAMP, WORK_TIME, BREAK_TIME, INTERRUPTED)
VALUES (6016, 1, '2019-01-28', 0, 0, true);
INSERT INTO POMODORO(ID, USER, CREATION_TIMESTAMP, WORK_TIME, BREAK_TIME, INTERRUPTED)
VALUES (6017, 1, '2019-01-28', 0, 0, true);
INSERT INTO POMODORO(ID, USER, CREATION_TIMESTAMP, WORK_TIME, BREAK_TIME, INTERRUPTED)
VALUES (6018, 1, '2019-01-28', 0, 0, false);
INSERT INTO POMODORO(ID, USER, CREATION_TIMESTAMP, WORK_TIME, BREAK_TIME, INTERRUPTED)
VALUES (6019, 1, '2019-01-28', 0, 0, true);
INSERT INTO POMODORO(ID, USER, CREATION_TIMESTAMP, WORK_TIME, BREAK_TIME, INTERRUPTED)
VALUES (6020, 1, '2019-01-28', 0, 0, true);
INSERT INTO POMODORO(ID, USER, CREATION_TIMESTAMP, WORK_TIME, BREAK_TIME, INTERRUPTED)
VALUES (6021, 1, '2019-01-28', 0, 0, true);
INSERT INTO POMODORO(ID, USER, CREATION_TIMESTAMP, WORK_TIME, BREAK_TIME, INTERRUPTED)
VALUES (6022, 1, '2019-01-28', 0, 0, false);
INSERT INTO POMODORO(ID, USER, CREATION_TIMESTAMP, WORK_TIME, BREAK_TIME, INTERRUPTED)
VALUES (6023, 1, '2019-01-28', 0, 0, false);
INSERT INTO POMODORO(ID, USER, CREATION_TIMESTAMP, WORK_TIME, BREAK_TIME, INTERRUPTED)
VALUES (6024, 1, '2019-01-28', 0, 0, false);
INSERT INTO POMODORO(ID, USER, CREATION_TIMESTAMP, WORK_TIME, BREAK_TIME, INTERRUPTED)
VALUES (6025, 1, '2019-01-28', 0, 0, false);
INSERT INTO POMODORO(ID, USER, CREATION_TIMESTAMP, WORK_TIME, BREAK_TIME, INTERRUPTED)
VALUES (6026, 1, '2019-01-28', 0, 0, true);
INSERT INTO POMODORO(ID, USER, CREATION_TIMESTAMP, WORK_TIME, BREAK_TIME, INTERRUPTED)
VALUES (6027, 1, '2019-01-28', 0, 0, false);
INSERT INTO POMODORO(ID, USER, CREATION_TIMESTAMP, WORK_TIME, BREAK_TIME, INTERRUPTED)
VALUES (6028, 1, '2019-01-28', 0, 0, false);
INSERT INTO POMODORO(ID, USER, CREATION_TIMESTAMP, WORK_TIME, BREAK_TIME, INTERRUPTED)
VALUES (6029, 1, '2019-01-28', 0, 0, true);
INSERT INTO POMODORO(ID, USER, CREATION_TIMESTAMP, WORK_TIME, BREAK_TIME, INTERRUPTED)
VALUES (6030, 1, '2019-01-28', 0, 0, false);
INSERT INTO POMODORO(ID, USER, CREATION_TIMESTAMP, WORK_TIME, BREAK_TIME, INTERRUPTED)
VALUES (6031, 1, '2019-01-28', 0, 0, true);
INSERT INTO POMODORO(ID, USER, CREATION_TIMESTAMP, WORK_TIME, BREAK_TIME, INTERRUPTED)
VALUES (6032, 1, '2019-01-28', 0, 0, false);
INSERT INTO POMODORO(ID, USER, CREATION_TIMESTAMP, WORK_TIME, BREAK_TIME, INTERRUPTED)
VALUES (6033, 1, '2019-01-28', 0, 0, false);
INSERT INTO POMODORO(ID, USER, CREATION_TIMESTAMP, WORK_TIME, BREAK_TIME, INTERRUPTED)
VALUES (6034, 1, '2019-01-28', 0, 0, false);
INSERT INTO POMODORO(ID, USER, CREATION_TIMESTAMP, WORK_TIME, BREAK_TIME, INTERRUPTED)
VALUES (6035, 1, '2019-01-27', 0, 0, false);
INSERT INTO POMODORO(ID, USER, CREATION_TIMESTAMP, WORK_TIME, BREAK_TIME, INTERRUPTED)
VALUES (6036, 1, '2019-01-27', 0, 0, true);
INSERT INTO POMODORO(ID, USER, CREATION_TIMESTAMP, WORK_TIME, BREAK_TIME, INTERRUPTED)
VALUES (6037, 1, '2019-01-27', 0, 0, false);
INSERT INTO POMODORO(ID, USER, CREATION_TIMESTAMP, WORK_TIME, BREAK_TIME, INTERRUPTED)
VALUES (6038, 1, '2019-01-27', 0, 0, true);
INSERT INTO POMODORO(ID, USER, CREATION_TIMESTAMP, WORK_TIME, BREAK_TIME, INTERRUPTED)
VALUES (6039, 1, '2019-01-27', 0, 0, true);
INSERT INTO POMODORO(ID, USER, CREATION_TIMESTAMP, WORK_TIME, BREAK_TIME, INTERRUPTED)
VALUES (6040, 1, '2019-01-27', 0, 0, true);
INSERT INTO POMODORO(ID, USER, CREATION_TIMESTAMP, WORK_TIME, BREAK_TIME, INTERRUPTED)
VALUES (6041, 1, '2019-01-27', 0, 0, false);
INSERT INTO POMODORO(ID, USER, CREATION_TIMESTAMP, WORK_TIME, BREAK_TIME, INTERRUPTED)
VALUES (6042, 1, '2019-01-27', 0, 0, true);
INSERT INTO POMODORO(ID, USER, CREATION_TIMESTAMP, WORK_TIME, BREAK_TIME, INTERRUPTED)
VALUES (6043, 1, '2019-01-27', 0, 0, false);
INSERT INTO POMODORO(ID, USER, CREATION_TIMESTAMP, WORK_TIME, BREAK_TIME, INTERRUPTED)
VALUES (6044, 1, '2019-01-27', 0, 0, true);
INSERT INTO POMODORO(ID, USER, CREATION_TIMESTAMP, WORK_TIME, BREAK_TIME, INTERRUPTED)
VALUES (6045, 1, '2019-01-27', 0, 0, true);
INSERT INTO POMODORO(ID, USER, CREATION_TIMESTAMP, WORK_TIME, BREAK_TIME, INTERRUPTED)
VALUES (6046, 1, '2019-01-27', 0, 0, true);
INSERT INTO POMODORO(ID, USER, CREATION_TIMESTAMP, WORK_TIME, BREAK_TIME, INTERRUPTED)
VALUES (6047, 1, '2019-01-27', 0, 0, true);
INSERT INTO POMODORO(ID, USER, CREATION_TIMESTAMP, WORK_TIME, BREAK_TIME, INTERRUPTED)
VALUES (6048, 1, '2019-01-27', 0, 0, false);
INSERT INTO POMODORO(ID, USER, CREATION_TIMESTAMP, WORK_TIME, BREAK_TIME, INTERRUPTED)
VALUES (6049, 1, '2019-01-27', 0, 0, false);
INSERT INTO POMODORO(ID, USER, CREATION_TIMESTAMP, WORK_TIME, BREAK_TIME, INTERRUPTED)
VALUES (6050, 1, '2019-01-27', 0, 0, false);
INSERT INTO POMODORO(ID, USER, CREATION_TIMESTAMP, WORK_TIME, BREAK_TIME, INTERRUPTED)
VALUES (6051, 1, '2019-01-27', 0, 0, true);
INSERT INTO POMODORO(ID, USER, CREATION_TIMESTAMP, WORK_TIME, BREAK_TIME, INTERRUPTED)
VALUES (6052, 1, '2019-01-27', 0, 0, false);
INSERT INTO POMODORO(ID, USER, CREATION_TIMESTAMP, WORK_TIME, BREAK_TIME, INTERRUPTED)
VALUES (6053, 1, '2019-01-26', 0, 0, false);
INSERT INTO POMODORO(ID, USER, CREATION_TIMESTAMP, WORK_TIME, BREAK_TIME, INTERRUPTED)
VALUES (6054, 1, '2019-01-26', 0, 0, true);
INSERT INTO POMODORO(ID, USER, CREATION_TIMESTAMP, WORK_TIME, BREAK_TIME, INTERRUPTED)
VALUES (6055, 1, '2019-01-26', 0, 0, true);
INSERT INTO POMODORO(ID, USER, CREATION_TIMESTAMP, WORK_TIME, BREAK_TIME, INTERRUPTED)
VALUES (6056, 1, '2019-01-26', 0, 0, false);
INSERT INTO POMODORO(ID, USER, CREATION_TIMESTAMP, WORK_TIME, BREAK_TIME, INTERRUPTED)
VALUES (6057, 1, '2019-01-26', 0, 0, false);
INSERT INTO POMODORO(ID, USER, CREATION_TIMESTAMP, WORK_TIME, BREAK_TIME, INTERRUPTED)
VALUES (6058, 1, '2019-01-26', 0, 0, true);
INSERT INTO POMODORO(ID, USER, CREATION_TIMESTAMP, WORK_TIME, BREAK_TIME, INTERRUPTED)
VALUES (6059, 1, '2019-01-26', 0, 0, true);
INSERT INTO POMODORO(ID, USER, CREATION_TIMESTAMP, WORK_TIME, BREAK_TIME, INTERRUPTED)
VALUES (6060, 1, '2019-01-26', 0, 0, true);
INSERT INTO POMODORO(ID, USER, CREATION_TIMESTAMP, WORK_TIME, BREAK_TIME, INTERRUPTED)
VALUES (6061, 1, '2019-01-26', 0, 0, false);
INSERT INTO POMODORO(ID, USER, CREATION_TIMESTAMP, WORK_TIME, BREAK_TIME, INTERRUPTED)
VALUES (6062, 1, '2019-01-26', 0, 0, true);
INSERT INTO POMODORO(ID, USER, CREATION_TIMESTAMP, WORK_TIME, BREAK_TIME, INTERRUPTED)
VALUES (6063, 1, '2019-01-26', 0, 0, true);
INSERT INTO POMODORO(ID, USER, CREATION_TIMESTAMP, WORK_TIME, BREAK_TIME, INTERRUPTED)
VALUES (6064, 1, '2019-01-26', 0, 0, false);
INSERT INTO POMODORO(ID, USER, CREATION_TIMESTAMP, WORK_TIME, BREAK_TIME, INTERRUPTED)
VALUES (6065, 1, '2019-01-26', 0, 0, true);
INSERT INTO POMODORO(ID, USER, CREATION_TIMESTAMP, WORK_TIME, BREAK_TIME, INTERRUPTED)
VALUES (6066, 1, '2019-01-26', 0, 0, false);
INSERT INTO POMODORO(ID, USER, CREATION_TIMESTAMP, WORK_TIME, BREAK_TIME, INTERRUPTED)
VALUES (6067, 1, '2019-01-26', 0, 0, true);
INSERT INTO POMODORO(ID, USER, CREATION_TIMESTAMP, WORK_TIME, BREAK_TIME, INTERRUPTED)
VALUES (6068, 1, '2019-01-26', 0, 0, false);
INSERT INTO POMODORO(ID, USER, CREATION_TIMESTAMP, WORK_TIME, BREAK_TIME, INTERRUPTED)
VALUES (6069, 1, '2019-01-26', 0, 0, true);
INSERT INTO POMODORO(ID, USER, CREATION_TIMESTAMP, WORK_TIME, BREAK_TIME, INTERRUPTED)
VALUES (6070, 1, '2019-01-26', 0, 0, true);
INSERT INTO POMODORO(ID, USER, CREATION_TIMESTAMP, WORK_TIME, BREAK_TIME, INTERRUPTED)
VALUES (6071, 1, '2019-01-26', 0, 0, true);
INSERT INTO POMODORO(ID, USER, CREATION_TIMESTAMP, WORK_TIME, BREAK_TIME, INTERRUPTED)
VALUES (6072, 1, '2019-01-26', 0, 0, true);
INSERT INTO POMODORO(ID, USER, CREATION_TIMESTAMP, WORK_TIME, BREAK_TIME, INTERRUPTED)
VALUES (6073, 1, '2019-01-26', 0, 0, false);
INSERT INTO POMODORO(ID, USER, CREATION_TIMESTAMP, WORK_TIME, BREAK_TIME, INTERRUPTED)
VALUES (6074, 1, '2019-01-26', 0, 0, false);
INSERT INTO POMODORO(ID, USER, CREATION_TIMESTAMP, WORK_TIME, BREAK_TIME, INTERRUPTED)
VALUES (6075, 1, '2019-01-26', 0, 0, false);
INSERT INTO POMODORO(ID, USER, CREATION_TIMESTAMP, WORK_TIME, BREAK_TIME, INTERRUPTED)
VALUES (6076, 1, '2019-01-26', 0, 0, true);
INSERT INTO POMODORO(ID, USER, CREATION_TIMESTAMP, WORK_TIME, BREAK_TIME, INTERRUPTED)
VALUES (6077, 1, '2019-01-26', 0, 0, true);
INSERT INTO POMODORO(ID, USER, CREATION_TIMESTAMP, WORK_TIME, BREAK_TIME, INTERRUPTED)
VALUES (6078, 1, '2019-01-26', 0, 0, false);
INSERT INTO POMODORO(ID, USER, CREATION_TIMESTAMP, WORK_TIME, BREAK_TIME, INTERRUPTED)
VALUES (6079, 1, '2019-01-26', 0, 0, true);
INSERT INTO POMODORO(ID, USER, CREATION_TIMESTAMP, WORK_TIME, BREAK_TIME, INTERRUPTED)
VALUES (6080, 1, '2019-01-26', 0, 0, true);
INSERT INTO POMODORO(ID, USER, CREATION_TIMESTAMP, WORK_TIME, BREAK_TIME, INTERRUPTED)
VALUES (6081, 1, '2019-01-26', 0, 0, false);
INSERT INTO POMODORO(ID, USER, CREATION_TIMESTAMP, WORK_TIME, BREAK_TIME, INTERRUPTED)
VALUES (6082, 1, '2019-01-26', 0, 0, false);
INSERT INTO POMODORO(ID, USER, CREATION_TIMESTAMP, WORK_TIME, BREAK_TIME, INTERRUPTED)
VALUES (6083, 1, '2019-01-26', 0, 0, false);
INSERT INTO POMODORO(ID, USER, CREATION_TIMESTAMP, WORK_TIME, BREAK_TIME, INTERRUPTED)
VALUES (6084, 1, '2019-01-26', 0, 0, false);
INSERT INTO POMODORO(ID, USER, CREATION_TIMESTAMP, WORK_TIME, BREAK_TIME, INTERRUPTED)
VALUES (6085, 1, '2019-01-25', 0, 0, true);
INSERT INTO POMODORO(ID, USER, CREATION_TIMESTAMP, WORK_TIME, BREAK_TIME, INTERRUPTED)
VALUES (6086, 1, '2019-01-25', 0, 0, false);
INSERT INTO POMODORO(ID, USER, CREATION_TIMESTAMP, WORK_TIME, BREAK_TIME, INTERRUPTED)
VALUES (6087, 1, '2019-01-25', 0, 0, false);
INSERT INTO POMODORO(ID, USER, CREATION_TIMESTAMP, WORK_TIME, BREAK_TIME, INTERRUPTED)
VALUES (6088, 1, '2019-01-25', 0, 0, false);
INSERT INTO POMODORO(ID, USER, CREATION_TIMESTAMP, WORK_TIME, BREAK_TIME, INTERRUPTED)
VALUES (6089, 1, '2019-01-25', 0, 0, true);
INSERT INTO POMODORO(ID, USER, CREATION_TIMESTAMP, WORK_TIME, BREAK_TIME, INTERRUPTED)
VALUES (6090, 1, '2019-01-24', 0, 0, false);
INSERT INTO POMODORO(ID, USER, CREATION_TIMESTAMP, WORK_TIME, BREAK_TIME, INTERRUPTED)
VALUES (6091, 1, '2019-01-24', 0, 0, true);
INSERT INTO POMODORO(ID, USER, CREATION_TIMESTAMP, WORK_TIME, BREAK_TIME, INTERRUPTED)
VALUES (6092, 1, '2019-01-24', 0, 0, true);
INSERT INTO POMODORO(ID, USER, CREATION_TIMESTAMP, WORK_TIME, BREAK_TIME, INTERRUPTED)
VALUES (6093, 1, '2019-01-24', 0, 0, true);
INSERT INTO POMODORO(ID, USER, CREATION_TIMESTAMP, WORK_TIME, BREAK_TIME, INTERRUPTED)
VALUES (6094, 1, '2019-01-23', 0, 0, false);
INSERT INTO POMODORO(ID, USER, CREATION_TIMESTAMP, WORK_TIME, BREAK_TIME, INTERRUPTED)
VALUES (6095, 1, '2019-01-23', 0, 0, true);
INSERT INTO POMODORO(ID, USER, CREATION_TIMESTAMP, WORK_TIME, BREAK_TIME, INTERRUPTED)
VALUES (6096, 1, '2019-01-23', 0, 0, true);
INSERT INTO POMODORO(ID, USER, CREATION_TIMESTAMP, WORK_TIME, BREAK_TIME, INTERRUPTED)
VALUES (6097, 1, '2019-01-23', 0, 0, false);
INSERT INTO POMODORO(ID, USER, CREATION_TIMESTAMP, WORK_TIME, BREAK_TIME, INTERRUPTED)
VALUES (6098, 1, '2019-01-23', 0, 0, false);
INSERT INTO POMODORO(ID, USER, CREATION_TIMESTAMP, WORK_TIME, BREAK_TIME, INTERRUPTED)
VALUES (6099, 1, '2019-01-23', 0, 0, true);
INSERT INTO POMODORO(ID, USER, CREATION_TIMESTAMP, WORK_TIME, BREAK_TIME, INTERRUPTED)
VALUES (6100, 1, '2019-01-23', 0, 0, false);
INSERT INTO POMODORO(ID, USER, CREATION_TIMESTAMP, WORK_TIME, BREAK_TIME, INTERRUPTED)
VALUES (6101, 1, '2019-01-23', 0, 0, false);
INSERT INTO POMODORO(ID, USER, CREATION_TIMESTAMP, WORK_TIME, BREAK_TIME, INTERRUPTED)
VALUES (6102, 1, '2019-01-23', 0, 0, true);
INSERT INTO POMODORO(ID, USER, CREATION_TIMESTAMP, WORK_TIME, BREAK_TIME, INTERRUPTED)
VALUES (6103, 1, '2019-01-23', 0, 0, false);
INSERT INTO POMODORO(ID, USER, CREATION_TIMESTAMP, WORK_TIME, BREAK_TIME, INTERRUPTED)
VALUES (6104, 1, '2019-01-23', 0, 0, false);
INSERT INTO POMODORO(ID, USER, CREATION_TIMESTAMP, WORK_TIME, BREAK_TIME, INTERRUPTED)
VALUES (6105, 1, '2019-01-23', 0, 0, false);
INSERT INTO POMODORO(ID, USER, CREATION_TIMESTAMP, WORK_TIME, BREAK_TIME, INTERRUPTED)
VALUES (6106, 1, '2019-01-23', 0, 0, false);
INSERT INTO POMODORO(ID, USER, CREATION_TIMESTAMP, WORK_TIME, BREAK_TIME, INTERRUPTED)
VALUES (6107, 1, '2019-01-23', 0, 0, true);
INSERT INTO POMODORO(ID, USER, CREATION_TIMESTAMP, WORK_TIME, BREAK_TIME, INTERRUPTED)
VALUES (6108, 1, '2019-01-23', 0, 0, true);
INSERT INTO POMODORO(ID, USER, CREATION_TIMESTAMP, WORK_TIME, BREAK_TIME, INTERRUPTED)
VALUES (6109, 1, '2019-01-23', 0, 0, false);
INSERT INTO POMODORO(ID, USER, CREATION_TIMESTAMP, WORK_TIME, BREAK_TIME, INTERRUPTED)
VALUES (6110, 1, '2019-01-23', 0, 0, true);
INSERT INTO POMODORO(ID, USER, CREATION_TIMESTAMP, WORK_TIME, BREAK_TIME, INTERRUPTED)
VALUES (6111, 1, '2019-01-23', 0, 0, true);
INSERT INTO POMODORO(ID, USER, CREATION_TIMESTAMP, WORK_TIME, BREAK_TIME, INTERRUPTED)
VALUES (6112, 1, '2019-01-23', 0, 0, true);
INSERT INTO POMODORO(ID, USER, CREATION_TIMESTAMP, WORK_TIME, BREAK_TIME, INTERRUPTED)
VALUES (6113, 1, '2019-01-23', 0, 0, false);
INSERT INTO POMODORO(ID, USER, CREATION_TIMESTAMP, WORK_TIME, BREAK_TIME, INTERRUPTED)
VALUES (6114, 1, '2019-01-23', 0, 0, false);
INSERT INTO POMODORO(ID, USER, CREATION_TIMESTAMP, WORK_TIME, BREAK_TIME, INTERRUPTED)
VALUES (6115, 1, '2019-01-23', 0, 0, false);
INSERT INTO POMODORO(ID, USER, CREATION_TIMESTAMP, WORK_TIME, BREAK_TIME, INTERRUPTED)
VALUES (6116, 1, '2019-01-23', 0, 0, true);
INSERT INTO POMODORO(ID, USER, CREATION_TIMESTAMP, WORK_TIME, BREAK_TIME, INTERRUPTED)
VALUES (6117, 1, '2019-01-22', 0, 0, false);
INSERT INTO POMODORO(ID, USER, CREATION_TIMESTAMP, WORK_TIME, BREAK_TIME, INTERRUPTED)
VALUES (6118, 1, '2019-01-22', 0, 0, true);
INSERT INTO POMODORO(ID, USER, CREATION_TIMESTAMP, WORK_TIME, BREAK_TIME, INTERRUPTED)
VALUES (6119, 1, '2019-01-22', 0, 0, true);
INSERT INTO POMODORO(ID, USER, CREATION_TIMESTAMP, WORK_TIME, BREAK_TIME, INTERRUPTED)
VALUES (6120, 1, '2019-01-22', 0, 0, false);
INSERT INTO POMODORO(ID, USER, CREATION_TIMESTAMP, WORK_TIME, BREAK_TIME, INTERRUPTED)
VALUES (6121, 1, '2019-01-22', 0, 0, false);
INSERT INTO POMODORO(ID, USER, CREATION_TIMESTAMP, WORK_TIME, BREAK_TIME, INTERRUPTED)
VALUES (6122, 1, '2019-01-22', 0, 0, false);
INSERT INTO POMODORO(ID, USER, CREATION_TIMESTAMP, WORK_TIME, BREAK_TIME, INTERRUPTED)
VALUES (6123, 1, '2019-01-21', 0, 0, false);
INSERT INTO POMODORO(ID, USER, CREATION_TIMESTAMP, WORK_TIME, BREAK_TIME, INTERRUPTED)
VALUES (6124, 1, '2019-01-21', 0, 0, false);
INSERT INTO POMODORO(ID, USER, CREATION_TIMESTAMP, WORK_TIME, BREAK_TIME, INTERRUPTED)
VALUES (6125, 1, '2019-01-21', 0, 0, true);
INSERT INTO POMODORO(ID, USER, CREATION_TIMESTAMP, WORK_TIME, BREAK_TIME, INTERRUPTED)
VALUES (6126, 1, '2019-01-20', 0, 0, true);
INSERT INTO POMODORO(ID, USER, CREATION_TIMESTAMP, WORK_TIME, BREAK_TIME, INTERRUPTED)
VALUES (6127, 1, '2019-01-20', 0, 0, false);
INSERT INTO POMODORO(ID, USER, CREATION_TIMESTAMP, WORK_TIME, BREAK_TIME, INTERRUPTED)
VALUES (6128, 1, '2019-01-20', 0, 0, true);
INSERT INTO POMODORO(ID, USER, CREATION_TIMESTAMP, WORK_TIME, BREAK_TIME, INTERRUPTED)
VALUES (6129, 1, '2019-01-20', 0, 0, true);
INSERT INTO POMODORO(ID, USER, CREATION_TIMESTAMP, WORK_TIME, BREAK_TIME, INTERRUPTED)
VALUES (6130, 1, '2019-01-20', 0, 0, true);
INSERT INTO POMODORO(ID, USER, CREATION_TIMESTAMP, WORK_TIME, BREAK_TIME, INTERRUPTED)
VALUES (6131, 1, '2019-01-20', 0, 0, true);
INSERT INTO POMODORO(ID, USER, CREATION_TIMESTAMP, WORK_TIME, BREAK_TIME, INTERRUPTED)
VALUES (6132, 1, '2019-01-20', 0, 0, true);
INSERT INTO POMODORO(ID, USER, CREATION_TIMESTAMP, WORK_TIME, BREAK_TIME, INTERRUPTED)
VALUES (6133, 1, '2019-01-20', 0, 0, false);
INSERT INTO POMODORO(ID, USER, CREATION_TIMESTAMP, WORK_TIME, BREAK_TIME, INTERRUPTED)
VALUES (6134, 1, '2019-01-20', 0, 0, true);
INSERT INTO POMODORO(ID, USER, CREATION_TIMESTAMP, WORK_TIME, BREAK_TIME, INTERRUPTED)
VALUES (6135, 1, '2019-01-20', 0, 0, true);
INSERT INTO POMODORO(ID, USER, CREATION_TIMESTAMP, WORK_TIME, BREAK_TIME, INTERRUPTED)
VALUES (6136, 1, '2019-01-20', 0, 0, false);
INSERT INTO POMODORO(ID, USER, CREATION_TIMESTAMP, WORK_TIME, BREAK_TIME, INTERRUPTED)
VALUES (6137, 1, '2019-01-20', 0, 0, false);
INSERT INTO POMODORO(ID, USER, CREATION_TIMESTAMP, WORK_TIME, BREAK_TIME, INTERRUPTED)
VALUES (6138, 1, '2019-01-20', 0, 0, true);
INSERT INTO POMODORO(ID, USER, CREATION_TIMESTAMP, WORK_TIME, BREAK_TIME, INTERRUPTED)
VALUES (6139, 1, '2019-01-20', 0, 0, false);
INSERT INTO POMODORO(ID, USER, CREATION_TIMESTAMP, WORK_TIME, BREAK_TIME, INTERRUPTED)
VALUES (6140, 1, '2019-01-20', 0, 0, true);
INSERT INTO POMODORO(ID, USER, CREATION_TIMESTAMP, WORK_TIME, BREAK_TIME, INTERRUPTED)
VALUES (6141, 1, '2019-01-20', 0, 0, false);
INSERT INTO POMODORO(ID, USER, CREATION_TIMESTAMP, WORK_TIME, BREAK_TIME, INTERRUPTED)
VALUES (6142, 1, '2019-01-20', 0, 0, false);
INSERT INTO POMODORO(ID, USER, CREATION_TIMESTAMP, WORK_TIME, BREAK_TIME, INTERRUPTED)
VALUES (6143, 1, '2019-01-20', 0, 0, false);
INSERT INTO POMODORO(ID, USER, CREATION_TIMESTAMP, WORK_TIME, BREAK_TIME, INTERRUPTED)
VALUES (6144, 1, '2019-01-20', 0, 0, true);
INSERT INTO POMODORO(ID, USER, CREATION_TIMESTAMP, WORK_TIME, BREAK_TIME, INTERRUPTED)
VALUES (6145, 1, '2019-01-20', 0, 0, false);
INSERT INTO POMODORO(ID, USER, CREATION_TIMESTAMP, WORK_TIME, BREAK_TIME, INTERRUPTED)
VALUES (6146, 1, '2019-01-20', 0, 0, false);
INSERT INTO POMODORO(ID, USER, CREATION_TIMESTAMP, WORK_TIME, BREAK_TIME, INTERRUPTED)
VALUES (6147, 1, '2019-01-19', 0, 0, false);
INSERT INTO POMODORO(ID, USER, CREATION_TIMESTAMP, WORK_TIME, BREAK_TIME, INTERRUPTED)
VALUES (6148, 1, '2019-01-19', 0, 0, false);
INSERT INTO POMODORO(ID, USER, CREATION_TIMESTAMP, WORK_TIME, BREAK_TIME, INTERRUPTED)
VALUES (6149, 1, '2019-01-19', 0, 0, false);
INSERT INTO POMODORO(ID, USER, CREATION_TIMESTAMP, WORK_TIME, BREAK_TIME, INTERRUPTED)
VALUES (6150, 1, '2019-01-19', 0, 0, false);
INSERT INTO POMODORO(ID, USER, CREATION_TIMESTAMP, WORK_TIME, BREAK_TIME, INTERRUPTED)
VALUES (6151, 1, '2019-01-19', 0, 0, true);
INSERT INTO POMODORO(ID, USER, CREATION_TIMESTAMP, WORK_TIME, BREAK_TIME, INTERRUPTED)
VALUES (6152, 1, '2019-01-19', 0, 0, true);
INSERT INTO POMODORO(ID, USER, CREATION_TIMESTAMP, WORK_TIME, BREAK_TIME, INTERRUPTED)
VALUES (6153, 1, '2019-01-19', 0, 0, true);
INSERT INTO POMODORO(ID, USER, CREATION_TIMESTAMP, WORK_TIME, BREAK_TIME, INTERRUPTED)
VALUES (6154, 1, '2019-01-19', 0, 0, true);
INSERT INTO POMODORO(ID, USER, CREATION_TIMESTAMP, WORK_TIME, BREAK_TIME, INTERRUPTED)
VALUES (6155, 1, '2019-01-19', 0, 0, true);
INSERT INTO POMODORO(ID, USER, CREATION_TIMESTAMP, WORK_TIME, BREAK_TIME, INTERRUPTED)
VALUES (6156, 1, '2019-01-19', 0, 0, true);
INSERT INTO POMODORO(ID, USER, CREATION_TIMESTAMP, WORK_TIME, BREAK_TIME, INTERRUPTED)
VALUES (6157, 1, '2019-01-19', 0, 0, false);
INSERT INTO POMODORO(ID, USER, CREATION_TIMESTAMP, WORK_TIME, BREAK_TIME, INTERRUPTED)
VALUES (6158, 1, '2019-01-19', 0, 0, true);
INSERT INTO POMODORO(ID, USER, CREATION_TIMESTAMP, WORK_TIME, BREAK_TIME, INTERRUPTED)
VALUES (6159, 1, '2019-01-19', 0, 0, true);
INSERT INTO POMODORO(ID, USER, CREATION_TIMESTAMP, WORK_TIME, BREAK_TIME, INTERRUPTED)
VALUES (6160, 1, '2019-01-19', 0, 0, false);
INSERT INTO POMODORO(ID, USER, CREATION_TIMESTAMP, WORK_TIME, BREAK_TIME, INTERRUPTED)
VALUES (6161, 1, '2019-01-19', 0, 0, false);
INSERT INTO POMODORO(ID, USER, CREATION_TIMESTAMP, WORK_TIME, BREAK_TIME, INTERRUPTED)
VALUES (6162, 1, '2019-01-19', 0, 0, false);
INSERT INTO POMODORO(ID, USER, CREATION_TIMESTAMP, WORK_TIME, BREAK_TIME, INTERRUPTED)
VALUES (6163, 1, '2019-01-19', 0, 0, false);
INSERT INTO POMODORO(ID, USER, CREATION_TIMESTAMP, WORK_TIME, BREAK_TIME, INTERRUPTED)
VALUES (6164, 1, '2019-01-19', 0, 0, false);
INSERT INTO POMODORO(ID, USER, CREATION_TIMESTAMP, WORK_TIME, BREAK_TIME, INTERRUPTED)
VALUES (6165, 1, '2019-01-19', 0, 0, true);
INSERT INTO POMODORO(ID, USER, CREATION_TIMESTAMP, WORK_TIME, BREAK_TIME, INTERRUPTED)
VALUES (6166, 1, '2019-01-19', 0, 0, false);
INSERT INTO POMODORO(ID, USER, CREATION_TIMESTAMP, WORK_TIME, BREAK_TIME, INTERRUPTED)
VALUES (6167, 1, '2019-01-19', 0, 0, false);
INSERT INTO POMODORO(ID, USER, CREATION_TIMESTAMP, WORK_TIME, BREAK_TIME, INTERRUPTED)
VALUES (6168, 1, '2019-01-19', 0, 0, false);
INSERT INTO POMODORO(ID, USER, CREATION_TIMESTAMP, WORK_TIME, BREAK_TIME, INTERRUPTED)
VALUES (6169, 1, '2019-01-19', 0, 0, false);
INSERT INTO POMODORO(ID, USER, CREATION_TIMESTAMP, WORK_TIME, BREAK_TIME, INTERRUPTED)
VALUES (6170, 1, '2019-01-19', 0, 0, true);
INSERT INTO POMODORO(ID, USER, CREATION_TIMESTAMP, WORK_TIME, BREAK_TIME, INTERRUPTED)
VALUES (6171, 1, '2019-01-19', 0, 0, true);
INSERT INTO POMODORO(ID, USER, CREATION_TIMESTAMP, WORK_TIME, BREAK_TIME, INTERRUPTED)
VALUES (6172, 1, '2019-01-19', 0, 0, false);
INSERT INTO POMODORO(ID, USER, CREATION_TIMESTAMP, WORK_TIME, BREAK_TIME, INTERRUPTED)
VALUES (6173, 1, '2019-01-19', 0, 0, false);
INSERT INTO POMODORO(ID, USER, CREATION_TIMESTAMP, WORK_TIME, BREAK_TIME, INTERRUPTED)
VALUES (6174, 1, '2019-01-19', 0, 0, false);
INSERT INTO POMODORO(ID, USER, CREATION_TIMESTAMP, WORK_TIME, BREAK_TIME, INTERRUPTED)
VALUES (6175, 1, '2019-01-19', 0, 0, true);
INSERT INTO POMODORO(ID, USER, CREATION_TIMESTAMP, WORK_TIME, BREAK_TIME, INTERRUPTED)
VALUES (6176, 1, '2019-01-19', 0, 0, true);
INSERT INTO POMODORO(ID, USER, CREATION_TIMESTAMP, WORK_TIME, BREAK_TIME, INTERRUPTED)
VALUES (6177, 1, '2019-01-19', 0, 0, true);
INSERT INTO POMODORO(ID, USER, CREATION_TIMESTAMP, WORK_TIME, BREAK_TIME, INTERRUPTED)
VALUES (6178, 1, '2019-01-19', 0, 0, false);
INSERT INTO POMODORO(ID, USER, CREATION_TIMESTAMP, WORK_TIME, BREAK_TIME, INTERRUPTED)
VALUES (6179, 1, '2019-01-19', 0, 0, true);
INSERT INTO POMODORO(ID, USER, CREATION_TIMESTAMP, WORK_TIME, BREAK_TIME, INTERRUPTED)
VALUES (6180, 1, '2019-01-19', 0, 0, true);
INSERT INTO POMODORO(ID, USER, CREATION_TIMESTAMP, WORK_TIME, BREAK_TIME, INTERRUPTED)
VALUES (6181, 1, '2019-01-19', 0, 0, false);
INSERT INTO POMODORO(ID, USER, CREATION_TIMESTAMP, WORK_TIME, BREAK_TIME, INTERRUPTED)
VALUES (6182, 1, '2019-01-19', 0, 0, true);
INSERT INTO POMODORO(ID, USER, CREATION_TIMESTAMP, WORK_TIME, BREAK_TIME, INTERRUPTED)
VALUES (6183, 1, '2019-01-19', 0, 0, true);
INSERT INTO POMODORO(ID, USER, CREATION_TIMESTAMP, WORK_TIME, BREAK_TIME, INTERRUPTED)
VALUES (6184, 1, '2019-01-19', 0, 0, true);
INSERT INTO POMODORO(ID, USER, CREATION_TIMESTAMP, WORK_TIME, BREAK_TIME, INTERRUPTED)
VALUES (6185, 1, '2019-01-19', 0, 0, false);
INSERT INTO POMODORO(ID, USER, CREATION_TIMESTAMP, WORK_TIME, BREAK_TIME, INTERRUPTED)
VALUES (6186, 1, '2019-01-19', 0, 0, false);
INSERT INTO POMODORO(ID, USER, CREATION_TIMESTAMP, WORK_TIME, BREAK_TIME, INTERRUPTED)
VALUES (6187, 1, '2019-01-19', 0, 0, true);
INSERT INTO POMODORO(ID, USER, CREATION_TIMESTAMP, WORK_TIME, BREAK_TIME, INTERRUPTED)
VALUES (6188, 1, '2019-01-19', 0, 0, true);
INSERT INTO POMODORO(ID, USER, CREATION_TIMESTAMP, WORK_TIME, BREAK_TIME, INTERRUPTED)
VALUES (6189, 1, '2019-01-19', 0, 0, false);
INSERT INTO POMODORO(ID, USER, CREATION_TIMESTAMP, WORK_TIME, BREAK_TIME, INTERRUPTED)
VALUES (6190, 1, '2019-01-19', 0, 0, false);
INSERT INTO POMODORO(ID, USER, CREATION_TIMESTAMP, WORK_TIME, BREAK_TIME, INTERRUPTED)
VALUES (6191, 1, '2019-01-18', 0, 0, true);
INSERT INTO POMODORO(ID, USER, CREATION_TIMESTAMP, WORK_TIME, BREAK_TIME, INTERRUPTED)
VALUES (6192, 1, '2019-01-18', 0, 0, false);
INSERT INTO POMODORO(ID, USER, CREATION_TIMESTAMP, WORK_TIME, BREAK_TIME, INTERRUPTED)
VALUES (6193, 1, '2019-01-18', 0, 0, true);
INSERT INTO POMODORO(ID, USER, CREATION_TIMESTAMP, WORK_TIME, BREAK_TIME, INTERRUPTED)
VALUES (6194, 1, '2019-01-18', 0, 0, false);
INSERT INTO POMODORO(ID, USER, CREATION_TIMESTAMP, WORK_TIME, BREAK_TIME, INTERRUPTED)
VALUES (6195, 1, '2019-01-18', 0, 0, true);
INSERT INTO POMODORO(ID, USER, CREATION_TIMESTAMP, WORK_TIME, BREAK_TIME, INTERRUPTED)
VALUES (6196, 1, '2019-01-18', 0, 0, true);
INSERT INTO POMODORO(ID, USER, CREATION_TIMESTAMP, WORK_TIME, BREAK_TIME, INTERRUPTED)
VALUES (6197, 1, '2019-01-18', 0, 0, false);
INSERT INTO POMODORO(ID, USER, CREATION_TIMESTAMP, WORK_TIME, BREAK_TIME, INTERRUPTED)
VALUES (6198, 1, '2019-01-18', 0, 0, true);
INSERT INTO POMODORO(ID, USER, CREATION_TIMESTAMP, WORK_TIME, BREAK_TIME, INTERRUPTED)
VALUES (6199, 1, '2019-01-18', 0, 0, true);
INSERT INTO POMODORO(ID, USER, CREATION_TIMESTAMP, WORK_TIME, BREAK_TIME, INTERRUPTED)
VALUES (6200, 1, '2019-01-18', 0, 0, true);
INSERT INTO POMODORO(ID, USER, CREATION_TIMESTAMP, WORK_TIME, BREAK_TIME, INTERRUPTED)
VALUES (6201, 1, '2019-01-18', 0, 0, true);
INSERT INTO POMODORO(ID, USER, CREATION_TIMESTAMP, WORK_TIME, BREAK_TIME, INTERRUPTED)
VALUES (6202, 1, '2019-01-18', 0, 0, true);
INSERT INTO POMODORO(ID, USER, CREATION_TIMESTAMP, WORK_TIME, BREAK_TIME, INTERRUPTED)
VALUES (6203, 1, '2019-01-18', 0, 0, true);
INSERT INTO POMODORO(ID, USER, CREATION_TIMESTAMP, WORK_TIME, BREAK_TIME, INTERRUPTED)
VALUES (6204, 1, '2019-01-18', 0, 0, false);
INSERT INTO POMODORO(ID, USER, CREATION_TIMESTAMP, WORK_TIME, BREAK_TIME, INTERRUPTED)
VALUES (6205, 1, '2019-01-18', 0, 0, true);
INSERT INTO POMODORO(ID, USER, CREATION_TIMESTAMP, WORK_TIME, BREAK_TIME, INTERRUPTED)
VALUES (6206, 1, '2019-01-18', 0, 0, false);
INSERT INTO POMODORO(ID, USER, CREATION_TIMESTAMP, WORK_TIME, BREAK_TIME, INTERRUPTED)
VALUES (6207, 1, '2019-01-18', 0, 0, true);
INSERT INTO POMODORO(ID, USER, CREATION_TIMESTAMP, WORK_TIME, BREAK_TIME, INTERRUPTED)
VALUES (6208, 1, '2019-01-18', 0, 0, true);
INSERT INTO POMODORO(ID, USER, CREATION_TIMESTAMP, WORK_TIME, BREAK_TIME, INTERRUPTED)
VALUES (6209, 1, '2019-01-18', 0, 0, true);
INSERT INTO POMODORO(ID, USER, CREATION_TIMESTAMP, WORK_TIME, BREAK_TIME, INTERRUPTED)
VALUES (6210, 1, '2019-01-18', 0, 0, true);
INSERT INTO POMODORO(ID, USER, CREATION_TIMESTAMP, WORK_TIME, BREAK_TIME, INTERRUPTED)
VALUES (6211, 1, '2019-01-18', 0, 0, true);
INSERT INTO POMODORO(ID, USER, CREATION_TIMESTAMP, WORK_TIME, BREAK_TIME, INTERRUPTED)
VALUES (6212, 1, '2019-01-18', 0, 0, false);
INSERT INTO POMODORO(ID, USER, CREATION_TIMESTAMP, WORK_TIME, BREAK_TIME, INTERRUPTED)
VALUES (6213, 1, '2019-01-18', 0, 0, true);
INSERT INTO POMODORO(ID, USER, CREATION_TIMESTAMP, WORK_TIME, BREAK_TIME, INTERRUPTED)
VALUES (6214, 1, '2019-01-18', 0, 0, true);
INSERT INTO POMODORO(ID, USER, CREATION_TIMESTAMP, WORK_TIME, BREAK_TIME, INTERRUPTED)
VALUES (6215, 1, '2019-01-18', 0, 0, true);
INSERT INTO POMODORO(ID, USER, CREATION_TIMESTAMP, WORK_TIME, BREAK_TIME, INTERRUPTED)
VALUES (6216, 1, '2019-01-18', 0, 0, true);
INSERT INTO POMODORO(ID, USER, CREATION_TIMESTAMP, WORK_TIME, BREAK_TIME, INTERRUPTED)
VALUES (6217, 1, '2019-01-18', 0, 0, true);
INSERT INTO POMODORO(ID, USER, CREATION_TIMESTAMP, WORK_TIME, BREAK_TIME, INTERRUPTED)
VALUES (6218, 1, '2019-01-17', 0, 0, true);
INSERT INTO POMODORO(ID, USER, CREATION_TIMESTAMP, WORK_TIME, BREAK_TIME, INTERRUPTED)
VALUES (6219, 1, '2019-01-17', 0, 0, false);
INSERT INTO POMODORO(ID, USER, CREATION_TIMESTAMP, WORK_TIME, BREAK_TIME, INTERRUPTED)
VALUES (6220, 1, '2019-01-17', 0, 0, false);
INSERT INTO POMODORO(ID, USER, CREATION_TIMESTAMP, WORK_TIME, BREAK_TIME, INTERRUPTED)
VALUES (6221, 1, '2019-01-17', 0, 0, false);
INSERT INTO POMODORO(ID, USER, CREATION_TIMESTAMP, WORK_TIME, BREAK_TIME, INTERRUPTED)
VALUES (6222, 1, '2019-01-17', 0, 0, true);
INSERT INTO POMODORO(ID, USER, CREATION_TIMESTAMP, WORK_TIME, BREAK_TIME, INTERRUPTED)
VALUES (6223, 1, '2019-01-17', 0, 0, true);
INSERT INTO POMODORO(ID, USER, CREATION_TIMESTAMP, WORK_TIME, BREAK_TIME, INTERRUPTED)
VALUES (6224, 1, '2019-01-17', 0, 0, false);
INSERT INTO POMODORO(ID, USER, CREATION_TIMESTAMP, WORK_TIME, BREAK_TIME, INTERRUPTED)
VALUES (6225, 1, '2019-01-17', 0, 0, false);
INSERT INTO POMODORO(ID, USER, CREATION_TIMESTAMP, WORK_TIME, BREAK_TIME, INTERRUPTED)
VALUES (6226, 1, '2019-01-17', 0, 0, false);
INSERT INTO POMODORO(ID, USER, CREATION_TIMESTAMP, WORK_TIME, BREAK_TIME, INTERRUPTED)
VALUES (6227, 1, '2019-01-17', 0, 0, true);
INSERT INTO POMODORO(ID, USER, CREATION_TIMESTAMP, WORK_TIME, BREAK_TIME, INTERRUPTED)
VALUES (6228, 1, '2019-01-17', 0, 0, true);
INSERT INTO POMODORO(ID, USER, CREATION_TIMESTAMP, WORK_TIME, BREAK_TIME, INTERRUPTED)
VALUES (6229, 1, '2019-01-17', 0, 0, true);
INSERT INTO POMODORO(ID, USER, CREATION_TIMESTAMP, WORK_TIME, BREAK_TIME, INTERRUPTED)
VALUES (6230, 1, '2019-01-17', 0, 0, false);
INSERT INTO POMODORO(ID, USER, CREATION_TIMESTAMP, WORK_TIME, BREAK_TIME, INTERRUPTED)
VALUES (6231, 1, '2019-01-17', 0, 0, true);
INSERT INTO POMODORO(ID, USER, CREATION_TIMESTAMP, WORK_TIME, BREAK_TIME, INTERRUPTED)
VALUES (6232, 1, '2019-01-17', 0, 0, false);
INSERT INTO POMODORO(ID, USER, CREATION_TIMESTAMP, WORK_TIME, BREAK_TIME, INTERRUPTED)
VALUES (6233, 1, '2019-01-17', 0, 0, false);
INSERT INTO POMODORO(ID, USER, CREATION_TIMESTAMP, WORK_TIME, BREAK_TIME, INTERRUPTED)
VALUES (6234, 1, '2019-01-17', 0, 0, true);
INSERT INTO POMODORO(ID, USER, CREATION_TIMESTAMP, WORK_TIME, BREAK_TIME, INTERRUPTED)
VALUES (6235, 1, '2019-01-17', 0, 0, false);
INSERT INTO POMODORO(ID, USER, CREATION_TIMESTAMP, WORK_TIME, BREAK_TIME, INTERRUPTED)
VALUES (6236, 1, '2019-01-17', 0, 0, true);
INSERT INTO POMODORO(ID, USER, CREATION_TIMESTAMP, WORK_TIME, BREAK_TIME, INTERRUPTED)
VALUES (6237, 1, '2019-01-17', 0, 0, false);
INSERT INTO POMODORO(ID, USER, CREATION_TIMESTAMP, WORK_TIME, BREAK_TIME, INTERRUPTED)
VALUES (6238, 1, '2019-01-17', 0, 0, true);
INSERT INTO POMODORO(ID, USER, CREATION_TIMESTAMP, WORK_TIME, BREAK_TIME, INTERRUPTED)
VALUES (6239, 1, '2019-01-17', 0, 0, true);
INSERT INTO POMODORO(ID, USER, CREATION_TIMESTAMP, WORK_TIME, BREAK_TIME, INTERRUPTED)
VALUES (6240, 1, '2019-01-17', 0, 0, false);
INSERT INTO POMODORO(ID, USER, CREATION_TIMESTAMP, WORK_TIME, BREAK_TIME, INTERRUPTED)
VALUES (6241, 1, '2019-01-17', 0, 0, false);
INSERT INTO POMODORO(ID, USER, CREATION_TIMESTAMP, WORK_TIME, BREAK_TIME, INTERRUPTED)
VALUES (6242, 1, '2019-01-17', 0, 0, false);
INSERT INTO POMODORO(ID, USER, CREATION_TIMESTAMP, WORK_TIME, BREAK_TIME, INTERRUPTED)
VALUES (6243, 1, '2019-01-17', 0, 0, true);
INSERT INTO POMODORO(ID, USER, CREATION_TIMESTAMP, WORK_TIME, BREAK_TIME, INTERRUPTED)
VALUES (6244, 1, '2019-01-17', 0, 0, true);
INSERT INTO POMODORO(ID, USER, CREATION_TIMESTAMP, WORK_TIME, BREAK_TIME, INTERRUPTED)
VALUES (6245, 1, '2019-01-17', 0, 0, false);
INSERT INTO POMODORO(ID, USER, CREATION_TIMESTAMP, WORK_TIME, BREAK_TIME, INTERRUPTED)
VALUES (6246, 1, '2019-01-17', 0, 0, true);
INSERT INTO POMODORO(ID, USER, CREATION_TIMESTAMP, WORK_TIME, BREAK_TIME, INTERRUPTED)
VALUES (6247, 1, '2019-01-17', 0, 0, true);
INSERT INTO POMODORO(ID, USER, CREATION_TIMESTAMP, WORK_TIME, BREAK_TIME, INTERRUPTED)
VALUES (6248, 1, '2019-01-17', 0, 0, true);
INSERT INTO POMODORO(ID, USER, CREATION_TIMESTAMP, WORK_TIME, BREAK_TIME, INTERRUPTED)
VALUES (6249, 1, '2019-01-17', 0, 0, true);
INSERT INTO POMODORO(ID, USER, CREATION_TIMESTAMP, WORK_TIME, BREAK_TIME, INTERRUPTED)
VALUES (6250, 1, '2019-01-17', 0, 0, false);
INSERT INTO POMODORO(ID, USER, CREATION_TIMESTAMP, WORK_TIME, BREAK_TIME, INTERRUPTED)
VALUES (6251, 1, '2019-01-17', 0, 0, true);
INSERT INTO POMODORO(ID, USER, CREATION_TIMESTAMP, WORK_TIME, BREAK_TIME, INTERRUPTED)
VALUES (6252, 1, '2019-01-17', 0, 0, false);
INSERT INTO POMODORO(ID, USER, CREATION_TIMESTAMP, WORK_TIME, BREAK_TIME, INTERRUPTED)
VALUES (6253, 1, '2019-01-17', 0, 0, true);
INSERT INTO POMODORO(ID, USER, CREATION_TIMESTAMP, WORK_TIME, BREAK_TIME, INTERRUPTED)
VALUES (6254, 1, '2019-01-17', 0, 0, true);
INSERT INTO POMODORO(ID, USER, CREATION_TIMESTAMP, WORK_TIME, BREAK_TIME, INTERRUPTED)
VALUES (6255, 1, '2019-01-17', 0, 0, true);
INSERT INTO POMODORO(ID, USER, CREATION_TIMESTAMP, WORK_TIME, BREAK_TIME, INTERRUPTED)
VALUES (6256, 1, '2019-01-17', 0, 0, false);
INSERT INTO POMODORO(ID, USER, CREATION_TIMESTAMP, WORK_TIME, BREAK_TIME, INTERRUPTED)
VALUES (6257, 1, '2019-01-16', 0, 0, false);
INSERT INTO POMODORO(ID, USER, CREATION_TIMESTAMP, WORK_TIME, BREAK_TIME, INTERRUPTED)
VALUES (6258, 1, '2019-01-16', 0, 0, false);
INSERT INTO POMODORO(ID, USER, CREATION_TIMESTAMP, WORK_TIME, BREAK_TIME, INTERRUPTED)
VALUES (6259, 1, '2019-01-16', 0, 0, true);
INSERT INTO POMODORO(ID, USER, CREATION_TIMESTAMP, WORK_TIME, BREAK_TIME, INTERRUPTED)
VALUES (6260, 1, '2019-01-16', 0, 0, true);
INSERT INTO POMODORO(ID, USER, CREATION_TIMESTAMP, WORK_TIME, BREAK_TIME, INTERRUPTED)
VALUES (6261, 1, '2019-01-16', 0, 0, true);
INSERT INTO POMODORO(ID, USER, CREATION_TIMESTAMP, WORK_TIME, BREAK_TIME, INTERRUPTED)
VALUES (6262, 1, '2019-01-16', 0, 0, true);
INSERT INTO POMODORO(ID, USER, CREATION_TIMESTAMP, WORK_TIME, BREAK_TIME, INTERRUPTED)
VALUES (6263, 1, '2019-01-16', 0, 0, true);
INSERT INTO POMODORO(ID, USER, CREATION_TIMESTAMP, WORK_TIME, BREAK_TIME, INTERRUPTED)
VALUES (6264, 1, '2019-01-16', 0, 0, true);
INSERT INTO POMODORO(ID, USER, CREATION_TIMESTAMP, WORK_TIME, BREAK_TIME, INTERRUPTED)
VALUES (6265, 1, '2019-01-16', 0, 0, false);
INSERT INTO POMODORO(ID, USER, CREATION_TIMESTAMP, WORK_TIME, BREAK_TIME, INTERRUPTED)
VALUES (6266, 1, '2019-01-16', 0, 0, false);
INSERT INTO POMODORO(ID, USER, CREATION_TIMESTAMP, WORK_TIME, BREAK_TIME, INTERRUPTED)
VALUES (6267, 1, '2019-01-16', 0, 0, true);
INSERT INTO POMODORO(ID, USER, CREATION_TIMESTAMP, WORK_TIME, BREAK_TIME, INTERRUPTED)
VALUES (6268, 1, '2019-01-16', 0, 0, false);
INSERT INTO POMODORO(ID, USER, CREATION_TIMESTAMP, WORK_TIME, BREAK_TIME, INTERRUPTED)
VALUES (6269, 1, '2019-01-16', 0, 0, false);
INSERT INTO POMODORO(ID, USER, CREATION_TIMESTAMP, WORK_TIME, BREAK_TIME, INTERRUPTED)
VALUES (6270, 1, '2019-01-16', 0, 0, false);
INSERT INTO POMODORO(ID, USER, CREATION_TIMESTAMP, WORK_TIME, BREAK_TIME, INTERRUPTED)
VALUES (6271, 1, '2019-01-16', 0, 0, true);
INSERT INTO POMODORO(ID, USER, CREATION_TIMESTAMP, WORK_TIME, BREAK_TIME, INTERRUPTED)
VALUES (6272, 1, '2019-01-16', 0, 0, true);
INSERT INTO POMODORO(ID, USER, CREATION_TIMESTAMP, WORK_TIME, BREAK_TIME, INTERRUPTED)
VALUES (6273, 1, '2019-01-16', 0, 0, false);
INSERT INTO POMODORO(ID, USER, CREATION_TIMESTAMP, WORK_TIME, BREAK_TIME, INTERRUPTED)
VALUES (6274, 1, '2019-01-16', 0, 0, false);
INSERT INTO POMODORO(ID, USER, CREATION_TIMESTAMP, WORK_TIME, BREAK_TIME, INTERRUPTED)
VALUES (6275, 1, '2019-01-16', 0, 0, true);
INSERT INTO POMODORO(ID, USER, CREATION_TIMESTAMP, WORK_TIME, BREAK_TIME, INTERRUPTED)
VALUES (6276, 1, '2019-01-16', 0, 0, false);
INSERT INTO POMODORO(ID, USER, CREATION_TIMESTAMP, WORK_TIME, BREAK_TIME, INTERRUPTED)
VALUES (6277, 1, '2019-01-16', 0, 0, false);
INSERT INTO POMODORO(ID, USER, CREATION_TIMESTAMP, WORK_TIME, BREAK_TIME, INTERRUPTED)
VALUES (6278, 1, '2019-01-16', 0, 0, false);
INSERT INTO POMODORO(ID, USER, CREATION_TIMESTAMP, WORK_TIME, BREAK_TIME, INTERRUPTED)
VALUES (6279, 1, '2019-01-16', 0, 0, true);
INSERT INTO POMODORO(ID, USER, CREATION_TIMESTAMP, WORK_TIME, BREAK_TIME, INTERRUPTED)
VALUES (6280, 1, '2019-01-16', 0, 0, false);
INSERT INTO POMODORO(ID, USER, CREATION_TIMESTAMP, WORK_TIME, BREAK_TIME, INTERRUPTED)
VALUES (6281, 1, '2019-01-16', 0, 0, true);
INSERT INTO POMODORO(ID, USER, CREATION_TIMESTAMP, WORK_TIME, BREAK_TIME, INTERRUPTED)
VALUES (6282, 1, '2019-01-16', 0, 0, true);
INSERT INTO POMODORO(ID, USER, CREATION_TIMESTAMP, WORK_TIME, BREAK_TIME, INTERRUPTED)
VALUES (6283, 1, '2019-01-16', 0, 0, true);
INSERT INTO POMODORO(ID, USER, CREATION_TIMESTAMP, WORK_TIME, BREAK_TIME, INTERRUPTED)
VALUES (6284, 1, '2019-01-16', 0, 0, true);
INSERT INTO POMODORO(ID, USER, CREATION_TIMESTAMP, WORK_TIME, BREAK_TIME, INTERRUPTED)
VALUES (6285, 1, '2019-01-16', 0, 0, false);
INSERT INTO POMODORO(ID, USER, CREATION_TIMESTAMP, WORK_TIME, BREAK_TIME, INTERRUPTED)
VALUES (6286, 1, '2019-01-16', 0, 0, false);
INSERT INTO POMODORO(ID, USER, CREATION_TIMESTAMP, WORK_TIME, BREAK_TIME, INTERRUPTED)
VALUES (6287, 1, '2019-01-16', 0, 0, false);
INSERT INTO POMODORO(ID, USER, CREATION_TIMESTAMP, WORK_TIME, BREAK_TIME, INTERRUPTED)
VALUES (6288, 1, '2019-01-15', 0, 0, false);
INSERT INTO POMODORO(ID, USER, CREATION_TIMESTAMP, WORK_TIME, BREAK_TIME, INTERRUPTED)
VALUES (6289, 1, '2019-01-15', 0, 0, false);
INSERT INTO POMODORO(ID, USER, CREATION_TIMESTAMP, WORK_TIME, BREAK_TIME, INTERRUPTED)
VALUES (6290, 1, '2019-01-15', 0, 0, false);
INSERT INTO POMODORO(ID, USER, CREATION_TIMESTAMP, WORK_TIME, BREAK_TIME, INTERRUPTED)
VALUES (6291, 1, '2019-01-15', 0, 0, true);
INSERT INTO POMODORO(ID, USER, CREATION_TIMESTAMP, WORK_TIME, BREAK_TIME, INTERRUPTED)
VALUES (6292, 1, '2019-01-15', 0, 0, false);
INSERT INTO POMODORO(ID, USER, CREATION_TIMESTAMP, WORK_TIME, BREAK_TIME, INTERRUPTED)
VALUES (6293, 1, '2019-01-15', 0, 0, false);
INSERT INTO POMODORO(ID, USER, CREATION_TIMESTAMP, WORK_TIME, BREAK_TIME, INTERRUPTED)
VALUES (6294, 1, '2019-01-15', 0, 0, true);
INSERT INTO POMODORO(ID, USER, CREATION_TIMESTAMP, WORK_TIME, BREAK_TIME, INTERRUPTED)
VALUES (6295, 1, '2019-01-15', 0, 0, false);
INSERT INTO POMODORO(ID, USER, CREATION_TIMESTAMP, WORK_TIME, BREAK_TIME, INTERRUPTED)
VALUES (6296, 1, '2019-01-15', 0, 0, true);
INSERT INTO POMODORO(ID, USER, CREATION_TIMESTAMP, WORK_TIME, BREAK_TIME, INTERRUPTED)
VALUES (6297, 1, '2019-01-15', 0, 0, true);
INSERT INTO POMODORO(ID, USER, CREATION_TIMESTAMP, WORK_TIME, BREAK_TIME, INTERRUPTED)
VALUES (6298, 1, '2019-01-15', 0, 0, true);
INSERT INTO POMODORO(ID, USER, CREATION_TIMESTAMP, WORK_TIME, BREAK_TIME, INTERRUPTED)
VALUES (6299, 1, '2019-01-15', 0, 0, true);
INSERT INTO POMODORO(ID, USER, CREATION_TIMESTAMP, WORK_TIME, BREAK_TIME, INTERRUPTED)
VALUES (6300, 1, '2019-01-15', 0, 0, true);
INSERT INTO POMODORO(ID, USER, CREATION_TIMESTAMP, WORK_TIME, BREAK_TIME, INTERRUPTED)
VALUES (6301, 1, '2019-01-15', 0, 0, true);
INSERT INTO POMODORO(ID, USER, CREATION_TIMESTAMP, WORK_TIME, BREAK_TIME, INTERRUPTED)
VALUES (6302, 1, '2019-01-15', 0, 0, false);
INSERT INTO POMODORO(ID, USER, CREATION_TIMESTAMP, WORK_TIME, BREAK_TIME, INTERRUPTED)
VALUES (6303, 1, '2019-01-15', 0, 0, false);
INSERT INTO POMODORO(ID, USER, CREATION_TIMESTAMP, WORK_TIME, BREAK_TIME, INTERRUPTED)
VALUES (6304, 1, '2019-01-15', 0, 0, false);
INSERT INTO POMODORO(ID, USER, CREATION_TIMESTAMP, WORK_TIME, BREAK_TIME, INTERRUPTED)
VALUES (6305, 1, '2019-01-15', 0, 0, true);
INSERT INTO POMODORO(ID, USER, CREATION_TIMESTAMP, WORK_TIME, BREAK_TIME, INTERRUPTED)
VALUES (6306, 1, '2019-01-15', 0, 0, true);
INSERT INTO POMODORO(ID, USER, CREATION_TIMESTAMP, WORK_TIME, BREAK_TIME, INTERRUPTED)
VALUES (6307, 1, '2019-01-15', 0, 0, false);
INSERT INTO POMODORO(ID, USER, CREATION_TIMESTAMP, WORK_TIME, BREAK_TIME, INTERRUPTED)
VALUES (6308, 1, '2019-01-15', 0, 0, true);
INSERT INTO POMODORO(ID, USER, CREATION_TIMESTAMP, WORK_TIME, BREAK_TIME, INTERRUPTED)
VALUES (6309, 1, '2019-01-15', 0, 0, true);
INSERT INTO POMODORO(ID, USER, CREATION_TIMESTAMP, WORK_TIME, BREAK_TIME, INTERRUPTED)
VALUES (6310, 1, '2019-01-15', 0, 0, false);
INSERT INTO POMODORO(ID, USER, CREATION_TIMESTAMP, WORK_TIME, BREAK_TIME, INTERRUPTED)
VALUES (6311, 1, '2019-01-15', 0, 0, true);
INSERT INTO POMODORO(ID, USER, CREATION_TIMESTAMP, WORK_TIME, BREAK_TIME, INTERRUPTED)
VALUES (6312, 1, '2019-01-15', 0, 0, false);
INSERT INTO POMODORO(ID, USER, CREATION_TIMESTAMP, WORK_TIME, BREAK_TIME, INTERRUPTED)
VALUES (6313, 1, '2019-01-15', 0, 0, false);
INSERT INTO POMODORO(ID, USER, CREATION_TIMESTAMP, WORK_TIME, BREAK_TIME, INTERRUPTED)
VALUES (6314, 1, '2019-01-15', 0, 0, false);
INSERT INTO POMODORO(ID, USER, CREATION_TIMESTAMP, WORK_TIME, BREAK_TIME, INTERRUPTED)
VALUES (6315, 1, '2019-01-15', 0, 0, false);
INSERT INTO POMODORO(ID, USER, CREATION_TIMESTAMP, WORK_TIME, BREAK_TIME, INTERRUPTED)
VALUES (6316, 1, '2019-01-15', 0, 0, false);
INSERT INTO POMODORO(ID, USER, CREATION_TIMESTAMP, WORK_TIME, BREAK_TIME, INTERRUPTED)
VALUES (6317, 1, '2019-01-15', 0, 0, true);
INSERT INTO POMODORO(ID, USER, CREATION_TIMESTAMP, WORK_TIME, BREAK_TIME, INTERRUPTED)
VALUES (6318, 1, '2019-01-15', 0, 0, false);
INSERT INTO POMODORO(ID, USER, CREATION_TIMESTAMP, WORK_TIME, BREAK_TIME, INTERRUPTED)
VALUES (6319, 1, '2019-01-15', 0, 0, false);
INSERT INTO POMODORO(ID, USER, CREATION_TIMESTAMP, WORK_TIME, BREAK_TIME, INTERRUPTED)
VALUES (6320, 1, '2019-01-15', 0, 0, false);
INSERT INTO POMODORO(ID, USER, CREATION_TIMESTAMP, WORK_TIME, BREAK_TIME, INTERRUPTED)
VALUES (6321, 1, '2019-01-15', 0, 0, true);
INSERT INTO POMODORO(ID, USER, CREATION_TIMESTAMP, WORK_TIME, BREAK_TIME, INTERRUPTED)
VALUES (6322, 1, '2019-01-15', 0, 0, false);
INSERT INTO POMODORO(ID, USER, CREATION_TIMESTAMP, WORK_TIME, BREAK_TIME, INTERRUPTED)
VALUES (6323, 1, '2019-01-15', 0, 0, true);
INSERT INTO POMODORO(ID, USER, CREATION_TIMESTAMP, WORK_TIME, BREAK_TIME, INTERRUPTED)
VALUES (6324, 1, '2019-01-14', 0, 0, true);
INSERT INTO POMODORO(ID, USER, CREATION_TIMESTAMP, WORK_TIME, BREAK_TIME, INTERRUPTED)
VALUES (6325, 1, '2019-01-14', 0, 0, false);
INSERT INTO POMODORO(ID, USER, CREATION_TIMESTAMP, WORK_TIME, BREAK_TIME, INTERRUPTED)
VALUES (6326, 1, '2019-01-14', 0, 0, false);
INSERT INTO POMODORO(ID, USER, CREATION_TIMESTAMP, WORK_TIME, BREAK_TIME, INTERRUPTED)
VALUES (6327, 1, '2019-01-14', 0, 0, false);
INSERT INTO POMODORO(ID, USER, CREATION_TIMESTAMP, WORK_TIME, BREAK_TIME, INTERRUPTED)
VALUES (6328, 1, '2019-01-14', 0, 0, false);
INSERT INTO POMODORO(ID, USER, CREATION_TIMESTAMP, WORK_TIME, BREAK_TIME, INTERRUPTED)
VALUES (6329, 1, '2019-01-14', 0, 0, false);
INSERT INTO POMODORO(ID, USER, CREATION_TIMESTAMP, WORK_TIME, BREAK_TIME, INTERRUPTED)
VALUES (6330, 1, '2019-01-14', 0, 0, true);
INSERT INTO POMODORO(ID, USER, CREATION_TIMESTAMP, WORK_TIME, BREAK_TIME, INTERRUPTED)
VALUES (6331, 1, '2019-01-14', 0, 0, false);
INSERT INTO POMODORO(ID, USER, CREATION_TIMESTAMP, WORK_TIME, BREAK_TIME, INTERRUPTED)
VALUES (6332, 1, '2019-01-14', 0, 0, false);
INSERT INTO POMODORO(ID, USER, CREATION_TIMESTAMP, WORK_TIME, BREAK_TIME, INTERRUPTED)
VALUES (6333, 1, '2019-01-14', 0, 0, true);
INSERT INTO POMODORO(ID, USER, CREATION_TIMESTAMP, WORK_TIME, BREAK_TIME, INTERRUPTED)
VALUES (6334, 1, '2019-01-14', 0, 0, true);
INSERT INTO POMODORO(ID, USER, CREATION_TIMESTAMP, WORK_TIME, BREAK_TIME, INTERRUPTED)
VALUES (6335, 1, '2019-01-14', 0, 0, true);
INSERT INTO POMODORO(ID, USER, CREATION_TIMESTAMP, WORK_TIME, BREAK_TIME, INTERRUPTED)
VALUES (6336, 1, '2019-01-14', 0, 0, true);
INSERT INTO POMODORO(ID, USER, CREATION_TIMESTAMP, WORK_TIME, BREAK_TIME, INTERRUPTED)
VALUES (6337, 1, '2019-01-14', 0, 0, true);
INSERT INTO POMODORO(ID, USER, CREATION_TIMESTAMP, WORK_TIME, BREAK_TIME, INTERRUPTED)
VALUES (6338, 1, '2019-01-14', 0, 0, false);
INSERT INTO POMODORO(ID, USER, CREATION_TIMESTAMP, WORK_TIME, BREAK_TIME, INTERRUPTED)
VALUES (6339, 1, '2019-01-14', 0, 0, true);
INSERT INTO POMODORO(ID, USER, CREATION_TIMESTAMP, WORK_TIME, BREAK_TIME, INTERRUPTED)
VALUES (6340, 1, '2019-01-14', 0, 0, true);
INSERT INTO POMODORO(ID, USER, CREATION_TIMESTAMP, WORK_TIME, BREAK_TIME, INTERRUPTED)
VALUES (6341, 1, '2019-01-14', 0, 0, false);
INSERT INTO POMODORO(ID, USER, CREATION_TIMESTAMP, WORK_TIME, BREAK_TIME, INTERRUPTED)
VALUES (6342, 1, '2019-01-13', 0, 0, true);
INSERT INTO POMODORO(ID, USER, CREATION_TIMESTAMP, WORK_TIME, BREAK_TIME, INTERRUPTED)
VALUES (6343, 1, '2019-01-13', 0, 0, true);
INSERT INTO POMODORO(ID, USER, CREATION_TIMESTAMP, WORK_TIME, BREAK_TIME, INTERRUPTED)
VALUES (6344, 1, '2019-01-13', 0, 0, false);
INSERT INTO POMODORO(ID, USER, CREATION_TIMESTAMP, WORK_TIME, BREAK_TIME, INTERRUPTED)
VALUES (6345, 1, '2019-01-13', 0, 0, false);
INSERT INTO POMODORO(ID, USER, CREATION_TIMESTAMP, WORK_TIME, BREAK_TIME, INTERRUPTED)
VALUES (6346, 1, '2019-01-13', 0, 0, false);
INSERT INTO POMODORO(ID, USER, CREATION_TIMESTAMP, WORK_TIME, BREAK_TIME, INTERRUPTED)
VALUES (6347, 1, '2019-01-13', 0, 0, true);
INSERT INTO POMODORO(ID, USER, CREATION_TIMESTAMP, WORK_TIME, BREAK_TIME, INTERRUPTED)
VALUES (6348, 1, '2019-01-13', 0, 0, false);
INSERT INTO POMODORO(ID, USER, CREATION_TIMESTAMP, WORK_TIME, BREAK_TIME, INTERRUPTED)
VALUES (6349, 1, '2019-01-13', 0, 0, false);
INSERT INTO POMODORO(ID, USER, CREATION_TIMESTAMP, WORK_TIME, BREAK_TIME, INTERRUPTED)
VALUES (6350, 1, '2019-01-13', 0, 0, true);
INSERT INTO POMODORO(ID, USER, CREATION_TIMESTAMP, WORK_TIME, BREAK_TIME, INTERRUPTED)
VALUES (6351, 1, '2019-01-13', 0, 0, true);
INSERT INTO POMODORO(ID, USER, CREATION_TIMESTAMP, WORK_TIME, BREAK_TIME, INTERRUPTED)
VALUES (6352, 1, '2019-01-13', 0, 0, true);
INSERT INTO POMODORO(ID, USER, CREATION_TIMESTAMP, WORK_TIME, BREAK_TIME, INTERRUPTED)
VALUES (6353, 1, '2019-01-13', 0, 0, true);
INSERT INTO POMODORO(ID, USER, CREATION_TIMESTAMP, WORK_TIME, BREAK_TIME, INTERRUPTED)
VALUES (6354, 1, '2019-01-13', 0, 0, false);
INSERT INTO POMODORO(ID, USER, CREATION_TIMESTAMP, WORK_TIME, BREAK_TIME, INTERRUPTED)
VALUES (6355, 1, '2019-01-13', 0, 0, false);
INSERT INTO POMODORO(ID, USER, CREATION_TIMESTAMP, WORK_TIME, BREAK_TIME, INTERRUPTED)
VALUES (6356, 1, '2019-01-13', 0, 0, false);
INSERT INTO POMODORO(ID, USER, CREATION_TIMESTAMP, WORK_TIME, BREAK_TIME, INTERRUPTED)
VALUES (6357, 1, '2019-01-12', 0, 0, true);
INSERT INTO POMODORO(ID, USER, CREATION_TIMESTAMP, WORK_TIME, BREAK_TIME, INTERRUPTED)
VALUES (6358, 1, '2019-01-12', 0, 0, false);
INSERT INTO POMODORO(ID, USER, CREATION_TIMESTAMP, WORK_TIME, BREAK_TIME, INTERRUPTED)
VALUES (6359, 1, '2019-01-12', 0, 0, true);
INSERT INTO POMODORO(ID, USER, CREATION_TIMESTAMP, WORK_TIME, BREAK_TIME, INTERRUPTED)
VALUES (6360, 1, '2019-01-12', 0, 0, true);
INSERT INTO POMODORO(ID, USER, CREATION_TIMESTAMP, WORK_TIME, BREAK_TIME, INTERRUPTED)
VALUES (6361, 1, '2019-01-12', 0, 0, true);
INSERT INTO POMODORO(ID, USER, CREATION_TIMESTAMP, WORK_TIME, BREAK_TIME, INTERRUPTED)
VALUES (6362, 1, '2019-01-12', 0, 0, false);
INSERT INTO POMODORO(ID, USER, CREATION_TIMESTAMP, WORK_TIME, BREAK_TIME, INTERRUPTED)
VALUES (6363, 1, '2019-01-12', 0, 0, true);
INSERT INTO POMODORO(ID, USER, CREATION_TIMESTAMP, WORK_TIME, BREAK_TIME, INTERRUPTED)
VALUES (6364, 1, '2019-01-12', 0, 0, false);
INSERT INTO POMODORO(ID, USER, CREATION_TIMESTAMP, WORK_TIME, BREAK_TIME, INTERRUPTED)
VALUES (6365, 1, '2019-01-12', 0, 0, true);
INSERT INTO POMODORO(ID, USER, CREATION_TIMESTAMP, WORK_TIME, BREAK_TIME, INTERRUPTED)
VALUES (6366, 1, '2019-01-12', 0, 0, true);
INSERT INTO POMODORO(ID, USER, CREATION_TIMESTAMP, WORK_TIME, BREAK_TIME, INTERRUPTED)
VALUES (6367, 1, '2019-01-12', 0, 0, true);
INSERT INTO POMODORO(ID, USER, CREATION_TIMESTAMP, WORK_TIME, BREAK_TIME, INTERRUPTED)
VALUES (6368, 1, '2019-01-12', 0, 0, true);
INSERT INTO POMODORO(ID, USER, CREATION_TIMESTAMP, WORK_TIME, BREAK_TIME, INTERRUPTED)
VALUES (6369, 1, '2019-01-12', 0, 0, false);
INSERT INTO POMODORO(ID, USER, CREATION_TIMESTAMP, WORK_TIME, BREAK_TIME, INTERRUPTED)
VALUES (6370, 1, '2019-01-12', 0, 0, true);
INSERT INTO POMODORO(ID, USER, CREATION_TIMESTAMP, WORK_TIME, BREAK_TIME, INTERRUPTED)
VALUES (6371, 1, '2019-01-12', 0, 0, false);
INSERT INTO POMODORO(ID, USER, CREATION_TIMESTAMP, WORK_TIME, BREAK_TIME, INTERRUPTED)
VALUES (6372, 1, '2019-01-12', 0, 0, false);
INSERT INTO POMODORO(ID, USER, CREATION_TIMESTAMP, WORK_TIME, BREAK_TIME, INTERRUPTED)
VALUES (6373, 1, '2019-01-12', 0, 0, true);
INSERT INTO POMODORO(ID, USER, CREATION_TIMESTAMP, WORK_TIME, BREAK_TIME, INTERRUPTED)
VALUES (6374, 1, '2019-01-11', 0, 0, false);
INSERT INTO POMODORO(ID, USER, CREATION_TIMESTAMP, WORK_TIME, BREAK_TIME, INTERRUPTED)
VALUES (6375, 1, '2019-01-11', 0, 0, true);
INSERT INTO POMODORO(ID, USER, CREATION_TIMESTAMP, WORK_TIME, BREAK_TIME, INTERRUPTED)
VALUES (6376, 1, '2019-01-11', 0, 0, false);
INSERT INTO POMODORO(ID, USER, CREATION_TIMESTAMP, WORK_TIME, BREAK_TIME, INTERRUPTED)
VALUES (6377, 1, '2019-01-11', 0, 0, false);
INSERT INTO POMODORO(ID, USER, CREATION_TIMESTAMP, WORK_TIME, BREAK_TIME, INTERRUPTED)
VALUES (6378, 1, '2019-01-11', 0, 0, true);
INSERT INTO POMODORO(ID, USER, CREATION_TIMESTAMP, WORK_TIME, BREAK_TIME, INTERRUPTED)
VALUES (6379, 1, '2019-01-11', 0, 0, false);
INSERT INTO POMODORO(ID, USER, CREATION_TIMESTAMP, WORK_TIME, BREAK_TIME, INTERRUPTED)
VALUES (6380, 1, '2019-01-11', 0, 0, false);
INSERT INTO POMODORO(ID, USER, CREATION_TIMESTAMP, WORK_TIME, BREAK_TIME, INTERRUPTED)
VALUES (6381, 1, '2019-01-11', 0, 0, true);
INSERT INTO POMODORO(ID, USER, CREATION_TIMESTAMP, WORK_TIME, BREAK_TIME, INTERRUPTED)
VALUES (6382, 1, '2019-01-11', 0, 0, true);
INSERT INTO POMODORO(ID, USER, CREATION_TIMESTAMP, WORK_TIME, BREAK_TIME, INTERRUPTED)
VALUES (6383, 1, '2019-01-11', 0, 0, false);
INSERT INTO POMODORO(ID, USER, CREATION_TIMESTAMP, WORK_TIME, BREAK_TIME, INTERRUPTED)
VALUES (6384, 1, '2019-01-11', 0, 0, true);
INSERT INTO POMODORO(ID, USER, CREATION_TIMESTAMP, WORK_TIME, BREAK_TIME, INTERRUPTED)
VALUES (6385, 1, '2019-01-11', 0, 0, true);
INSERT INTO POMODORO(ID, USER, CREATION_TIMESTAMP, WORK_TIME, BREAK_TIME, INTERRUPTED)
VALUES (6386, 1, '2019-01-11', 0, 0, false);
INSERT INTO POMODORO(ID, USER, CREATION_TIMESTAMP, WORK_TIME, BREAK_TIME, INTERRUPTED)
VALUES (6387, 1, '2019-01-11', 0, 0, false);
INSERT INTO POMODORO(ID, USER, CREATION_TIMESTAMP, WORK_TIME, BREAK_TIME, INTERRUPTED)
VALUES (6388, 1, '2019-01-11', 0, 0, false);
INSERT INTO POMODORO(ID, USER, CREATION_TIMESTAMP, WORK_TIME, BREAK_TIME, INTERRUPTED)
VALUES (6389, 1, '2019-01-11', 0, 0, false);
INSERT INTO POMODORO(ID, USER, CREATION_TIMESTAMP, WORK_TIME, BREAK_TIME, INTERRUPTED)
VALUES (6390, 1, '2019-01-11', 0, 0, true);
INSERT INTO POMODORO(ID, USER, CREATION_TIMESTAMP, WORK_TIME, BREAK_TIME, INTERRUPTED)
VALUES (6391, 1, '2019-01-11', 0, 0, false);
INSERT INTO POMODORO(ID, USER, CREATION_TIMESTAMP, WORK_TIME, BREAK_TIME, INTERRUPTED)
VALUES (6392, 1, '2019-01-11', 0, 0, false);
INSERT INTO POMODORO(ID, USER, CREATION_TIMESTAMP, WORK_TIME, BREAK_TIME, INTERRUPTED)
VALUES (6393, 1, '2019-01-11', 0, 0, true);
INSERT INTO POMODORO(ID, USER, CREATION_TIMESTAMP, WORK_TIME, BREAK_TIME, INTERRUPTED)
VALUES (6394, 1, '2019-01-11', 0, 0, false);
INSERT INTO POMODORO(ID, USER, CREATION_TIMESTAMP, WORK_TIME, BREAK_TIME, INTERRUPTED)
VALUES (6395, 1, '2019-01-11', 0, 0, true);
INSERT INTO POMODORO(ID, USER, CREATION_TIMESTAMP, WORK_TIME, BREAK_TIME, INTERRUPTED)
VALUES (6396, 1, '2019-01-11', 0, 0, false);
INSERT INTO POMODORO(ID, USER, CREATION_TIMESTAMP, WORK_TIME, BREAK_TIME, INTERRUPTED)
VALUES (6397, 1, '2019-01-11', 0, 0, false);
INSERT INTO POMODORO(ID, USER, CREATION_TIMESTAMP, WORK_TIME, BREAK_TIME, INTERRUPTED)
VALUES (6398, 1, '2019-01-11', 0, 0, true);
INSERT INTO POMODORO(ID, USER, CREATION_TIMESTAMP, WORK_TIME, BREAK_TIME, INTERRUPTED)
VALUES (6399, 1, '2019-01-11', 0, 0, true);
INSERT INTO POMODORO(ID, USER, CREATION_TIMESTAMP, WORK_TIME, BREAK_TIME, INTERRUPTED)
VALUES (6400, 1, '2019-01-11', 0, 0, true);
INSERT INTO POMODORO(ID, USER, CREATION_TIMESTAMP, WORK_TIME, BREAK_TIME, INTERRUPTED)
VALUES (6401, 1, '2019-01-11', 0, 0, false);
INSERT INTO POMODORO(ID, USER, CREATION_TIMESTAMP, WORK_TIME, BREAK_TIME, INTERRUPTED)
VALUES (6402, 1, '2019-01-11', 0, 0, false);
INSERT INTO POMODORO(ID, USER, CREATION_TIMESTAMP, WORK_TIME, BREAK_TIME, INTERRUPTED)
VALUES (6403, 1, '2019-01-11', 0, 0, false);
INSERT INTO POMODORO(ID, USER, CREATION_TIMESTAMP, WORK_TIME, BREAK_TIME, INTERRUPTED)
VALUES (6404, 1, '2019-01-11', 0, 0, false);
INSERT INTO POMODORO(ID, USER, CREATION_TIMESTAMP, WORK_TIME, BREAK_TIME, INTERRUPTED)
VALUES (6405, 1, '2019-01-11', 0, 0, false);
INSERT INTO POMODORO(ID, USER, CREATION_TIMESTAMP, WORK_TIME, BREAK_TIME, INTERRUPTED)
VALUES (6406, 1, '2019-01-11', 0, 0, false);
INSERT INTO POMODORO(ID, USER, CREATION_TIMESTAMP, WORK_TIME, BREAK_TIME, INTERRUPTED)
VALUES (6407, 1, '2019-01-11', 0, 0, true);
INSERT INTO POMODORO(ID, USER, CREATION_TIMESTAMP, WORK_TIME, BREAK_TIME, INTERRUPTED)
VALUES (6408, 1, '2019-01-11', 0, 0, true);
INSERT INTO POMODORO(ID, USER, CREATION_TIMESTAMP, WORK_TIME, BREAK_TIME, INTERRUPTED)
VALUES (6409, 1, '2019-01-11', 0, 0, true);
INSERT INTO POMODORO(ID, USER, CREATION_TIMESTAMP, WORK_TIME, BREAK_TIME, INTERRUPTED)
VALUES (6410, 1, '2019-01-11', 0, 0, false);
INSERT INTO POMODORO(ID, USER, CREATION_TIMESTAMP, WORK_TIME, BREAK_TIME, INTERRUPTED)
VALUES (6411, 1, '2019-01-11', 0, 0, false);
INSERT INTO POMODORO(ID, USER, CREATION_TIMESTAMP, WORK_TIME, BREAK_TIME, INTERRUPTED)
VALUES (6412, 1, '2019-01-11', 0, 0, true);
INSERT INTO POMODORO(ID, USER, CREATION_TIMESTAMP, WORK_TIME, BREAK_TIME, INTERRUPTED)
VALUES (6413, 1, '2019-01-11', 0, 0, true);
INSERT INTO POMODORO(ID, USER, CREATION_TIMESTAMP, WORK_TIME, BREAK_TIME, INTERRUPTED)
VALUES (6414, 1, '2019-01-11', 0, 0, false);
INSERT INTO POMODORO(ID, USER, CREATION_TIMESTAMP, WORK_TIME, BREAK_TIME, INTERRUPTED)
VALUES (6415, 1, '2019-01-11', 0, 0, false);
INSERT INTO POMODORO(ID, USER, CREATION_TIMESTAMP, WORK_TIME, BREAK_TIME, INTERRUPTED)
VALUES (6416, 1, '2019-01-11', 0, 0, false);
INSERT INTO POMODORO(ID, USER, CREATION_TIMESTAMP, WORK_TIME, BREAK_TIME, INTERRUPTED)
VALUES (6417, 1, '2019-01-11', 0, 0, false);
INSERT INTO POMODORO(ID, USER, CREATION_TIMESTAMP, WORK_TIME, BREAK_TIME, INTERRUPTED)
VALUES (6418, 1, '2019-01-10', 0, 0, false);
INSERT INTO POMODORO(ID, USER, CREATION_TIMESTAMP, WORK_TIME, BREAK_TIME, INTERRUPTED)
VALUES (6419, 1, '2019-01-10', 0, 0, true);
INSERT INTO POMODORO(ID, USER, CREATION_TIMESTAMP, WORK_TIME, BREAK_TIME, INTERRUPTED)
VALUES (6420, 1, '2019-01-10', 0, 0, false);
INSERT INTO POMODORO(ID, USER, CREATION_TIMESTAMP, WORK_TIME, BREAK_TIME, INTERRUPTED)
VALUES (6421, 1, '2019-01-10', 0, 0, false);
INSERT INTO POMODORO(ID, USER, CREATION_TIMESTAMP, WORK_TIME, BREAK_TIME, INTERRUPTED)
VALUES (6422, 1, '2019-01-10', 0, 0, true);
INSERT INTO POMODORO(ID, USER, CREATION_TIMESTAMP, WORK_TIME, BREAK_TIME, INTERRUPTED)
VALUES (6423, 1, '2019-01-10', 0, 0, false);
INSERT INTO POMODORO(ID, USER, CREATION_TIMESTAMP, WORK_TIME, BREAK_TIME, INTERRUPTED)
VALUES (6424, 1, '2019-01-10', 0, 0, true);
INSERT INTO POMODORO(ID, USER, CREATION_TIMESTAMP, WORK_TIME, BREAK_TIME, INTERRUPTED)
VALUES (6425, 1, '2019-01-10', 0, 0, true);
INSERT INTO POMODORO(ID, USER, CREATION_TIMESTAMP, WORK_TIME, BREAK_TIME, INTERRUPTED)
VALUES (6426, 1, '2019-01-10', 0, 0, true);
INSERT INTO POMODORO(ID, USER, CREATION_TIMESTAMP, WORK_TIME, BREAK_TIME, INTERRUPTED)
VALUES (6427, 1, '2019-01-10', 0, 0, true);
INSERT INTO POMODORO(ID, USER, CREATION_TIMESTAMP, WORK_TIME, BREAK_TIME, INTERRUPTED)
VALUES (6428, 1, '2019-01-10', 0, 0, false);
INSERT INTO POMODORO(ID, USER, CREATION_TIMESTAMP, WORK_TIME, BREAK_TIME, INTERRUPTED)
VALUES (6429, 1, '2019-01-10', 0, 0, false);
INSERT INTO POMODORO(ID, USER, CREATION_TIMESTAMP, WORK_TIME, BREAK_TIME, INTERRUPTED)
VALUES (6430, 1, '2019-01-10', 0, 0, true);
INSERT INTO POMODORO(ID, USER, CREATION_TIMESTAMP, WORK_TIME, BREAK_TIME, INTERRUPTED)
VALUES (6431, 1, '2019-01-10', 0, 0, true);
INSERT INTO POMODORO(ID, USER, CREATION_TIMESTAMP, WORK_TIME, BREAK_TIME, INTERRUPTED)
VALUES (6432, 1, '2019-01-10', 0, 0, true);
INSERT INTO POMODORO(ID, USER, CREATION_TIMESTAMP, WORK_TIME, BREAK_TIME, INTERRUPTED)
VALUES (6433, 1, '2019-01-10', 0, 0, false);
INSERT INTO POMODORO(ID, USER, CREATION_TIMESTAMP, WORK_TIME, BREAK_TIME, INTERRUPTED)
VALUES (6434, 1, '2019-01-09', 0, 0, true);
INSERT INTO POMODORO(ID, USER, CREATION_TIMESTAMP, WORK_TIME, BREAK_TIME, INTERRUPTED)
VALUES (6435, 1, '2019-01-09', 0, 0, true);
INSERT INTO POMODORO(ID, USER, CREATION_TIMESTAMP, WORK_TIME, BREAK_TIME, INTERRUPTED)
VALUES (6436, 1, '2019-01-09', 0, 0, false);
INSERT INTO POMODORO(ID, USER, CREATION_TIMESTAMP, WORK_TIME, BREAK_TIME, INTERRUPTED)
VALUES (6437, 1, '2019-01-09', 0, 0, true);
INSERT INTO POMODORO(ID, USER, CREATION_TIMESTAMP, WORK_TIME, BREAK_TIME, INTERRUPTED)
VALUES (6438, 1, '2019-01-09', 0, 0, false);
INSERT INTO POMODORO(ID, USER, CREATION_TIMESTAMP, WORK_TIME, BREAK_TIME, INTERRUPTED)
VALUES (6439, 1, '2019-01-09', 0, 0, false);
INSERT INTO POMODORO(ID, USER, CREATION_TIMESTAMP, WORK_TIME, BREAK_TIME, INTERRUPTED)
VALUES (6440, 1, '2019-01-09', 0, 0, false);
INSERT INTO POMODORO(ID, USER, CREATION_TIMESTAMP, WORK_TIME, BREAK_TIME, INTERRUPTED)
VALUES (6441, 1, '2019-01-09', 0, 0, true);
INSERT INTO POMODORO(ID, USER, CREATION_TIMESTAMP, WORK_TIME, BREAK_TIME, INTERRUPTED)
VALUES (6442, 1, '2019-01-09', 0, 0, false);
INSERT INTO POMODORO(ID, USER, CREATION_TIMESTAMP, WORK_TIME, BREAK_TIME, INTERRUPTED)
VALUES (6443, 1, '2019-01-09', 0, 0, false);
INSERT INTO POMODORO(ID, USER, CREATION_TIMESTAMP, WORK_TIME, BREAK_TIME, INTERRUPTED)
VALUES (6444, 1, '2019-01-09', 0, 0, true);
INSERT INTO POMODORO(ID, USER, CREATION_TIMESTAMP, WORK_TIME, BREAK_TIME, INTERRUPTED)
VALUES (6445, 1, '2019-01-09', 0, 0, true);
INSERT INTO POMODORO(ID, USER, CREATION_TIMESTAMP, WORK_TIME, BREAK_TIME, INTERRUPTED)
VALUES (6446, 1, '2019-01-09', 0, 0, true);
INSERT INTO POMODORO(ID, USER, CREATION_TIMESTAMP, WORK_TIME, BREAK_TIME, INTERRUPTED)
VALUES (6447, 1, '2019-01-09', 0, 0, true);
INSERT INTO POMODORO(ID, USER, CREATION_TIMESTAMP, WORK_TIME, BREAK_TIME, INTERRUPTED)
VALUES (6448, 1, '2019-01-09', 0, 0, true);
INSERT INTO POMODORO(ID, USER, CREATION_TIMESTAMP, WORK_TIME, BREAK_TIME, INTERRUPTED)
VALUES (6449, 1, '2019-01-09', 0, 0, true);
INSERT INTO POMODORO(ID, USER, CREATION_TIMESTAMP, WORK_TIME, BREAK_TIME, INTERRUPTED)
VALUES (6450, 1, '2019-01-09', 0, 0, true);
INSERT INTO POMODORO(ID, USER, CREATION_TIMESTAMP, WORK_TIME, BREAK_TIME, INTERRUPTED)
VALUES (6451, 1, '2019-01-09', 0, 0, true);
INSERT INTO POMODORO(ID, USER, CREATION_TIMESTAMP, WORK_TIME, BREAK_TIME, INTERRUPTED)
VALUES (6452, 1, '2019-01-09', 0, 0, true);
INSERT INTO POMODORO(ID, USER, CREATION_TIMESTAMP, WORK_TIME, BREAK_TIME, INTERRUPTED)
VALUES (6453, 1, '2019-01-09', 0, 0, true);
INSERT INTO POMODORO(ID, USER, CREATION_TIMESTAMP, WORK_TIME, BREAK_TIME, INTERRUPTED)
VALUES (6454, 1, '2019-01-08', 0, 0, false);
INSERT INTO POMODORO(ID, USER, CREATION_TIMESTAMP, WORK_TIME, BREAK_TIME, INTERRUPTED)
VALUES (6455, 1, '2019-01-08', 0, 0, false);
INSERT INTO POMODORO(ID, USER, CREATION_TIMESTAMP, WORK_TIME, BREAK_TIME, INTERRUPTED)
VALUES (6456, 1, '2019-01-08', 0, 0, true);
INSERT INTO POMODORO(ID, USER, CREATION_TIMESTAMP, WORK_TIME, BREAK_TIME, INTERRUPTED)
VALUES (6457, 1, '2019-01-08', 0, 0, false);
INSERT INTO POMODORO(ID, USER, CREATION_TIMESTAMP, WORK_TIME, BREAK_TIME, INTERRUPTED)
VALUES (6458, 1, '2019-01-08', 0, 0, false);
INSERT INTO POMODORO(ID, USER, CREATION_TIMESTAMP, WORK_TIME, BREAK_TIME, INTERRUPTED)
VALUES (6459, 1, '2019-01-08', 0, 0, false);
INSERT INTO POMODORO(ID, USER, CREATION_TIMESTAMP, WORK_TIME, BREAK_TIME, INTERRUPTED)
VALUES (6460, 1, '2019-01-08', 0, 0, false);
INSERT INTO POMODORO(ID, USER, CREATION_TIMESTAMP, WORK_TIME, BREAK_TIME, INTERRUPTED)
VALUES (6461, 1, '2019-01-08', 0, 0, true);
INSERT INTO POMODORO(ID, USER, CREATION_TIMESTAMP, WORK_TIME, BREAK_TIME, INTERRUPTED)
VALUES (6462, 1, '2019-01-08', 0, 0, false);
INSERT INTO POMODORO(ID, USER, CREATION_TIMESTAMP, WORK_TIME, BREAK_TIME, INTERRUPTED)
VALUES (6463, 1, '2019-01-08', 0, 0, false);
INSERT INTO POMODORO(ID, USER, CREATION_TIMESTAMP, WORK_TIME, BREAK_TIME, INTERRUPTED)
VALUES (6464, 1, '2019-01-08', 0, 0, true);
INSERT INTO POMODORO(ID, USER, CREATION_TIMESTAMP, WORK_TIME, BREAK_TIME, INTERRUPTED)
VALUES (6465, 1, '2019-01-08', 0, 0, false);
INSERT INTO POMODORO(ID, USER, CREATION_TIMESTAMP, WORK_TIME, BREAK_TIME, INTERRUPTED)
VALUES (6466, 1, '2019-01-08', 0, 0, false);
INSERT INTO POMODORO(ID, USER, CREATION_TIMESTAMP, WORK_TIME, BREAK_TIME, INTERRUPTED)
VALUES (6467, 1, '2019-01-08', 0, 0, true);
INSERT INTO POMODORO(ID, USER, CREATION_TIMESTAMP, WORK_TIME, BREAK_TIME, INTERRUPTED)
VALUES (6468, 1, '2019-01-08', 0, 0, false);
INSERT INTO POMODORO(ID, USER, CREATION_TIMESTAMP, WORK_TIME, BREAK_TIME, INTERRUPTED)
VALUES (6469, 1, '2019-01-08', 0, 0, true);
INSERT INTO POMODORO(ID, USER, CREATION_TIMESTAMP, WORK_TIME, BREAK_TIME, INTERRUPTED)
VALUES (6470, 1, '2019-01-08', 0, 0, true);
INSERT INTO POMODORO(ID, USER, CREATION_TIMESTAMP, WORK_TIME, BREAK_TIME, INTERRUPTED)
VALUES (6471, 1, '2019-01-08', 0, 0, true);
INSERT INTO POMODORO(ID, USER, CREATION_TIMESTAMP, WORK_TIME, BREAK_TIME, INTERRUPTED)
VALUES (6472, 1, '2019-01-08', 0, 0, true);
INSERT INTO POMODORO(ID, USER, CREATION_TIMESTAMP, WORK_TIME, BREAK_TIME, INTERRUPTED)
VALUES (6473, 1, '2019-01-08', 0, 0, true);
INSERT INTO POMODORO(ID, USER, CREATION_TIMESTAMP, WORK_TIME, BREAK_TIME, INTERRUPTED)
VALUES (6474, 1, '2019-01-08', 0, 0, true);
INSERT INTO POMODORO(ID, USER, CREATION_TIMESTAMP, WORK_TIME, BREAK_TIME, INTERRUPTED)
VALUES (6475, 1, '2019-01-08', 0, 0, false);
INSERT INTO POMODORO(ID, USER, CREATION_TIMESTAMP, WORK_TIME, BREAK_TIME, INTERRUPTED)
VALUES (6476, 1, '2019-01-08', 0, 0, true);
INSERT INTO POMODORO(ID, USER, CREATION_TIMESTAMP, WORK_TIME, BREAK_TIME, INTERRUPTED)
VALUES (6477, 1, '2019-01-08', 0, 0, true);
INSERT INTO POMODORO(ID, USER, CREATION_TIMESTAMP, WORK_TIME, BREAK_TIME, INTERRUPTED)
VALUES (6478, 1, '2019-01-08', 0, 0, true);
INSERT INTO POMODORO(ID, USER, CREATION_TIMESTAMP, WORK_TIME, BREAK_TIME, INTERRUPTED)
VALUES (6479, 1, '2019-01-08', 0, 0, true);
INSERT INTO POMODORO(ID, USER, CREATION_TIMESTAMP, WORK_TIME, BREAK_TIME, INTERRUPTED)
VALUES (6480, 1, '2019-01-08', 0, 0, true);
INSERT INTO POMODORO(ID, USER, CREATION_TIMESTAMP, WORK_TIME, BREAK_TIME, INTERRUPTED)
VALUES (6481, 1, '2019-01-08', 0, 0, true);
INSERT INTO POMODORO(ID, USER, CREATION_TIMESTAMP, WORK_TIME, BREAK_TIME, INTERRUPTED)
VALUES (6482, 1, '2019-01-08', 0, 0, false);
INSERT INTO POMODORO(ID, USER, CREATION_TIMESTAMP, WORK_TIME, BREAK_TIME, INTERRUPTED)
VALUES (6483, 1, '2019-01-08', 0, 0, false);
INSERT INTO POMODORO(ID, USER, CREATION_TIMESTAMP, WORK_TIME, BREAK_TIME, INTERRUPTED)
VALUES (6484, 1, '2019-01-08', 0, 0, false);
INSERT INTO POMODORO(ID, USER, CREATION_TIMESTAMP, WORK_TIME, BREAK_TIME, INTERRUPTED)
VALUES (6485, 1, '2019-01-08', 0, 0, true);
INSERT INTO POMODORO(ID, USER, CREATION_TIMESTAMP, WORK_TIME, BREAK_TIME, INTERRUPTED)
VALUES (6486, 1, '2019-01-08', 0, 0, false);
INSERT INTO POMODORO(ID, USER, CREATION_TIMESTAMP, WORK_TIME, BREAK_TIME, INTERRUPTED)
VALUES (6487, 1, '2019-01-08', 0, 0, false);
INSERT INTO POMODORO(ID, USER, CREATION_TIMESTAMP, WORK_TIME, BREAK_TIME, INTERRUPTED)
VALUES (6488, 1, '2019-01-08', 0, 0, true);
INSERT INTO POMODORO(ID, USER, CREATION_TIMESTAMP, WORK_TIME, BREAK_TIME, INTERRUPTED)
VALUES (6489, 1, '2019-01-08', 0, 0, false);
INSERT INTO POMODORO(ID, USER, CREATION_TIMESTAMP, WORK_TIME, BREAK_TIME, INTERRUPTED)
VALUES (6490, 1, '2019-01-08', 0, 0, true);
INSERT INTO POMODORO(ID, USER, CREATION_TIMESTAMP, WORK_TIME, BREAK_TIME, INTERRUPTED)
VALUES (6491, 1, '2019-01-08', 0, 0, false);
INSERT INTO POMODORO(ID, USER, CREATION_TIMESTAMP, WORK_TIME, BREAK_TIME, INTERRUPTED)
VALUES (6492, 1, '2019-01-08', 0, 0, true);
INSERT INTO POMODORO(ID, USER, CREATION_TIMESTAMP, WORK_TIME, BREAK_TIME, INTERRUPTED)
VALUES (6493, 1, '2019-01-08', 0, 0, false);
INSERT INTO POMODORO(ID, USER, CREATION_TIMESTAMP, WORK_TIME, BREAK_TIME, INTERRUPTED)
VALUES (6494, 1, '2019-01-08', 0, 0, true);
INSERT INTO POMODORO(ID, USER, CREATION_TIMESTAMP, WORK_TIME, BREAK_TIME, INTERRUPTED)
VALUES (6495, 1, '2019-01-07', 0, 0, false);
INSERT INTO POMODORO(ID, USER, CREATION_TIMESTAMP, WORK_TIME, BREAK_TIME, INTERRUPTED)
VALUES (6496, 1, '2019-01-07', 0, 0, true);
INSERT INTO POMODORO(ID, USER, CREATION_TIMESTAMP, WORK_TIME, BREAK_TIME, INTERRUPTED)
VALUES (6497, 1, '2019-01-07', 0, 0, false);
INSERT INTO POMODORO(ID, USER, CREATION_TIMESTAMP, WORK_TIME, BREAK_TIME, INTERRUPTED)
VALUES (6498, 1, '2019-01-07', 0, 0, true);
INSERT INTO POMODORO(ID, USER, CREATION_TIMESTAMP, WORK_TIME, BREAK_TIME, INTERRUPTED)
VALUES (6499, 1, '2019-01-07', 0, 0, false);
INSERT INTO POMODORO(ID, USER, CREATION_TIMESTAMP, WORK_TIME, BREAK_TIME, INTERRUPTED)
VALUES (6500, 1, '2019-01-07', 0, 0, false);
INSERT INTO POMODORO(ID, USER, CREATION_TIMESTAMP, WORK_TIME, BREAK_TIME, INTERRUPTED)
VALUES (6501, 1, '2019-01-07', 0, 0, false);
INSERT INTO POMODORO(ID, USER, CREATION_TIMESTAMP, WORK_TIME, BREAK_TIME, INTERRUPTED)
VALUES (6502, 1, '2019-01-07', 0, 0, true);
INSERT INTO POMODORO(ID, USER, CREATION_TIMESTAMP, WORK_TIME, BREAK_TIME, INTERRUPTED)
VALUES (6503, 1, '2019-01-07', 0, 0, true);
INSERT INTO POMODORO(ID, USER, CREATION_TIMESTAMP, WORK_TIME, BREAK_TIME, INTERRUPTED)
VALUES (6504, 1, '2019-01-07', 0, 0, false);
INSERT INTO POMODORO(ID, USER, CREATION_TIMESTAMP, WORK_TIME, BREAK_TIME, INTERRUPTED)
VALUES (6505, 1, '2019-01-07', 0, 0, false);
INSERT INTO POMODORO(ID, USER, CREATION_TIMESTAMP, WORK_TIME, BREAK_TIME, INTERRUPTED)
VALUES (6506, 1, '2019-01-07', 0, 0, true);
INSERT INTO POMODORO(ID, USER, CREATION_TIMESTAMP, WORK_TIME, BREAK_TIME, INTERRUPTED)
VALUES (6507, 1, '2019-01-07', 0, 0, true);
INSERT INTO POMODORO(ID, USER, CREATION_TIMESTAMP, WORK_TIME, BREAK_TIME, INTERRUPTED)
VALUES (6508, 1, '2019-01-07', 0, 0, false);
INSERT INTO POMODORO(ID, USER, CREATION_TIMESTAMP, WORK_TIME, BREAK_TIME, INTERRUPTED)
VALUES (6509, 1, '2019-01-07', 0, 0, false);
INSERT INTO POMODORO(ID, USER, CREATION_TIMESTAMP, WORK_TIME, BREAK_TIME, INTERRUPTED)
VALUES (6510, 1, '2019-01-06', 0, 0, false);
INSERT INTO POMODORO(ID, USER, CREATION_TIMESTAMP, WORK_TIME, BREAK_TIME, INTERRUPTED)
VALUES (6511, 1, '2019-01-06', 0, 0, false);
INSERT INTO POMODORO(ID, USER, CREATION_TIMESTAMP, WORK_TIME, BREAK_TIME, INTERRUPTED)
VALUES (6512, 1, '2019-01-06', 0, 0, true);
INSERT INTO POMODORO(ID, USER, CREATION_TIMESTAMP, WORK_TIME, BREAK_TIME, INTERRUPTED)
VALUES (6513, 1, '2019-01-06', 0, 0, false);
INSERT INTO POMODORO(ID, USER, CREATION_TIMESTAMP, WORK_TIME, BREAK_TIME, INTERRUPTED)
VALUES (6514, 1, '2019-01-06', 0, 0, false);
INSERT INTO POMODORO(ID, USER, CREATION_TIMESTAMP, WORK_TIME, BREAK_TIME, INTERRUPTED)
VALUES (6515, 1, '2019-01-06', 0, 0, false);
INSERT INTO POMODORO(ID, USER, CREATION_TIMESTAMP, WORK_TIME, BREAK_TIME, INTERRUPTED)
VALUES (6516, 1, '2019-01-06', 0, 0, false);
INSERT INTO POMODORO(ID, USER, CREATION_TIMESTAMP, WORK_TIME, BREAK_TIME, INTERRUPTED)
VALUES (6517, 1, '2019-01-06', 0, 0, false);
INSERT INTO POMODORO(ID, USER, CREATION_TIMESTAMP, WORK_TIME, BREAK_TIME, INTERRUPTED)
VALUES (6518, 1, '2019-01-06', 0, 0, false);
INSERT INTO POMODORO(ID, USER, CREATION_TIMESTAMP, WORK_TIME, BREAK_TIME, INTERRUPTED)
VALUES (6519, 1, '2019-01-06', 0, 0, false);
INSERT INTO POMODORO(ID, USER, CREATION_TIMESTAMP, WORK_TIME, BREAK_TIME, INTERRUPTED)
VALUES (6520, 1, '2019-01-06', 0, 0, true);
INSERT INTO POMODORO(ID, USER, CREATION_TIMESTAMP, WORK_TIME, BREAK_TIME, INTERRUPTED)
VALUES (6521, 1, '2019-01-06', 0, 0, true);
INSERT INTO POMODORO(ID, USER, CREATION_TIMESTAMP, WORK_TIME, BREAK_TIME, INTERRUPTED)
VALUES (6522, 1, '2019-01-06', 0, 0, true);
INSERT INTO POMODORO(ID, USER, CREATION_TIMESTAMP, WORK_TIME, BREAK_TIME, INTERRUPTED)
VALUES (6523, 1, '2019-01-06', 0, 0, false);
INSERT INTO POMODORO(ID, USER, CREATION_TIMESTAMP, WORK_TIME, BREAK_TIME, INTERRUPTED)
VALUES (6524, 1, '2019-01-06', 0, 0, true);
INSERT INTO POMODORO(ID, USER, CREATION_TIMESTAMP, WORK_TIME, BREAK_TIME, INTERRUPTED)
VALUES (6525, 1, '2019-01-06', 0, 0, true);
INSERT INTO POMODORO(ID, USER, CREATION_TIMESTAMP, WORK_TIME, BREAK_TIME, INTERRUPTED)
VALUES (6526, 1, '2019-01-06', 0, 0, false);
INSERT INTO POMODORO(ID, USER, CREATION_TIMESTAMP, WORK_TIME, BREAK_TIME, INTERRUPTED)
VALUES (6527, 1, '2019-01-06', 0, 0, false);
INSERT INTO POMODORO(ID, USER, CREATION_TIMESTAMP, WORK_TIME, BREAK_TIME, INTERRUPTED)
VALUES (6528, 1, '2019-01-06', 0, 0, true);
INSERT INTO POMODORO(ID, USER, CREATION_TIMESTAMP, WORK_TIME, BREAK_TIME, INTERRUPTED)
VALUES (6529, 1, '2019-01-06', 0, 0, true);
INSERT INTO POMODORO(ID, USER, CREATION_TIMESTAMP, WORK_TIME, BREAK_TIME, INTERRUPTED)
VALUES (6530, 1, '2019-01-06', 0, 0, true);
INSERT INTO POMODORO(ID, USER, CREATION_TIMESTAMP, WORK_TIME, BREAK_TIME, INTERRUPTED)
VALUES (6531, 1, '2019-01-06', 0, 0, false);
INSERT INTO POMODORO(ID, USER, CREATION_TIMESTAMP, WORK_TIME, BREAK_TIME, INTERRUPTED)
VALUES (6532, 1, '2019-01-06', 0, 0, false);
INSERT INTO POMODORO(ID, USER, CREATION_TIMESTAMP, WORK_TIME, BREAK_TIME, INTERRUPTED)
VALUES (6533, 1, '2019-01-06', 0, 0, false);
INSERT INTO POMODORO(ID, USER, CREATION_TIMESTAMP, WORK_TIME, BREAK_TIME, INTERRUPTED)
VALUES (6534, 1, '2019-01-06', 0, 0, true);
INSERT INTO POMODORO(ID, USER, CREATION_TIMESTAMP, WORK_TIME, BREAK_TIME, INTERRUPTED)
VALUES (6535, 1, '2019-01-06', 0, 0, false);
INSERT INTO POMODORO(ID, USER, CREATION_TIMESTAMP, WORK_TIME, BREAK_TIME, INTERRUPTED)
VALUES (6536, 1, '2019-01-05', 0, 0, false);
INSERT INTO POMODORO(ID, USER, CREATION_TIMESTAMP, WORK_TIME, BREAK_TIME, INTERRUPTED)
VALUES (6537, 1, '2019-01-05', 0, 0, true);
INSERT INTO POMODORO(ID, USER, CREATION_TIMESTAMP, WORK_TIME, BREAK_TIME, INTERRUPTED)
VALUES (6538, 1, '2019-01-05', 0, 0, true);
INSERT INTO POMODORO(ID, USER, CREATION_TIMESTAMP, WORK_TIME, BREAK_TIME, INTERRUPTED)
VALUES (6539, 1, '2019-01-05', 0, 0, false);
INSERT INTO POMODORO(ID, USER, CREATION_TIMESTAMP, WORK_TIME, BREAK_TIME, INTERRUPTED)
VALUES (6540, 1, '2019-01-05', 0, 0, false);
INSERT INTO POMODORO(ID, USER, CREATION_TIMESTAMP, WORK_TIME, BREAK_TIME, INTERRUPTED)
VALUES (6541, 1, '2019-01-05', 0, 0, false);
INSERT INTO POMODORO(ID, USER, CREATION_TIMESTAMP, WORK_TIME, BREAK_TIME, INTERRUPTED)
VALUES (6542, 1, '2019-01-05', 0, 0, true);
INSERT INTO POMODORO(ID, USER, CREATION_TIMESTAMP, WORK_TIME, BREAK_TIME, INTERRUPTED)
VALUES (6543, 1, '2019-01-05', 0, 0, false);
INSERT INTO POMODORO(ID, USER, CREATION_TIMESTAMP, WORK_TIME, BREAK_TIME, INTERRUPTED)
VALUES (6544, 1, '2019-01-05', 0, 0, false);
INSERT INTO POMODORO(ID, USER, CREATION_TIMESTAMP, WORK_TIME, BREAK_TIME, INTERRUPTED)
VALUES (6545, 1, '2019-01-05', 0, 0, true);
INSERT INTO POMODORO(ID, USER, CREATION_TIMESTAMP, WORK_TIME, BREAK_TIME, INTERRUPTED)
VALUES (6546, 1, '2019-01-05', 0, 0, true);
INSERT INTO POMODORO(ID, USER, CREATION_TIMESTAMP, WORK_TIME, BREAK_TIME, INTERRUPTED)
VALUES (6547, 1, '2019-01-05', 0, 0, true);
INSERT INTO POMODORO(ID, USER, CREATION_TIMESTAMP, WORK_TIME, BREAK_TIME, INTERRUPTED)
VALUES (6548, 1, '2019-01-05', 0, 0, false);
INSERT INTO POMODORO(ID, USER, CREATION_TIMESTAMP, WORK_TIME, BREAK_TIME, INTERRUPTED)
VALUES (6549, 1, '2019-01-05', 0, 0, true);
INSERT INTO POMODORO(ID, USER, CREATION_TIMESTAMP, WORK_TIME, BREAK_TIME, INTERRUPTED)
VALUES (6550, 1, '2019-01-05', 0, 0, true);
INSERT INTO POMODORO(ID, USER, CREATION_TIMESTAMP, WORK_TIME, BREAK_TIME, INTERRUPTED)
VALUES (6551, 1, '2019-01-05', 0, 0, true);
INSERT INTO POMODORO(ID, USER, CREATION_TIMESTAMP, WORK_TIME, BREAK_TIME, INTERRUPTED)
VALUES (6552, 1, '2019-01-05', 0, 0, false);
INSERT INTO POMODORO(ID, USER, CREATION_TIMESTAMP, WORK_TIME, BREAK_TIME, INTERRUPTED)
VALUES (6553, 1, '2019-01-05', 0, 0, false);
INSERT INTO POMODORO(ID, USER, CREATION_TIMESTAMP, WORK_TIME, BREAK_TIME, INTERRUPTED)
VALUES (6554, 1, '2019-01-05', 0, 0, true);
INSERT INTO POMODORO(ID, USER, CREATION_TIMESTAMP, WORK_TIME, BREAK_TIME, INTERRUPTED)
VALUES (6555, 1, '2019-01-05', 0, 0, true);
INSERT INTO POMODORO(ID, USER, CREATION_TIMESTAMP, WORK_TIME, BREAK_TIME, INTERRUPTED)
VALUES (6556, 1, '2019-01-05', 0, 0, true);
INSERT INTO POMODORO(ID, USER, CREATION_TIMESTAMP, WORK_TIME, BREAK_TIME, INTERRUPTED)
VALUES (6557, 1, '2019-01-05', 0, 0, false);
INSERT INTO POMODORO(ID, USER, CREATION_TIMESTAMP, WORK_TIME, BREAK_TIME, INTERRUPTED)
VALUES (6558, 1, '2019-01-05', 0, 0, true);
INSERT INTO POMODORO(ID, USER, CREATION_TIMESTAMP, WORK_TIME, BREAK_TIME, INTERRUPTED)
VALUES (6559, 1, '2019-01-05', 0, 0, false);
INSERT INTO POMODORO(ID, USER, CREATION_TIMESTAMP, WORK_TIME, BREAK_TIME, INTERRUPTED)
VALUES (6560, 1, '2019-01-05', 0, 0, false);
INSERT INTO POMODORO(ID, USER, CREATION_TIMESTAMP, WORK_TIME, BREAK_TIME, INTERRUPTED)
VALUES (6561, 1, '2019-01-05', 0, 0, true);
INSERT INTO POMODORO(ID, USER, CREATION_TIMESTAMP, WORK_TIME, BREAK_TIME, INTERRUPTED)
VALUES (6562, 1, '2019-01-05', 0, 0, true);
INSERT INTO POMODORO(ID, USER, CREATION_TIMESTAMP, WORK_TIME, BREAK_TIME, INTERRUPTED)
VALUES (6563, 1, '2019-01-05', 0, 0, false);
INSERT INTO POMODORO(ID, USER, CREATION_TIMESTAMP, WORK_TIME, BREAK_TIME, INTERRUPTED)
VALUES (6564, 1, '2019-01-04', 0, 0, true);
INSERT INTO POMODORO(ID, USER, CREATION_TIMESTAMP, WORK_TIME, BREAK_TIME, INTERRUPTED)
VALUES (6565, 1, '2019-01-04', 0, 0, true);
INSERT INTO POMODORO(ID, USER, CREATION_TIMESTAMP, WORK_TIME, BREAK_TIME, INTERRUPTED)
VALUES (6566, 1, '2019-01-04', 0, 0, true);
INSERT INTO POMODORO(ID, USER, CREATION_TIMESTAMP, WORK_TIME, BREAK_TIME, INTERRUPTED)
VALUES (6567, 1, '2019-01-04', 0, 0, false);
INSERT INTO POMODORO(ID, USER, CREATION_TIMESTAMP, WORK_TIME, BREAK_TIME, INTERRUPTED)
VALUES (6568, 1, '2019-01-03', 0, 0, true);
INSERT INTO POMODORO(ID, USER, CREATION_TIMESTAMP, WORK_TIME, BREAK_TIME, INTERRUPTED)
VALUES (6569, 1, '2019-01-03', 0, 0, false);
INSERT INTO POMODORO(ID, USER, CREATION_TIMESTAMP, WORK_TIME, BREAK_TIME, INTERRUPTED)
VALUES (6570, 1, '2019-01-03', 0, 0, false);
INSERT INTO POMODORO(ID, USER, CREATION_TIMESTAMP, WORK_TIME, BREAK_TIME, INTERRUPTED)
VALUES (6571, 1, '2019-01-03', 0, 0, true);
INSERT INTO POMODORO(ID, USER, CREATION_TIMESTAMP, WORK_TIME, BREAK_TIME, INTERRUPTED)
VALUES (6572, 1, '2019-01-03', 0, 0, false);
INSERT INTO POMODORO(ID, USER, CREATION_TIMESTAMP, WORK_TIME, BREAK_TIME, INTERRUPTED)
VALUES (6573, 1, '2019-01-03', 0, 0, true);
INSERT INTO POMODORO(ID, USER, CREATION_TIMESTAMP, WORK_TIME, BREAK_TIME, INTERRUPTED)
VALUES (6574, 1, '2019-01-03', 0, 0, false);
INSERT INTO POMODORO(ID, USER, CREATION_TIMESTAMP, WORK_TIME, BREAK_TIME, INTERRUPTED)
VALUES (6575, 1, '2019-01-03', 0, 0, true);
INSERT INTO POMODORO(ID, USER, CREATION_TIMESTAMP, WORK_TIME, BREAK_TIME, INTERRUPTED)
VALUES (6576, 1, '2019-01-03', 0, 0, false);
INSERT INTO POMODORO(ID, USER, CREATION_TIMESTAMP, WORK_TIME, BREAK_TIME, INTERRUPTED)
VALUES (6577, 1, '2019-01-03', 0, 0, false);
INSERT INTO POMODORO(ID, USER, CREATION_TIMESTAMP, WORK_TIME, BREAK_TIME, INTERRUPTED)
VALUES (6578, 1, '2019-01-03', 0, 0, false);
INSERT INTO POMODORO(ID, USER, CREATION_TIMESTAMP, WORK_TIME, BREAK_TIME, INTERRUPTED)
VALUES (6579, 1, '2019-01-03', 0, 0, true);
INSERT INTO POMODORO(ID, USER, CREATION_TIMESTAMP, WORK_TIME, BREAK_TIME, INTERRUPTED)
VALUES (6580, 1, '2019-01-03', 0, 0, true);
INSERT INTO POMODORO(ID, USER, CREATION_TIMESTAMP, WORK_TIME, BREAK_TIME, INTERRUPTED)
VALUES (6581, 1, '2019-01-03', 0, 0, false);
INSERT INTO POMODORO(ID, USER, CREATION_TIMESTAMP, WORK_TIME, BREAK_TIME, INTERRUPTED)
VALUES (6582, 1, '2019-01-03', 0, 0, true);
INSERT INTO POMODORO(ID, USER, CREATION_TIMESTAMP, WORK_TIME, BREAK_TIME, INTERRUPTED)
VALUES (6583, 1, '2019-01-03', 0, 0, false);
INSERT INTO POMODORO(ID, USER, CREATION_TIMESTAMP, WORK_TIME, BREAK_TIME, INTERRUPTED)
VALUES (6584, 1, '2019-01-03', 0, 0, true);
INSERT INTO POMODORO(ID, USER, CREATION_TIMESTAMP, WORK_TIME, BREAK_TIME, INTERRUPTED)
VALUES (6585, 1, '2019-01-03', 0, 0, true);
INSERT INTO POMODORO(ID, USER, CREATION_TIMESTAMP, WORK_TIME, BREAK_TIME, INTERRUPTED)
VALUES (6586, 1, '2019-01-03', 0, 0, false);
INSERT INTO POMODORO(ID, USER, CREATION_TIMESTAMP, WORK_TIME, BREAK_TIME, INTERRUPTED)
VALUES (6587, 1, '2019-01-03', 0, 0, false);
INSERT INTO POMODORO(ID, USER, CREATION_TIMESTAMP, WORK_TIME, BREAK_TIME, INTERRUPTED)
VALUES (6588, 1, '2019-01-03', 0, 0, false);
INSERT INTO POMODORO(ID, USER, CREATION_TIMESTAMP, WORK_TIME, BREAK_TIME, INTERRUPTED)
VALUES (6589, 1, '2019-01-03', 0, 0, false);
INSERT INTO POMODORO(ID, USER, CREATION_TIMESTAMP, WORK_TIME, BREAK_TIME, INTERRUPTED)
VALUES (6590, 1, '2019-01-03', 0, 0, true);
INSERT INTO POMODORO(ID, USER, CREATION_TIMESTAMP, WORK_TIME, BREAK_TIME, INTERRUPTED)
VALUES (6591, 1, '2019-01-03', 0, 0, false);
INSERT INTO POMODORO(ID, USER, CREATION_TIMESTAMP, WORK_TIME, BREAK_TIME, INTERRUPTED)
VALUES (6592, 1, '2019-01-03', 0, 0, true);
INSERT INTO POMODORO(ID, USER, CREATION_TIMESTAMP, WORK_TIME, BREAK_TIME, INTERRUPTED)
VALUES (6593, 1, '2019-01-02', 0, 0, true);
INSERT INTO POMODORO(ID, USER, CREATION_TIMESTAMP, WORK_TIME, BREAK_TIME, INTERRUPTED)
VALUES (6594, 1, '2019-01-02', 0, 0, false);
INSERT INTO POMODORO(ID, USER, CREATION_TIMESTAMP, WORK_TIME, BREAK_TIME, INTERRUPTED)
VALUES (6595, 1, '2019-01-02', 0, 0, false);
INSERT INTO POMODORO(ID, USER, CREATION_TIMESTAMP, WORK_TIME, BREAK_TIME, INTERRUPTED)
VALUES (6596, 1, '2019-01-02', 0, 0, false);
INSERT INTO POMODORO(ID, USER, CREATION_TIMESTAMP, WORK_TIME, BREAK_TIME, INTERRUPTED)
VALUES (6597, 1, '2019-01-02', 0, 0, true);
INSERT INTO POMODORO(ID, USER, CREATION_TIMESTAMP, WORK_TIME, BREAK_TIME, INTERRUPTED)
VALUES (6598, 1, '2019-01-02', 0, 0, true);
INSERT INTO POMODORO(ID, USER, CREATION_TIMESTAMP, WORK_TIME, BREAK_TIME, INTERRUPTED)
VALUES (6599, 1, '2019-01-01', 0, 0, false);
INSERT INTO POMODORO(ID, USER, CREATION_TIMESTAMP, WORK_TIME, BREAK_TIME, INTERRUPTED)
VALUES (6600, 1, '2019-01-01', 0, 0, true);
INSERT INTO POMODORO(ID, USER, CREATION_TIMESTAMP, WORK_TIME, BREAK_TIME, INTERRUPTED)
VALUES (6601, 1, '2019-01-01', 0, 0, false);
INSERT INTO POMODORO(ID, USER, CREATION_TIMESTAMP, WORK_TIME, BREAK_TIME, INTERRUPTED)
VALUES (6602, 1, '2019-01-01', 0, 0, false);
INSERT INTO POMODORO(ID, USER, CREATION_TIMESTAMP, WORK_TIME, BREAK_TIME, INTERRUPTED)
VALUES (6603, 1, '2019-01-01', 0, 0, true);
INSERT INTO POMODORO(ID, USER, CREATION_TIMESTAMP, WORK_TIME, BREAK_TIME, INTERRUPTED)
VALUES (6604, 1, '2019-01-01', 0, 0, false);
INSERT INTO POMODORO(ID, USER, CREATION_TIMESTAMP, WORK_TIME, BREAK_TIME, INTERRUPTED)
VALUES (6605, 1, '2019-01-01', 0, 0, false);
INSERT INTO POMODORO(ID, USER, CREATION_TIMESTAMP, WORK_TIME, BREAK_TIME, INTERRUPTED)
VALUES (6606, 1, '2019-01-01', 0, 0, false);
INSERT INTO POMODORO(ID, USER, CREATION_TIMESTAMP, WORK_TIME, BREAK_TIME, INTERRUPTED)
VALUES (6607, 1, '2019-01-01', 0, 0, false);
INSERT INTO POMODORO(ID, USER, CREATION_TIMESTAMP, WORK_TIME, BREAK_TIME, INTERRUPTED)
VALUES (6608, 1, '2019-01-01', 0, 0, false);
INSERT INTO POMODORO(ID, USER, CREATION_TIMESTAMP, WORK_TIME, BREAK_TIME, INTERRUPTED)
VALUES (6609, 1, '2019-01-01', 0, 0, true);
INSERT INTO POMODORO(ID, USER, CREATION_TIMESTAMP, WORK_TIME, BREAK_TIME, INTERRUPTED)
VALUES (6610, 1, '2019-01-01', 0, 0, false);
INSERT INTO POMODORO(ID, USER, CREATION_TIMESTAMP, WORK_TIME, BREAK_TIME, INTERRUPTED)
VALUES (6611, 1, '2019-01-01', 0, 0, false);
INSERT INTO POMODORO(ID, USER, CREATION_TIMESTAMP, WORK_TIME, BREAK_TIME, INTERRUPTED)
VALUES (6612, 1, '2019-01-01', 0, 0, true);
INSERT INTO POMODORO(ID, USER, CREATION_TIMESTAMP, WORK_TIME, BREAK_TIME, INTERRUPTED)
VALUES (6613, 1, '2019-01-01', 0, 0, false);
INSERT INTO POMODORO(ID, USER, CREATION_TIMESTAMP, WORK_TIME, BREAK_TIME, INTERRUPTED)
VALUES (6614, 1, '2019-01-01', 0, 0, true);
INSERT INTO POMODORO(ID, USER, CREATION_TIMESTAMP, WORK_TIME, BREAK_TIME, INTERRUPTED)
VALUES (6615, 1, '2019-01-01', 0, 0, true);
INSERT INTO POMODORO(ID, USER, CREATION_TIMESTAMP, WORK_TIME, BREAK_TIME, INTERRUPTED)
VALUES (6616, 1, '2019-01-01', 0, 0, false);
INSERT INTO POMODORO(ID, USER, CREATION_TIMESTAMP, WORK_TIME, BREAK_TIME, INTERRUPTED)
VALUES (6617, 1, '2019-01-01', 0, 0, true);
INSERT INTO POMODORO(ID, USER, CREATION_TIMESTAMP, WORK_TIME, BREAK_TIME, INTERRUPTED)
VALUES (6618, 1, '2019-01-01', 0, 0, true);
INSERT INTO POMODORO(ID, USER, CREATION_TIMESTAMP, WORK_TIME, BREAK_TIME, INTERRUPTED)
VALUES (6619, 1, '2019-01-01', 0, 0, false);
INSERT INTO POMODORO(ID, USER, CREATION_TIMESTAMP, WORK_TIME, BREAK_TIME, INTERRUPTED)
VALUES (6620, 1, '2019-01-01', 0, 0, false);
INSERT INTO POMODORO(ID, USER, CREATION_TIMESTAMP, WORK_TIME, BREAK_TIME, INTERRUPTED)
VALUES (6621, 1, '2019-01-01', 0, 0, true);
INSERT INTO POMODORO(ID, USER, CREATION_TIMESTAMP, WORK_TIME, BREAK_TIME, INTERRUPTED)
VALUES (6622, 1, '2019-01-01', 0, 0, true);
INSERT INTO POMODORO(ID, USER, CREATION_TIMESTAMP, WORK_TIME, BREAK_TIME, INTERRUPTED)
VALUES (6623, 1, '2019-01-01', 0, 0, true);
INSERT INTO POMODORO(ID, USER, CREATION_TIMESTAMP, WORK_TIME, BREAK_TIME, INTERRUPTED)
VALUES (6624, 1, '2019-01-01', 0, 0, true);
INSERT INTO POMODORO(ID, USER, CREATION_TIMESTAMP, WORK_TIME, BREAK_TIME, INTERRUPTED)
VALUES (6625, 1, '2019-01-01', 0, 0, false);
INSERT INTO POMODORO(ID, USER, CREATION_TIMESTAMP, WORK_TIME, BREAK_TIME, INTERRUPTED)
VALUES (6626, 1, '2019-01-01', 0, 0, false);
INSERT INTO POMODORO(ID, USER, CREATION_TIMESTAMP, WORK_TIME, BREAK_TIME, INTERRUPTED)
VALUES (6627, 1, '2019-01-01', 0, 0, false);
INSERT INTO POMODORO(ID, USER, CREATION_TIMESTAMP, WORK_TIME, BREAK_TIME, INTERRUPTED)
VALUES (6628, 1, '2019-01-01', 0, 0, true);
INSERT INTO POMODORO(ID, USER, CREATION_TIMESTAMP, WORK_TIME, BREAK_TIME, INTERRUPTED)
VALUES (6629, 1, '2019-01-01', 0, 0, false);
INSERT INTO POMODORO(ID, USER, CREATION_TIMESTAMP, WORK_TIME, BREAK_TIME, INTERRUPTED)
VALUES (6630, 1, '2019-01-01', 0, 0, true);
INSERT INTO POMODORO(ID, USER, CREATION_TIMESTAMP, WORK_TIME, BREAK_TIME, INTERRUPTED)
VALUES (6631, 1, '2019-01-01', 0, 0, false);
INSERT INTO POMODORO(ID, USER, CREATION_TIMESTAMP, WORK_TIME, BREAK_TIME, INTERRUPTED)
VALUES (6632, 1, '2019-01-01', 0, 0, true);
INSERT INTO POMODORO(ID, USER, CREATION_TIMESTAMP, WORK_TIME, BREAK_TIME, INTERRUPTED)
VALUES (6633, 1, '2019-01-01', 0, 0, true);
INSERT INTO POMODORO(ID, USER, CREATION_TIMESTAMP, WORK_TIME, BREAK_TIME, INTERRUPTED)
VALUES (6634, 1, '2019-01-01', 0, 0, true);
INSERT INTO POMODORO(ID, USER, CREATION_TIMESTAMP, WORK_TIME, BREAK_TIME, INTERRUPTED)
VALUES (6635, 1, '2019-01-01', 0, 0, true);
INSERT INTO POMODORO(ID, USER, CREATION_TIMESTAMP, WORK_TIME, BREAK_TIME, INTERRUPTED)
VALUES (6636, 1, '2018-12-31', 0, 0, true);
INSERT INTO POMODORO(ID, USER, CREATION_TIMESTAMP, WORK_TIME, BREAK_TIME, INTERRUPTED)
VALUES (6637, 1, '2018-12-31', 0, 0, false);
INSERT INTO POMODORO(ID, USER, CREATION_TIMESTAMP, WORK_TIME, BREAK_TIME, INTERRUPTED)
VALUES (6638, 1, '2018-12-31', 0, 0, false);
INSERT INTO POMODORO(ID, USER, CREATION_TIMESTAMP, WORK_TIME, BREAK_TIME, INTERRUPTED)
VALUES (6639, 1, '2018-12-31', 0, 0, false);
INSERT INTO POMODORO(ID, USER, CREATION_TIMESTAMP, WORK_TIME, BREAK_TIME, INTERRUPTED)
VALUES (6640, 1, '2018-12-31', 0, 0, true);
INSERT INTO POMODORO(ID, USER, CREATION_TIMESTAMP, WORK_TIME, BREAK_TIME, INTERRUPTED)
VALUES (6641, 1, '2018-12-31', 0, 0, true);
INSERT INTO POMODORO(ID, USER, CREATION_TIMESTAMP, WORK_TIME, BREAK_TIME, INTERRUPTED)
VALUES (6642, 1, '2018-12-31', 0, 0, false);
INSERT INTO POMODORO(ID, USER, CREATION_TIMESTAMP, WORK_TIME, BREAK_TIME, INTERRUPTED)
VALUES (6643, 1, '2018-12-31', 0, 0, true);
INSERT INTO POMODORO(ID, USER, CREATION_TIMESTAMP, WORK_TIME, BREAK_TIME, INTERRUPTED)
VALUES (6644, 1, '2018-12-31', 0, 0, true);
INSERT INTO POMODORO(ID, USER, CREATION_TIMESTAMP, WORK_TIME, BREAK_TIME, INTERRUPTED)
VALUES (6645, 1, '2018-12-31', 0, 0, false);
INSERT INTO POMODORO(ID, USER, CREATION_TIMESTAMP, WORK_TIME, BREAK_TIME, INTERRUPTED)
VALUES (6646, 1, '2018-12-31', 0, 0, false);
INSERT INTO POMODORO(ID, USER, CREATION_TIMESTAMP, WORK_TIME, BREAK_TIME, INTERRUPTED)
VALUES (6647, 1, '2018-12-31', 0, 0, false);
INSERT INTO POMODORO(ID, USER, CREATION_TIMESTAMP, WORK_TIME, BREAK_TIME, INTERRUPTED)
VALUES (6648, 1, '2018-12-31', 0, 0, true);
INSERT INTO POMODORO(ID, USER, CREATION_TIMESTAMP, WORK_TIME, BREAK_TIME, INTERRUPTED)
VALUES (6649, 1, '2018-12-31', 0, 0, true);
INSERT INTO POMODORO(ID, USER, CREATION_TIMESTAMP, WORK_TIME, BREAK_TIME, INTERRUPTED)
VALUES (6650, 1, '2018-12-31', 0, 0, true);
INSERT INTO POMODORO(ID, USER, CREATION_TIMESTAMP, WORK_TIME, BREAK_TIME, INTERRUPTED)
VALUES (6651, 1, '2018-12-31', 0, 0, true);
INSERT INTO POMODORO(ID, USER, CREATION_TIMESTAMP, WORK_TIME, BREAK_TIME, INTERRUPTED)
VALUES (6652, 1, '2018-12-31', 0, 0, false);
INSERT INTO POMODORO(ID, USER, CREATION_TIMESTAMP, WORK_TIME, BREAK_TIME, INTERRUPTED)
VALUES (6653, 1, '2018-12-31', 0, 0, false);
INSERT INTO POMODORO(ID, USER, CREATION_TIMESTAMP, WORK_TIME, BREAK_TIME, INTERRUPTED)
VALUES (6654, 1, '2018-12-31', 0, 0, false);
INSERT INTO POMODORO(ID, USER, CREATION_TIMESTAMP, WORK_TIME, BREAK_TIME, INTERRUPTED)
VALUES (6655, 1, '2018-12-31', 0, 0, false);
INSERT INTO POMODORO(ID, USER, CREATION_TIMESTAMP, WORK_TIME, BREAK_TIME, INTERRUPTED)
VALUES (6656, 1, '2018-12-31', 0, 0, false);
INSERT INTO POMODORO(ID, USER, CREATION_TIMESTAMP, WORK_TIME, BREAK_TIME, INTERRUPTED)
VALUES (6657, 1, '2018-12-31', 0, 0, true);
INSERT INTO POMODORO(ID, USER, CREATION_TIMESTAMP, WORK_TIME, BREAK_TIME, INTERRUPTED)
VALUES (6658, 1, '2018-12-31', 0, 0, true);
INSERT INTO POMODORO(ID, USER, CREATION_TIMESTAMP, WORK_TIME, BREAK_TIME, INTERRUPTED)
VALUES (6659, 1, '2018-12-31', 0, 0, false);
INSERT INTO POMODORO(ID, USER, CREATION_TIMESTAMP, WORK_TIME, BREAK_TIME, INTERRUPTED)
VALUES (6660, 1, '2018-12-31', 0, 0, true);
INSERT INTO POMODORO(ID, USER, CREATION_TIMESTAMP, WORK_TIME, BREAK_TIME, INTERRUPTED)
VALUES (6661, 1, '2018-12-30', 0, 0, true);
INSERT INTO POMODORO(ID, USER, CREATION_TIMESTAMP, WORK_TIME, BREAK_TIME, INTERRUPTED)
VALUES (6662, 1, '2018-12-30', 0, 0, true);
INSERT INTO POMODORO(ID, USER, CREATION_TIMESTAMP, WORK_TIME, BREAK_TIME, INTERRUPTED)
VALUES (6663, 1, '2018-12-30', 0, 0, true);
INSERT INTO POMODORO(ID, USER, CREATION_TIMESTAMP, WORK_TIME, BREAK_TIME, INTERRUPTED)
VALUES (6664, 1, '2018-12-30', 0, 0, false);
INSERT INTO POMODORO(ID, USER, CREATION_TIMESTAMP, WORK_TIME, BREAK_TIME, INTERRUPTED)
VALUES (6665, 1, '2018-12-30', 0, 0, true);
INSERT INTO POMODORO(ID, USER, CREATION_TIMESTAMP, WORK_TIME, BREAK_TIME, INTERRUPTED)
VALUES (6666, 1, '2018-12-30', 0, 0, true);
INSERT INTO POMODORO(ID, USER, CREATION_TIMESTAMP, WORK_TIME, BREAK_TIME, INTERRUPTED)
VALUES (6667, 1, '2018-12-30', 0, 0, false);
INSERT INTO POMODORO(ID, USER, CREATION_TIMESTAMP, WORK_TIME, BREAK_TIME, INTERRUPTED)
VALUES (6668, 1, '2018-12-30', 0, 0, false);
INSERT INTO POMODORO(ID, USER, CREATION_TIMESTAMP, WORK_TIME, BREAK_TIME, INTERRUPTED)
VALUES (6669, 1, '2018-12-30', 0, 0, true);
INSERT INTO POMODORO(ID, USER, CREATION_TIMESTAMP, WORK_TIME, BREAK_TIME, INTERRUPTED)
VALUES (6670, 1, '2018-12-30', 0, 0, false);
INSERT INTO POMODORO(ID, USER, CREATION_TIMESTAMP, WORK_TIME, BREAK_TIME, INTERRUPTED)
VALUES (6671, 1, '2018-12-30', 0, 0, false);
INSERT INTO POMODORO(ID, USER, CREATION_TIMESTAMP, WORK_TIME, BREAK_TIME, INTERRUPTED)
VALUES (6672, 1, '2018-12-30', 0, 0, false);
INSERT INTO POMODORO(ID, USER, CREATION_TIMESTAMP, WORK_TIME, BREAK_TIME, INTERRUPTED)
VALUES (6673, 1, '2018-12-30', 0, 0, false);
INSERT INTO POMODORO(ID, USER, CREATION_TIMESTAMP, WORK_TIME, BREAK_TIME, INTERRUPTED)
VALUES (6674, 1, '2018-12-30', 0, 0, false);
INSERT INTO POMODORO(ID, USER, CREATION_TIMESTAMP, WORK_TIME, BREAK_TIME, INTERRUPTED)
VALUES (6675, 1, '2018-12-30', 0, 0, false);
INSERT INTO POMODORO(ID, USER, CREATION_TIMESTAMP, WORK_TIME, BREAK_TIME, INTERRUPTED)
VALUES (6676, 1, '2018-12-30', 0, 0, false);
INSERT INTO POMODORO(ID, USER, CREATION_TIMESTAMP, WORK_TIME, BREAK_TIME, INTERRUPTED)
VALUES (6677, 1, '2018-12-30', 0, 0, false);
INSERT INTO POMODORO(ID, USER, CREATION_TIMESTAMP, WORK_TIME, BREAK_TIME, INTERRUPTED)
VALUES (6678, 1, '2018-12-30', 0, 0, true);
INSERT INTO POMODORO(ID, USER, CREATION_TIMESTAMP, WORK_TIME, BREAK_TIME, INTERRUPTED)
VALUES (6679, 1, '2018-12-30', 0, 0, true);
INSERT INTO POMODORO(ID, USER, CREATION_TIMESTAMP, WORK_TIME, BREAK_TIME, INTERRUPTED)
VALUES (6680, 1, '2018-12-30', 0, 0, false);
INSERT INTO POMODORO(ID, USER, CREATION_TIMESTAMP, WORK_TIME, BREAK_TIME, INTERRUPTED)
VALUES (6681, 1, '2018-12-30', 0, 0, true);
INSERT INTO POMODORO(ID, USER, CREATION_TIMESTAMP, WORK_TIME, BREAK_TIME, INTERRUPTED)
VALUES (6682, 1, '2018-12-30', 0, 0, true);
INSERT INTO POMODORO(ID, USER, CREATION_TIMESTAMP, WORK_TIME, BREAK_TIME, INTERRUPTED)
VALUES (6683, 1, '2018-12-30', 0, 0, true);
INSERT INTO POMODORO(ID, USER, CREATION_TIMESTAMP, WORK_TIME, BREAK_TIME, INTERRUPTED)
VALUES (6684, 1, '2018-12-30', 0, 0, false);
INSERT INTO POMODORO(ID, USER, CREATION_TIMESTAMP, WORK_TIME, BREAK_TIME, INTERRUPTED)
VALUES (6685, 1, '2018-12-30', 0, 0, false);
INSERT INTO POMODORO(ID, USER, CREATION_TIMESTAMP, WORK_TIME, BREAK_TIME, INTERRUPTED)
VALUES (6686, 1, '2018-12-30', 0, 0, false);
INSERT INTO POMODORO(ID, USER, CREATION_TIMESTAMP, WORK_TIME, BREAK_TIME, INTERRUPTED)
VALUES (6687, 1, '2018-12-30', 0, 0, true);
INSERT INTO POMODORO(ID, USER, CREATION_TIMESTAMP, WORK_TIME, BREAK_TIME, INTERRUPTED)
VALUES (6688, 1, '2018-12-30', 0, 0, false);
INSERT INTO POMODORO(ID, USER, CREATION_TIMESTAMP, WORK_TIME, BREAK_TIME, INTERRUPTED)
VALUES (6689, 1, '2018-12-30', 0, 0, false);
INSERT INTO POMODORO(ID, USER, CREATION_TIMESTAMP, WORK_TIME, BREAK_TIME, INTERRUPTED)
VALUES (6690, 1, '2018-12-30', 0, 0, false);
INSERT INTO POMODORO(ID, USER, CREATION_TIMESTAMP, WORK_TIME, BREAK_TIME, INTERRUPTED)
VALUES (6691, 1, '2018-12-30', 0, 0, false);
INSERT INTO POMODORO(ID, USER, CREATION_TIMESTAMP, WORK_TIME, BREAK_TIME, INTERRUPTED)
VALUES (6692, 1, '2018-12-30', 0, 0, true);
INSERT INTO POMODORO(ID, USER, CREATION_TIMESTAMP, WORK_TIME, BREAK_TIME, INTERRUPTED)
VALUES (6693, 1, '2018-12-30', 0, 0, false);
INSERT INTO POMODORO(ID, USER, CREATION_TIMESTAMP, WORK_TIME, BREAK_TIME, INTERRUPTED)
VALUES (6694, 1, '2018-12-30', 0, 0, false);
INSERT INTO POMODORO(ID, USER, CREATION_TIMESTAMP, WORK_TIME, BREAK_TIME, INTERRUPTED)
VALUES (6695, 1, '2018-12-29', 0, 0, true);
INSERT INTO POMODORO(ID, USER, CREATION_TIMESTAMP, WORK_TIME, BREAK_TIME, INTERRUPTED)
VALUES (6696, 1, '2018-12-28', 0, 0, true);
INSERT INTO POMODORO(ID, USER, CREATION_TIMESTAMP, WORK_TIME, BREAK_TIME, INTERRUPTED)
VALUES (6697, 1, '2018-12-28', 0, 0, false);
INSERT INTO POMODORO(ID, USER, CREATION_TIMESTAMP, WORK_TIME, BREAK_TIME, INTERRUPTED)
VALUES (6698, 1, '2018-12-28', 0, 0, false);
INSERT INTO POMODORO(ID, USER, CREATION_TIMESTAMP, WORK_TIME, BREAK_TIME, INTERRUPTED)
VALUES (6699, 1, '2018-12-28', 0, 0, false);
INSERT INTO POMODORO(ID, USER, CREATION_TIMESTAMP, WORK_TIME, BREAK_TIME, INTERRUPTED)
VALUES (6700, 1, '2018-12-28', 0, 0, true);
INSERT INTO POMODORO(ID, USER, CREATION_TIMESTAMP, WORK_TIME, BREAK_TIME, INTERRUPTED)
VALUES (6701, 1, '2018-12-28', 0, 0, true);
INSERT INTO POMODORO(ID, USER, CREATION_TIMESTAMP, WORK_TIME, BREAK_TIME, INTERRUPTED)
VALUES (6702, 1, '2018-12-28', 0, 0, true);
INSERT INTO POMODORO(ID, USER, CREATION_TIMESTAMP, WORK_TIME, BREAK_TIME, INTERRUPTED)
VALUES (6703, 1, '2018-12-28', 0, 0, false);
INSERT INTO POMODORO(ID, USER, CREATION_TIMESTAMP, WORK_TIME, BREAK_TIME, INTERRUPTED)
VALUES (6704, 1, '2018-12-28', 0, 0, true);
INSERT INTO POMODORO(ID, USER, CREATION_TIMESTAMP, WORK_TIME, BREAK_TIME, INTERRUPTED)
VALUES (6705, 1, '2018-12-28', 0, 0, false);
INSERT INTO POMODORO(ID, USER, CREATION_TIMESTAMP, WORK_TIME, BREAK_TIME, INTERRUPTED)
VALUES (6706, 1, '2018-12-28', 0, 0, false);
INSERT INTO POMODORO(ID, USER, CREATION_TIMESTAMP, WORK_TIME, BREAK_TIME, INTERRUPTED)
VALUES (6707, 1, '2018-12-28', 0, 0, false);
INSERT INTO POMODORO(ID, USER, CREATION_TIMESTAMP, WORK_TIME, BREAK_TIME, INTERRUPTED)
VALUES (6708, 1, '2018-12-28', 0, 0, false);
INSERT INTO POMODORO(ID, USER, CREATION_TIMESTAMP, WORK_TIME, BREAK_TIME, INTERRUPTED)
VALUES (6709, 1, '2018-12-28', 0, 0, false);
INSERT INTO POMODORO(ID, USER, CREATION_TIMESTAMP, WORK_TIME, BREAK_TIME, INTERRUPTED)
VALUES (6710, 1, '2018-12-28', 0, 0, false);
INSERT INTO POMODORO(ID, USER, CREATION_TIMESTAMP, WORK_TIME, BREAK_TIME, INTERRUPTED)
VALUES (6711, 1, '2018-12-28', 0, 0, false);
INSERT INTO POMODORO(ID, USER, CREATION_TIMESTAMP, WORK_TIME, BREAK_TIME, INTERRUPTED)
VALUES (6712, 1, '2018-12-28', 0, 0, false);
INSERT INTO POMODORO(ID, USER, CREATION_TIMESTAMP, WORK_TIME, BREAK_TIME, INTERRUPTED)
VALUES (6713, 1, '2018-12-28', 0, 0, false);
INSERT INTO POMODORO(ID, USER, CREATION_TIMESTAMP, WORK_TIME, BREAK_TIME, INTERRUPTED)
VALUES (6714, 1, '2018-12-28', 0, 0, false);
INSERT INTO POMODORO(ID, USER, CREATION_TIMESTAMP, WORK_TIME, BREAK_TIME, INTERRUPTED)
VALUES (6715, 1, '2018-12-28', 0, 0, false);
INSERT INTO POMODORO(ID, USER, CREATION_TIMESTAMP, WORK_TIME, BREAK_TIME, INTERRUPTED)
VALUES (6716, 1, '2018-12-28', 0, 0, false);
INSERT INTO POMODORO(ID, USER, CREATION_TIMESTAMP, WORK_TIME, BREAK_TIME, INTERRUPTED)
VALUES (6717, 1, '2018-12-28', 0, 0, false);
INSERT INTO POMODORO(ID, USER, CREATION_TIMESTAMP, WORK_TIME, BREAK_TIME, INTERRUPTED)
VALUES (6718, 1, '2018-12-28', 0, 0, true);
INSERT INTO POMODORO(ID, USER, CREATION_TIMESTAMP, WORK_TIME, BREAK_TIME, INTERRUPTED)
VALUES (6719, 1, '2018-12-28', 0, 0, false);
INSERT INTO POMODORO(ID, USER, CREATION_TIMESTAMP, WORK_TIME, BREAK_TIME, INTERRUPTED)
VALUES (6720, 1, '2018-12-28', 0, 0, true);
INSERT INTO POMODORO(ID, USER, CREATION_TIMESTAMP, WORK_TIME, BREAK_TIME, INTERRUPTED)
VALUES (6721, 1, '2018-12-28', 0, 0, false);
INSERT INTO POMODORO(ID, USER, CREATION_TIMESTAMP, WORK_TIME, BREAK_TIME, INTERRUPTED)
VALUES (6722, 1, '2018-12-28', 0, 0, true);
INSERT INTO POMODORO(ID, USER, CREATION_TIMESTAMP, WORK_TIME, BREAK_TIME, INTERRUPTED)
VALUES (6723, 1, '2018-12-28', 0, 0, false);
INSERT INTO POMODORO(ID, USER, CREATION_TIMESTAMP, WORK_TIME, BREAK_TIME, INTERRUPTED)
VALUES (6724, 1, '2018-12-28', 0, 0, false);
INSERT INTO POMODORO(ID, USER, CREATION_TIMESTAMP, WORK_TIME, BREAK_TIME, INTERRUPTED)
VALUES (6725, 1, '2018-12-28', 0, 0, false);
INSERT INTO POMODORO(ID, USER, CREATION_TIMESTAMP, WORK_TIME, BREAK_TIME, INTERRUPTED)
VALUES (6726, 1, '2018-12-28', 0, 0, false);
INSERT INTO POMODORO(ID, USER, CREATION_TIMESTAMP, WORK_TIME, BREAK_TIME, INTERRUPTED)
VALUES (6727, 1, '2018-12-28', 0, 0, true);
INSERT INTO POMODORO(ID, USER, CREATION_TIMESTAMP, WORK_TIME, BREAK_TIME, INTERRUPTED)
VALUES (6728, 1, '2018-12-28', 0, 0, true);
INSERT INTO POMODORO(ID, USER, CREATION_TIMESTAMP, WORK_TIME, BREAK_TIME, INTERRUPTED)
VALUES (6729, 1, '2018-12-28', 0, 0, false);
INSERT INTO POMODORO(ID, USER, CREATION_TIMESTAMP, WORK_TIME, BREAK_TIME, INTERRUPTED)
VALUES (6730, 1, '2018-12-28', 0, 0, true);
INSERT INTO POMODORO(ID, USER, CREATION_TIMESTAMP, WORK_TIME, BREAK_TIME, INTERRUPTED)
VALUES (6731, 1, '2018-12-28', 0, 0, false);
INSERT INTO POMODORO(ID, USER, CREATION_TIMESTAMP, WORK_TIME, BREAK_TIME, INTERRUPTED)
VALUES (6732, 1, '2018-12-28', 0, 0, false);
INSERT INTO POMODORO(ID, USER, CREATION_TIMESTAMP, WORK_TIME, BREAK_TIME, INTERRUPTED)
VALUES (6733, 1, '2018-12-28', 0, 0, true);
INSERT INTO POMODORO(ID, USER, CREATION_TIMESTAMP, WORK_TIME, BREAK_TIME, INTERRUPTED)
VALUES (6734, 1, '2018-12-28', 0, 0, true);
INSERT INTO POMODORO(ID, USER, CREATION_TIMESTAMP, WORK_TIME, BREAK_TIME, INTERRUPTED)
VALUES (6735, 1, '2018-12-28', 0, 0, true);
INSERT INTO POMODORO(ID, USER, CREATION_TIMESTAMP, WORK_TIME, BREAK_TIME, INTERRUPTED)
VALUES (6736, 1, '2018-12-28', 0, 0, false);
INSERT INTO POMODORO(ID, USER, CREATION_TIMESTAMP, WORK_TIME, BREAK_TIME, INTERRUPTED)
VALUES (6737, 1, '2018-12-28', 0, 0, false);
INSERT INTO POMODORO(ID, USER, CREATION_TIMESTAMP, WORK_TIME, BREAK_TIME, INTERRUPTED)
VALUES (6738, 1, '2018-12-28', 0, 0, false);
INSERT INTO POMODORO(ID, USER, CREATION_TIMESTAMP, WORK_TIME, BREAK_TIME, INTERRUPTED)
VALUES (6739, 1, '2018-12-27', 0, 0, false);
INSERT INTO POMODORO(ID, USER, CREATION_TIMESTAMP, WORK_TIME, BREAK_TIME, INTERRUPTED)
VALUES (6740, 1, '2018-12-27', 0, 0, false);
INSERT INTO POMODORO(ID, USER, CREATION_TIMESTAMP, WORK_TIME, BREAK_TIME, INTERRUPTED)
VALUES (6741, 1, '2018-12-27', 0, 0, false);
INSERT INTO POMODORO(ID, USER, CREATION_TIMESTAMP, WORK_TIME, BREAK_TIME, INTERRUPTED)
VALUES (6742, 1, '2018-12-27', 0, 0, false);
INSERT INTO POMODORO(ID, USER, CREATION_TIMESTAMP, WORK_TIME, BREAK_TIME, INTERRUPTED)
VALUES (6743, 1, '2018-12-27', 0, 0, true);
INSERT INTO POMODORO(ID, USER, CREATION_TIMESTAMP, WORK_TIME, BREAK_TIME, INTERRUPTED)
VALUES (6744, 1, '2018-12-27', 0, 0, false);
INSERT INTO POMODORO(ID, USER, CREATION_TIMESTAMP, WORK_TIME, BREAK_TIME, INTERRUPTED)
VALUES (6745, 1, '2018-12-27', 0, 0, false);
INSERT INTO POMODORO(ID, USER, CREATION_TIMESTAMP, WORK_TIME, BREAK_TIME, INTERRUPTED)
VALUES (6746, 1, '2018-12-27', 0, 0, true);
INSERT INTO POMODORO(ID, USER, CREATION_TIMESTAMP, WORK_TIME, BREAK_TIME, INTERRUPTED)
VALUES (6747, 1, '2018-12-27', 0, 0, false);
INSERT INTO POMODORO(ID, USER, CREATION_TIMESTAMP, WORK_TIME, BREAK_TIME, INTERRUPTED)
VALUES (6748, 1, '2018-12-27', 0, 0, true);
INSERT INTO POMODORO(ID, USER, CREATION_TIMESTAMP, WORK_TIME, BREAK_TIME, INTERRUPTED)
VALUES (6749, 1, '2018-12-27', 0, 0, false);
INSERT INTO POMODORO(ID, USER, CREATION_TIMESTAMP, WORK_TIME, BREAK_TIME, INTERRUPTED)
VALUES (6750, 1, '2018-12-27', 0, 0, true);
INSERT INTO POMODORO(ID, USER, CREATION_TIMESTAMP, WORK_TIME, BREAK_TIME, INTERRUPTED)
VALUES (6751, 1, '2018-12-27', 0, 0, true);
INSERT INTO POMODORO(ID, USER, CREATION_TIMESTAMP, WORK_TIME, BREAK_TIME, INTERRUPTED)
VALUES (6752, 1, '2018-12-27', 0, 0, true);
INSERT INTO POMODORO(ID, USER, CREATION_TIMESTAMP, WORK_TIME, BREAK_TIME, INTERRUPTED)
VALUES (6753, 1, '2018-12-27', 0, 0, false);
INSERT INTO POMODORO(ID, USER, CREATION_TIMESTAMP, WORK_TIME, BREAK_TIME, INTERRUPTED)
VALUES (6754, 1, '2018-12-27', 0, 0, false);
INSERT INTO POMODORO(ID, USER, CREATION_TIMESTAMP, WORK_TIME, BREAK_TIME, INTERRUPTED)
VALUES (6755, 1, '2018-12-27', 0, 0, false);
INSERT INTO POMODORO(ID, USER, CREATION_TIMESTAMP, WORK_TIME, BREAK_TIME, INTERRUPTED)
VALUES (6756, 1, '2018-12-27', 0, 0, false);
INSERT INTO POMODORO(ID, USER, CREATION_TIMESTAMP, WORK_TIME, BREAK_TIME, INTERRUPTED)
VALUES (6757, 1, '2018-12-27', 0, 0, true);
INSERT INTO POMODORO(ID, USER, CREATION_TIMESTAMP, WORK_TIME, BREAK_TIME, INTERRUPTED)
VALUES (6758, 1, '2018-12-27', 0, 0, true);
INSERT INTO POMODORO(ID, USER, CREATION_TIMESTAMP, WORK_TIME, BREAK_TIME, INTERRUPTED)
VALUES (6759, 1, '2018-12-27', 0, 0, true);
INSERT INTO POMODORO(ID, USER, CREATION_TIMESTAMP, WORK_TIME, BREAK_TIME, INTERRUPTED)
VALUES (6760, 1, '2018-12-27', 0, 0, true);
INSERT INTO POMODORO(ID, USER, CREATION_TIMESTAMP, WORK_TIME, BREAK_TIME, INTERRUPTED)
VALUES (6761, 1, '2018-12-27', 0, 0, false);
INSERT INTO POMODORO(ID, USER, CREATION_TIMESTAMP, WORK_TIME, BREAK_TIME, INTERRUPTED)
VALUES (6762, 1, '2018-12-27', 0, 0, false);
INSERT INTO POMODORO(ID, USER, CREATION_TIMESTAMP, WORK_TIME, BREAK_TIME, INTERRUPTED)
VALUES (6763, 1, '2018-12-27', 0, 0, false);
INSERT INTO POMODORO(ID, USER, CREATION_TIMESTAMP, WORK_TIME, BREAK_TIME, INTERRUPTED)
VALUES (6764, 1, '2018-12-27', 0, 0, true);
INSERT INTO POMODORO(ID, USER, CREATION_TIMESTAMP, WORK_TIME, BREAK_TIME, INTERRUPTED)
VALUES (6765, 1, '2018-12-27', 0, 0, false);
INSERT INTO POMODORO(ID, USER, CREATION_TIMESTAMP, WORK_TIME, BREAK_TIME, INTERRUPTED)
VALUES (6766, 1, '2018-12-27', 0, 0, true);
INSERT INTO POMODORO(ID, USER, CREATION_TIMESTAMP, WORK_TIME, BREAK_TIME, INTERRUPTED)
VALUES (6767, 1, '2018-12-27', 0, 0, true);
INSERT INTO POMODORO(ID, USER, CREATION_TIMESTAMP, WORK_TIME, BREAK_TIME, INTERRUPTED)
VALUES (6768, 1, '2018-12-27', 0, 0, true);
INSERT INTO POMODORO(ID, USER, CREATION_TIMESTAMP, WORK_TIME, BREAK_TIME, INTERRUPTED)
VALUES (6769, 1, '2018-12-27', 0, 0, true);
INSERT INTO POMODORO(ID, USER, CREATION_TIMESTAMP, WORK_TIME, BREAK_TIME, INTERRUPTED)
VALUES (6770, 1, '2018-12-27', 0, 0, false);
INSERT INTO POMODORO(ID, USER, CREATION_TIMESTAMP, WORK_TIME, BREAK_TIME, INTERRUPTED)
VALUES (6771, 1, '2018-12-27', 0, 0, true);
INSERT INTO POMODORO(ID, USER, CREATION_TIMESTAMP, WORK_TIME, BREAK_TIME, INTERRUPTED)
VALUES (6772, 1, '2018-12-27', 0, 0, true);
INSERT INTO POMODORO(ID, USER, CREATION_TIMESTAMP, WORK_TIME, BREAK_TIME, INTERRUPTED)
VALUES (6773, 1, '2018-12-27', 0, 0, true);
INSERT INTO POMODORO(ID, USER, CREATION_TIMESTAMP, WORK_TIME, BREAK_TIME, INTERRUPTED)
VALUES (6774, 1, '2018-12-27', 0, 0, false);
INSERT INTO POMODORO(ID, USER, CREATION_TIMESTAMP, WORK_TIME, BREAK_TIME, INTERRUPTED)
VALUES (6775, 1, '2018-12-27', 0, 0, false);
INSERT INTO POMODORO(ID, USER, CREATION_TIMESTAMP, WORK_TIME, BREAK_TIME, INTERRUPTED)
VALUES (6776, 1, '2018-12-27', 0, 0, true);
INSERT INTO POMODORO(ID, USER, CREATION_TIMESTAMP, WORK_TIME, BREAK_TIME, INTERRUPTED)
VALUES (6777, 1, '2018-12-27', 0, 0, false);
INSERT INTO POMODORO(ID, USER, CREATION_TIMESTAMP, WORK_TIME, BREAK_TIME, INTERRUPTED)
VALUES (6778, 1, '2018-12-27', 0, 0, false);
INSERT INTO POMODORO(ID, USER, CREATION_TIMESTAMP, WORK_TIME, BREAK_TIME, INTERRUPTED)
VALUES (6779, 1, '2018-12-26', 0, 0, true);
INSERT INTO POMODORO(ID, USER, CREATION_TIMESTAMP, WORK_TIME, BREAK_TIME, INTERRUPTED)
VALUES (6780, 1, '2018-12-26', 0, 0, true);
INSERT INTO POMODORO(ID, USER, CREATION_TIMESTAMP, WORK_TIME, BREAK_TIME, INTERRUPTED)
VALUES (6781, 1, '2018-12-26', 0, 0, false);
INSERT INTO POMODORO(ID, USER, CREATION_TIMESTAMP, WORK_TIME, BREAK_TIME, INTERRUPTED)
VALUES (6782, 1, '2018-12-26', 0, 0, false);
INSERT INTO POMODORO(ID, USER, CREATION_TIMESTAMP, WORK_TIME, BREAK_TIME, INTERRUPTED)
VALUES (6783, 1, '2018-12-26', 0, 0, false);
INSERT INTO POMODORO(ID, USER, CREATION_TIMESTAMP, WORK_TIME, BREAK_TIME, INTERRUPTED)
VALUES (6784, 1, '2018-12-26', 0, 0, false);
INSERT INTO POMODORO(ID, USER, CREATION_TIMESTAMP, WORK_TIME, BREAK_TIME, INTERRUPTED)
VALUES (6785, 1, '2018-12-26', 0, 0, true);
INSERT INTO POMODORO(ID, USER, CREATION_TIMESTAMP, WORK_TIME, BREAK_TIME, INTERRUPTED)
VALUES (6786, 1, '2018-12-25', 0, 0, true);
INSERT INTO POMODORO(ID, USER, CREATION_TIMESTAMP, WORK_TIME, BREAK_TIME, INTERRUPTED)
VALUES (6787, 1, '2018-12-25', 0, 0, true);
INSERT INTO POMODORO(ID, USER, CREATION_TIMESTAMP, WORK_TIME, BREAK_TIME, INTERRUPTED)
VALUES (6788, 1, '2018-12-25', 0, 0, false);
INSERT INTO POMODORO(ID, USER, CREATION_TIMESTAMP, WORK_TIME, BREAK_TIME, INTERRUPTED)
VALUES (6789, 1, '2018-12-25', 0, 0, false);
INSERT INTO POMODORO(ID, USER, CREATION_TIMESTAMP, WORK_TIME, BREAK_TIME, INTERRUPTED)
VALUES (6790, 1, '2018-12-25', 0, 0, false);
INSERT INTO POMODORO(ID, USER, CREATION_TIMESTAMP, WORK_TIME, BREAK_TIME, INTERRUPTED)
VALUES (6791, 1, '2018-12-25', 0, 0, false);
INSERT INTO POMODORO(ID, USER, CREATION_TIMESTAMP, WORK_TIME, BREAK_TIME, INTERRUPTED)
VALUES (6792, 1, '2018-12-25', 0, 0, true);
INSERT INTO POMODORO(ID, USER, CREATION_TIMESTAMP, WORK_TIME, BREAK_TIME, INTERRUPTED)
VALUES (6793, 1, '2018-12-25', 0, 0, true);
INSERT INTO POMODORO(ID, USER, CREATION_TIMESTAMP, WORK_TIME, BREAK_TIME, INTERRUPTED)
VALUES (6794, 1, '2018-12-25', 0, 0, false);
INSERT INTO POMODORO(ID, USER, CREATION_TIMESTAMP, WORK_TIME, BREAK_TIME, INTERRUPTED)
VALUES (6795, 1, '2018-12-25', 0, 0, false);
INSERT INTO POMODORO(ID, USER, CREATION_TIMESTAMP, WORK_TIME, BREAK_TIME, INTERRUPTED)
VALUES (6796, 1, '2018-12-25', 0, 0, false);
INSERT INTO POMODORO(ID, USER, CREATION_TIMESTAMP, WORK_TIME, BREAK_TIME, INTERRUPTED)
VALUES (6797, 1, '2018-12-25', 0, 0, false);
INSERT INTO POMODORO(ID, USER, CREATION_TIMESTAMP, WORK_TIME, BREAK_TIME, INTERRUPTED)
VALUES (6798, 1, '2018-12-25', 0, 0, true);
INSERT INTO POMODORO(ID, USER, CREATION_TIMESTAMP, WORK_TIME, BREAK_TIME, INTERRUPTED)
VALUES (6799, 1, '2018-12-25', 0, 0, true);
INSERT INTO POMODORO(ID, USER, CREATION_TIMESTAMP, WORK_TIME, BREAK_TIME, INTERRUPTED)
VALUES (6800, 1, '2018-12-25', 0, 0, false);
INSERT INTO POMODORO(ID, USER, CREATION_TIMESTAMP, WORK_TIME, BREAK_TIME, INTERRUPTED)
VALUES (6801, 1, '2018-12-25', 0, 0, true);
INSERT INTO POMODORO(ID, USER, CREATION_TIMESTAMP, WORK_TIME, BREAK_TIME, INTERRUPTED)
VALUES (6802, 1, '2018-12-25', 0, 0, false);
INSERT INTO POMODORO(ID, USER, CREATION_TIMESTAMP, WORK_TIME, BREAK_TIME, INTERRUPTED)
VALUES (6803, 1, '2018-12-25', 0, 0, false);
INSERT INTO POMODORO(ID, USER, CREATION_TIMESTAMP, WORK_TIME, BREAK_TIME, INTERRUPTED)
VALUES (6804, 1, '2018-12-25', 0, 0, true);
INSERT INTO POMODORO(ID, USER, CREATION_TIMESTAMP, WORK_TIME, BREAK_TIME, INTERRUPTED)
VALUES (6805, 1, '2018-12-24', 0, 0, true);
INSERT INTO POMODORO(ID, USER, CREATION_TIMESTAMP, WORK_TIME, BREAK_TIME, INTERRUPTED)
VALUES (6806, 1, '2018-12-24', 0, 0, true);
INSERT INTO POMODORO(ID, USER, CREATION_TIMESTAMP, WORK_TIME, BREAK_TIME, INTERRUPTED)
VALUES (6807, 1, '2018-12-24', 0, 0, false);
INSERT INTO POMODORO(ID, USER, CREATION_TIMESTAMP, WORK_TIME, BREAK_TIME, INTERRUPTED)
VALUES (6808, 1, '2018-12-24', 0, 0, true);
INSERT INTO POMODORO(ID, USER, CREATION_TIMESTAMP, WORK_TIME, BREAK_TIME, INTERRUPTED)
VALUES (6809, 1, '2018-12-24', 0, 0, false);
INSERT INTO POMODORO(ID, USER, CREATION_TIMESTAMP, WORK_TIME, BREAK_TIME, INTERRUPTED)
VALUES (6810, 1, '2018-12-24', 0, 0, false);
INSERT INTO POMODORO(ID, USER, CREATION_TIMESTAMP, WORK_TIME, BREAK_TIME, INTERRUPTED)
VALUES (6811, 1, '2018-12-24', 0, 0, true);
INSERT INTO POMODORO(ID, USER, CREATION_TIMESTAMP, WORK_TIME, BREAK_TIME, INTERRUPTED)
VALUES (6812, 1, '2018-12-24', 0, 0, false);
INSERT INTO POMODORO(ID, USER, CREATION_TIMESTAMP, WORK_TIME, BREAK_TIME, INTERRUPTED)
VALUES (6813, 1, '2018-12-24', 0, 0, false);
INSERT INTO POMODORO(ID, USER, CREATION_TIMESTAMP, WORK_TIME, BREAK_TIME, INTERRUPTED)
VALUES (6814, 1, '2018-12-24', 0, 0, true);
INSERT INTO POMODORO(ID, USER, CREATION_TIMESTAMP, WORK_TIME, BREAK_TIME, INTERRUPTED)
VALUES (6815, 1, '2018-12-24', 0, 0, false);
INSERT INTO POMODORO(ID, USER, CREATION_TIMESTAMP, WORK_TIME, BREAK_TIME, INTERRUPTED)
VALUES (6816, 1, '2018-12-24', 0, 0, false);
INSERT INTO POMODORO(ID, USER, CREATION_TIMESTAMP, WORK_TIME, BREAK_TIME, INTERRUPTED)
VALUES (6817, 1, '2018-12-24', 0, 0, true);
INSERT INTO POMODORO(ID, USER, CREATION_TIMESTAMP, WORK_TIME, BREAK_TIME, INTERRUPTED)
VALUES (6818, 1, '2018-12-24', 0, 0, true);
INSERT INTO POMODORO(ID, USER, CREATION_TIMESTAMP, WORK_TIME, BREAK_TIME, INTERRUPTED)
VALUES (6819, 1, '2018-12-24', 0, 0, true);
INSERT INTO POMODORO(ID, USER, CREATION_TIMESTAMP, WORK_TIME, BREAK_TIME, INTERRUPTED)
VALUES (6820, 1, '2018-12-24', 0, 0, true);
INSERT INTO POMODORO(ID, USER, CREATION_TIMESTAMP, WORK_TIME, BREAK_TIME, INTERRUPTED)
VALUES (6821, 1, '2018-12-24', 0, 0, true);
INSERT INTO POMODORO(ID, USER, CREATION_TIMESTAMP, WORK_TIME, BREAK_TIME, INTERRUPTED)
VALUES (6822, 1, '2018-12-24', 0, 0, true);
INSERT INTO POMODORO(ID, USER, CREATION_TIMESTAMP, WORK_TIME, BREAK_TIME, INTERRUPTED)
VALUES (6823, 1, '2018-12-24', 0, 0, false);
INSERT INTO POMODORO(ID, USER, CREATION_TIMESTAMP, WORK_TIME, BREAK_TIME, INTERRUPTED)
VALUES (6824, 1, '2018-12-24', 0, 0, true);
INSERT INTO POMODORO(ID, USER, CREATION_TIMESTAMP, WORK_TIME, BREAK_TIME, INTERRUPTED)
VALUES (6825, 1, '2018-12-23', 0, 0, false);
INSERT INTO POMODORO(ID, USER, CREATION_TIMESTAMP, WORK_TIME, BREAK_TIME, INTERRUPTED)
VALUES (6826, 1, '2018-12-23', 0, 0, true);
INSERT INTO POMODORO(ID, USER, CREATION_TIMESTAMP, WORK_TIME, BREAK_TIME, INTERRUPTED)
VALUES (6827, 1, '2018-12-23', 0, 0, true);
INSERT INTO POMODORO(ID, USER, CREATION_TIMESTAMP, WORK_TIME, BREAK_TIME, INTERRUPTED)
VALUES (6828, 1, '2018-12-23', 0, 0, false);
INSERT INTO POMODORO(ID, USER, CREATION_TIMESTAMP, WORK_TIME, BREAK_TIME, INTERRUPTED)
VALUES (6829, 1, '2018-12-23', 0, 0, true);
INSERT INTO POMODORO(ID, USER, CREATION_TIMESTAMP, WORK_TIME, BREAK_TIME, INTERRUPTED)
VALUES (6830, 1, '2018-12-23', 0, 0, false);
INSERT INTO POMODORO(ID, USER, CREATION_TIMESTAMP, WORK_TIME, BREAK_TIME, INTERRUPTED)
VALUES (6831, 1, '2018-12-23', 0, 0, true);
INSERT INTO POMODORO(ID, USER, CREATION_TIMESTAMP, WORK_TIME, BREAK_TIME, INTERRUPTED)
VALUES (6832, 1, '2018-12-23', 0, 0, false);
INSERT INTO POMODORO(ID, USER, CREATION_TIMESTAMP, WORK_TIME, BREAK_TIME, INTERRUPTED)
VALUES (6833, 1, '2018-12-23', 0, 0, true);
INSERT INTO POMODORO(ID, USER, CREATION_TIMESTAMP, WORK_TIME, BREAK_TIME, INTERRUPTED)
VALUES (6834, 1, '2018-12-23', 0, 0, true);
INSERT INTO POMODORO(ID, USER, CREATION_TIMESTAMP, WORK_TIME, BREAK_TIME, INTERRUPTED)
VALUES (6835, 1, '2018-12-23', 0, 0, true);
INSERT INTO POMODORO(ID, USER, CREATION_TIMESTAMP, WORK_TIME, BREAK_TIME, INTERRUPTED)
VALUES (6836, 1, '2018-12-23', 0, 0, true);
INSERT INTO POMODORO(ID, USER, CREATION_TIMESTAMP, WORK_TIME, BREAK_TIME, INTERRUPTED)
VALUES (6837, 1, '2018-12-23', 0, 0, false);
INSERT INTO POMODORO(ID, USER, CREATION_TIMESTAMP, WORK_TIME, BREAK_TIME, INTERRUPTED)
VALUES (6838, 1, '2018-12-23', 0, 0, false);
INSERT INTO POMODORO(ID, USER, CREATION_TIMESTAMP, WORK_TIME, BREAK_TIME, INTERRUPTED)
VALUES (6839, 1, '2018-12-23', 0, 0, true);
INSERT INTO POMODORO(ID, USER, CREATION_TIMESTAMP, WORK_TIME, BREAK_TIME, INTERRUPTED)
VALUES (6840, 1, '2018-12-23', 0, 0, false);
INSERT INTO POMODORO(ID, USER, CREATION_TIMESTAMP, WORK_TIME, BREAK_TIME, INTERRUPTED)
VALUES (6841, 1, '2018-12-23', 0, 0, false);
INSERT INTO POMODORO(ID, USER, CREATION_TIMESTAMP, WORK_TIME, BREAK_TIME, INTERRUPTED)
VALUES (6842, 1, '2018-12-23', 0, 0, false);
INSERT INTO POMODORO(ID, USER, CREATION_TIMESTAMP, WORK_TIME, BREAK_TIME, INTERRUPTED)
VALUES (6843, 1, '2018-12-23', 0, 0, true);
INSERT INTO POMODORO(ID, USER, CREATION_TIMESTAMP, WORK_TIME, BREAK_TIME, INTERRUPTED)
VALUES (6844, 1, '2018-12-23', 0, 0, false);
INSERT INTO POMODORO(ID, USER, CREATION_TIMESTAMP, WORK_TIME, BREAK_TIME, INTERRUPTED)
VALUES (6845, 1, '2018-12-23', 0, 0, false);
INSERT INTO POMODORO(ID, USER, CREATION_TIMESTAMP, WORK_TIME, BREAK_TIME, INTERRUPTED)
VALUES (6846, 1, '2018-12-23', 0, 0, false);
INSERT INTO POMODORO(ID, USER, CREATION_TIMESTAMP, WORK_TIME, BREAK_TIME, INTERRUPTED)
VALUES (6847, 1, '2018-12-23', 0, 0, false);
INSERT INTO POMODORO(ID, USER, CREATION_TIMESTAMP, WORK_TIME, BREAK_TIME, INTERRUPTED)
VALUES (6848, 1, '2018-12-23', 0, 0, false);
INSERT INTO POMODORO(ID, USER, CREATION_TIMESTAMP, WORK_TIME, BREAK_TIME, INTERRUPTED)
VALUES (6849, 1, '2018-12-23', 0, 0, false);
INSERT INTO POMODORO(ID, USER, CREATION_TIMESTAMP, WORK_TIME, BREAK_TIME, INTERRUPTED)
VALUES (6850, 1, '2018-12-23', 0, 0, true);
INSERT INTO POMODORO(ID, USER, CREATION_TIMESTAMP, WORK_TIME, BREAK_TIME, INTERRUPTED)
VALUES (6851, 1, '2018-12-23', 0, 0, true);
INSERT INTO POMODORO(ID, USER, CREATION_TIMESTAMP, WORK_TIME, BREAK_TIME, INTERRUPTED)
VALUES (6852, 1, '2018-12-23', 0, 0, false);
INSERT INTO POMODORO(ID, USER, CREATION_TIMESTAMP, WORK_TIME, BREAK_TIME, INTERRUPTED)
VALUES (6853, 1, '2018-12-23', 0, 0, false);
INSERT INTO POMODORO(ID, USER, CREATION_TIMESTAMP, WORK_TIME, BREAK_TIME, INTERRUPTED)
VALUES (6854, 1, '2018-12-23', 0, 0, true);
INSERT INTO POMODORO(ID, USER, CREATION_TIMESTAMP, WORK_TIME, BREAK_TIME, INTERRUPTED)
VALUES (6855, 1, '2018-12-23', 0, 0, true);
INSERT INTO POMODORO(ID, USER, CREATION_TIMESTAMP, WORK_TIME, BREAK_TIME, INTERRUPTED)
VALUES (6856, 1, '2018-12-23', 0, 0, true);
INSERT INTO POMODORO(ID, USER, CREATION_TIMESTAMP, WORK_TIME, BREAK_TIME, INTERRUPTED)
VALUES (6857, 1, '2018-12-23', 0, 0, true);
INSERT INTO POMODORO(ID, USER, CREATION_TIMESTAMP, WORK_TIME, BREAK_TIME, INTERRUPTED)
VALUES (6858, 1, '2018-12-23', 0, 0, false);
INSERT INTO POMODORO(ID, USER, CREATION_TIMESTAMP, WORK_TIME, BREAK_TIME, INTERRUPTED)
VALUES (6859, 1, '2018-12-23', 0, 0, false);
INSERT INTO POMODORO(ID, USER, CREATION_TIMESTAMP, WORK_TIME, BREAK_TIME, INTERRUPTED)
VALUES (6860, 1, '2018-12-23', 0, 0, true);
INSERT INTO POMODORO(ID, USER, CREATION_TIMESTAMP, WORK_TIME, BREAK_TIME, INTERRUPTED)
VALUES (6861, 1, '2018-12-23', 0, 0, true);
INSERT INTO POMODORO(ID, USER, CREATION_TIMESTAMP, WORK_TIME, BREAK_TIME, INTERRUPTED)
VALUES (6862, 1, '2018-12-23', 0, 0, false);
INSERT INTO POMODORO(ID, USER, CREATION_TIMESTAMP, WORK_TIME, BREAK_TIME, INTERRUPTED)
VALUES (6863, 1, '2018-12-23', 0, 0, true);
INSERT INTO POMODORO(ID, USER, CREATION_TIMESTAMP, WORK_TIME, BREAK_TIME, INTERRUPTED)
VALUES (6864, 1, '2018-12-23', 0, 0, true);
INSERT INTO POMODORO(ID, USER, CREATION_TIMESTAMP, WORK_TIME, BREAK_TIME, INTERRUPTED)
VALUES (6865, 1, '2018-12-23', 0, 0, true);
INSERT INTO POMODORO(ID, USER, CREATION_TIMESTAMP, WORK_TIME, BREAK_TIME, INTERRUPTED)
VALUES (6866, 1, '2018-12-23', 0, 0, true);
INSERT INTO POMODORO(ID, USER, CREATION_TIMESTAMP, WORK_TIME, BREAK_TIME, INTERRUPTED)
VALUES (6867, 1, '2018-12-23', 0, 0, true);
INSERT INTO POMODORO(ID, USER, CREATION_TIMESTAMP, WORK_TIME, BREAK_TIME, INTERRUPTED)
VALUES (6868, 1, '2018-12-23', 0, 0, false);
INSERT INTO POMODORO(ID, USER, CREATION_TIMESTAMP, WORK_TIME, BREAK_TIME, INTERRUPTED)
VALUES (6869, 1, '2018-12-23', 0, 0, false);
INSERT INTO POMODORO(ID, USER, CREATION_TIMESTAMP, WORK_TIME, BREAK_TIME, INTERRUPTED)
VALUES (6870, 1, '2018-12-23', 0, 0, false);
INSERT INTO POMODORO(ID, USER, CREATION_TIMESTAMP, WORK_TIME, BREAK_TIME, INTERRUPTED)
VALUES (6871, 1, '2018-12-23', 0, 0, false);
INSERT INTO POMODORO(ID, USER, CREATION_TIMESTAMP, WORK_TIME, BREAK_TIME, INTERRUPTED)
VALUES (6872, 1, '2018-12-22', 0, 0, false);
INSERT INTO POMODORO(ID, USER, CREATION_TIMESTAMP, WORK_TIME, BREAK_TIME, INTERRUPTED)
VALUES (6873, 1, '2018-12-22', 0, 0, true);
INSERT INTO POMODORO(ID, USER, CREATION_TIMESTAMP, WORK_TIME, BREAK_TIME, INTERRUPTED)
VALUES (6874, 1, '2018-12-22', 0, 0, false);
INSERT INTO POMODORO(ID, USER, CREATION_TIMESTAMP, WORK_TIME, BREAK_TIME, INTERRUPTED)
VALUES (6875, 1, '2018-12-22', 0, 0, false);
INSERT INTO POMODORO(ID, USER, CREATION_TIMESTAMP, WORK_TIME, BREAK_TIME, INTERRUPTED)
VALUES (6876, 1, '2018-12-22', 0, 0, true);
INSERT INTO POMODORO(ID, USER, CREATION_TIMESTAMP, WORK_TIME, BREAK_TIME, INTERRUPTED)
VALUES (6877, 1, '2018-12-22', 0, 0, true);
INSERT INTO POMODORO(ID, USER, CREATION_TIMESTAMP, WORK_TIME, BREAK_TIME, INTERRUPTED)
VALUES (6878, 1, '2018-12-22', 0, 0, true);
INSERT INTO POMODORO(ID, USER, CREATION_TIMESTAMP, WORK_TIME, BREAK_TIME, INTERRUPTED)
VALUES (6879, 1, '2018-12-22', 0, 0, false);
INSERT INTO POMODORO(ID, USER, CREATION_TIMESTAMP, WORK_TIME, BREAK_TIME, INTERRUPTED)
VALUES (6880, 1, '2018-12-22', 0, 0, false);
INSERT INTO POMODORO(ID, USER, CREATION_TIMESTAMP, WORK_TIME, BREAK_TIME, INTERRUPTED)
VALUES (6881, 1, '2018-12-22', 0, 0, true);
INSERT INTO POMODORO(ID, USER, CREATION_TIMESTAMP, WORK_TIME, BREAK_TIME, INTERRUPTED)
VALUES (6882, 1, '2018-12-22', 0, 0, false);
INSERT INTO POMODORO(ID, USER, CREATION_TIMESTAMP, WORK_TIME, BREAK_TIME, INTERRUPTED)
VALUES (6883, 1, '2018-12-22', 0, 0, true);
INSERT INTO POMODORO(ID, USER, CREATION_TIMESTAMP, WORK_TIME, BREAK_TIME, INTERRUPTED)
VALUES (6884, 1, '2018-12-22', 0, 0, true);
INSERT INTO POMODORO(ID, USER, CREATION_TIMESTAMP, WORK_TIME, BREAK_TIME, INTERRUPTED)
VALUES (6885, 1, '2018-12-22', 0, 0, true);
INSERT INTO POMODORO(ID, USER, CREATION_TIMESTAMP, WORK_TIME, BREAK_TIME, INTERRUPTED)
VALUES (6886, 1, '2018-12-22', 0, 0, true);
INSERT INTO POMODORO(ID, USER, CREATION_TIMESTAMP, WORK_TIME, BREAK_TIME, INTERRUPTED)
VALUES (6887, 1, '2018-12-22', 0, 0, false);
INSERT INTO POMODORO(ID, USER, CREATION_TIMESTAMP, WORK_TIME, BREAK_TIME, INTERRUPTED)
VALUES (6888, 1, '2018-12-22', 0, 0, false);
INSERT INTO POMODORO(ID, USER, CREATION_TIMESTAMP, WORK_TIME, BREAK_TIME, INTERRUPTED)
VALUES (6889, 1, '2018-12-22', 0, 0, false);
INSERT INTO POMODORO(ID, USER, CREATION_TIMESTAMP, WORK_TIME, BREAK_TIME, INTERRUPTED)
VALUES (6890, 1, '2018-12-22', 0, 0, true);
INSERT INTO POMODORO(ID, USER, CREATION_TIMESTAMP, WORK_TIME, BREAK_TIME, INTERRUPTED)
VALUES (6891, 1, '2018-12-22', 0, 0, false);
INSERT INTO POMODORO(ID, USER, CREATION_TIMESTAMP, WORK_TIME, BREAK_TIME, INTERRUPTED)
VALUES (6892, 1, '2018-12-22', 0, 0, false);
INSERT INTO POMODORO(ID, USER, CREATION_TIMESTAMP, WORK_TIME, BREAK_TIME, INTERRUPTED)
VALUES (6893, 1, '2018-12-22', 0, 0, false);
INSERT INTO POMODORO(ID, USER, CREATION_TIMESTAMP, WORK_TIME, BREAK_TIME, INTERRUPTED)
VALUES (6894, 1, '2018-12-22', 0, 0, true);
INSERT INTO POMODORO(ID, USER, CREATION_TIMESTAMP, WORK_TIME, BREAK_TIME, INTERRUPTED)
VALUES (6895, 1, '2018-12-22', 0, 0, true);
INSERT INTO POMODORO(ID, USER, CREATION_TIMESTAMP, WORK_TIME, BREAK_TIME, INTERRUPTED)
VALUES (6896, 1, '2018-12-22', 0, 0, false);
INSERT INTO POMODORO(ID, USER, CREATION_TIMESTAMP, WORK_TIME, BREAK_TIME, INTERRUPTED)
VALUES (6897, 1, '2018-12-22', 0, 0, false);
INSERT INTO POMODORO(ID, USER, CREATION_TIMESTAMP, WORK_TIME, BREAK_TIME, INTERRUPTED)
VALUES (6898, 1, '2018-12-22', 0, 0, false);
INSERT INTO POMODORO(ID, USER, CREATION_TIMESTAMP, WORK_TIME, BREAK_TIME, INTERRUPTED)
VALUES (6899, 1, '2018-12-22', 0, 0, true);
INSERT INTO POMODORO(ID, USER, CREATION_TIMESTAMP, WORK_TIME, BREAK_TIME, INTERRUPTED)
VALUES (6900, 1, '2018-12-22', 0, 0, true);
INSERT INTO POMODORO(ID, USER, CREATION_TIMESTAMP, WORK_TIME, BREAK_TIME, INTERRUPTED)
VALUES (6901, 1, '2018-12-22', 0, 0, true);
INSERT INTO POMODORO(ID, USER, CREATION_TIMESTAMP, WORK_TIME, BREAK_TIME, INTERRUPTED)
VALUES (6902, 1, '2018-12-22', 0, 0, true);
INSERT INTO POMODORO(ID, USER, CREATION_TIMESTAMP, WORK_TIME, BREAK_TIME, INTERRUPTED)
VALUES (6903, 1, '2018-12-22', 0, 0, false);
INSERT INTO POMODORO(ID, USER, CREATION_TIMESTAMP, WORK_TIME, BREAK_TIME, INTERRUPTED)
VALUES (6904, 1, '2018-12-22', 0, 0, false);
INSERT INTO POMODORO(ID, USER, CREATION_TIMESTAMP, WORK_TIME, BREAK_TIME, INTERRUPTED)
VALUES (6905, 1, '2018-12-22', 0, 0, false);
INSERT INTO POMODORO(ID, USER, CREATION_TIMESTAMP, WORK_TIME, BREAK_TIME, INTERRUPTED)
VALUES (6906, 1, '2018-12-22', 0, 0, true);
INSERT INTO POMODORO(ID, USER, CREATION_TIMESTAMP, WORK_TIME, BREAK_TIME, INTERRUPTED)
VALUES (6907, 1, '2018-12-22', 0, 0, false);
INSERT INTO POMODORO(ID, USER, CREATION_TIMESTAMP, WORK_TIME, BREAK_TIME, INTERRUPTED)
VALUES (6908, 1, '2018-12-22', 0, 0, false);
INSERT INTO POMODORO(ID, USER, CREATION_TIMESTAMP, WORK_TIME, BREAK_TIME, INTERRUPTED)
VALUES (6909, 1, '2018-12-22', 0, 0, true);
INSERT INTO POMODORO(ID, USER, CREATION_TIMESTAMP, WORK_TIME, BREAK_TIME, INTERRUPTED)
VALUES (6910, 1, '2018-12-22', 0, 0, false);
INSERT INTO POMODORO(ID, USER, CREATION_TIMESTAMP, WORK_TIME, BREAK_TIME, INTERRUPTED)
VALUES (6911, 1, '2018-12-22', 0, 0, false);
INSERT INTO POMODORO(ID, USER, CREATION_TIMESTAMP, WORK_TIME, BREAK_TIME, INTERRUPTED)
VALUES (6912, 1, '2018-12-22', 0, 0, true);
INSERT INTO POMODORO(ID, USER, CREATION_TIMESTAMP, WORK_TIME, BREAK_TIME, INTERRUPTED)
VALUES (6913, 1, '2018-12-22', 0, 0, true);
INSERT INTO POMODORO(ID, USER, CREATION_TIMESTAMP, WORK_TIME, BREAK_TIME, INTERRUPTED)
VALUES (6914, 1, '2018-12-22', 0, 0, false);
INSERT INTO POMODORO(ID, USER, CREATION_TIMESTAMP, WORK_TIME, BREAK_TIME, INTERRUPTED)
VALUES (6915, 1, '2018-12-22', 0, 0, false);
INSERT INTO POMODORO(ID, USER, CREATION_TIMESTAMP, WORK_TIME, BREAK_TIME, INTERRUPTED)
VALUES (6916, 1, '2018-12-22', 0, 0, true);
INSERT INTO POMODORO(ID, USER, CREATION_TIMESTAMP, WORK_TIME, BREAK_TIME, INTERRUPTED)
VALUES (6917, 1, '2018-12-22', 0, 0, false);
INSERT INTO POMODORO(ID, USER, CREATION_TIMESTAMP, WORK_TIME, BREAK_TIME, INTERRUPTED)
VALUES (6918, 1, '2018-12-20', 0, 0, true);
INSERT INTO POMODORO(ID, USER, CREATION_TIMESTAMP, WORK_TIME, BREAK_TIME, INTERRUPTED)
VALUES (6919, 1, '2018-12-20', 0, 0, false);
INSERT INTO POMODORO(ID, USER, CREATION_TIMESTAMP, WORK_TIME, BREAK_TIME, INTERRUPTED)
VALUES (6920, 1, '2018-12-20', 0, 0, false);
INSERT INTO POMODORO(ID, USER, CREATION_TIMESTAMP, WORK_TIME, BREAK_TIME, INTERRUPTED)
VALUES (6921, 1, '2018-12-20', 0, 0, true);
INSERT INTO POMODORO(ID, USER, CREATION_TIMESTAMP, WORK_TIME, BREAK_TIME, INTERRUPTED)
VALUES (6922, 1, '2018-12-20', 0, 0, true);
INSERT INTO POMODORO(ID, USER, CREATION_TIMESTAMP, WORK_TIME, BREAK_TIME, INTERRUPTED)
VALUES (6923, 1, '2018-12-20', 0, 0, true);
INSERT INTO POMODORO(ID, USER, CREATION_TIMESTAMP, WORK_TIME, BREAK_TIME, INTERRUPTED)
VALUES (6924, 1, '2018-12-20', 0, 0, false);
INSERT INTO POMODORO(ID, USER, CREATION_TIMESTAMP, WORK_TIME, BREAK_TIME, INTERRUPTED)
VALUES (6925, 1, '2018-12-20', 0, 0, false);
INSERT INTO POMODORO(ID, USER, CREATION_TIMESTAMP, WORK_TIME, BREAK_TIME, INTERRUPTED)
VALUES (6926, 1, '2018-12-20', 0, 0, true);
INSERT INTO POMODORO(ID, USER, CREATION_TIMESTAMP, WORK_TIME, BREAK_TIME, INTERRUPTED)
VALUES (6927, 1, '2018-12-20', 0, 0, false);
INSERT INTO POMODORO(ID, USER, CREATION_TIMESTAMP, WORK_TIME, BREAK_TIME, INTERRUPTED)
VALUES (6928, 1, '2018-12-20', 0, 0, true);
INSERT INTO POMODORO(ID, USER, CREATION_TIMESTAMP, WORK_TIME, BREAK_TIME, INTERRUPTED)
VALUES (6929, 1, '2018-12-20', 0, 0, false);
INSERT INTO POMODORO(ID, USER, CREATION_TIMESTAMP, WORK_TIME, BREAK_TIME, INTERRUPTED)
VALUES (6930, 1, '2018-12-20', 0, 0, true);
INSERT INTO POMODORO(ID, USER, CREATION_TIMESTAMP, WORK_TIME, BREAK_TIME, INTERRUPTED)
VALUES (6931, 1, '2018-12-20', 0, 0, true);
INSERT INTO POMODORO(ID, USER, CREATION_TIMESTAMP, WORK_TIME, BREAK_TIME, INTERRUPTED)
VALUES (6932, 1, '2018-12-20', 0, 0, false);
INSERT INTO POMODORO(ID, USER, CREATION_TIMESTAMP, WORK_TIME, BREAK_TIME, INTERRUPTED)
VALUES (6933, 1, '2018-12-20', 0, 0, false);
INSERT INTO POMODORO(ID, USER, CREATION_TIMESTAMP, WORK_TIME, BREAK_TIME, INTERRUPTED)
VALUES (6934, 1, '2018-12-20', 0, 0, true);
INSERT INTO POMODORO(ID, USER, CREATION_TIMESTAMP, WORK_TIME, BREAK_TIME, INTERRUPTED)
VALUES (6935, 1, '2018-12-20', 0, 0, true);
INSERT INTO POMODORO(ID, USER, CREATION_TIMESTAMP, WORK_TIME, BREAK_TIME, INTERRUPTED)
VALUES (6936, 1, '2018-12-20', 0, 0, true);
INSERT INTO POMODORO(ID, USER, CREATION_TIMESTAMP, WORK_TIME, BREAK_TIME, INTERRUPTED)
VALUES (6937, 1, '2018-12-20', 0, 0, false);
INSERT INTO POMODORO(ID, USER, CREATION_TIMESTAMP, WORK_TIME, BREAK_TIME, INTERRUPTED)
VALUES (6938, 1, '2018-12-20', 0, 0, true);
INSERT INTO POMODORO(ID, USER, CREATION_TIMESTAMP, WORK_TIME, BREAK_TIME, INTERRUPTED)
VALUES (6939, 1, '2018-12-20', 0, 0, false);
INSERT INTO POMODORO(ID, USER, CREATION_TIMESTAMP, WORK_TIME, BREAK_TIME, INTERRUPTED)
VALUES (6940, 1, '2018-12-20', 0, 0, false);
INSERT INTO POMODORO(ID, USER, CREATION_TIMESTAMP, WORK_TIME, BREAK_TIME, INTERRUPTED)
VALUES (6941, 1, '2018-12-20', 0, 0, false);
INSERT INTO POMODORO(ID, USER, CREATION_TIMESTAMP, WORK_TIME, BREAK_TIME, INTERRUPTED)
VALUES (6942, 1, '2018-12-20', 0, 0, false);
INSERT INTO POMODORO(ID, USER, CREATION_TIMESTAMP, WORK_TIME, BREAK_TIME, INTERRUPTED)
VALUES (6943, 1, '2018-12-20', 0, 0, false);
INSERT INTO POMODORO(ID, USER, CREATION_TIMESTAMP, WORK_TIME, BREAK_TIME, INTERRUPTED)
VALUES (6944, 1, '2018-12-20', 0, 0, true);
INSERT INTO POMODORO(ID, USER, CREATION_TIMESTAMP, WORK_TIME, BREAK_TIME, INTERRUPTED)
VALUES (6945, 1, '2018-12-20', 0, 0, false);
INSERT INTO POMODORO(ID, USER, CREATION_TIMESTAMP, WORK_TIME, BREAK_TIME, INTERRUPTED)
VALUES (6946, 1, '2018-12-20', 0, 0, false);
INSERT INTO POMODORO(ID, USER, CREATION_TIMESTAMP, WORK_TIME, BREAK_TIME, INTERRUPTED)
VALUES (6947, 1, '2018-12-20', 0, 0, false);
INSERT INTO POMODORO(ID, USER, CREATION_TIMESTAMP, WORK_TIME, BREAK_TIME, INTERRUPTED)
VALUES (6948, 1, '2018-12-20', 0, 0, false);
INSERT INTO POMODORO(ID, USER, CREATION_TIMESTAMP, WORK_TIME, BREAK_TIME, INTERRUPTED)
VALUES (6949, 1, '2018-12-20', 0, 0, true);
INSERT INTO POMODORO(ID, USER, CREATION_TIMESTAMP, WORK_TIME, BREAK_TIME, INTERRUPTED)
VALUES (6950, 1, '2018-12-20', 0, 0, true);
INSERT INTO POMODORO(ID, USER, CREATION_TIMESTAMP, WORK_TIME, BREAK_TIME, INTERRUPTED)
VALUES (6951, 1, '2018-12-20', 0, 0, false);
INSERT INTO POMODORO(ID, USER, CREATION_TIMESTAMP, WORK_TIME, BREAK_TIME, INTERRUPTED)
VALUES (6952, 1, '2018-12-20', 0, 0, true);
INSERT INTO POMODORO(ID, USER, CREATION_TIMESTAMP, WORK_TIME, BREAK_TIME, INTERRUPTED)
VALUES (6953, 1, '2018-12-20', 0, 0, false);
INSERT INTO POMODORO(ID, USER, CREATION_TIMESTAMP, WORK_TIME, BREAK_TIME, INTERRUPTED)
VALUES (6954, 1, '2018-12-20', 0, 0, true);
INSERT INTO POMODORO(ID, USER, CREATION_TIMESTAMP, WORK_TIME, BREAK_TIME, INTERRUPTED)
VALUES (6955, 1, '2018-12-20', 0, 0, false);
INSERT INTO POMODORO(ID, USER, CREATION_TIMESTAMP, WORK_TIME, BREAK_TIME, INTERRUPTED)
VALUES (6956, 1, '2018-12-20', 0, 0, false);
INSERT INTO POMODORO(ID, USER, CREATION_TIMESTAMP, WORK_TIME, BREAK_TIME, INTERRUPTED)
VALUES (6957, 1, '2018-12-20', 0, 0, true);
INSERT INTO POMODORO(ID, USER, CREATION_TIMESTAMP, WORK_TIME, BREAK_TIME, INTERRUPTED)
VALUES (6958, 1, '2018-12-20', 0, 0, false);
INSERT INTO POMODORO(ID, USER, CREATION_TIMESTAMP, WORK_TIME, BREAK_TIME, INTERRUPTED)
VALUES (6959, 1, '2018-12-20', 0, 0, false);
INSERT INTO POMODORO(ID, USER, CREATION_TIMESTAMP, WORK_TIME, BREAK_TIME, INTERRUPTED)
VALUES (6960, 1, '2018-12-20', 0, 0, false);
INSERT INTO POMODORO(ID, USER, CREATION_TIMESTAMP, WORK_TIME, BREAK_TIME, INTERRUPTED)
VALUES (6961, 1, '2018-12-20', 0, 0, true);
INSERT INTO POMODORO(ID, USER, CREATION_TIMESTAMP, WORK_TIME, BREAK_TIME, INTERRUPTED)
VALUES (6962, 1, '2018-12-20', 0, 0, false);
INSERT INTO POMODORO(ID, USER, CREATION_TIMESTAMP, WORK_TIME, BREAK_TIME, INTERRUPTED)
VALUES (6963, 1, '2018-12-19', 0, 0, false);
INSERT INTO POMODORO(ID, USER, CREATION_TIMESTAMP, WORK_TIME, BREAK_TIME, INTERRUPTED)
VALUES (6964, 1, '2018-12-19', 0, 0, false);
INSERT INTO POMODORO(ID, USER, CREATION_TIMESTAMP, WORK_TIME, BREAK_TIME, INTERRUPTED)
VALUES (6965, 1, '2018-12-19', 0, 0, true);
INSERT INTO POMODORO(ID, USER, CREATION_TIMESTAMP, WORK_TIME, BREAK_TIME, INTERRUPTED)
VALUES (6966, 1, '2018-12-19', 0, 0, true);
INSERT INTO POMODORO(ID, USER, CREATION_TIMESTAMP, WORK_TIME, BREAK_TIME, INTERRUPTED)
VALUES (6967, 1, '2018-12-19', 0, 0, false);
INSERT INTO POMODORO(ID, USER, CREATION_TIMESTAMP, WORK_TIME, BREAK_TIME, INTERRUPTED)
VALUES (6968, 1, '2018-12-19', 0, 0, true);
INSERT INTO POMODORO(ID, USER, CREATION_TIMESTAMP, WORK_TIME, BREAK_TIME, INTERRUPTED)
VALUES (6969, 1, '2018-12-19', 0, 0, true);
INSERT INTO POMODORO(ID, USER, CREATION_TIMESTAMP, WORK_TIME, BREAK_TIME, INTERRUPTED)
VALUES (6970, 1, '2018-12-19', 0, 0, false);
INSERT INTO POMODORO(ID, USER, CREATION_TIMESTAMP, WORK_TIME, BREAK_TIME, INTERRUPTED)
VALUES (6971, 1, '2018-12-19', 0, 0, true);
INSERT INTO POMODORO(ID, USER, CREATION_TIMESTAMP, WORK_TIME, BREAK_TIME, INTERRUPTED)
VALUES (6972, 1, '2018-12-19', 0, 0, false);
INSERT INTO POMODORO(ID, USER, CREATION_TIMESTAMP, WORK_TIME, BREAK_TIME, INTERRUPTED)
VALUES (6973, 1, '2018-12-19', 0, 0, false);
INSERT INTO POMODORO(ID, USER, CREATION_TIMESTAMP, WORK_TIME, BREAK_TIME, INTERRUPTED)
VALUES (6974, 1, '2018-12-19', 0, 0, false);
INSERT INTO POMODORO(ID, USER, CREATION_TIMESTAMP, WORK_TIME, BREAK_TIME, INTERRUPTED)
VALUES (6975, 1, '2018-12-19', 0, 0, false);
INSERT INTO POMODORO(ID, USER, CREATION_TIMESTAMP, WORK_TIME, BREAK_TIME, INTERRUPTED)
VALUES (6976, 1, '2018-12-19', 0, 0, false);
INSERT INTO POMODORO(ID, USER, CREATION_TIMESTAMP, WORK_TIME, BREAK_TIME, INTERRUPTED)
VALUES (6977, 1, '2018-12-19', 0, 0, false);
INSERT INTO POMODORO(ID, USER, CREATION_TIMESTAMP, WORK_TIME, BREAK_TIME, INTERRUPTED)
VALUES (6978, 1, '2018-12-18', 0, 0, false);
INSERT INTO POMODORO(ID, USER, CREATION_TIMESTAMP, WORK_TIME, BREAK_TIME, INTERRUPTED)
VALUES (6979, 1, '2018-12-18', 0, 0, false);
INSERT INTO POMODORO(ID, USER, CREATION_TIMESTAMP, WORK_TIME, BREAK_TIME, INTERRUPTED)
VALUES (6980, 1, '2018-12-18', 0, 0, false);
INSERT INTO POMODORO(ID, USER, CREATION_TIMESTAMP, WORK_TIME, BREAK_TIME, INTERRUPTED)
VALUES (6981, 1, '2018-12-18', 0, 0, false);
INSERT INTO POMODORO(ID, USER, CREATION_TIMESTAMP, WORK_TIME, BREAK_TIME, INTERRUPTED)
VALUES (6982, 1, '2018-12-18', 0, 0, false);
INSERT INTO POMODORO(ID, USER, CREATION_TIMESTAMP, WORK_TIME, BREAK_TIME, INTERRUPTED)
VALUES (6983, 1, '2018-12-18', 0, 0, false);
INSERT INTO POMODORO(ID, USER, CREATION_TIMESTAMP, WORK_TIME, BREAK_TIME, INTERRUPTED)
VALUES (6984, 1, '2018-12-18', 0, 0, true);
INSERT INTO POMODORO(ID, USER, CREATION_TIMESTAMP, WORK_TIME, BREAK_TIME, INTERRUPTED)
VALUES (6985, 1, '2018-12-18', 0, 0, false);
INSERT INTO POMODORO(ID, USER, CREATION_TIMESTAMP, WORK_TIME, BREAK_TIME, INTERRUPTED)
VALUES (6986, 1, '2018-12-18', 0, 0, false);
INSERT INTO POMODORO(ID, USER, CREATION_TIMESTAMP, WORK_TIME, BREAK_TIME, INTERRUPTED)
VALUES (6987, 1, '2018-12-18', 0, 0, false);
INSERT INTO POMODORO(ID, USER, CREATION_TIMESTAMP, WORK_TIME, BREAK_TIME, INTERRUPTED)
VALUES (6988, 1, '2018-12-18', 0, 0, true);
INSERT INTO POMODORO(ID, USER, CREATION_TIMESTAMP, WORK_TIME, BREAK_TIME, INTERRUPTED)
VALUES (6989, 1, '2018-12-18', 0, 0, false);
INSERT INTO POMODORO(ID, USER, CREATION_TIMESTAMP, WORK_TIME, BREAK_TIME, INTERRUPTED)
VALUES (6990, 1, '2018-12-18', 0, 0, true);
INSERT INTO POMODORO(ID, USER, CREATION_TIMESTAMP, WORK_TIME, BREAK_TIME, INTERRUPTED)
VALUES (6991, 1, '2018-12-18', 0, 0, true);
INSERT INTO POMODORO(ID, USER, CREATION_TIMESTAMP, WORK_TIME, BREAK_TIME, INTERRUPTED)
VALUES (6992, 1, '2018-12-18', 0, 0, false);
INSERT INTO POMODORO(ID, USER, CREATION_TIMESTAMP, WORK_TIME, BREAK_TIME, INTERRUPTED)
VALUES (6993, 1, '2018-12-18', 0, 0, true);
INSERT INTO POMODORO(ID, USER, CREATION_TIMESTAMP, WORK_TIME, BREAK_TIME, INTERRUPTED)
VALUES (6994, 1, '2018-12-18', 0, 0, false);
INSERT INTO POMODORO(ID, USER, CREATION_TIMESTAMP, WORK_TIME, BREAK_TIME, INTERRUPTED)
VALUES (6995, 1, '2018-12-17', 0, 0, false);
INSERT INTO POMODORO(ID, USER, CREATION_TIMESTAMP, WORK_TIME, BREAK_TIME, INTERRUPTED)
VALUES (6996, 1, '2018-12-17', 0, 0, false);
INSERT INTO POMODORO(ID, USER, CREATION_TIMESTAMP, WORK_TIME, BREAK_TIME, INTERRUPTED)
VALUES (6997, 1, '2018-12-17', 0, 0, false);
INSERT INTO POMODORO(ID, USER, CREATION_TIMESTAMP, WORK_TIME, BREAK_TIME, INTERRUPTED)
VALUES (6998, 1, '2018-12-17', 0, 0, false);
INSERT INTO POMODORO(ID, USER, CREATION_TIMESTAMP, WORK_TIME, BREAK_TIME, INTERRUPTED)
VALUES (6999, 1, '2018-12-16', 0, 0, true);
INSERT INTO POMODORO(ID, USER, CREATION_TIMESTAMP, WORK_TIME, BREAK_TIME, INTERRUPTED)
VALUES (7000, 1, '2018-12-16', 0, 0, true);
INSERT INTO POMODORO(ID, USER, CREATION_TIMESTAMP, WORK_TIME, BREAK_TIME, INTERRUPTED)
VALUES (7001, 1, '2018-12-16', 0, 0, false);
INSERT INTO POMODORO(ID, USER, CREATION_TIMESTAMP, WORK_TIME, BREAK_TIME, INTERRUPTED)
VALUES (7002, 1, '2018-12-16', 0, 0, false);
INSERT INTO POMODORO(ID, USER, CREATION_TIMESTAMP, WORK_TIME, BREAK_TIME, INTERRUPTED)
VALUES (7003, 1, '2018-12-16', 0, 0, true);
INSERT INTO POMODORO(ID, USER, CREATION_TIMESTAMP, WORK_TIME, BREAK_TIME, INTERRUPTED)
VALUES (7004, 1, '2018-12-16', 0, 0, false);
INSERT INTO POMODORO(ID, USER, CREATION_TIMESTAMP, WORK_TIME, BREAK_TIME, INTERRUPTED)
VALUES (7005, 1, '2018-12-16', 0, 0, false);
INSERT INTO POMODORO(ID, USER, CREATION_TIMESTAMP, WORK_TIME, BREAK_TIME, INTERRUPTED)
VALUES (7006, 1, '2018-12-16', 0, 0, false);
INSERT INTO POMODORO(ID, USER, CREATION_TIMESTAMP, WORK_TIME, BREAK_TIME, INTERRUPTED)
VALUES (7007, 1, '2018-12-15', 0, 0, true);
INSERT INTO POMODORO(ID, USER, CREATION_TIMESTAMP, WORK_TIME, BREAK_TIME, INTERRUPTED)
VALUES (7008, 1, '2018-12-15', 0, 0, false);
INSERT INTO POMODORO(ID, USER, CREATION_TIMESTAMP, WORK_TIME, BREAK_TIME, INTERRUPTED)
VALUES (7009, 1, '2018-12-15', 0, 0, false);
INSERT INTO POMODORO(ID, USER, CREATION_TIMESTAMP, WORK_TIME, BREAK_TIME, INTERRUPTED)
VALUES (7010, 1, '2018-12-15', 0, 0, false);
INSERT INTO POMODORO(ID, USER, CREATION_TIMESTAMP, WORK_TIME, BREAK_TIME, INTERRUPTED)
VALUES (7011, 1, '2018-12-15', 0, 0, true);
INSERT INTO POMODORO(ID, USER, CREATION_TIMESTAMP, WORK_TIME, BREAK_TIME, INTERRUPTED)
VALUES (7012, 1, '2018-12-15', 0, 0, true);
INSERT INTO POMODORO(ID, USER, CREATION_TIMESTAMP, WORK_TIME, BREAK_TIME, INTERRUPTED)
VALUES (7013, 1, '2018-12-15', 0, 0, true);
INSERT INTO POMODORO(ID, USER, CREATION_TIMESTAMP, WORK_TIME, BREAK_TIME, INTERRUPTED)
VALUES (7014, 1, '2018-12-15', 0, 0, false);
INSERT INTO POMODORO(ID, USER, CREATION_TIMESTAMP, WORK_TIME, BREAK_TIME, INTERRUPTED)
VALUES (7015, 1, '2018-12-15', 0, 0, true);
INSERT INTO POMODORO(ID, USER, CREATION_TIMESTAMP, WORK_TIME, BREAK_TIME, INTERRUPTED)
VALUES (7016, 1, '2018-12-15', 0, 0, false);
INSERT INTO POMODORO(ID, USER, CREATION_TIMESTAMP, WORK_TIME, BREAK_TIME, INTERRUPTED)
VALUES (7017, 1, '2018-12-15', 0, 0, true);
INSERT INTO POMODORO(ID, USER, CREATION_TIMESTAMP, WORK_TIME, BREAK_TIME, INTERRUPTED)
VALUES (7018, 1, '2018-12-15', 0, 0, true);
INSERT INTO POMODORO(ID, USER, CREATION_TIMESTAMP, WORK_TIME, BREAK_TIME, INTERRUPTED)
VALUES (7019, 1, '2018-12-15', 0, 0, false);
INSERT INTO POMODORO(ID, USER, CREATION_TIMESTAMP, WORK_TIME, BREAK_TIME, INTERRUPTED)
VALUES (7020, 1, '2018-12-15', 0, 0, true);
INSERT INTO POMODORO(ID, USER, CREATION_TIMESTAMP, WORK_TIME, BREAK_TIME, INTERRUPTED)
VALUES (7021, 1, '2018-12-15', 0, 0, true);
INSERT INTO POMODORO(ID, USER, CREATION_TIMESTAMP, WORK_TIME, BREAK_TIME, INTERRUPTED)
VALUES (7022, 1, '2018-12-15', 0, 0, true);
INSERT INTO POMODORO(ID, USER, CREATION_TIMESTAMP, WORK_TIME, BREAK_TIME, INTERRUPTED)
VALUES (7023, 1, '2018-12-15', 0, 0, false);
INSERT INTO POMODORO(ID, USER, CREATION_TIMESTAMP, WORK_TIME, BREAK_TIME, INTERRUPTED)
VALUES (7024, 1, '2018-12-15', 0, 0, true);
INSERT INTO POMODORO(ID, USER, CREATION_TIMESTAMP, WORK_TIME, BREAK_TIME, INTERRUPTED)
VALUES (7025, 1, '2018-12-15', 0, 0, false);
INSERT INTO POMODORO(ID, USER, CREATION_TIMESTAMP, WORK_TIME, BREAK_TIME, INTERRUPTED)
VALUES (7026, 1, '2018-12-15', 0, 0, true);
INSERT INTO POMODORO(ID, USER, CREATION_TIMESTAMP, WORK_TIME, BREAK_TIME, INTERRUPTED)
VALUES (7027, 1, '2018-12-15', 0, 0, false);
INSERT INTO POMODORO(ID, USER, CREATION_TIMESTAMP, WORK_TIME, BREAK_TIME, INTERRUPTED)
VALUES (7028, 1, '2018-12-15', 0, 0, true);
INSERT INTO POMODORO(ID, USER, CREATION_TIMESTAMP, WORK_TIME, BREAK_TIME, INTERRUPTED)
VALUES (7029, 1, '2018-12-15', 0, 0, false);
INSERT INTO POMODORO(ID, USER, CREATION_TIMESTAMP, WORK_TIME, BREAK_TIME, INTERRUPTED)
VALUES (7030, 1, '2018-12-14', 0, 0, true);
INSERT INTO POMODORO(ID, USER, CREATION_TIMESTAMP, WORK_TIME, BREAK_TIME, INTERRUPTED)
VALUES (7031, 1, '2018-12-14', 0, 0, true);
INSERT INTO POMODORO(ID, USER, CREATION_TIMESTAMP, WORK_TIME, BREAK_TIME, INTERRUPTED)
VALUES (7032, 1, '2018-12-14', 0, 0, true);
INSERT INTO POMODORO(ID, USER, CREATION_TIMESTAMP, WORK_TIME, BREAK_TIME, INTERRUPTED)
VALUES (7033, 1, '2018-12-14', 0, 0, false);
INSERT INTO POMODORO(ID, USER, CREATION_TIMESTAMP, WORK_TIME, BREAK_TIME, INTERRUPTED)
VALUES (7034, 1, '2018-12-14', 0, 0, true);
INSERT INTO POMODORO(ID, USER, CREATION_TIMESTAMP, WORK_TIME, BREAK_TIME, INTERRUPTED)
VALUES (7035, 1, '2018-12-14', 0, 0, false);
INSERT INTO POMODORO(ID, USER, CREATION_TIMESTAMP, WORK_TIME, BREAK_TIME, INTERRUPTED)
VALUES (7036, 1, '2018-12-14', 0, 0, true);
INSERT INTO POMODORO(ID, USER, CREATION_TIMESTAMP, WORK_TIME, BREAK_TIME, INTERRUPTED)
VALUES (7037, 1, '2018-12-14', 0, 0, true);
INSERT INTO POMODORO(ID, USER, CREATION_TIMESTAMP, WORK_TIME, BREAK_TIME, INTERRUPTED)
VALUES (7038, 1, '2018-12-14', 0, 0, true);
INSERT INTO POMODORO(ID, USER, CREATION_TIMESTAMP, WORK_TIME, BREAK_TIME, INTERRUPTED)
VALUES (7039, 1, '2018-12-14', 0, 0, false);
INSERT INTO POMODORO(ID, USER, CREATION_TIMESTAMP, WORK_TIME, BREAK_TIME, INTERRUPTED)
VALUES (7040, 1, '2018-12-14', 0, 0, true);
INSERT INTO POMODORO(ID, USER, CREATION_TIMESTAMP, WORK_TIME, BREAK_TIME, INTERRUPTED)
VALUES (7041, 1, '2018-12-14', 0, 0, true);
INSERT INTO POMODORO(ID, USER, CREATION_TIMESTAMP, WORK_TIME, BREAK_TIME, INTERRUPTED)
VALUES (7042, 1, '2018-12-14', 0, 0, false);
INSERT INTO POMODORO(ID, USER, CREATION_TIMESTAMP, WORK_TIME, BREAK_TIME, INTERRUPTED)
VALUES (7043, 1, '2018-12-14', 0, 0, false);
INSERT INTO POMODORO(ID, USER, CREATION_TIMESTAMP, WORK_TIME, BREAK_TIME, INTERRUPTED)
VALUES (7044, 1, '2018-12-13', 0, 0, true);
INSERT INTO POMODORO(ID, USER, CREATION_TIMESTAMP, WORK_TIME, BREAK_TIME, INTERRUPTED)
VALUES (7045, 1, '2018-12-13', 0, 0, false);
INSERT INTO POMODORO(ID, USER, CREATION_TIMESTAMP, WORK_TIME, BREAK_TIME, INTERRUPTED)
VALUES (7046, 1, '2018-12-13', 0, 0, false);
INSERT INTO POMODORO(ID, USER, CREATION_TIMESTAMP, WORK_TIME, BREAK_TIME, INTERRUPTED)
VALUES (7047, 1, '2018-12-13', 0, 0, false);
INSERT INTO POMODORO(ID, USER, CREATION_TIMESTAMP, WORK_TIME, BREAK_TIME, INTERRUPTED)
VALUES (7048, 1, '2018-12-13', 0, 0, true);
INSERT INTO POMODORO(ID, USER, CREATION_TIMESTAMP, WORK_TIME, BREAK_TIME, INTERRUPTED)
VALUES (7049, 1, '2018-12-13', 0, 0, false);
INSERT INTO POMODORO(ID, USER, CREATION_TIMESTAMP, WORK_TIME, BREAK_TIME, INTERRUPTED)
VALUES (7050, 1, '2018-12-13', 0, 0, true);
INSERT INTO POMODORO(ID, USER, CREATION_TIMESTAMP, WORK_TIME, BREAK_TIME, INTERRUPTED)
VALUES (7051, 1, '2018-12-13', 0, 0, true);
INSERT INTO POMODORO(ID, USER, CREATION_TIMESTAMP, WORK_TIME, BREAK_TIME, INTERRUPTED)
VALUES (7052, 1, '2018-12-13', 0, 0, true);
INSERT INTO POMODORO(ID, USER, CREATION_TIMESTAMP, WORK_TIME, BREAK_TIME, INTERRUPTED)
VALUES (7053, 1, '2018-12-13', 0, 0, true);
INSERT INTO POMODORO(ID, USER, CREATION_TIMESTAMP, WORK_TIME, BREAK_TIME, INTERRUPTED)
VALUES (7054, 1, '2018-12-13', 0, 0, true);
INSERT INTO POMODORO(ID, USER, CREATION_TIMESTAMP, WORK_TIME, BREAK_TIME, INTERRUPTED)
VALUES (7055, 1, '2018-12-13', 0, 0, true);
INSERT INTO POMODORO(ID, USER, CREATION_TIMESTAMP, WORK_TIME, BREAK_TIME, INTERRUPTED)
VALUES (7056, 1, '2018-12-13', 0, 0, true);
INSERT INTO POMODORO(ID, USER, CREATION_TIMESTAMP, WORK_TIME, BREAK_TIME, INTERRUPTED)
VALUES (7057, 1, '2018-12-13', 0, 0, false);
INSERT INTO POMODORO(ID, USER, CREATION_TIMESTAMP, WORK_TIME, BREAK_TIME, INTERRUPTED)
VALUES (7058, 1, '2018-12-13', 0, 0, true);
INSERT INTO POMODORO(ID, USER, CREATION_TIMESTAMP, WORK_TIME, BREAK_TIME, INTERRUPTED)
VALUES (7059, 1, '2018-12-13', 0, 0, false);
INSERT INTO POMODORO(ID, USER, CREATION_TIMESTAMP, WORK_TIME, BREAK_TIME, INTERRUPTED)
VALUES (7060, 1, '2018-12-13', 0, 0, false);
INSERT INTO POMODORO(ID, USER, CREATION_TIMESTAMP, WORK_TIME, BREAK_TIME, INTERRUPTED)
VALUES (7061, 1, '2018-12-13', 0, 0, true);
INSERT INTO POMODORO(ID, USER, CREATION_TIMESTAMP, WORK_TIME, BREAK_TIME, INTERRUPTED)
VALUES (7062, 1, '2018-12-13', 0, 0, true);
INSERT INTO POMODORO(ID, USER, CREATION_TIMESTAMP, WORK_TIME, BREAK_TIME, INTERRUPTED)
VALUES (7063, 1, '2018-12-13', 0, 0, true);
INSERT INTO POMODORO(ID, USER, CREATION_TIMESTAMP, WORK_TIME, BREAK_TIME, INTERRUPTED)
VALUES (7064, 1, '2018-12-13', 0, 0, true);
INSERT INTO POMODORO(ID, USER, CREATION_TIMESTAMP, WORK_TIME, BREAK_TIME, INTERRUPTED)
VALUES (7065, 1, '2018-12-13', 0, 0, true);
INSERT INTO POMODORO(ID, USER, CREATION_TIMESTAMP, WORK_TIME, BREAK_TIME, INTERRUPTED)
VALUES (7066, 1, '2018-12-13', 0, 0, false);
INSERT INTO POMODORO(ID, USER, CREATION_TIMESTAMP, WORK_TIME, BREAK_TIME, INTERRUPTED)
VALUES (7067, 1, '2018-12-13', 0, 0, false);
INSERT INTO POMODORO(ID, USER, CREATION_TIMESTAMP, WORK_TIME, BREAK_TIME, INTERRUPTED)
VALUES (7068, 1, '2018-12-13', 0, 0, true);
INSERT INTO POMODORO(ID, USER, CREATION_TIMESTAMP, WORK_TIME, BREAK_TIME, INTERRUPTED)
VALUES (7069, 1, '2018-12-13', 0, 0, false);
INSERT INTO POMODORO(ID, USER, CREATION_TIMESTAMP, WORK_TIME, BREAK_TIME, INTERRUPTED)
VALUES (7070, 1, '2018-12-13', 0, 0, true);
INSERT INTO POMODORO(ID, USER, CREATION_TIMESTAMP, WORK_TIME, BREAK_TIME, INTERRUPTED)
VALUES (7071, 1, '2018-12-13', 0, 0, false);
INSERT INTO POMODORO(ID, USER, CREATION_TIMESTAMP, WORK_TIME, BREAK_TIME, INTERRUPTED)
VALUES (7072, 1, '2018-12-13', 0, 0, false);
INSERT INTO POMODORO(ID, USER, CREATION_TIMESTAMP, WORK_TIME, BREAK_TIME, INTERRUPTED)
VALUES (7073, 1, '2018-12-13', 0, 0, true);
INSERT INTO POMODORO(ID, USER, CREATION_TIMESTAMP, WORK_TIME, BREAK_TIME, INTERRUPTED)
VALUES (7074, 1, '2018-12-13', 0, 0, false);
INSERT INTO POMODORO(ID, USER, CREATION_TIMESTAMP, WORK_TIME, BREAK_TIME, INTERRUPTED)
VALUES (7075, 1, '2018-12-12', 0, 0, false);
INSERT INTO POMODORO(ID, USER, CREATION_TIMESTAMP, WORK_TIME, BREAK_TIME, INTERRUPTED)
VALUES (7076, 1, '2018-12-12', 0, 0, false);
INSERT INTO POMODORO(ID, USER, CREATION_TIMESTAMP, WORK_TIME, BREAK_TIME, INTERRUPTED)
VALUES (7077, 1, '2018-12-12', 0, 0, false);
INSERT INTO POMODORO(ID, USER, CREATION_TIMESTAMP, WORK_TIME, BREAK_TIME, INTERRUPTED)
VALUES (7078, 1, '2018-12-12', 0, 0, true);
INSERT INTO POMODORO(ID, USER, CREATION_TIMESTAMP, WORK_TIME, BREAK_TIME, INTERRUPTED)
VALUES (7079, 1, '2018-12-12', 0, 0, false);
INSERT INTO POMODORO(ID, USER, CREATION_TIMESTAMP, WORK_TIME, BREAK_TIME, INTERRUPTED)
VALUES (7080, 1, '2018-12-12', 0, 0, false);
INSERT INTO POMODORO(ID, USER, CREATION_TIMESTAMP, WORK_TIME, BREAK_TIME, INTERRUPTED)
VALUES (7081, 1, '2018-12-12', 0, 0, false);
INSERT INTO POMODORO(ID, USER, CREATION_TIMESTAMP, WORK_TIME, BREAK_TIME, INTERRUPTED)
VALUES (7082, 1, '2018-12-12', 0, 0, true);
INSERT INTO POMODORO(ID, USER, CREATION_TIMESTAMP, WORK_TIME, BREAK_TIME, INTERRUPTED)
VALUES (7083, 1, '2018-12-12', 0, 0, true);
INSERT INTO POMODORO(ID, USER, CREATION_TIMESTAMP, WORK_TIME, BREAK_TIME, INTERRUPTED)
VALUES (7084, 1, '2018-12-12', 0, 0, false);
INSERT INTO POMODORO(ID, USER, CREATION_TIMESTAMP, WORK_TIME, BREAK_TIME, INTERRUPTED)
VALUES (7085, 1, '2018-12-12', 0, 0, true);
INSERT INTO POMODORO(ID, USER, CREATION_TIMESTAMP, WORK_TIME, BREAK_TIME, INTERRUPTED)
VALUES (7086, 1, '2018-12-12', 0, 0, true);
INSERT INTO POMODORO(ID, USER, CREATION_TIMESTAMP, WORK_TIME, BREAK_TIME, INTERRUPTED)
VALUES (7087, 1, '2018-12-12', 0, 0, false);
INSERT INTO POMODORO(ID, USER, CREATION_TIMESTAMP, WORK_TIME, BREAK_TIME, INTERRUPTED)
VALUES (7088, 1, '2018-12-12', 0, 0, false);
INSERT INTO POMODORO(ID, USER, CREATION_TIMESTAMP, WORK_TIME, BREAK_TIME, INTERRUPTED)
VALUES (7089, 1, '2018-12-12', 0, 0, true);
INSERT INTO POMODORO(ID, USER, CREATION_TIMESTAMP, WORK_TIME, BREAK_TIME, INTERRUPTED)
VALUES (7090, 1, '2018-12-12', 0, 0, false);
INSERT INTO POMODORO(ID, USER, CREATION_TIMESTAMP, WORK_TIME, BREAK_TIME, INTERRUPTED)
VALUES (7091, 1, '2018-12-12', 0, 0, true);
INSERT INTO POMODORO(ID, USER, CREATION_TIMESTAMP, WORK_TIME, BREAK_TIME, INTERRUPTED)
VALUES (7092, 1, '2018-12-12', 0, 0, false);
INSERT INTO POMODORO(ID, USER, CREATION_TIMESTAMP, WORK_TIME, BREAK_TIME, INTERRUPTED)
VALUES (7093, 1, '2018-12-12', 0, 0, true);
INSERT INTO POMODORO(ID, USER, CREATION_TIMESTAMP, WORK_TIME, BREAK_TIME, INTERRUPTED)
VALUES (7094, 1, '2018-12-12', 0, 0, true);
INSERT INTO POMODORO(ID, USER, CREATION_TIMESTAMP, WORK_TIME, BREAK_TIME, INTERRUPTED)
VALUES (7095, 1, '2018-12-12', 0, 0, false);
INSERT INTO POMODORO(ID, USER, CREATION_TIMESTAMP, WORK_TIME, BREAK_TIME, INTERRUPTED)
VALUES (7096, 1, '2018-12-11', 0, 0, false);
INSERT INTO POMODORO(ID, USER, CREATION_TIMESTAMP, WORK_TIME, BREAK_TIME, INTERRUPTED)
VALUES (7097, 1, '2018-12-11', 0, 0, false);
INSERT INTO POMODORO(ID, USER, CREATION_TIMESTAMP, WORK_TIME, BREAK_TIME, INTERRUPTED)
VALUES (7098, 1, '2018-12-11', 0, 0, true);
INSERT INTO POMODORO(ID, USER, CREATION_TIMESTAMP, WORK_TIME, BREAK_TIME, INTERRUPTED)
VALUES (7099, 1, '2018-12-11', 0, 0, false);
INSERT INTO POMODORO(ID, USER, CREATION_TIMESTAMP, WORK_TIME, BREAK_TIME, INTERRUPTED)
VALUES (7100, 1, '2018-12-11', 0, 0, true);
INSERT INTO POMODORO(ID, USER, CREATION_TIMESTAMP, WORK_TIME, BREAK_TIME, INTERRUPTED)
VALUES (7101, 1, '2018-12-11', 0, 0, false);
INSERT INTO POMODORO(ID, USER, CREATION_TIMESTAMP, WORK_TIME, BREAK_TIME, INTERRUPTED)
VALUES (7102, 1, '2018-12-11', 0, 0, false);
INSERT INTO POMODORO(ID, USER, CREATION_TIMESTAMP, WORK_TIME, BREAK_TIME, INTERRUPTED)
VALUES (7103, 1, '2018-12-11', 0, 0, true);
INSERT INTO POMODORO(ID, USER, CREATION_TIMESTAMP, WORK_TIME, BREAK_TIME, INTERRUPTED)
VALUES (7104, 1, '2018-12-11', 0, 0, true);
INSERT INTO POMODORO(ID, USER, CREATION_TIMESTAMP, WORK_TIME, BREAK_TIME, INTERRUPTED)
VALUES (7105, 1, '2018-12-11', 0, 0, false);
INSERT INTO POMODORO(ID, USER, CREATION_TIMESTAMP, WORK_TIME, BREAK_TIME, INTERRUPTED)
VALUES (7106, 1, '2018-12-11', 0, 0, false);
INSERT INTO POMODORO(ID, USER, CREATION_TIMESTAMP, WORK_TIME, BREAK_TIME, INTERRUPTED)
VALUES (7107, 1, '2018-12-11', 0, 0, true);
INSERT INTO POMODORO(ID, USER, CREATION_TIMESTAMP, WORK_TIME, BREAK_TIME, INTERRUPTED)
VALUES (7108, 1, '2018-12-11', 0, 0, false);
INSERT INTO POMODORO(ID, USER, CREATION_TIMESTAMP, WORK_TIME, BREAK_TIME, INTERRUPTED)
VALUES (7109, 1, '2018-12-11', 0, 0, true);
INSERT INTO POMODORO(ID, USER, CREATION_TIMESTAMP, WORK_TIME, BREAK_TIME, INTERRUPTED)
VALUES (7110, 1, '2018-12-11', 0, 0, false);
INSERT INTO POMODORO(ID, USER, CREATION_TIMESTAMP, WORK_TIME, BREAK_TIME, INTERRUPTED)
VALUES (7111, 1, '2018-12-11', 0, 0, true);
INSERT INTO POMODORO(ID, USER, CREATION_TIMESTAMP, WORK_TIME, BREAK_TIME, INTERRUPTED)
VALUES (7112, 1, '2018-12-11', 0, 0, false);
INSERT INTO POMODORO(ID, USER, CREATION_TIMESTAMP, WORK_TIME, BREAK_TIME, INTERRUPTED)
VALUES (7113, 1, '2018-12-11', 0, 0, true);
INSERT INTO POMODORO(ID, USER, CREATION_TIMESTAMP, WORK_TIME, BREAK_TIME, INTERRUPTED)
VALUES (7114, 1, '2018-12-11', 0, 0, false);
INSERT INTO POMODORO(ID, USER, CREATION_TIMESTAMP, WORK_TIME, BREAK_TIME, INTERRUPTED)
VALUES (7115, 1, '2018-12-11', 0, 0, true);
INSERT INTO POMODORO(ID, USER, CREATION_TIMESTAMP, WORK_TIME, BREAK_TIME, INTERRUPTED)
VALUES (7116, 1, '2018-12-11', 0, 0, true);
INSERT INTO POMODORO(ID, USER, CREATION_TIMESTAMP, WORK_TIME, BREAK_TIME, INTERRUPTED)
VALUES (7117, 1, '2018-12-11', 0, 0, false);
INSERT INTO POMODORO(ID, USER, CREATION_TIMESTAMP, WORK_TIME, BREAK_TIME, INTERRUPTED)
VALUES (7118, 1, '2018-12-11', 0, 0, true);
INSERT INTO POMODORO(ID, USER, CREATION_TIMESTAMP, WORK_TIME, BREAK_TIME, INTERRUPTED)
VALUES (7119, 1, '2018-12-11', 0, 0, true);
INSERT INTO POMODORO(ID, USER, CREATION_TIMESTAMP, WORK_TIME, BREAK_TIME, INTERRUPTED)
VALUES (7120, 1, '2018-12-11', 0, 0, true);
INSERT INTO POMODORO(ID, USER, CREATION_TIMESTAMP, WORK_TIME, BREAK_TIME, INTERRUPTED)
VALUES (7121, 1, '2018-12-11', 0, 0, true);
INSERT INTO POMODORO(ID, USER, CREATION_TIMESTAMP, WORK_TIME, BREAK_TIME, INTERRUPTED)
VALUES (7122, 1, '2018-12-10', 0, 0, true);
INSERT INTO POMODORO(ID, USER, CREATION_TIMESTAMP, WORK_TIME, BREAK_TIME, INTERRUPTED)
VALUES (7123, 1, '2018-12-09', 0, 0, false);
INSERT INTO POMODORO(ID, USER, CREATION_TIMESTAMP, WORK_TIME, BREAK_TIME, INTERRUPTED)
VALUES (7124, 1, '2018-12-09', 0, 0, false);
INSERT INTO POMODORO(ID, USER, CREATION_TIMESTAMP, WORK_TIME, BREAK_TIME, INTERRUPTED)
VALUES (7125, 1, '2018-12-09', 0, 0, false);
INSERT INTO POMODORO(ID, USER, CREATION_TIMESTAMP, WORK_TIME, BREAK_TIME, INTERRUPTED)
VALUES (7126, 1, '2018-12-09', 0, 0, false);
INSERT INTO POMODORO(ID, USER, CREATION_TIMESTAMP, WORK_TIME, BREAK_TIME, INTERRUPTED)
VALUES (7127, 1, '2018-12-09', 0, 0, false);
INSERT INTO POMODORO(ID, USER, CREATION_TIMESTAMP, WORK_TIME, BREAK_TIME, INTERRUPTED)
VALUES (7128, 1, '2018-12-09', 0, 0, false);
INSERT INTO POMODORO(ID, USER, CREATION_TIMESTAMP, WORK_TIME, BREAK_TIME, INTERRUPTED)
VALUES (7129, 1, '2018-12-09', 0, 0, false);
INSERT INTO POMODORO(ID, USER, CREATION_TIMESTAMP, WORK_TIME, BREAK_TIME, INTERRUPTED)
VALUES (7130, 1, '2018-12-09', 0, 0, true);
INSERT INTO POMODORO(ID, USER, CREATION_TIMESTAMP, WORK_TIME, BREAK_TIME, INTERRUPTED)
VALUES (7131, 1, '2018-12-09', 0, 0, true);
INSERT INTO POMODORO(ID, USER, CREATION_TIMESTAMP, WORK_TIME, BREAK_TIME, INTERRUPTED)
VALUES (7132, 1, '2018-12-09', 0, 0, true);
INSERT INTO POMODORO(ID, USER, CREATION_TIMESTAMP, WORK_TIME, BREAK_TIME, INTERRUPTED)
VALUES (7133, 1, '2018-12-09', 0, 0, false);
INSERT INTO POMODORO(ID, USER, CREATION_TIMESTAMP, WORK_TIME, BREAK_TIME, INTERRUPTED)
VALUES (7134, 1, '2018-12-09', 0, 0, false);
INSERT INTO POMODORO(ID, USER, CREATION_TIMESTAMP, WORK_TIME, BREAK_TIME, INTERRUPTED)
VALUES (7135, 1, '2018-12-09', 0, 0, false);
INSERT INTO POMODORO(ID, USER, CREATION_TIMESTAMP, WORK_TIME, BREAK_TIME, INTERRUPTED)
VALUES (7136, 1, '2018-12-09', 0, 0, true);
INSERT INTO POMODORO(ID, USER, CREATION_TIMESTAMP, WORK_TIME, BREAK_TIME, INTERRUPTED)
VALUES (7137, 1, '2018-12-09', 0, 0, true);
INSERT INTO POMODORO(ID, USER, CREATION_TIMESTAMP, WORK_TIME, BREAK_TIME, INTERRUPTED)
VALUES (7138, 1, '2018-12-09', 0, 0, false);
INSERT INTO POMODORO(ID, USER, CREATION_TIMESTAMP, WORK_TIME, BREAK_TIME, INTERRUPTED)
VALUES (7139, 1, '2018-12-09', 0, 0, true);
INSERT INTO POMODORO(ID, USER, CREATION_TIMESTAMP, WORK_TIME, BREAK_TIME, INTERRUPTED)
VALUES (7140, 1, '2018-12-09', 0, 0, false);
INSERT INTO POMODORO(ID, USER, CREATION_TIMESTAMP, WORK_TIME, BREAK_TIME, INTERRUPTED)
VALUES (7141, 1, '2018-12-09', 0, 0, true);
INSERT INTO POMODORO(ID, USER, CREATION_TIMESTAMP, WORK_TIME, BREAK_TIME, INTERRUPTED)
VALUES (7142, 1, '2018-12-09', 0, 0, false);
INSERT INTO POMODORO(ID, USER, CREATION_TIMESTAMP, WORK_TIME, BREAK_TIME, INTERRUPTED)
VALUES (7143, 1, '2018-12-09', 0, 0, true);
INSERT INTO POMODORO(ID, USER, CREATION_TIMESTAMP, WORK_TIME, BREAK_TIME, INTERRUPTED)
VALUES (7144, 1, '2018-12-09', 0, 0, true);
INSERT INTO POMODORO(ID, USER, CREATION_TIMESTAMP, WORK_TIME, BREAK_TIME, INTERRUPTED)
VALUES (7145, 1, '2018-12-09', 0, 0, true);
INSERT INTO POMODORO(ID, USER, CREATION_TIMESTAMP, WORK_TIME, BREAK_TIME, INTERRUPTED)
VALUES (7146, 1, '2018-12-09', 0, 0, false);
INSERT INTO POMODORO(ID, USER, CREATION_TIMESTAMP, WORK_TIME, BREAK_TIME, INTERRUPTED)
VALUES (7147, 1, '2018-12-09', 0, 0, false);
INSERT INTO POMODORO(ID, USER, CREATION_TIMESTAMP, WORK_TIME, BREAK_TIME, INTERRUPTED)
VALUES (7148, 1, '2018-12-09', 0, 0, false);
INSERT INTO POMODORO(ID, USER, CREATION_TIMESTAMP, WORK_TIME, BREAK_TIME, INTERRUPTED)
VALUES (7149, 1, '2018-12-09', 0, 0, false);
INSERT INTO POMODORO(ID, USER, CREATION_TIMESTAMP, WORK_TIME, BREAK_TIME, INTERRUPTED)
VALUES (7150, 1, '2018-12-09', 0, 0, false);
INSERT INTO POMODORO(ID, USER, CREATION_TIMESTAMP, WORK_TIME, BREAK_TIME, INTERRUPTED)
VALUES (7151, 1, '2018-12-09', 0, 0, true);
INSERT INTO POMODORO(ID, USER, CREATION_TIMESTAMP, WORK_TIME, BREAK_TIME, INTERRUPTED)
VALUES (7152, 1, '2018-12-09', 0, 0, false);
INSERT INTO POMODORO(ID, USER, CREATION_TIMESTAMP, WORK_TIME, BREAK_TIME, INTERRUPTED)
VALUES (7153, 1, '2018-12-09', 0, 0, false);
INSERT INTO POMODORO(ID, USER, CREATION_TIMESTAMP, WORK_TIME, BREAK_TIME, INTERRUPTED)
VALUES (7154, 1, '2018-12-09', 0, 0, false);
INSERT INTO POMODORO(ID, USER, CREATION_TIMESTAMP, WORK_TIME, BREAK_TIME, INTERRUPTED)
VALUES (7155, 1, '2018-12-09', 0, 0, false);
INSERT INTO POMODORO(ID, USER, CREATION_TIMESTAMP, WORK_TIME, BREAK_TIME, INTERRUPTED)
VALUES (7156, 1, '2018-12-08', 0, 0, false);
INSERT INTO POMODORO(ID, USER, CREATION_TIMESTAMP, WORK_TIME, BREAK_TIME, INTERRUPTED)
VALUES (7157, 1, '2018-12-08', 0, 0, false);
INSERT INTO POMODORO(ID, USER, CREATION_TIMESTAMP, WORK_TIME, BREAK_TIME, INTERRUPTED)
VALUES (7158, 1, '2018-12-08', 0, 0, false);
INSERT INTO POMODORO(ID, USER, CREATION_TIMESTAMP, WORK_TIME, BREAK_TIME, INTERRUPTED)
VALUES (7159, 1, '2018-12-08', 0, 0, true);
INSERT INTO POMODORO(ID, USER, CREATION_TIMESTAMP, WORK_TIME, BREAK_TIME, INTERRUPTED)
VALUES (7160, 1, '2018-12-08', 0, 0, false);
INSERT INTO POMODORO(ID, USER, CREATION_TIMESTAMP, WORK_TIME, BREAK_TIME, INTERRUPTED)
VALUES (7161, 1, '2018-12-08', 0, 0, false);
INSERT INTO POMODORO(ID, USER, CREATION_TIMESTAMP, WORK_TIME, BREAK_TIME, INTERRUPTED)
VALUES (7162, 1, '2018-12-08', 0, 0, false);
INSERT INTO POMODORO(ID, USER, CREATION_TIMESTAMP, WORK_TIME, BREAK_TIME, INTERRUPTED)
VALUES (7163, 1, '2018-12-08', 0, 0, true);
INSERT INTO POMODORO(ID, USER, CREATION_TIMESTAMP, WORK_TIME, BREAK_TIME, INTERRUPTED)
VALUES (7164, 1, '2018-12-08', 0, 0, false);
INSERT INTO POMODORO(ID, USER, CREATION_TIMESTAMP, WORK_TIME, BREAK_TIME, INTERRUPTED)
VALUES (7165, 1, '2018-12-08', 0, 0, true);
INSERT INTO POMODORO(ID, USER, CREATION_TIMESTAMP, WORK_TIME, BREAK_TIME, INTERRUPTED)
VALUES (7166, 1, '2018-12-08', 0, 0, true);
INSERT INTO POMODORO(ID, USER, CREATION_TIMESTAMP, WORK_TIME, BREAK_TIME, INTERRUPTED)
VALUES (7167, 1, '2018-12-08', 0, 0, false);
INSERT INTO POMODORO(ID, USER, CREATION_TIMESTAMP, WORK_TIME, BREAK_TIME, INTERRUPTED)
VALUES (7168, 1, '2018-12-08', 0, 0, true);
INSERT INTO POMODORO(ID, USER, CREATION_TIMESTAMP, WORK_TIME, BREAK_TIME, INTERRUPTED)
VALUES (7169, 1, '2018-12-08', 0, 0, false);
INSERT INTO POMODORO(ID, USER, CREATION_TIMESTAMP, WORK_TIME, BREAK_TIME, INTERRUPTED)
VALUES (7170, 1, '2018-12-08', 0, 0, false);
INSERT INTO POMODORO(ID, USER, CREATION_TIMESTAMP, WORK_TIME, BREAK_TIME, INTERRUPTED)
VALUES (7171, 1, '2018-12-08', 0, 0, false);
INSERT INTO POMODORO(ID, USER, CREATION_TIMESTAMP, WORK_TIME, BREAK_TIME, INTERRUPTED)
VALUES (7172, 1, '2018-12-08', 0, 0, true);
INSERT INTO POMODORO(ID, USER, CREATION_TIMESTAMP, WORK_TIME, BREAK_TIME, INTERRUPTED)
VALUES (7173, 1, '2018-12-08', 0, 0, true);
INSERT INTO POMODORO(ID, USER, CREATION_TIMESTAMP, WORK_TIME, BREAK_TIME, INTERRUPTED)
VALUES (7174, 1, '2018-12-08', 0, 0, false);
INSERT INTO POMODORO(ID, USER, CREATION_TIMESTAMP, WORK_TIME, BREAK_TIME, INTERRUPTED)
VALUES (7175, 1, '2018-12-08', 0, 0, true);
INSERT INTO POMODORO(ID, USER, CREATION_TIMESTAMP, WORK_TIME, BREAK_TIME, INTERRUPTED)
VALUES (7176, 1, '2018-12-08', 0, 0, false);
INSERT INTO POMODORO(ID, USER, CREATION_TIMESTAMP, WORK_TIME, BREAK_TIME, INTERRUPTED)
VALUES (7177, 1, '2018-12-08', 0, 0, false);
INSERT INTO POMODORO(ID, USER, CREATION_TIMESTAMP, WORK_TIME, BREAK_TIME, INTERRUPTED)
VALUES (7178, 1, '2018-12-08', 0, 0, false);
INSERT INTO POMODORO(ID, USER, CREATION_TIMESTAMP, WORK_TIME, BREAK_TIME, INTERRUPTED)
VALUES (7179, 1, '2018-12-08', 0, 0, false);
INSERT INTO POMODORO(ID, USER, CREATION_TIMESTAMP, WORK_TIME, BREAK_TIME, INTERRUPTED)
VALUES (7180, 1, '2018-12-08', 0, 0, false);
INSERT INTO POMODORO(ID, USER, CREATION_TIMESTAMP, WORK_TIME, BREAK_TIME, INTERRUPTED)
VALUES (7181, 1, '2018-12-08', 0, 0, true);
INSERT INTO POMODORO(ID, USER, CREATION_TIMESTAMP, WORK_TIME, BREAK_TIME, INTERRUPTED)
VALUES (7182, 1, '2018-12-08', 0, 0, false);
INSERT INTO POMODORO(ID, USER, CREATION_TIMESTAMP, WORK_TIME, BREAK_TIME, INTERRUPTED)
VALUES (7183, 1, '2018-12-08', 0, 0, true);
INSERT INTO POMODORO(ID, USER, CREATION_TIMESTAMP, WORK_TIME, BREAK_TIME, INTERRUPTED)
VALUES (7184, 1, '2018-12-08', 0, 0, true);
INSERT INTO POMODORO(ID, USER, CREATION_TIMESTAMP, WORK_TIME, BREAK_TIME, INTERRUPTED)
VALUES (7185, 1, '2018-12-07', 0, 0, true);
INSERT INTO POMODORO(ID, USER, CREATION_TIMESTAMP, WORK_TIME, BREAK_TIME, INTERRUPTED)
VALUES (7186, 1, '2018-12-07', 0, 0, true);
INSERT INTO POMODORO(ID, USER, CREATION_TIMESTAMP, WORK_TIME, BREAK_TIME, INTERRUPTED)
VALUES (7187, 1, '2018-12-07', 0, 0, true);
INSERT INTO POMODORO(ID, USER, CREATION_TIMESTAMP, WORK_TIME, BREAK_TIME, INTERRUPTED)
VALUES (7188, 1, '2018-12-07', 0, 0, true);
INSERT INTO POMODORO(ID, USER, CREATION_TIMESTAMP, WORK_TIME, BREAK_TIME, INTERRUPTED)
VALUES (7189, 1, '2018-12-07', 0, 0, true);
INSERT INTO POMODORO(ID, USER, CREATION_TIMESTAMP, WORK_TIME, BREAK_TIME, INTERRUPTED)
VALUES (7190, 1, '2018-12-07', 0, 0, true);
INSERT INTO POMODORO(ID, USER, CREATION_TIMESTAMP, WORK_TIME, BREAK_TIME, INTERRUPTED)
VALUES (7191, 1, '2018-12-07', 0, 0, false);
INSERT INTO POMODORO(ID, USER, CREATION_TIMESTAMP, WORK_TIME, BREAK_TIME, INTERRUPTED)
VALUES (7192, 1, '2018-12-07', 0, 0, false);
INSERT INTO POMODORO(ID, USER, CREATION_TIMESTAMP, WORK_TIME, BREAK_TIME, INTERRUPTED)
VALUES (7193, 1, '2018-12-07', 0, 0, true);
INSERT INTO POMODORO(ID, USER, CREATION_TIMESTAMP, WORK_TIME, BREAK_TIME, INTERRUPTED)
VALUES (7194, 1, '2018-12-07', 0, 0, false);
INSERT INTO POMODORO(ID, USER, CREATION_TIMESTAMP, WORK_TIME, BREAK_TIME, INTERRUPTED)
VALUES (7195, 1, '2018-12-07', 0, 0, true);
INSERT INTO POMODORO(ID, USER, CREATION_TIMESTAMP, WORK_TIME, BREAK_TIME, INTERRUPTED)
VALUES (7196, 1, '2018-12-07', 0, 0, true);
INSERT INTO POMODORO(ID, USER, CREATION_TIMESTAMP, WORK_TIME, BREAK_TIME, INTERRUPTED)
VALUES (7197, 1, '2018-12-07', 0, 0, true);
INSERT INTO POMODORO(ID, USER, CREATION_TIMESTAMP, WORK_TIME, BREAK_TIME, INTERRUPTED)
VALUES (7198, 1, '2018-12-07', 0, 0, true);
INSERT INTO POMODORO(ID, USER, CREATION_TIMESTAMP, WORK_TIME, BREAK_TIME, INTERRUPTED)
VALUES (7199, 1, '2018-12-07', 0, 0, true);
INSERT INTO POMODORO(ID, USER, CREATION_TIMESTAMP, WORK_TIME, BREAK_TIME, INTERRUPTED)
VALUES (7200, 1, '2018-12-07', 0, 0, false);
INSERT INTO POMODORO(ID, USER, CREATION_TIMESTAMP, WORK_TIME, BREAK_TIME, INTERRUPTED)
VALUES (7201, 1, '2018-12-07', 0, 0, true);
INSERT INTO POMODORO(ID, USER, CREATION_TIMESTAMP, WORK_TIME, BREAK_TIME, INTERRUPTED)
VALUES (7202, 1, '2018-12-07', 0, 0, false);
INSERT INTO POMODORO(ID, USER, CREATION_TIMESTAMP, WORK_TIME, BREAK_TIME, INTERRUPTED)
VALUES (7203, 1, '2018-12-07', 0, 0, true);
INSERT INTO POMODORO(ID, USER, CREATION_TIMESTAMP, WORK_TIME, BREAK_TIME, INTERRUPTED)
VALUES (7204, 1, '2018-12-07', 0, 0, true);
INSERT INTO POMODORO(ID, USER, CREATION_TIMESTAMP, WORK_TIME, BREAK_TIME, INTERRUPTED)
VALUES (7205, 1, '2018-12-07', 0, 0, false);
INSERT INTO POMODORO(ID, USER, CREATION_TIMESTAMP, WORK_TIME, BREAK_TIME, INTERRUPTED)
VALUES (7206, 1, '2018-12-06', 0, 0, false);
INSERT INTO POMODORO(ID, USER, CREATION_TIMESTAMP, WORK_TIME, BREAK_TIME, INTERRUPTED)
VALUES (7207, 1, '2018-12-06', 0, 0, true);
INSERT INTO POMODORO(ID, USER, CREATION_TIMESTAMP, WORK_TIME, BREAK_TIME, INTERRUPTED)
VALUES (7208, 1, '2018-12-06', 0, 0, false);
INSERT INTO POMODORO(ID, USER, CREATION_TIMESTAMP, WORK_TIME, BREAK_TIME, INTERRUPTED)
VALUES (7209, 1, '2018-12-06', 0, 0, true);
INSERT INTO POMODORO(ID, USER, CREATION_TIMESTAMP, WORK_TIME, BREAK_TIME, INTERRUPTED)
VALUES (7210, 1, '2018-12-06', 0, 0, true);
INSERT INTO POMODORO(ID, USER, CREATION_TIMESTAMP, WORK_TIME, BREAK_TIME, INTERRUPTED)
VALUES (7211, 1, '2018-12-06', 0, 0, false);
INSERT INTO POMODORO(ID, USER, CREATION_TIMESTAMP, WORK_TIME, BREAK_TIME, INTERRUPTED)
VALUES (7212, 1, '2018-12-04', 0, 0, false);
INSERT INTO POMODORO(ID, USER, CREATION_TIMESTAMP, WORK_TIME, BREAK_TIME, INTERRUPTED)
VALUES (7213, 1, '2018-12-04', 0, 0, true);
INSERT INTO POMODORO(ID, USER, CREATION_TIMESTAMP, WORK_TIME, BREAK_TIME, INTERRUPTED)
VALUES (7214, 1, '2018-12-04', 0, 0, false);
INSERT INTO POMODORO(ID, USER, CREATION_TIMESTAMP, WORK_TIME, BREAK_TIME, INTERRUPTED)
VALUES (7215, 1, '2018-12-04', 0, 0, true);
INSERT INTO POMODORO(ID, USER, CREATION_TIMESTAMP, WORK_TIME, BREAK_TIME, INTERRUPTED)
VALUES (7216, 1, '2018-12-04', 0, 0, false);
INSERT INTO POMODORO(ID, USER, CREATION_TIMESTAMP, WORK_TIME, BREAK_TIME, INTERRUPTED)
VALUES (7217, 1, '2018-12-04', 0, 0, false);
INSERT INTO POMODORO(ID, USER, CREATION_TIMESTAMP, WORK_TIME, BREAK_TIME, INTERRUPTED)
VALUES (7218, 1, '2018-12-04', 0, 0, true);
INSERT INTO POMODORO(ID, USER, CREATION_TIMESTAMP, WORK_TIME, BREAK_TIME, INTERRUPTED)
VALUES (7219, 1, '2018-12-04', 0, 0, true);
INSERT INTO POMODORO(ID, USER, CREATION_TIMESTAMP, WORK_TIME, BREAK_TIME, INTERRUPTED)
VALUES (7220, 1, '2018-12-04', 0, 0, true);
INSERT INTO POMODORO(ID, USER, CREATION_TIMESTAMP, WORK_TIME, BREAK_TIME, INTERRUPTED)
VALUES (7221, 1, '2018-12-04', 0, 0, false);
INSERT INTO POMODORO(ID, USER, CREATION_TIMESTAMP, WORK_TIME, BREAK_TIME, INTERRUPTED)
VALUES (7222, 1, '2018-12-04', 0, 0, true);
INSERT INTO POMODORO(ID, USER, CREATION_TIMESTAMP, WORK_TIME, BREAK_TIME, INTERRUPTED)
VALUES (7223, 1, '2018-12-04', 0, 0, true);
INSERT INTO POMODORO(ID, USER, CREATION_TIMESTAMP, WORK_TIME, BREAK_TIME, INTERRUPTED)
VALUES (7224, 1, '2018-12-04', 0, 0, false);
INSERT INTO POMODORO(ID, USER, CREATION_TIMESTAMP, WORK_TIME, BREAK_TIME, INTERRUPTED)
VALUES (7225, 1, '2018-12-04', 0, 0, true);
INSERT INTO POMODORO(ID, USER, CREATION_TIMESTAMP, WORK_TIME, BREAK_TIME, INTERRUPTED)
VALUES (7226, 1, '2018-12-04', 0, 0, false);
INSERT INTO POMODORO(ID, USER, CREATION_TIMESTAMP, WORK_TIME, BREAK_TIME, INTERRUPTED)
VALUES (7227, 1, '2018-12-04', 0, 0, true);
INSERT INTO POMODORO(ID, USER, CREATION_TIMESTAMP, WORK_TIME, BREAK_TIME, INTERRUPTED)
VALUES (7228, 1, '2018-12-04', 0, 0, true);
INSERT INTO POMODORO(ID, USER, CREATION_TIMESTAMP, WORK_TIME, BREAK_TIME, INTERRUPTED)
VALUES (7229, 1, '2018-12-04', 0, 0, false);
INSERT INTO POMODORO(ID, USER, CREATION_TIMESTAMP, WORK_TIME, BREAK_TIME, INTERRUPTED)
VALUES (7230, 1, '2018-12-04', 0, 0, true);
INSERT INTO POMODORO(ID, USER, CREATION_TIMESTAMP, WORK_TIME, BREAK_TIME, INTERRUPTED)
VALUES (7231, 1, '2018-12-04', 0, 0, false);
INSERT INTO POMODORO(ID, USER, CREATION_TIMESTAMP, WORK_TIME, BREAK_TIME, INTERRUPTED)
VALUES (7232, 1, '2018-12-04', 0, 0, true);
INSERT INTO POMODORO(ID, USER, CREATION_TIMESTAMP, WORK_TIME, BREAK_TIME, INTERRUPTED)
VALUES (7233, 1, '2018-12-04', 0, 0, true);
INSERT INTO POMODORO(ID, USER, CREATION_TIMESTAMP, WORK_TIME, BREAK_TIME, INTERRUPTED)
VALUES (7234, 1, '2018-12-04', 0, 0, false);
INSERT INTO POMODORO(ID, USER, CREATION_TIMESTAMP, WORK_TIME, BREAK_TIME, INTERRUPTED)
VALUES (7235, 1, '2018-12-04', 0, 0, false);
INSERT INTO POMODORO(ID, USER, CREATION_TIMESTAMP, WORK_TIME, BREAK_TIME, INTERRUPTED)
VALUES (7236, 1, '2018-12-04', 0, 0, true);
INSERT INTO POMODORO(ID, USER, CREATION_TIMESTAMP, WORK_TIME, BREAK_TIME, INTERRUPTED)
VALUES (7237, 1, '2018-12-04', 0, 0, true);
INSERT INTO POMODORO(ID, USER, CREATION_TIMESTAMP, WORK_TIME, BREAK_TIME, INTERRUPTED)
VALUES (7238, 1, '2018-12-04', 0, 0, false);
INSERT INTO POMODORO(ID, USER, CREATION_TIMESTAMP, WORK_TIME, BREAK_TIME, INTERRUPTED)
VALUES (7239, 1, '2018-12-04', 0, 0, true);
INSERT INTO POMODORO(ID, USER, CREATION_TIMESTAMP, WORK_TIME, BREAK_TIME, INTERRUPTED)
VALUES (7240, 1, '2018-12-03', 0, 0, true);
INSERT INTO POMODORO(ID, USER, CREATION_TIMESTAMP, WORK_TIME, BREAK_TIME, INTERRUPTED)
VALUES (7241, 1, '2018-12-03', 0, 0, false);
INSERT INTO POMODORO(ID, USER, CREATION_TIMESTAMP, WORK_TIME, BREAK_TIME, INTERRUPTED)
VALUES (7242, 1, '2018-12-03', 0, 0, false);
INSERT INTO POMODORO(ID, USER, CREATION_TIMESTAMP, WORK_TIME, BREAK_TIME, INTERRUPTED)
VALUES (7243, 1, '2018-12-03', 0, 0, true);
INSERT INTO POMODORO(ID, USER, CREATION_TIMESTAMP, WORK_TIME, BREAK_TIME, INTERRUPTED)
VALUES (7244, 1, '2018-12-03', 0, 0, false);
INSERT INTO POMODORO(ID, USER, CREATION_TIMESTAMP, WORK_TIME, BREAK_TIME, INTERRUPTED)
VALUES (7245, 1, '2018-12-03', 0, 0, false);
INSERT INTO POMODORO(ID, USER, CREATION_TIMESTAMP, WORK_TIME, BREAK_TIME, INTERRUPTED)
VALUES (7246, 1, '2018-12-03', 0, 0, true);
INSERT INTO POMODORO(ID, USER, CREATION_TIMESTAMP, WORK_TIME, BREAK_TIME, INTERRUPTED)
VALUES (7247, 1, '2018-12-03', 0, 0, true);
INSERT INTO POMODORO(ID, USER, CREATION_TIMESTAMP, WORK_TIME, BREAK_TIME, INTERRUPTED)
VALUES (7248, 1, '2018-12-03', 0, 0, false);
INSERT INTO POMODORO(ID, USER, CREATION_TIMESTAMP, WORK_TIME, BREAK_TIME, INTERRUPTED)
VALUES (7249, 1, '2018-12-03', 0, 0, true);
INSERT INTO POMODORO(ID, USER, CREATION_TIMESTAMP, WORK_TIME, BREAK_TIME, INTERRUPTED)
VALUES (7250, 1, '2018-12-03', 0, 0, true);
INSERT INTO POMODORO(ID, USER, CREATION_TIMESTAMP, WORK_TIME, BREAK_TIME, INTERRUPTED)
VALUES (7251, 1, '2018-12-03', 0, 0, false);
INSERT INTO POMODORO(ID, USER, CREATION_TIMESTAMP, WORK_TIME, BREAK_TIME, INTERRUPTED)
VALUES (7252, 1, '2018-12-03', 0, 0, true);
INSERT INTO POMODORO(ID, USER, CREATION_TIMESTAMP, WORK_TIME, BREAK_TIME, INTERRUPTED)
VALUES (7253, 1, '2018-12-03', 0, 0, false);
INSERT INTO POMODORO(ID, USER, CREATION_TIMESTAMP, WORK_TIME, BREAK_TIME, INTERRUPTED)
VALUES (7254, 1, '2018-12-03', 0, 0, true);
INSERT INTO POMODORO(ID, USER, CREATION_TIMESTAMP, WORK_TIME, BREAK_TIME, INTERRUPTED)
VALUES (7255, 1, '2018-12-03', 0, 0, false);
INSERT INTO POMODORO(ID, USER, CREATION_TIMESTAMP, WORK_TIME, BREAK_TIME, INTERRUPTED)
VALUES (7256, 1, '2018-12-03', 0, 0, true);
INSERT INTO POMODORO(ID, USER, CREATION_TIMESTAMP, WORK_TIME, BREAK_TIME, INTERRUPTED)
VALUES (7257, 1, '2018-12-03', 0, 0, false);
INSERT INTO POMODORO(ID, USER, CREATION_TIMESTAMP, WORK_TIME, BREAK_TIME, INTERRUPTED)
VALUES (7258, 1, '2018-12-03', 0, 0, false);
INSERT INTO POMODORO(ID, USER, CREATION_TIMESTAMP, WORK_TIME, BREAK_TIME, INTERRUPTED)
VALUES (7259, 1, '2018-12-03', 0, 0, true);
INSERT INTO POMODORO(ID, USER, CREATION_TIMESTAMP, WORK_TIME, BREAK_TIME, INTERRUPTED)
VALUES (7260, 1, '2018-12-03', 0, 0, true);
INSERT INTO POMODORO(ID, USER, CREATION_TIMESTAMP, WORK_TIME, BREAK_TIME, INTERRUPTED)
VALUES (7261, 1, '2018-12-03', 0, 0, true);
INSERT INTO POMODORO(ID, USER, CREATION_TIMESTAMP, WORK_TIME, BREAK_TIME, INTERRUPTED)
VALUES (7262, 1, '2018-12-03', 0, 0, false);
INSERT INTO POMODORO(ID, USER, CREATION_TIMESTAMP, WORK_TIME, BREAK_TIME, INTERRUPTED)
VALUES (7263, 1, '2018-12-03', 0, 0, true);
INSERT INTO POMODORO(ID, USER, CREATION_TIMESTAMP, WORK_TIME, BREAK_TIME, INTERRUPTED)
VALUES (7264, 1, '2018-12-03', 0, 0, true);
INSERT INTO POMODORO(ID, USER, CREATION_TIMESTAMP, WORK_TIME, BREAK_TIME, INTERRUPTED)
VALUES (7265, 1, '2018-12-03', 0, 0, true);
INSERT INTO POMODORO(ID, USER, CREATION_TIMESTAMP, WORK_TIME, BREAK_TIME, INTERRUPTED)
VALUES (7266, 1, '2018-12-03', 0, 0, true);
INSERT INTO POMODORO(ID, USER, CREATION_TIMESTAMP, WORK_TIME, BREAK_TIME, INTERRUPTED)
VALUES (7267, 1, '2018-12-03', 0, 0, false);
INSERT INTO POMODORO(ID, USER, CREATION_TIMESTAMP, WORK_TIME, BREAK_TIME, INTERRUPTED)
VALUES (7268, 1, '2018-12-03', 0, 0, true);
INSERT INTO POMODORO(ID, USER, CREATION_TIMESTAMP, WORK_TIME, BREAK_TIME, INTERRUPTED)
VALUES (7269, 1, '2018-12-03', 0, 0, false);
INSERT INTO POMODORO(ID, USER, CREATION_TIMESTAMP, WORK_TIME, BREAK_TIME, INTERRUPTED)
VALUES (7270, 1, '2018-12-03', 0, 0, true);
INSERT INTO POMODORO(ID, USER, CREATION_TIMESTAMP, WORK_TIME, BREAK_TIME, INTERRUPTED)
VALUES (7271, 1, '2018-12-03', 0, 0, false);
INSERT INTO POMODORO(ID, USER, CREATION_TIMESTAMP, WORK_TIME, BREAK_TIME, INTERRUPTED)
VALUES (7272, 1, '2018-12-03', 0, 0, true);
INSERT INTO POMODORO(ID, USER, CREATION_TIMESTAMP, WORK_TIME, BREAK_TIME, INTERRUPTED)
VALUES (7273, 1, '2018-12-03', 0, 0, false);
INSERT INTO POMODORO(ID, USER, CREATION_TIMESTAMP, WORK_TIME, BREAK_TIME, INTERRUPTED)
VALUES (7274, 1, '2018-12-03', 0, 0, false);
INSERT INTO POMODORO(ID, USER, CREATION_TIMESTAMP, WORK_TIME, BREAK_TIME, INTERRUPTED)
VALUES (7275, 1, '2018-12-03', 0, 0, true);
INSERT INTO POMODORO(ID, USER, CREATION_TIMESTAMP, WORK_TIME, BREAK_TIME, INTERRUPTED)
VALUES (7276, 1, '2018-12-03', 0, 0, true);
INSERT INTO POMODORO(ID, USER, CREATION_TIMESTAMP, WORK_TIME, BREAK_TIME, INTERRUPTED)
VALUES (7277, 1, '2018-12-03', 0, 0, true);
INSERT INTO POMODORO(ID, USER, CREATION_TIMESTAMP, WORK_TIME, BREAK_TIME, INTERRUPTED)
VALUES (7278, 1, '2018-12-03', 0, 0, true);
INSERT INTO POMODORO(ID, USER, CREATION_TIMESTAMP, WORK_TIME, BREAK_TIME, INTERRUPTED)
VALUES (7279, 1, '2018-12-03', 0, 0, true);
INSERT INTO POMODORO(ID, USER, CREATION_TIMESTAMP, WORK_TIME, BREAK_TIME, INTERRUPTED)
VALUES (7280, 1, '2018-12-03', 0, 0, false);
INSERT INTO POMODORO(ID, USER, CREATION_TIMESTAMP, WORK_TIME, BREAK_TIME, INTERRUPTED)
VALUES (7281, 1, '2018-12-03', 0, 0, false);
INSERT INTO POMODORO(ID, USER, CREATION_TIMESTAMP, WORK_TIME, BREAK_TIME, INTERRUPTED)
VALUES (7282, 1, '2018-12-03', 0, 0, false);
INSERT INTO POMODORO(ID, USER, CREATION_TIMESTAMP, WORK_TIME, BREAK_TIME, INTERRUPTED)
VALUES (7283, 1, '2018-12-03', 0, 0, false);
INSERT INTO POMODORO(ID, USER, CREATION_TIMESTAMP, WORK_TIME, BREAK_TIME, INTERRUPTED)
VALUES (7284, 1, '2018-12-03', 0, 0, true);
INSERT INTO POMODORO(ID, USER, CREATION_TIMESTAMP, WORK_TIME, BREAK_TIME, INTERRUPTED)
VALUES (7285, 1, '2018-12-02', 0, 0, true);
INSERT INTO POMODORO(ID, USER, CREATION_TIMESTAMP, WORK_TIME, BREAK_TIME, INTERRUPTED)
VALUES (7286, 1, '2018-12-02', 0, 0, false);
INSERT INTO POMODORO(ID, USER, CREATION_TIMESTAMP, WORK_TIME, BREAK_TIME, INTERRUPTED)
VALUES (7287, 1, '2018-12-02', 0, 0, true);
INSERT INTO POMODORO(ID, USER, CREATION_TIMESTAMP, WORK_TIME, BREAK_TIME, INTERRUPTED)
VALUES (7288, 1, '2018-12-02', 0, 0, true);
INSERT INTO POMODORO(ID, USER, CREATION_TIMESTAMP, WORK_TIME, BREAK_TIME, INTERRUPTED)
VALUES (7289, 1, '2018-12-02', 0, 0, false);
INSERT INTO POMODORO(ID, USER, CREATION_TIMESTAMP, WORK_TIME, BREAK_TIME, INTERRUPTED)
VALUES (7290, 1, '2018-12-02', 0, 0, false);
INSERT INTO POMODORO(ID, USER, CREATION_TIMESTAMP, WORK_TIME, BREAK_TIME, INTERRUPTED)
VALUES (7291, 1, '2018-12-02', 0, 0, false);
INSERT INTO POMODORO(ID, USER, CREATION_TIMESTAMP, WORK_TIME, BREAK_TIME, INTERRUPTED)
VALUES (7292, 1, '2018-12-02', 0, 0, false);
INSERT INTO POMODORO(ID, USER, CREATION_TIMESTAMP, WORK_TIME, BREAK_TIME, INTERRUPTED)
VALUES (7293, 1, '2018-12-02', 0, 0, true);
INSERT INTO POMODORO(ID, USER, CREATION_TIMESTAMP, WORK_TIME, BREAK_TIME, INTERRUPTED)
VALUES (7294, 1, '2018-12-02', 0, 0, true);
INSERT INTO POMODORO(ID, USER, CREATION_TIMESTAMP, WORK_TIME, BREAK_TIME, INTERRUPTED)
VALUES (7295, 1, '2018-12-02', 0, 0, false);
INSERT INTO POMODORO(ID, USER, CREATION_TIMESTAMP, WORK_TIME, BREAK_TIME, INTERRUPTED)
VALUES (7296, 1, '2018-12-02', 0, 0, true);
INSERT INTO POMODORO(ID, USER, CREATION_TIMESTAMP, WORK_TIME, BREAK_TIME, INTERRUPTED)
VALUES (7297, 1, '2018-12-02', 0, 0, true);
INSERT INTO POMODORO(ID, USER, CREATION_TIMESTAMP, WORK_TIME, BREAK_TIME, INTERRUPTED)
VALUES (7298, 1, '2018-12-02', 0, 0, true);
INSERT INTO POMODORO(ID, USER, CREATION_TIMESTAMP, WORK_TIME, BREAK_TIME, INTERRUPTED)
VALUES (7299, 1, '2018-12-02', 0, 0, false);
INSERT INTO POMODORO(ID, USER, CREATION_TIMESTAMP, WORK_TIME, BREAK_TIME, INTERRUPTED)
VALUES (7300, 1, '2018-12-02', 0, 0, false);
INSERT INTO POMODORO(ID, USER, CREATION_TIMESTAMP, WORK_TIME, BREAK_TIME, INTERRUPTED)
VALUES (7301, 1, '2018-12-02', 0, 0, true);
INSERT INTO POMODORO(ID, USER, CREATION_TIMESTAMP, WORK_TIME, BREAK_TIME, INTERRUPTED)
VALUES (7302, 1, '2018-12-02', 0, 0, false);
INSERT INTO POMODORO(ID, USER, CREATION_TIMESTAMP, WORK_TIME, BREAK_TIME, INTERRUPTED)
VALUES (7303, 1, '2018-12-02', 0, 0, true);
INSERT INTO POMODORO(ID, USER, CREATION_TIMESTAMP, WORK_TIME, BREAK_TIME, INTERRUPTED)
VALUES (7304, 1, '2018-12-02', 0, 0, true);
INSERT INTO POMODORO(ID, USER, CREATION_TIMESTAMP, WORK_TIME, BREAK_TIME, INTERRUPTED)
VALUES (7305, 1, '2018-12-02', 0, 0, false);
INSERT INTO POMODORO(ID, USER, CREATION_TIMESTAMP, WORK_TIME, BREAK_TIME, INTERRUPTED)
VALUES (7306, 1, '2018-12-02', 0, 0, true);
INSERT INTO POMODORO(ID, USER, CREATION_TIMESTAMP, WORK_TIME, BREAK_TIME, INTERRUPTED)
VALUES (7307, 1, '2018-12-02', 0, 0, false);
INSERT INTO POMODORO(ID, USER, CREATION_TIMESTAMP, WORK_TIME, BREAK_TIME, INTERRUPTED)
VALUES (7308, 1, '2018-12-02', 0, 0, true);
INSERT INTO POMODORO(ID, USER, CREATION_TIMESTAMP, WORK_TIME, BREAK_TIME, INTERRUPTED)
VALUES (7309, 1, '2018-12-02', 0, 0, false);
INSERT INTO POMODORO(ID, USER, CREATION_TIMESTAMP, WORK_TIME, BREAK_TIME, INTERRUPTED)
VALUES (7310, 1, '2018-12-02', 0, 0, true);
INSERT INTO POMODORO(ID, USER, CREATION_TIMESTAMP, WORK_TIME, BREAK_TIME, INTERRUPTED)
VALUES (7311, 1, '2018-12-02', 0, 0, true);
INSERT INTO POMODORO(ID, USER, CREATION_TIMESTAMP, WORK_TIME, BREAK_TIME, INTERRUPTED)
VALUES (7312, 1, '2018-12-02', 0, 0, true);
INSERT INTO POMODORO(ID, USER, CREATION_TIMESTAMP, WORK_TIME, BREAK_TIME, INTERRUPTED)
VALUES (7313, 1, '2018-12-02', 0, 0, false);
INSERT INTO POMODORO(ID, USER, CREATION_TIMESTAMP, WORK_TIME, BREAK_TIME, INTERRUPTED)
VALUES (7314, 1, '2018-12-02', 0, 0, true);
INSERT INTO POMODORO(ID, USER, CREATION_TIMESTAMP, WORK_TIME, BREAK_TIME, INTERRUPTED)
VALUES (7315, 1, '2018-12-02', 0, 0, false);
INSERT INTO POMODORO(ID, USER, CREATION_TIMESTAMP, WORK_TIME, BREAK_TIME, INTERRUPTED)
VALUES (7316, 1, '2018-12-02', 0, 0, false);
INSERT INTO POMODORO(ID, USER, CREATION_TIMESTAMP, WORK_TIME, BREAK_TIME, INTERRUPTED)
VALUES (7317, 1, '2018-12-02', 0, 0, true);
INSERT INTO POMODORO(ID, USER, CREATION_TIMESTAMP, WORK_TIME, BREAK_TIME, INTERRUPTED)
VALUES (7318, 1, '2018-12-02', 0, 0, true);
INSERT INTO POMODORO(ID, USER, CREATION_TIMESTAMP, WORK_TIME, BREAK_TIME, INTERRUPTED)
VALUES (7319, 1, '2018-12-02', 0, 0, false);
INSERT INTO POMODORO(ID, USER, CREATION_TIMESTAMP, WORK_TIME, BREAK_TIME, INTERRUPTED)
VALUES (7320, 1, '2018-12-02', 0, 0, true);
INSERT INTO POMODORO(ID, USER, CREATION_TIMESTAMP, WORK_TIME, BREAK_TIME, INTERRUPTED)
VALUES (7321, 1, '2018-12-02', 0, 0, true);
INSERT INTO POMODORO(ID, USER, CREATION_TIMESTAMP, WORK_TIME, BREAK_TIME, INTERRUPTED)
VALUES (7322, 1, '2018-12-02', 0, 0, true);
INSERT INTO POMODORO(ID, USER, CREATION_TIMESTAMP, WORK_TIME, BREAK_TIME, INTERRUPTED)
VALUES (7323, 1, '2018-12-01', 0, 0, false);
INSERT INTO POMODORO(ID, USER, CREATION_TIMESTAMP, WORK_TIME, BREAK_TIME, INTERRUPTED)
VALUES (7324, 1, '2018-12-01', 0, 0, false);
INSERT INTO POMODORO(ID, USER, CREATION_TIMESTAMP, WORK_TIME, BREAK_TIME, INTERRUPTED)
VALUES (7325, 1, '2018-12-01', 0, 0, false);
INSERT INTO POMODORO(ID, USER, CREATION_TIMESTAMP, WORK_TIME, BREAK_TIME, INTERRUPTED)
VALUES (7326, 1, '2018-12-01', 0, 0, false);
INSERT INTO POMODORO(ID, USER, CREATION_TIMESTAMP, WORK_TIME, BREAK_TIME, INTERRUPTED)
VALUES (7327, 1, '2018-12-01', 0, 0, true);
INSERT INTO POMODORO(ID, USER, CREATION_TIMESTAMP, WORK_TIME, BREAK_TIME, INTERRUPTED)
VALUES (7328, 1, '2018-12-01', 0, 0, false);
INSERT INTO POMODORO(ID, USER, CREATION_TIMESTAMP, WORK_TIME, BREAK_TIME, INTERRUPTED)
VALUES (7329, 1, '2018-12-01', 0, 0, false);
INSERT INTO POMODORO(ID, USER, CREATION_TIMESTAMP, WORK_TIME, BREAK_TIME, INTERRUPTED)
VALUES (7330, 1, '2018-12-01', 0, 0, true);
INSERT INTO POMODORO(ID, USER, CREATION_TIMESTAMP, WORK_TIME, BREAK_TIME, INTERRUPTED)
VALUES (7331, 1, '2018-12-01', 0, 0, false);
INSERT INTO POMODORO(ID, USER, CREATION_TIMESTAMP, WORK_TIME, BREAK_TIME, INTERRUPTED)
VALUES (7332, 1, '2018-12-01', 0, 0, true);
INSERT INTO POMODORO(ID, USER, CREATION_TIMESTAMP, WORK_TIME, BREAK_TIME, INTERRUPTED)
VALUES (7333, 1, '2018-12-01', 0, 0, false);
INSERT INTO POMODORO(ID, USER, CREATION_TIMESTAMP, WORK_TIME, BREAK_TIME, INTERRUPTED)
VALUES (7334, 1, '2018-12-01', 0, 0, false);
INSERT INTO POMODORO(ID, USER, CREATION_TIMESTAMP, WORK_TIME, BREAK_TIME, INTERRUPTED)
VALUES (7335, 1, '2018-11-30', 0, 0, false);
INSERT INTO POMODORO(ID, USER, CREATION_TIMESTAMP, WORK_TIME, BREAK_TIME, INTERRUPTED)
VALUES (7336, 1, '2018-11-30', 0, 0, false);
INSERT INTO POMODORO(ID, USER, CREATION_TIMESTAMP, WORK_TIME, BREAK_TIME, INTERRUPTED)
VALUES (7337, 1, '2018-11-30', 0, 0, false);
INSERT INTO POMODORO(ID, USER, CREATION_TIMESTAMP, WORK_TIME, BREAK_TIME, INTERRUPTED)
VALUES (7338, 1, '2018-11-30', 0, 0, true);
INSERT INTO POMODORO(ID, USER, CREATION_TIMESTAMP, WORK_TIME, BREAK_TIME, INTERRUPTED)
VALUES (7339, 1, '2018-11-30', 0, 0, true);
INSERT INTO POMODORO(ID, USER, CREATION_TIMESTAMP, WORK_TIME, BREAK_TIME, INTERRUPTED)
VALUES (7340, 1, '2018-11-30', 0, 0, false);
INSERT INTO POMODORO(ID, USER, CREATION_TIMESTAMP, WORK_TIME, BREAK_TIME, INTERRUPTED)
VALUES (7341, 1, '2018-11-30', 0, 0, true);
INSERT INTO POMODORO(ID, USER, CREATION_TIMESTAMP, WORK_TIME, BREAK_TIME, INTERRUPTED)
VALUES (7342, 1, '2018-11-30', 0, 0, true);
INSERT INTO POMODORO(ID, USER, CREATION_TIMESTAMP, WORK_TIME, BREAK_TIME, INTERRUPTED)
VALUES (7343, 1, '2018-11-30', 0, 0, false);
INSERT INTO POMODORO(ID, USER, CREATION_TIMESTAMP, WORK_TIME, BREAK_TIME, INTERRUPTED)
VALUES (7344, 1, '2018-11-30', 0, 0, false);
INSERT INTO POMODORO(ID, USER, CREATION_TIMESTAMP, WORK_TIME, BREAK_TIME, INTERRUPTED)
VALUES (7345, 1, '2018-11-30', 0, 0, false);
INSERT INTO POMODORO(ID, USER, CREATION_TIMESTAMP, WORK_TIME, BREAK_TIME, INTERRUPTED)
VALUES (7346, 1, '2018-11-30', 0, 0, true);
INSERT INTO POMODORO(ID, USER, CREATION_TIMESTAMP, WORK_TIME, BREAK_TIME, INTERRUPTED)
VALUES (7347, 1, '2018-11-30', 0, 0, false);
INSERT INTO POMODORO(ID, USER, CREATION_TIMESTAMP, WORK_TIME, BREAK_TIME, INTERRUPTED)
VALUES (7348, 1, '2018-11-30', 0, 0, false);
INSERT INTO POMODORO(ID, USER, CREATION_TIMESTAMP, WORK_TIME, BREAK_TIME, INTERRUPTED)
VALUES (7349, 1, '2018-11-30', 0, 0, false);
INSERT INTO POMODORO(ID, USER, CREATION_TIMESTAMP, WORK_TIME, BREAK_TIME, INTERRUPTED)
VALUES (7350, 1, '2018-11-30', 0, 0, true);
INSERT INTO POMODORO(ID, USER, CREATION_TIMESTAMP, WORK_TIME, BREAK_TIME, INTERRUPTED)
VALUES (7351, 1, '2018-11-30', 0, 0, true);
INSERT INTO POMODORO(ID, USER, CREATION_TIMESTAMP, WORK_TIME, BREAK_TIME, INTERRUPTED)
VALUES (7352, 1, '2018-11-30', 0, 0, true);
INSERT INTO POMODORO(ID, USER, CREATION_TIMESTAMP, WORK_TIME, BREAK_TIME, INTERRUPTED)
VALUES (7353, 1, '2018-11-29', 0, 0, true);
INSERT INTO POMODORO(ID, USER, CREATION_TIMESTAMP, WORK_TIME, BREAK_TIME, INTERRUPTED)
VALUES (7354, 1, '2018-11-29', 0, 0, false);
INSERT INTO POMODORO(ID, USER, CREATION_TIMESTAMP, WORK_TIME, BREAK_TIME, INTERRUPTED)
VALUES (7355, 1, '2018-11-29', 0, 0, false);
INSERT INTO POMODORO(ID, USER, CREATION_TIMESTAMP, WORK_TIME, BREAK_TIME, INTERRUPTED)
VALUES (7356, 1, '2018-11-29', 0, 0, false);
INSERT INTO POMODORO(ID, USER, CREATION_TIMESTAMP, WORK_TIME, BREAK_TIME, INTERRUPTED)
VALUES (7357, 1, '2018-11-29', 0, 0, true);
INSERT INTO POMODORO(ID, USER, CREATION_TIMESTAMP, WORK_TIME, BREAK_TIME, INTERRUPTED)
VALUES (7358, 1, '2018-11-29', 0, 0, false);
INSERT INTO POMODORO(ID, USER, CREATION_TIMESTAMP, WORK_TIME, BREAK_TIME, INTERRUPTED)
VALUES (7359, 1, '2018-11-28', 0, 0, false);
INSERT INTO POMODORO(ID, USER, CREATION_TIMESTAMP, WORK_TIME, BREAK_TIME, INTERRUPTED)
VALUES (7360, 1, '2018-11-28', 0, 0, true);
INSERT INTO POMODORO(ID, USER, CREATION_TIMESTAMP, WORK_TIME, BREAK_TIME, INTERRUPTED)
VALUES (7361, 1, '2018-11-28', 0, 0, false);
INSERT INTO POMODORO(ID, USER, CREATION_TIMESTAMP, WORK_TIME, BREAK_TIME, INTERRUPTED)
VALUES (7362, 1, '2018-11-28', 0, 0, true);
INSERT INTO POMODORO(ID, USER, CREATION_TIMESTAMP, WORK_TIME, BREAK_TIME, INTERRUPTED)
VALUES (7363, 1, '2018-11-28', 0, 0, false);
INSERT INTO POMODORO(ID, USER, CREATION_TIMESTAMP, WORK_TIME, BREAK_TIME, INTERRUPTED)
VALUES (7364, 1, '2018-11-28', 0, 0, false);
INSERT INTO POMODORO(ID, USER, CREATION_TIMESTAMP, WORK_TIME, BREAK_TIME, INTERRUPTED)
VALUES (7365, 1, '2018-11-28', 0, 0, false);
INSERT INTO POMODORO(ID, USER, CREATION_TIMESTAMP, WORK_TIME, BREAK_TIME, INTERRUPTED)
VALUES (7366, 1, '2018-11-28', 0, 0, true);
INSERT INTO POMODORO(ID, USER, CREATION_TIMESTAMP, WORK_TIME, BREAK_TIME, INTERRUPTED)
VALUES (7367, 1, '2018-11-28', 0, 0, false);
INSERT INTO POMODORO(ID, USER, CREATION_TIMESTAMP, WORK_TIME, BREAK_TIME, INTERRUPTED)
VALUES (7368, 1, '2018-11-28', 0, 0, true);
INSERT INTO POMODORO(ID, USER, CREATION_TIMESTAMP, WORK_TIME, BREAK_TIME, INTERRUPTED)
VALUES (7369, 1, '2018-11-28', 0, 0, false);
INSERT INTO POMODORO(ID, USER, CREATION_TIMESTAMP, WORK_TIME, BREAK_TIME, INTERRUPTED)
VALUES (7370, 1, '2018-11-28', 0, 0, false);
INSERT INTO POMODORO(ID, USER, CREATION_TIMESTAMP, WORK_TIME, BREAK_TIME, INTERRUPTED)
VALUES (7371, 1, '2018-11-28', 0, 0, false);
INSERT INTO POMODORO(ID, USER, CREATION_TIMESTAMP, WORK_TIME, BREAK_TIME, INTERRUPTED)
VALUES (7372, 1, '2018-11-28', 0, 0, true);
INSERT INTO POMODORO(ID, USER, CREATION_TIMESTAMP, WORK_TIME, BREAK_TIME, INTERRUPTED)
VALUES (7373, 1, '2018-11-28', 0, 0, true);
INSERT INTO POMODORO(ID, USER, CREATION_TIMESTAMP, WORK_TIME, BREAK_TIME, INTERRUPTED)
VALUES (7374, 1, '2018-11-28', 0, 0, true);
INSERT INTO POMODORO(ID, USER, CREATION_TIMESTAMP, WORK_TIME, BREAK_TIME, INTERRUPTED)
VALUES (7375, 1, '2018-11-28', 0, 0, false);
INSERT INTO POMODORO(ID, USER, CREATION_TIMESTAMP, WORK_TIME, BREAK_TIME, INTERRUPTED)
VALUES (7376, 1, '2018-11-28', 0, 0, false);
INSERT INTO POMODORO(ID, USER, CREATION_TIMESTAMP, WORK_TIME, BREAK_TIME, INTERRUPTED)
VALUES (7377, 1, '2018-11-28', 0, 0, false);
INSERT INTO POMODORO(ID, USER, CREATION_TIMESTAMP, WORK_TIME, BREAK_TIME, INTERRUPTED)
VALUES (7378, 1, '2018-11-28', 0, 0, false);
INSERT INTO POMODORO(ID, USER, CREATION_TIMESTAMP, WORK_TIME, BREAK_TIME, INTERRUPTED)
VALUES (7379, 1, '2018-11-28', 0, 0, false);
INSERT INTO POMODORO(ID, USER, CREATION_TIMESTAMP, WORK_TIME, BREAK_TIME, INTERRUPTED)
VALUES (7380, 1, '2018-11-28', 0, 0, false);
INSERT INTO POMODORO(ID, USER, CREATION_TIMESTAMP, WORK_TIME, BREAK_TIME, INTERRUPTED)
VALUES (7381, 1, '2018-11-28', 0, 0, true);
INSERT INTO POMODORO(ID, USER, CREATION_TIMESTAMP, WORK_TIME, BREAK_TIME, INTERRUPTED)
VALUES (7382, 1, '2018-11-28', 0, 0, true);
INSERT INTO POMODORO(ID, USER, CREATION_TIMESTAMP, WORK_TIME, BREAK_TIME, INTERRUPTED)
VALUES (7383, 1, '2018-11-28', 0, 0, false);
INSERT INTO POMODORO(ID, USER, CREATION_TIMESTAMP, WORK_TIME, BREAK_TIME, INTERRUPTED)
VALUES (7384, 1, '2018-11-28', 0, 0, false);
INSERT INTO POMODORO(ID, USER, CREATION_TIMESTAMP, WORK_TIME, BREAK_TIME, INTERRUPTED)
VALUES (7385, 1, '2018-11-28', 0, 0, true);
INSERT INTO POMODORO(ID, USER, CREATION_TIMESTAMP, WORK_TIME, BREAK_TIME, INTERRUPTED)
VALUES (7386, 1, '2018-11-28', 0, 0, true);
INSERT INTO POMODORO(ID, USER, CREATION_TIMESTAMP, WORK_TIME, BREAK_TIME, INTERRUPTED)
VALUES (7387, 1, '2018-11-28', 0, 0, true);
INSERT INTO POMODORO(ID, USER, CREATION_TIMESTAMP, WORK_TIME, BREAK_TIME, INTERRUPTED)
VALUES (7388, 1, '2018-11-28', 0, 0, false);
INSERT INTO POMODORO(ID, USER, CREATION_TIMESTAMP, WORK_TIME, BREAK_TIME, INTERRUPTED)
VALUES (7389, 1, '2018-11-28', 0, 0, false);
INSERT INTO POMODORO(ID, USER, CREATION_TIMESTAMP, WORK_TIME, BREAK_TIME, INTERRUPTED)
VALUES (7390, 1, '2018-11-28', 0, 0, true);
INSERT INTO POMODORO(ID, USER, CREATION_TIMESTAMP, WORK_TIME, BREAK_TIME, INTERRUPTED)
VALUES (7391, 1, '2018-11-28', 0, 0, true);
INSERT INTO POMODORO(ID, USER, CREATION_TIMESTAMP, WORK_TIME, BREAK_TIME, INTERRUPTED)
VALUES (7392, 1, '2018-11-28', 0, 0, true);
INSERT INTO POMODORO(ID, USER, CREATION_TIMESTAMP, WORK_TIME, BREAK_TIME, INTERRUPTED)
VALUES (7393, 1, '2018-11-28', 0, 0, true);
INSERT INTO POMODORO(ID, USER, CREATION_TIMESTAMP, WORK_TIME, BREAK_TIME, INTERRUPTED)
VALUES (7394, 1, '2018-11-28', 0, 0, true);
INSERT INTO POMODORO(ID, USER, CREATION_TIMESTAMP, WORK_TIME, BREAK_TIME, INTERRUPTED)
VALUES (7395, 1, '2018-11-28', 0, 0, false);
INSERT INTO POMODORO(ID, USER, CREATION_TIMESTAMP, WORK_TIME, BREAK_TIME, INTERRUPTED)
VALUES (7396, 1, '2018-11-28', 0, 0, false);
INSERT INTO POMODORO(ID, USER, CREATION_TIMESTAMP, WORK_TIME, BREAK_TIME, INTERRUPTED)
VALUES (7397, 1, '2018-11-28', 0, 0, false);
INSERT INTO POMODORO(ID, USER, CREATION_TIMESTAMP, WORK_TIME, BREAK_TIME, INTERRUPTED)
VALUES (7398, 1, '2018-11-28', 0, 0, true);
INSERT INTO POMODORO(ID, USER, CREATION_TIMESTAMP, WORK_TIME, BREAK_TIME, INTERRUPTED)
VALUES (7399, 1, '2018-11-28', 0, 0, true);
INSERT INTO POMODORO(ID, USER, CREATION_TIMESTAMP, WORK_TIME, BREAK_TIME, INTERRUPTED)
VALUES (7400, 1, '2018-11-28', 0, 0, false);
INSERT INTO POMODORO(ID, USER, CREATION_TIMESTAMP, WORK_TIME, BREAK_TIME, INTERRUPTED)
VALUES (7401, 1, '2018-11-27', 0, 0, true);
INSERT INTO POMODORO(ID, USER, CREATION_TIMESTAMP, WORK_TIME, BREAK_TIME, INTERRUPTED)
VALUES (7402, 1, '2018-11-27', 0, 0, true);
INSERT INTO POMODORO(ID, USER, CREATION_TIMESTAMP, WORK_TIME, BREAK_TIME, INTERRUPTED)
VALUES (7403, 1, '2018-11-27', 0, 0, true);
INSERT INTO POMODORO(ID, USER, CREATION_TIMESTAMP, WORK_TIME, BREAK_TIME, INTERRUPTED)
VALUES (7404, 1, '2018-11-27', 0, 0, false);
INSERT INTO POMODORO(ID, USER, CREATION_TIMESTAMP, WORK_TIME, BREAK_TIME, INTERRUPTED)
VALUES (7405, 1, '2018-11-27', 0, 0, false);
INSERT INTO POMODORO(ID, USER, CREATION_TIMESTAMP, WORK_TIME, BREAK_TIME, INTERRUPTED)
VALUES (7406, 1, '2018-11-27', 0, 0, true);
INSERT INTO POMODORO(ID, USER, CREATION_TIMESTAMP, WORK_TIME, BREAK_TIME, INTERRUPTED)
VALUES (7407, 1, '2018-11-27', 0, 0, false);
INSERT INTO POMODORO(ID, USER, CREATION_TIMESTAMP, WORK_TIME, BREAK_TIME, INTERRUPTED)
VALUES (7408, 1, '2018-11-27', 0, 0, false);
INSERT INTO POMODORO(ID, USER, CREATION_TIMESTAMP, WORK_TIME, BREAK_TIME, INTERRUPTED)
VALUES (7409, 1, '2018-11-26', 0, 0, true);
INSERT INTO POMODORO(ID, USER, CREATION_TIMESTAMP, WORK_TIME, BREAK_TIME, INTERRUPTED)
VALUES (7410, 1, '2018-11-26', 0, 0, false);
INSERT INTO POMODORO(ID, USER, CREATION_TIMESTAMP, WORK_TIME, BREAK_TIME, INTERRUPTED)
VALUES (7411, 1, '2018-11-26', 0, 0, true);
INSERT INTO POMODORO(ID, USER, CREATION_TIMESTAMP, WORK_TIME, BREAK_TIME, INTERRUPTED)
VALUES (7412, 1, '2018-11-26', 0, 0, true);
INSERT INTO POMODORO(ID, USER, CREATION_TIMESTAMP, WORK_TIME, BREAK_TIME, INTERRUPTED)
VALUES (7413, 1, '2018-11-26', 0, 0, false);
INSERT INTO POMODORO(ID, USER, CREATION_TIMESTAMP, WORK_TIME, BREAK_TIME, INTERRUPTED)
VALUES (7414, 1, '2018-11-25', 0, 0, true);
INSERT INTO POMODORO(ID, USER, CREATION_TIMESTAMP, WORK_TIME, BREAK_TIME, INTERRUPTED)
VALUES (7415, 1, '2018-11-25', 0, 0, true);
INSERT INTO POMODORO(ID, USER, CREATION_TIMESTAMP, WORK_TIME, BREAK_TIME, INTERRUPTED)
VALUES (7416, 1, '2018-11-25', 0, 0, false);
INSERT INTO POMODORO(ID, USER, CREATION_TIMESTAMP, WORK_TIME, BREAK_TIME, INTERRUPTED)
VALUES (7417, 1, '2018-11-25', 0, 0, true);
INSERT INTO POMODORO(ID, USER, CREATION_TIMESTAMP, WORK_TIME, BREAK_TIME, INTERRUPTED)
VALUES (7418, 1, '2018-11-25', 0, 0, false);
INSERT INTO POMODORO(ID, USER, CREATION_TIMESTAMP, WORK_TIME, BREAK_TIME, INTERRUPTED)
VALUES (7419, 1, '2018-11-25', 0, 0, false);
INSERT INTO POMODORO(ID, USER, CREATION_TIMESTAMP, WORK_TIME, BREAK_TIME, INTERRUPTED)
VALUES (7420, 1, '2018-11-25', 0, 0, false);
INSERT INTO POMODORO(ID, USER, CREATION_TIMESTAMP, WORK_TIME, BREAK_TIME, INTERRUPTED)
VALUES (7421, 1, '2018-11-25', 0, 0, true);
INSERT INTO POMODORO(ID, USER, CREATION_TIMESTAMP, WORK_TIME, BREAK_TIME, INTERRUPTED)
VALUES (7422, 1, '2018-11-25', 0, 0, false);
INSERT INTO POMODORO(ID, USER, CREATION_TIMESTAMP, WORK_TIME, BREAK_TIME, INTERRUPTED)
VALUES (7423, 1, '2018-11-25', 0, 0, false);
INSERT INTO POMODORO(ID, USER, CREATION_TIMESTAMP, WORK_TIME, BREAK_TIME, INTERRUPTED)
VALUES (7424, 1, '2018-11-25', 0, 0, true);
INSERT INTO POMODORO(ID, USER, CREATION_TIMESTAMP, WORK_TIME, BREAK_TIME, INTERRUPTED)
VALUES (7425, 1, '2018-11-25', 0, 0, true);
INSERT INTO POMODORO(ID, USER, CREATION_TIMESTAMP, WORK_TIME, BREAK_TIME, INTERRUPTED)
VALUES (7426, 1, '2018-11-25', 0, 0, true);
INSERT INTO POMODORO(ID, USER, CREATION_TIMESTAMP, WORK_TIME, BREAK_TIME, INTERRUPTED)
VALUES (7427, 1, '2018-11-25', 0, 0, false);
INSERT INTO POMODORO(ID, USER, CREATION_TIMESTAMP, WORK_TIME, BREAK_TIME, INTERRUPTED)
VALUES (7428, 1, '2018-11-25', 0, 0, false);
INSERT INTO POMODORO(ID, USER, CREATION_TIMESTAMP, WORK_TIME, BREAK_TIME, INTERRUPTED)
VALUES (7429, 1, '2018-11-25', 0, 0, false);
INSERT INTO POMODORO(ID, USER, CREATION_TIMESTAMP, WORK_TIME, BREAK_TIME, INTERRUPTED)
VALUES (7430, 1, '2018-11-25', 0, 0, true);
INSERT INTO POMODORO(ID, USER, CREATION_TIMESTAMP, WORK_TIME, BREAK_TIME, INTERRUPTED)
VALUES (7431, 1, '2018-11-25', 0, 0, false);
INSERT INTO POMODORO(ID, USER, CREATION_TIMESTAMP, WORK_TIME, BREAK_TIME, INTERRUPTED)
VALUES (7432, 1, '2018-11-25', 0, 0, true);
INSERT INTO POMODORO(ID, USER, CREATION_TIMESTAMP, WORK_TIME, BREAK_TIME, INTERRUPTED)
VALUES (7433, 1, '2018-11-25', 0, 0, false);
INSERT INTO POMODORO(ID, USER, CREATION_TIMESTAMP, WORK_TIME, BREAK_TIME, INTERRUPTED)
VALUES (7434, 1, '2018-11-25', 0, 0, false);
INSERT INTO POMODORO(ID, USER, CREATION_TIMESTAMP, WORK_TIME, BREAK_TIME, INTERRUPTED)
VALUES (7435, 1, '2018-11-25', 0, 0, false);
INSERT INTO POMODORO(ID, USER, CREATION_TIMESTAMP, WORK_TIME, BREAK_TIME, INTERRUPTED)
VALUES (7436, 1, '2018-11-25', 0, 0, true);
INSERT INTO POMODORO(ID, USER, CREATION_TIMESTAMP, WORK_TIME, BREAK_TIME, INTERRUPTED)
VALUES (7437, 1, '2018-11-25', 0, 0, false);
INSERT INTO POMODORO(ID, USER, CREATION_TIMESTAMP, WORK_TIME, BREAK_TIME, INTERRUPTED)
VALUES (7438, 1, '2018-11-25', 0, 0, false);
INSERT INTO POMODORO(ID, USER, CREATION_TIMESTAMP, WORK_TIME, BREAK_TIME, INTERRUPTED)
VALUES (7439, 1, '2018-11-25', 0, 0, false);
INSERT INTO POMODORO(ID, USER, CREATION_TIMESTAMP, WORK_TIME, BREAK_TIME, INTERRUPTED)
VALUES (7440, 1, '2018-11-25', 0, 0, false);
INSERT INTO POMODORO(ID, USER, CREATION_TIMESTAMP, WORK_TIME, BREAK_TIME, INTERRUPTED)
VALUES (7441, 1, '2018-11-25', 0, 0, true);
INSERT INTO POMODORO(ID, USER, CREATION_TIMESTAMP, WORK_TIME, BREAK_TIME, INTERRUPTED)
VALUES (7442, 1, '2018-11-25', 0, 0, false);
INSERT INTO POMODORO(ID, USER, CREATION_TIMESTAMP, WORK_TIME, BREAK_TIME, INTERRUPTED)
VALUES (7443, 1, '2018-11-25', 0, 0, true);
INSERT INTO POMODORO(ID, USER, CREATION_TIMESTAMP, WORK_TIME, BREAK_TIME, INTERRUPTED)
VALUES (7444, 1, '2018-11-25', 0, 0, true);
INSERT INTO POMODORO(ID, USER, CREATION_TIMESTAMP, WORK_TIME, BREAK_TIME, INTERRUPTED)
VALUES (7445, 1, '2018-11-25', 0, 0, true);
INSERT INTO POMODORO(ID, USER, CREATION_TIMESTAMP, WORK_TIME, BREAK_TIME, INTERRUPTED)
VALUES (7446, 1, '2018-11-25', 0, 0, true);
INSERT INTO POMODORO(ID, USER, CREATION_TIMESTAMP, WORK_TIME, BREAK_TIME, INTERRUPTED)
VALUES (7447, 1, '2018-11-25', 0, 0, false);
INSERT INTO POMODORO(ID, USER, CREATION_TIMESTAMP, WORK_TIME, BREAK_TIME, INTERRUPTED)
VALUES (7448, 1, '2018-11-25', 0, 0, false);
INSERT INTO POMODORO(ID, USER, CREATION_TIMESTAMP, WORK_TIME, BREAK_TIME, INTERRUPTED)
VALUES (7449, 1, '2018-11-25', 0, 0, false);
INSERT INTO POMODORO(ID, USER, CREATION_TIMESTAMP, WORK_TIME, BREAK_TIME, INTERRUPTED)
VALUES (7450, 1, '2018-11-25', 0, 0, true);
INSERT INTO POMODORO(ID, USER, CREATION_TIMESTAMP, WORK_TIME, BREAK_TIME, INTERRUPTED)
VALUES (7451, 1, '2018-11-25', 0, 0, true);
INSERT INTO POMODORO(ID, USER, CREATION_TIMESTAMP, WORK_TIME, BREAK_TIME, INTERRUPTED)
VALUES (7452, 1, '2018-11-25', 0, 0, true);
INSERT INTO POMODORO(ID, USER, CREATION_TIMESTAMP, WORK_TIME, BREAK_TIME, INTERRUPTED)
VALUES (7453, 1, '2018-11-25', 0, 0, true);
INSERT INTO POMODORO(ID, USER, CREATION_TIMESTAMP, WORK_TIME, BREAK_TIME, INTERRUPTED)
VALUES (7454, 1, '2018-11-25', 0, 0, true);
INSERT INTO POMODORO(ID, USER, CREATION_TIMESTAMP, WORK_TIME, BREAK_TIME, INTERRUPTED)
VALUES (7455, 1, '2018-11-25', 0, 0, false);
INSERT INTO POMODORO(ID, USER, CREATION_TIMESTAMP, WORK_TIME, BREAK_TIME, INTERRUPTED)
VALUES (7456, 1, '2018-11-25', 0, 0, false);
INSERT INTO POMODORO(ID, USER, CREATION_TIMESTAMP, WORK_TIME, BREAK_TIME, INTERRUPTED)
VALUES (7457, 1, '2018-11-25', 0, 0, false);
INSERT INTO POMODORO(ID, USER, CREATION_TIMESTAMP, WORK_TIME, BREAK_TIME, INTERRUPTED)
VALUES (7458, 1, '2018-11-25', 0, 0, false);
INSERT INTO POMODORO(ID, USER, CREATION_TIMESTAMP, WORK_TIME, BREAK_TIME, INTERRUPTED)
VALUES (7459, 1, '2018-11-25', 0, 0, true);
INSERT INTO POMODORO(ID, USER, CREATION_TIMESTAMP, WORK_TIME, BREAK_TIME, INTERRUPTED)
VALUES (7460, 1, '2018-11-24', 0, 0, true);
INSERT INTO POMODORO(ID, USER, CREATION_TIMESTAMP, WORK_TIME, BREAK_TIME, INTERRUPTED)
VALUES (7461, 1, '2018-11-24', 0, 0, false);
INSERT INTO POMODORO(ID, USER, CREATION_TIMESTAMP, WORK_TIME, BREAK_TIME, INTERRUPTED)
VALUES (7462, 1, '2018-11-24', 0, 0, false);
INSERT INTO POMODORO(ID, USER, CREATION_TIMESTAMP, WORK_TIME, BREAK_TIME, INTERRUPTED)
VALUES (7463, 1, '2018-11-24', 0, 0, true);
INSERT INTO POMODORO(ID, USER, CREATION_TIMESTAMP, WORK_TIME, BREAK_TIME, INTERRUPTED)
VALUES (7464, 1, '2018-11-24', 0, 0, true);
INSERT INTO POMODORO(ID, USER, CREATION_TIMESTAMP, WORK_TIME, BREAK_TIME, INTERRUPTED)
VALUES (7465, 1, '2018-11-24', 0, 0, true);
INSERT INTO POMODORO(ID, USER, CREATION_TIMESTAMP, WORK_TIME, BREAK_TIME, INTERRUPTED)
VALUES (7466, 1, '2018-11-24', 0, 0, false);
INSERT INTO POMODORO(ID, USER, CREATION_TIMESTAMP, WORK_TIME, BREAK_TIME, INTERRUPTED)
VALUES (7467, 1, '2018-11-24', 0, 0, false);
INSERT INTO POMODORO(ID, USER, CREATION_TIMESTAMP, WORK_TIME, BREAK_TIME, INTERRUPTED)
VALUES (7468, 1, '2018-11-24', 0, 0, true);
INSERT INTO POMODORO(ID, USER, CREATION_TIMESTAMP, WORK_TIME, BREAK_TIME, INTERRUPTED)
VALUES (7469, 1, '2018-11-24', 0, 0, false);
INSERT INTO POMODORO(ID, USER, CREATION_TIMESTAMP, WORK_TIME, BREAK_TIME, INTERRUPTED)
VALUES (7470, 1, '2018-11-24', 0, 0, false);
INSERT INTO POMODORO(ID, USER, CREATION_TIMESTAMP, WORK_TIME, BREAK_TIME, INTERRUPTED)
VALUES (7471, 1, '2018-11-24', 0, 0, true);
INSERT INTO POMODORO(ID, USER, CREATION_TIMESTAMP, WORK_TIME, BREAK_TIME, INTERRUPTED)
VALUES (7472, 1, '2018-11-24', 0, 0, true);
INSERT INTO POMODORO(ID, USER, CREATION_TIMESTAMP, WORK_TIME, BREAK_TIME, INTERRUPTED)
VALUES (7473, 1, '2018-11-24', 0, 0, false);
INSERT INTO POMODORO(ID, USER, CREATION_TIMESTAMP, WORK_TIME, BREAK_TIME, INTERRUPTED)
VALUES (7474, 1, '2018-11-24', 0, 0, true);
INSERT INTO POMODORO(ID, USER, CREATION_TIMESTAMP, WORK_TIME, BREAK_TIME, INTERRUPTED)
VALUES (7475, 1, '2018-11-24', 0, 0, false);
INSERT INTO POMODORO(ID, USER, CREATION_TIMESTAMP, WORK_TIME, BREAK_TIME, INTERRUPTED)
VALUES (7476, 1, '2018-11-24', 0, 0, false);
INSERT INTO POMODORO(ID, USER, CREATION_TIMESTAMP, WORK_TIME, BREAK_TIME, INTERRUPTED)
VALUES (7477, 1, '2018-11-24', 0, 0, true);
INSERT INTO POMODORO(ID, USER, CREATION_TIMESTAMP, WORK_TIME, BREAK_TIME, INTERRUPTED)
VALUES (7478, 1, '2018-11-24', 0, 0, true);
INSERT INTO POMODORO(ID, USER, CREATION_TIMESTAMP, WORK_TIME, BREAK_TIME, INTERRUPTED)
VALUES (7479, 1, '2018-11-24', 0, 0, true);
INSERT INTO POMODORO(ID, USER, CREATION_TIMESTAMP, WORK_TIME, BREAK_TIME, INTERRUPTED)
VALUES (7480, 1, '2018-11-24', 0, 0, true);
INSERT INTO POMODORO(ID, USER, CREATION_TIMESTAMP, WORK_TIME, BREAK_TIME, INTERRUPTED)
VALUES (7481, 1, '2018-11-24', 0, 0, false);
INSERT INTO POMODORO(ID, USER, CREATION_TIMESTAMP, WORK_TIME, BREAK_TIME, INTERRUPTED)
VALUES (7482, 1, '2018-11-24', 0, 0, true);
INSERT INTO POMODORO(ID, USER, CREATION_TIMESTAMP, WORK_TIME, BREAK_TIME, INTERRUPTED)
VALUES (7483, 1, '2018-11-24', 0, 0, false);
INSERT INTO POMODORO(ID, USER, CREATION_TIMESTAMP, WORK_TIME, BREAK_TIME, INTERRUPTED)
VALUES (7484, 1, '2018-11-23', 0, 0, true);
INSERT INTO POMODORO(ID, USER, CREATION_TIMESTAMP, WORK_TIME, BREAK_TIME, INTERRUPTED)
VALUES (7485, 1, '2018-11-23', 0, 0, false);
INSERT INTO POMODORO(ID, USER, CREATION_TIMESTAMP, WORK_TIME, BREAK_TIME, INTERRUPTED)
VALUES (7486, 1, '2018-11-23', 0, 0, false);
INSERT INTO POMODORO(ID, USER, CREATION_TIMESTAMP, WORK_TIME, BREAK_TIME, INTERRUPTED)
VALUES (7487, 1, '2018-11-23', 0, 0, false);
INSERT INTO POMODORO(ID, USER, CREATION_TIMESTAMP, WORK_TIME, BREAK_TIME, INTERRUPTED)
VALUES (7488, 1, '2018-11-23', 0, 0, false);
INSERT INTO POMODORO(ID, USER, CREATION_TIMESTAMP, WORK_TIME, BREAK_TIME, INTERRUPTED)
VALUES (7489, 1, '2018-11-23', 0, 0, false);
INSERT INTO POMODORO(ID, USER, CREATION_TIMESTAMP, WORK_TIME, BREAK_TIME, INTERRUPTED)
VALUES (7490, 1, '2018-11-23', 0, 0, false);
INSERT INTO POMODORO(ID, USER, CREATION_TIMESTAMP, WORK_TIME, BREAK_TIME, INTERRUPTED)
VALUES (7491, 1, '2018-11-23', 0, 0, false);
INSERT INTO POMODORO(ID, USER, CREATION_TIMESTAMP, WORK_TIME, BREAK_TIME, INTERRUPTED)
VALUES (7492, 1, '2018-11-23', 0, 0, true);
INSERT INTO POMODORO(ID, USER, CREATION_TIMESTAMP, WORK_TIME, BREAK_TIME, INTERRUPTED)
VALUES (7493, 1, '2018-11-23', 0, 0, false);
INSERT INTO POMODORO(ID, USER, CREATION_TIMESTAMP, WORK_TIME, BREAK_TIME, INTERRUPTED)
VALUES (7494, 1, '2018-11-23', 0, 0, false);
INSERT INTO POMODORO(ID, USER, CREATION_TIMESTAMP, WORK_TIME, BREAK_TIME, INTERRUPTED)
VALUES (7495, 1, '2018-11-23', 0, 0, false);
INSERT INTO POMODORO(ID, USER, CREATION_TIMESTAMP, WORK_TIME, BREAK_TIME, INTERRUPTED)
VALUES (7496, 1, '2018-11-23', 0, 0, false);
INSERT INTO POMODORO(ID, USER, CREATION_TIMESTAMP, WORK_TIME, BREAK_TIME, INTERRUPTED)
VALUES (7497, 1, '2018-11-23', 0, 0, true);
INSERT INTO POMODORO(ID, USER, CREATION_TIMESTAMP, WORK_TIME, BREAK_TIME, INTERRUPTED)
VALUES (7498, 1, '2018-11-23', 0, 0, true);
INSERT INTO POMODORO(ID, USER, CREATION_TIMESTAMP, WORK_TIME, BREAK_TIME, INTERRUPTED)
VALUES (7499, 1, '2018-11-23', 0, 0, true);
INSERT INTO POMODORO(ID, USER, CREATION_TIMESTAMP, WORK_TIME, BREAK_TIME, INTERRUPTED)
VALUES (7500, 1, '2018-11-23', 0, 0, false);
INSERT INTO POMODORO(ID, USER, CREATION_TIMESTAMP, WORK_TIME, BREAK_TIME, INTERRUPTED)
VALUES (7501, 1, '2018-11-23', 0, 0, false);
INSERT INTO POMODORO(ID, USER, CREATION_TIMESTAMP, WORK_TIME, BREAK_TIME, INTERRUPTED)
VALUES (7502, 1, '2018-11-23', 0, 0, true);
INSERT INTO POMODORO(ID, USER, CREATION_TIMESTAMP, WORK_TIME, BREAK_TIME, INTERRUPTED)
VALUES (7503, 1, '2018-11-23', 0, 0, false);
INSERT INTO POMODORO(ID, USER, CREATION_TIMESTAMP, WORK_TIME, BREAK_TIME, INTERRUPTED)
VALUES (7504, 1, '2018-11-23', 0, 0, false);
INSERT INTO POMODORO(ID, USER, CREATION_TIMESTAMP, WORK_TIME, BREAK_TIME, INTERRUPTED)
VALUES (7505, 1, '2018-11-23', 0, 0, true);
INSERT INTO POMODORO(ID, USER, CREATION_TIMESTAMP, WORK_TIME, BREAK_TIME, INTERRUPTED)
VALUES (7506, 1, '2018-11-23', 0, 0, false);
INSERT INTO POMODORO(ID, USER, CREATION_TIMESTAMP, WORK_TIME, BREAK_TIME, INTERRUPTED)
VALUES (7507, 1, '2018-11-23', 0, 0, true);
INSERT INTO POMODORO(ID, USER, CREATION_TIMESTAMP, WORK_TIME, BREAK_TIME, INTERRUPTED)
VALUES (7508, 1, '2018-11-23', 0, 0, true);
INSERT INTO POMODORO(ID, USER, CREATION_TIMESTAMP, WORK_TIME, BREAK_TIME, INTERRUPTED)
VALUES (7509, 1, '2018-11-23', 0, 0, false);
INSERT INTO POMODORO(ID, USER, CREATION_TIMESTAMP, WORK_TIME, BREAK_TIME, INTERRUPTED)
VALUES (7510, 1, '2018-11-23', 0, 0, false);
INSERT INTO POMODORO(ID, USER, CREATION_TIMESTAMP, WORK_TIME, BREAK_TIME, INTERRUPTED)
VALUES (7511, 1, '2018-11-23', 0, 0, true);
INSERT INTO POMODORO(ID, USER, CREATION_TIMESTAMP, WORK_TIME, BREAK_TIME, INTERRUPTED)
VALUES (7512, 1, '2018-11-23', 0, 0, false);
INSERT INTO POMODORO(ID, USER, CREATION_TIMESTAMP, WORK_TIME, BREAK_TIME, INTERRUPTED)
VALUES (7513, 1, '2018-11-23', 0, 0, false);
INSERT INTO POMODORO(ID, USER, CREATION_TIMESTAMP, WORK_TIME, BREAK_TIME, INTERRUPTED)
VALUES (7514, 1, '2018-11-23', 0, 0, false);
INSERT INTO POMODORO(ID, USER, CREATION_TIMESTAMP, WORK_TIME, BREAK_TIME, INTERRUPTED)
VALUES (7515, 1, '2018-11-23', 0, 0, true);
INSERT INTO POMODORO(ID, USER, CREATION_TIMESTAMP, WORK_TIME, BREAK_TIME, INTERRUPTED)
VALUES (7516, 1, '2018-11-23', 0, 0, false);
INSERT INTO POMODORO(ID, USER, CREATION_TIMESTAMP, WORK_TIME, BREAK_TIME, INTERRUPTED)
VALUES (7517, 1, '2018-11-23', 0, 0, false);
INSERT INTO POMODORO(ID, USER, CREATION_TIMESTAMP, WORK_TIME, BREAK_TIME, INTERRUPTED)
VALUES (7518, 1, '2018-11-23', 0, 0, true);
INSERT INTO POMODORO(ID, USER, CREATION_TIMESTAMP, WORK_TIME, BREAK_TIME, INTERRUPTED)
VALUES (7519, 1, '2018-11-22', 0, 0, false);
INSERT INTO POMODORO(ID, USER, CREATION_TIMESTAMP, WORK_TIME, BREAK_TIME, INTERRUPTED)
VALUES (7520, 1, '2018-11-22', 0, 0, true);
INSERT INTO POMODORO(ID, USER, CREATION_TIMESTAMP, WORK_TIME, BREAK_TIME, INTERRUPTED)
VALUES (7521, 1, '2018-11-22', 0, 0, false);
INSERT INTO POMODORO(ID, USER, CREATION_TIMESTAMP, WORK_TIME, BREAK_TIME, INTERRUPTED)
VALUES (7522, 1, '2018-11-22', 0, 0, false);
INSERT INTO POMODORO(ID, USER, CREATION_TIMESTAMP, WORK_TIME, BREAK_TIME, INTERRUPTED)
VALUES (7523, 1, '2018-11-22', 0, 0, false);
INSERT INTO POMODORO(ID, USER, CREATION_TIMESTAMP, WORK_TIME, BREAK_TIME, INTERRUPTED)
VALUES (7524, 1, '2018-11-22', 0, 0, true);
INSERT INTO POMODORO(ID, USER, CREATION_TIMESTAMP, WORK_TIME, BREAK_TIME, INTERRUPTED)
VALUES (7525, 1, '2018-11-22', 0, 0, true);
INSERT INTO POMODORO(ID, USER, CREATION_TIMESTAMP, WORK_TIME, BREAK_TIME, INTERRUPTED)
VALUES (7526, 1, '2018-11-22', 0, 0, false);
INSERT INTO POMODORO(ID, USER, CREATION_TIMESTAMP, WORK_TIME, BREAK_TIME, INTERRUPTED)
VALUES (7527, 1, '2018-11-22', 0, 0, false);
INSERT INTO POMODORO(ID, USER, CREATION_TIMESTAMP, WORK_TIME, BREAK_TIME, INTERRUPTED)
VALUES (7528, 1, '2018-11-22', 0, 0, false);
INSERT INTO POMODORO(ID, USER, CREATION_TIMESTAMP, WORK_TIME, BREAK_TIME, INTERRUPTED)
VALUES (7529, 1, '2018-11-22', 0, 0, true);
INSERT INTO POMODORO(ID, USER, CREATION_TIMESTAMP, WORK_TIME, BREAK_TIME, INTERRUPTED)
VALUES (7530, 1, '2018-11-22', 0, 0, false);
INSERT INTO POMODORO(ID, USER, CREATION_TIMESTAMP, WORK_TIME, BREAK_TIME, INTERRUPTED)
VALUES (7531, 1, '2018-11-22', 0, 0, false);
INSERT INTO POMODORO(ID, USER, CREATION_TIMESTAMP, WORK_TIME, BREAK_TIME, INTERRUPTED)
VALUES (7532, 1, '2018-11-22', 0, 0, true);
INSERT INTO POMODORO(ID, USER, CREATION_TIMESTAMP, WORK_TIME, BREAK_TIME, INTERRUPTED)
VALUES (7533, 1, '2018-11-21', 0, 0, true);
INSERT INTO POMODORO(ID, USER, CREATION_TIMESTAMP, WORK_TIME, BREAK_TIME, INTERRUPTED)
VALUES (7534, 1, '2018-11-21', 0, 0, false);
INSERT INTO POMODORO(ID, USER, CREATION_TIMESTAMP, WORK_TIME, BREAK_TIME, INTERRUPTED)
VALUES (7535, 1, '2018-11-21', 0, 0, true);
INSERT INTO POMODORO(ID, USER, CREATION_TIMESTAMP, WORK_TIME, BREAK_TIME, INTERRUPTED)
VALUES (7536, 1, '2018-11-21', 0, 0, true);
INSERT INTO POMODORO(ID, USER, CREATION_TIMESTAMP, WORK_TIME, BREAK_TIME, INTERRUPTED)
VALUES (7537, 1, '2018-11-21', 0, 0, true);
INSERT INTO POMODORO(ID, USER, CREATION_TIMESTAMP, WORK_TIME, BREAK_TIME, INTERRUPTED)
VALUES (7538, 1, '2018-11-21', 0, 0, true);
INSERT INTO POMODORO(ID, USER, CREATION_TIMESTAMP, WORK_TIME, BREAK_TIME, INTERRUPTED)
VALUES (7539, 1, '2018-11-21', 0, 0, false);
INSERT INTO POMODORO(ID, USER, CREATION_TIMESTAMP, WORK_TIME, BREAK_TIME, INTERRUPTED)
VALUES (7540, 1, '2018-11-21', 0, 0, false);
INSERT INTO POMODORO(ID, USER, CREATION_TIMESTAMP, WORK_TIME, BREAK_TIME, INTERRUPTED)
VALUES (7541, 1, '2018-11-21', 0, 0, true);
INSERT INTO POMODORO(ID, USER, CREATION_TIMESTAMP, WORK_TIME, BREAK_TIME, INTERRUPTED)
VALUES (7542, 1, '2018-11-21', 0, 0, false);
INSERT INTO POMODORO(ID, USER, CREATION_TIMESTAMP, WORK_TIME, BREAK_TIME, INTERRUPTED)
VALUES (7543, 1, '2018-11-21', 0, 0, false);
INSERT INTO POMODORO(ID, USER, CREATION_TIMESTAMP, WORK_TIME, BREAK_TIME, INTERRUPTED)
VALUES (7544, 1, '2018-11-21', 0, 0, true);
INSERT INTO POMODORO(ID, USER, CREATION_TIMESTAMP, WORK_TIME, BREAK_TIME, INTERRUPTED)
VALUES (7545, 1, '2018-11-21', 0, 0, true);
INSERT INTO POMODORO(ID, USER, CREATION_TIMESTAMP, WORK_TIME, BREAK_TIME, INTERRUPTED)
VALUES (7546, 1, '2018-11-21', 0, 0, true);
INSERT INTO POMODORO(ID, USER, CREATION_TIMESTAMP, WORK_TIME, BREAK_TIME, INTERRUPTED)
VALUES (7547, 1, '2018-11-21', 0, 0, true);
INSERT INTO POMODORO(ID, USER, CREATION_TIMESTAMP, WORK_TIME, BREAK_TIME, INTERRUPTED)
VALUES (7548, 1, '2018-11-21', 0, 0, false);
INSERT INTO POMODORO(ID, USER, CREATION_TIMESTAMP, WORK_TIME, BREAK_TIME, INTERRUPTED)
VALUES (7549, 1, '2018-11-21', 0, 0, false);
INSERT INTO POMODORO(ID, USER, CREATION_TIMESTAMP, WORK_TIME, BREAK_TIME, INTERRUPTED)
VALUES (7550, 1, '2018-11-21', 0, 0, true);
INSERT INTO POMODORO(ID, USER, CREATION_TIMESTAMP, WORK_TIME, BREAK_TIME, INTERRUPTED)
VALUES (7551, 1, '2018-11-21', 0, 0, false);
INSERT INTO POMODORO(ID, USER, CREATION_TIMESTAMP, WORK_TIME, BREAK_TIME, INTERRUPTED)
VALUES (7552, 1, '2018-11-21', 0, 0, false);
INSERT INTO POMODORO(ID, USER, CREATION_TIMESTAMP, WORK_TIME, BREAK_TIME, INTERRUPTED)
VALUES (7553, 1, '2018-11-21', 0, 0, true);
INSERT INTO POMODORO(ID, USER, CREATION_TIMESTAMP, WORK_TIME, BREAK_TIME, INTERRUPTED)
VALUES (7554, 1, '2018-11-21', 0, 0, false);
INSERT INTO POMODORO(ID, USER, CREATION_TIMESTAMP, WORK_TIME, BREAK_TIME, INTERRUPTED)
VALUES (7555, 1, '2018-11-21', 0, 0, false);
INSERT INTO POMODORO(ID, USER, CREATION_TIMESTAMP, WORK_TIME, BREAK_TIME, INTERRUPTED)
VALUES (7556, 1, '2018-11-21', 0, 0, true);
INSERT INTO POMODORO(ID, USER, CREATION_TIMESTAMP, WORK_TIME, BREAK_TIME, INTERRUPTED)
VALUES (7557, 1, '2018-11-21', 0, 0, true);
INSERT INTO POMODORO(ID, USER, CREATION_TIMESTAMP, WORK_TIME, BREAK_TIME, INTERRUPTED)
VALUES (7558, 1, '2018-11-21', 0, 0, false);
INSERT INTO POMODORO(ID, USER, CREATION_TIMESTAMP, WORK_TIME, BREAK_TIME, INTERRUPTED)
VALUES (7559, 1, '2018-11-21', 0, 0, false);
INSERT INTO POMODORO(ID, USER, CREATION_TIMESTAMP, WORK_TIME, BREAK_TIME, INTERRUPTED)
VALUES (7560, 1, '2018-11-21', 0, 0, true);
INSERT INTO POMODORO(ID, USER, CREATION_TIMESTAMP, WORK_TIME, BREAK_TIME, INTERRUPTED)
VALUES (7561, 1, '2018-11-21', 0, 0, true);
INSERT INTO POMODORO(ID, USER, CREATION_TIMESTAMP, WORK_TIME, BREAK_TIME, INTERRUPTED)
VALUES (7562, 1, '2018-11-21', 0, 0, true);
INSERT INTO POMODORO(ID, USER, CREATION_TIMESTAMP, WORK_TIME, BREAK_TIME, INTERRUPTED)
VALUES (7563, 1, '2018-11-21', 0, 0, true);
INSERT INTO POMODORO(ID, USER, CREATION_TIMESTAMP, WORK_TIME, BREAK_TIME, INTERRUPTED)
VALUES (7564, 1, '2018-11-21', 0, 0, true);
INSERT INTO POMODORO(ID, USER, CREATION_TIMESTAMP, WORK_TIME, BREAK_TIME, INTERRUPTED)
VALUES (7565, 1, '2018-11-21', 0, 0, true);
INSERT INTO POMODORO(ID, USER, CREATION_TIMESTAMP, WORK_TIME, BREAK_TIME, INTERRUPTED)
VALUES (7566, 1, '2018-11-21', 0, 0, true);
INSERT INTO POMODORO(ID, USER, CREATION_TIMESTAMP, WORK_TIME, BREAK_TIME, INTERRUPTED)
VALUES (7567, 1, '2018-11-21', 0, 0, false);
INSERT INTO POMODORO(ID, USER, CREATION_TIMESTAMP, WORK_TIME, BREAK_TIME, INTERRUPTED)
VALUES (7568, 1, '2018-11-21', 0, 0, false);
INSERT INTO POMODORO(ID, USER, CREATION_TIMESTAMP, WORK_TIME, BREAK_TIME, INTERRUPTED)
VALUES (7569, 1, '2018-11-21', 0, 0, false);
INSERT INTO POMODORO(ID, USER, CREATION_TIMESTAMP, WORK_TIME, BREAK_TIME, INTERRUPTED)
VALUES (7570, 1, '2018-11-21', 0, 0, false);
INSERT INTO POMODORO(ID, USER, CREATION_TIMESTAMP, WORK_TIME, BREAK_TIME, INTERRUPTED)
VALUES (7571, 1, '2018-11-21', 0, 0, true);
INSERT INTO POMODORO(ID, USER, CREATION_TIMESTAMP, WORK_TIME, BREAK_TIME, INTERRUPTED)
VALUES (7572, 1, '2018-11-21', 0, 0, false);
INSERT INTO POMODORO(ID, USER, CREATION_TIMESTAMP, WORK_TIME, BREAK_TIME, INTERRUPTED)
VALUES (7573, 1, '2018-11-21', 0, 0, true);
INSERT INTO POMODORO(ID, USER, CREATION_TIMESTAMP, WORK_TIME, BREAK_TIME, INTERRUPTED)
VALUES (7574, 1, '2018-11-21', 0, 0, false);
INSERT INTO POMODORO(ID, USER, CREATION_TIMESTAMP, WORK_TIME, BREAK_TIME, INTERRUPTED)
VALUES (7575, 1, '2018-11-21', 0, 0, true);
INSERT INTO POMODORO(ID, USER, CREATION_TIMESTAMP, WORK_TIME, BREAK_TIME, INTERRUPTED)
VALUES (7576, 1, '2018-11-21', 0, 0, true);
INSERT INTO POMODORO(ID, USER, CREATION_TIMESTAMP, WORK_TIME, BREAK_TIME, INTERRUPTED)
VALUES (7577, 1, '2018-11-21', 0, 0, false);
INSERT INTO POMODORO(ID, USER, CREATION_TIMESTAMP, WORK_TIME, BREAK_TIME, INTERRUPTED)
VALUES (7578, 1, '2018-11-21', 0, 0, false);
INSERT INTO POMODORO(ID, USER, CREATION_TIMESTAMP, WORK_TIME, BREAK_TIME, INTERRUPTED)
VALUES (7579, 1, '2018-11-21', 0, 0, false);
INSERT INTO POMODORO(ID, USER, CREATION_TIMESTAMP, WORK_TIME, BREAK_TIME, INTERRUPTED)
VALUES (7580, 1, '2018-11-20', 0, 0, false);
INSERT INTO POMODORO(ID, USER, CREATION_TIMESTAMP, WORK_TIME, BREAK_TIME, INTERRUPTED)
VALUES (7581, 1, '2018-11-20', 0, 0, true);
INSERT INTO POMODORO(ID, USER, CREATION_TIMESTAMP, WORK_TIME, BREAK_TIME, INTERRUPTED)
VALUES (7582, 1, '2018-11-20', 0, 0, true);
INSERT INTO POMODORO(ID, USER, CREATION_TIMESTAMP, WORK_TIME, BREAK_TIME, INTERRUPTED)
VALUES (7583, 1, '2018-11-20', 0, 0, false);
INSERT INTO POMODORO(ID, USER, CREATION_TIMESTAMP, WORK_TIME, BREAK_TIME, INTERRUPTED)
VALUES (7584, 1, '2018-11-20', 0, 0, true);
INSERT INTO POMODORO(ID, USER, CREATION_TIMESTAMP, WORK_TIME, BREAK_TIME, INTERRUPTED)
VALUES (7585, 1, '2018-11-20', 0, 0, false);
INSERT INTO POMODORO(ID, USER, CREATION_TIMESTAMP, WORK_TIME, BREAK_TIME, INTERRUPTED)
VALUES (7586, 1, '2018-11-20', 0, 0, false);
INSERT INTO POMODORO(ID, USER, CREATION_TIMESTAMP, WORK_TIME, BREAK_TIME, INTERRUPTED)
VALUES (7587, 1, '2018-11-20', 0, 0, true);
INSERT INTO POMODORO(ID, USER, CREATION_TIMESTAMP, WORK_TIME, BREAK_TIME, INTERRUPTED)
VALUES (7588, 1, '2018-11-20', 0, 0, true);
INSERT INTO POMODORO(ID, USER, CREATION_TIMESTAMP, WORK_TIME, BREAK_TIME, INTERRUPTED)
VALUES (7589, 1, '2018-11-20', 0, 0, true);
INSERT INTO POMODORO(ID, USER, CREATION_TIMESTAMP, WORK_TIME, BREAK_TIME, INTERRUPTED)
VALUES (7590, 1, '2018-11-20', 0, 0, false);
INSERT INTO POMODORO(ID, USER, CREATION_TIMESTAMP, WORK_TIME, BREAK_TIME, INTERRUPTED)
VALUES (7591, 1, '2018-11-20', 0, 0, false);
INSERT INTO POMODORO(ID, USER, CREATION_TIMESTAMP, WORK_TIME, BREAK_TIME, INTERRUPTED)
VALUES (7592, 1, '2018-11-20', 0, 0, false);
INSERT INTO POMODORO(ID, USER, CREATION_TIMESTAMP, WORK_TIME, BREAK_TIME, INTERRUPTED)
VALUES (7593, 1, '2018-11-20', 0, 0, false);
INSERT INTO POMODORO(ID, USER, CREATION_TIMESTAMP, WORK_TIME, BREAK_TIME, INTERRUPTED)
VALUES (7594, 1, '2018-11-20', 0, 0, false);
INSERT INTO POMODORO(ID, USER, CREATION_TIMESTAMP, WORK_TIME, BREAK_TIME, INTERRUPTED)
VALUES (7595, 1, '2018-11-20', 0, 0, true);
INSERT INTO POMODORO(ID, USER, CREATION_TIMESTAMP, WORK_TIME, BREAK_TIME, INTERRUPTED)
VALUES (7596, 1, '2018-11-20', 0, 0, true);
INSERT INTO POMODORO(ID, USER, CREATION_TIMESTAMP, WORK_TIME, BREAK_TIME, INTERRUPTED)
VALUES (7597, 1, '2018-11-20', 0, 0, true);
INSERT INTO POMODORO(ID, USER, CREATION_TIMESTAMP, WORK_TIME, BREAK_TIME, INTERRUPTED)
VALUES (7598, 1, '2018-11-19', 0, 0, false);
INSERT INTO POMODORO(ID, USER, CREATION_TIMESTAMP, WORK_TIME, BREAK_TIME, INTERRUPTED)
VALUES (7599, 1, '2018-11-19', 0, 0, true);
INSERT INTO POMODORO(ID, USER, CREATION_TIMESTAMP, WORK_TIME, BREAK_TIME, INTERRUPTED)
VALUES (7600, 1, '2018-11-19', 0, 0, true);
INSERT INTO POMODORO(ID, USER, CREATION_TIMESTAMP, WORK_TIME, BREAK_TIME, INTERRUPTED)
VALUES (7601, 1, '2018-11-19', 0, 0, true);
INSERT INTO POMODORO(ID, USER, CREATION_TIMESTAMP, WORK_TIME, BREAK_TIME, INTERRUPTED)
VALUES (7602, 1, '2018-11-19', 0, 0, true);
INSERT INTO POMODORO(ID, USER, CREATION_TIMESTAMP, WORK_TIME, BREAK_TIME, INTERRUPTED)
VALUES (7603, 1, '2018-11-19', 0, 0, false);
INSERT INTO POMODORO(ID, USER, CREATION_TIMESTAMP, WORK_TIME, BREAK_TIME, INTERRUPTED)
VALUES (7604, 1, '2018-11-19', 0, 0, true);
INSERT INTO POMODORO(ID, USER, CREATION_TIMESTAMP, WORK_TIME, BREAK_TIME, INTERRUPTED)
VALUES (7605, 1, '2018-11-19', 0, 0, false);
INSERT INTO POMODORO(ID, USER, CREATION_TIMESTAMP, WORK_TIME, BREAK_TIME, INTERRUPTED)
VALUES (7606, 1, '2018-11-19', 0, 0, true);
INSERT INTO POMODORO(ID, USER, CREATION_TIMESTAMP, WORK_TIME, BREAK_TIME, INTERRUPTED)
VALUES (7607, 1, '2018-11-19', 0, 0, true);
INSERT INTO POMODORO(ID, USER, CREATION_TIMESTAMP, WORK_TIME, BREAK_TIME, INTERRUPTED)
VALUES (7608, 1, '2018-11-19', 0, 0, true);
INSERT INTO POMODORO(ID, USER, CREATION_TIMESTAMP, WORK_TIME, BREAK_TIME, INTERRUPTED)
VALUES (7609, 1, '2018-11-19', 0, 0, true);
INSERT INTO POMODORO(ID, USER, CREATION_TIMESTAMP, WORK_TIME, BREAK_TIME, INTERRUPTED)
VALUES (7610, 1, '2018-11-19', 0, 0, true);
INSERT INTO POMODORO(ID, USER, CREATION_TIMESTAMP, WORK_TIME, BREAK_TIME, INTERRUPTED)
VALUES (7611, 1, '2018-11-19', 0, 0, false);
INSERT INTO POMODORO(ID, USER, CREATION_TIMESTAMP, WORK_TIME, BREAK_TIME, INTERRUPTED)
VALUES (7612, 1, '2018-11-19', 0, 0, true);
INSERT INTO POMODORO(ID, USER, CREATION_TIMESTAMP, WORK_TIME, BREAK_TIME, INTERRUPTED)
VALUES (7613, 1, '2018-11-19', 0, 0, false);
INSERT INTO POMODORO(ID, USER, CREATION_TIMESTAMP, WORK_TIME, BREAK_TIME, INTERRUPTED)
VALUES (7614, 1, '2018-11-19', 0, 0, true);
INSERT INTO POMODORO(ID, USER, CREATION_TIMESTAMP, WORK_TIME, BREAK_TIME, INTERRUPTED)
VALUES (7615, 1, '2018-11-19', 0, 0, true);
INSERT INTO POMODORO(ID, USER, CREATION_TIMESTAMP, WORK_TIME, BREAK_TIME, INTERRUPTED)
VALUES (7616, 1, '2018-11-19', 0, 0, true);
INSERT INTO POMODORO(ID, USER, CREATION_TIMESTAMP, WORK_TIME, BREAK_TIME, INTERRUPTED)
VALUES (7617, 1, '2018-11-19', 0, 0, true);
INSERT INTO POMODORO(ID, USER, CREATION_TIMESTAMP, WORK_TIME, BREAK_TIME, INTERRUPTED)
VALUES (7618, 1, '2018-11-19', 0, 0, true);
INSERT INTO POMODORO(ID, USER, CREATION_TIMESTAMP, WORK_TIME, BREAK_TIME, INTERRUPTED)
VALUES (7619, 1, '2018-11-19', 0, 0, false);
INSERT INTO POMODORO(ID, USER, CREATION_TIMESTAMP, WORK_TIME, BREAK_TIME, INTERRUPTED)
VALUES (7620, 1, '2018-11-19', 0, 0, false);
INSERT INTO POMODORO(ID, USER, CREATION_TIMESTAMP, WORK_TIME, BREAK_TIME, INTERRUPTED)
VALUES (7621, 1, '2018-11-19', 0, 0, true);
INSERT INTO POMODORO(ID, USER, CREATION_TIMESTAMP, WORK_TIME, BREAK_TIME, INTERRUPTED)
VALUES (7622, 1, '2018-11-19', 0, 0, false);
INSERT INTO POMODORO(ID, USER, CREATION_TIMESTAMP, WORK_TIME, BREAK_TIME, INTERRUPTED)
VALUES (7623, 1, '2018-11-19', 0, 0, true);
INSERT INTO POMODORO(ID, USER, CREATION_TIMESTAMP, WORK_TIME, BREAK_TIME, INTERRUPTED)
VALUES (7624, 1, '2018-11-19', 0, 0, false);
INSERT INTO POMODORO(ID, USER, CREATION_TIMESTAMP, WORK_TIME, BREAK_TIME, INTERRUPTED)
VALUES (7625, 1, '2018-11-19', 0, 0, true);
INSERT INTO POMODORO(ID, USER, CREATION_TIMESTAMP, WORK_TIME, BREAK_TIME, INTERRUPTED)
VALUES (7626, 1, '2018-11-19', 0, 0, false);
INSERT INTO POMODORO(ID, USER, CREATION_TIMESTAMP, WORK_TIME, BREAK_TIME, INTERRUPTED)
VALUES (7627, 1, '2018-11-19', 0, 0, true);
INSERT INTO POMODORO(ID, USER, CREATION_TIMESTAMP, WORK_TIME, BREAK_TIME, INTERRUPTED)
VALUES (7628, 1, '2018-11-19', 0, 0, true);
INSERT INTO POMODORO(ID, USER, CREATION_TIMESTAMP, WORK_TIME, BREAK_TIME, INTERRUPTED)
VALUES (7629, 1, '2018-11-19', 0, 0, true);
INSERT INTO POMODORO(ID, USER, CREATION_TIMESTAMP, WORK_TIME, BREAK_TIME, INTERRUPTED)
VALUES (7630, 1, '2018-11-19', 0, 0, false);
INSERT INTO POMODORO(ID, USER, CREATION_TIMESTAMP, WORK_TIME, BREAK_TIME, INTERRUPTED)
VALUES (7631, 1, '2018-11-19', 0, 0, false);
INSERT INTO POMODORO(ID, USER, CREATION_TIMESTAMP, WORK_TIME, BREAK_TIME, INTERRUPTED)
VALUES (7632, 1, '2018-11-19', 0, 0, false);
INSERT INTO POMODORO(ID, USER, CREATION_TIMESTAMP, WORK_TIME, BREAK_TIME, INTERRUPTED)
VALUES (7633, 1, '2018-11-19', 0, 0, false);
INSERT INTO POMODORO(ID, USER, CREATION_TIMESTAMP, WORK_TIME, BREAK_TIME, INTERRUPTED)
VALUES (7634, 1, '2018-11-19', 0, 0, true);
INSERT INTO POMODORO(ID, USER, CREATION_TIMESTAMP, WORK_TIME, BREAK_TIME, INTERRUPTED)
VALUES (7635, 1, '2018-11-19', 0, 0, false);
INSERT INTO POMODORO(ID, USER, CREATION_TIMESTAMP, WORK_TIME, BREAK_TIME, INTERRUPTED)
VALUES (7636, 1, '2018-11-18', 0, 0, true);
INSERT INTO POMODORO(ID, USER, CREATION_TIMESTAMP, WORK_TIME, BREAK_TIME, INTERRUPTED)
VALUES (7637, 1, '2018-11-18', 0, 0, false);
INSERT INTO POMODORO(ID, USER, CREATION_TIMESTAMP, WORK_TIME, BREAK_TIME, INTERRUPTED)
VALUES (7638, 1, '2018-11-18', 0, 0, false);
INSERT INTO POMODORO(ID, USER, CREATION_TIMESTAMP, WORK_TIME, BREAK_TIME, INTERRUPTED)
VALUES (7639, 1, '2018-11-18', 0, 0, true);
INSERT INTO POMODORO(ID, USER, CREATION_TIMESTAMP, WORK_TIME, BREAK_TIME, INTERRUPTED)
VALUES (7640, 1, '2018-11-18', 0, 0, true);
INSERT INTO POMODORO(ID, USER, CREATION_TIMESTAMP, WORK_TIME, BREAK_TIME, INTERRUPTED)
VALUES (7641, 1, '2018-11-18', 0, 0, false);
INSERT INTO POMODORO(ID, USER, CREATION_TIMESTAMP, WORK_TIME, BREAK_TIME, INTERRUPTED)
VALUES (7642, 1, '2018-11-18', 0, 0, true);
INSERT INTO POMODORO(ID, USER, CREATION_TIMESTAMP, WORK_TIME, BREAK_TIME, INTERRUPTED)
VALUES (7643, 1, '2018-11-18', 0, 0, false);
INSERT INTO POMODORO(ID, USER, CREATION_TIMESTAMP, WORK_TIME, BREAK_TIME, INTERRUPTED)
VALUES (7644, 1, '2018-11-18', 0, 0, false);
INSERT INTO POMODORO(ID, USER, CREATION_TIMESTAMP, WORK_TIME, BREAK_TIME, INTERRUPTED)
VALUES (7645, 1, '2018-11-18', 0, 0, false);
INSERT INTO POMODORO(ID, USER, CREATION_TIMESTAMP, WORK_TIME, BREAK_TIME, INTERRUPTED)
VALUES (7646, 1, '2018-11-18', 0, 0, false);
INSERT INTO POMODORO(ID, USER, CREATION_TIMESTAMP, WORK_TIME, BREAK_TIME, INTERRUPTED)
VALUES (7647, 1, '2018-11-18', 0, 0, true);
INSERT INTO POMODORO(ID, USER, CREATION_TIMESTAMP, WORK_TIME, BREAK_TIME, INTERRUPTED)
VALUES (7648, 1, '2018-11-18', 0, 0, true);
INSERT INTO POMODORO(ID, USER, CREATION_TIMESTAMP, WORK_TIME, BREAK_TIME, INTERRUPTED)
VALUES (7649, 1, '2018-11-18', 0, 0, true);
INSERT INTO POMODORO(ID, USER, CREATION_TIMESTAMP, WORK_TIME, BREAK_TIME, INTERRUPTED)
VALUES (7650, 1, '2018-11-18', 0, 0, true);
INSERT INTO POMODORO(ID, USER, CREATION_TIMESTAMP, WORK_TIME, BREAK_TIME, INTERRUPTED)
VALUES (7651, 1, '2018-11-18', 0, 0, true);
INSERT INTO POMODORO(ID, USER, CREATION_TIMESTAMP, WORK_TIME, BREAK_TIME, INTERRUPTED)
VALUES (7652, 1, '2018-11-18', 0, 0, false);
INSERT INTO POMODORO(ID, USER, CREATION_TIMESTAMP, WORK_TIME, BREAK_TIME, INTERRUPTED)
VALUES (7653, 1, '2018-11-18', 0, 0, false);
INSERT INTO POMODORO(ID, USER, CREATION_TIMESTAMP, WORK_TIME, BREAK_TIME, INTERRUPTED)
VALUES (7654, 1, '2018-11-18', 0, 0, true);
INSERT INTO POMODORO(ID, USER, CREATION_TIMESTAMP, WORK_TIME, BREAK_TIME, INTERRUPTED)
VALUES (7655, 1, '2018-11-18', 0, 0, true);
INSERT INTO POMODORO(ID, USER, CREATION_TIMESTAMP, WORK_TIME, BREAK_TIME, INTERRUPTED)
VALUES (7656, 1, '2018-11-18', 0, 0, false);
INSERT INTO POMODORO(ID, USER, CREATION_TIMESTAMP, WORK_TIME, BREAK_TIME, INTERRUPTED)
VALUES (7657, 1, '2018-11-18', 0, 0, false);
INSERT INTO POMODORO(ID, USER, CREATION_TIMESTAMP, WORK_TIME, BREAK_TIME, INTERRUPTED)
VALUES (7658, 1, '2018-11-18', 0, 0, true);
INSERT INTO POMODORO(ID, USER, CREATION_TIMESTAMP, WORK_TIME, BREAK_TIME, INTERRUPTED)
VALUES (7659, 1, '2018-11-18', 0, 0, false);
INSERT INTO POMODORO(ID, USER, CREATION_TIMESTAMP, WORK_TIME, BREAK_TIME, INTERRUPTED)
VALUES (7660, 1, '2018-11-18', 0, 0, true);
INSERT INTO POMODORO(ID, USER, CREATION_TIMESTAMP, WORK_TIME, BREAK_TIME, INTERRUPTED)
VALUES (7661, 1, '2018-11-18', 0, 0, false);
INSERT INTO POMODORO(ID, USER, CREATION_TIMESTAMP, WORK_TIME, BREAK_TIME, INTERRUPTED)
VALUES (7662, 1, '2018-11-18', 0, 0, true);
INSERT INTO POMODORO(ID, USER, CREATION_TIMESTAMP, WORK_TIME, BREAK_TIME, INTERRUPTED)
VALUES (7663, 1, '2018-11-18', 0, 0, false);
INSERT INTO POMODORO(ID, USER, CREATION_TIMESTAMP, WORK_TIME, BREAK_TIME, INTERRUPTED)
VALUES (7664, 1, '2018-11-18', 0, 0, false);
INSERT INTO POMODORO(ID, USER, CREATION_TIMESTAMP, WORK_TIME, BREAK_TIME, INTERRUPTED)
VALUES (7665, 1, '2018-11-18', 0, 0, false);
INSERT INTO POMODORO(ID, USER, CREATION_TIMESTAMP, WORK_TIME, BREAK_TIME, INTERRUPTED)
VALUES (7666, 1, '2018-11-18', 0, 0, false);
INSERT INTO POMODORO(ID, USER, CREATION_TIMESTAMP, WORK_TIME, BREAK_TIME, INTERRUPTED)
VALUES (7667, 1, '2018-11-18', 0, 0, true);
INSERT INTO POMODORO(ID, USER, CREATION_TIMESTAMP, WORK_TIME, BREAK_TIME, INTERRUPTED)
VALUES (7668, 1, '2018-11-18', 0, 0, true);
INSERT INTO POMODORO(ID, USER, CREATION_TIMESTAMP, WORK_TIME, BREAK_TIME, INTERRUPTED)
VALUES (7669, 1, '2018-11-18', 0, 0, true);
INSERT INTO POMODORO(ID, USER, CREATION_TIMESTAMP, WORK_TIME, BREAK_TIME, INTERRUPTED)
VALUES (7670, 1, '2018-11-18', 0, 0, false);
INSERT INTO POMODORO(ID, USER, CREATION_TIMESTAMP, WORK_TIME, BREAK_TIME, INTERRUPTED)
VALUES (7671, 1, '2018-11-18', 0, 0, true);
INSERT INTO POMODORO(ID, USER, CREATION_TIMESTAMP, WORK_TIME, BREAK_TIME, INTERRUPTED)
VALUES (7672, 1, '2018-11-17', 0, 0, false);
INSERT INTO POMODORO(ID, USER, CREATION_TIMESTAMP, WORK_TIME, BREAK_TIME, INTERRUPTED)
VALUES (7673, 1, '2018-11-17', 0, 0, true);
INSERT INTO POMODORO(ID, USER, CREATION_TIMESTAMP, WORK_TIME, BREAK_TIME, INTERRUPTED)
VALUES (7674, 1, '2018-11-17', 0, 0, true);
INSERT INTO POMODORO(ID, USER, CREATION_TIMESTAMP, WORK_TIME, BREAK_TIME, INTERRUPTED)
VALUES (7675, 1, '2018-11-17', 0, 0, false);
INSERT INTO POMODORO(ID, USER, CREATION_TIMESTAMP, WORK_TIME, BREAK_TIME, INTERRUPTED)
VALUES (7676, 1, '2018-11-17', 0, 0, false);
INSERT INTO POMODORO(ID, USER, CREATION_TIMESTAMP, WORK_TIME, BREAK_TIME, INTERRUPTED)
VALUES (7677, 1, '2018-11-17', 0, 0, true);
INSERT INTO POMODORO(ID, USER, CREATION_TIMESTAMP, WORK_TIME, BREAK_TIME, INTERRUPTED)
VALUES (7678, 1, '2018-11-17', 0, 0, true);
INSERT INTO POMODORO(ID, USER, CREATION_TIMESTAMP, WORK_TIME, BREAK_TIME, INTERRUPTED)
VALUES (7679, 1, '2018-11-17', 0, 0, true);
INSERT INTO POMODORO(ID, USER, CREATION_TIMESTAMP, WORK_TIME, BREAK_TIME, INTERRUPTED)
VALUES (7680, 1, '2018-11-17', 0, 0, false);
INSERT INTO POMODORO(ID, USER, CREATION_TIMESTAMP, WORK_TIME, BREAK_TIME, INTERRUPTED)
VALUES (7681, 1, '2018-11-17', 0, 0, false);
INSERT INTO POMODORO(ID, USER, CREATION_TIMESTAMP, WORK_TIME, BREAK_TIME, INTERRUPTED)
VALUES (7682, 1, '2018-11-17', 0, 0, false);
INSERT INTO POMODORO(ID, USER, CREATION_TIMESTAMP, WORK_TIME, BREAK_TIME, INTERRUPTED)
VALUES (7683, 1, '2018-11-17', 0, 0, true);
INSERT INTO POMODORO(ID, USER, CREATION_TIMESTAMP, WORK_TIME, BREAK_TIME, INTERRUPTED)
VALUES (7684, 1, '2018-11-17', 0, 0, true);
INSERT INTO POMODORO(ID, USER, CREATION_TIMESTAMP, WORK_TIME, BREAK_TIME, INTERRUPTED)
VALUES (7685, 1, '2018-11-17', 0, 0, false);
INSERT INTO POMODORO(ID, USER, CREATION_TIMESTAMP, WORK_TIME, BREAK_TIME, INTERRUPTED)
VALUES (7686, 1, '2018-11-17', 0, 0, true);
INSERT INTO POMODORO(ID, USER, CREATION_TIMESTAMP, WORK_TIME, BREAK_TIME, INTERRUPTED)
VALUES (7687, 1, '2018-11-17', 0, 0, true);
INSERT INTO POMODORO(ID, USER, CREATION_TIMESTAMP, WORK_TIME, BREAK_TIME, INTERRUPTED)
VALUES (7688, 1, '2018-11-17', 0, 0, false);
INSERT INTO POMODORO(ID, USER, CREATION_TIMESTAMP, WORK_TIME, BREAK_TIME, INTERRUPTED)
VALUES (7689, 1, '2018-11-17', 0, 0, true);
INSERT INTO POMODORO(ID, USER, CREATION_TIMESTAMP, WORK_TIME, BREAK_TIME, INTERRUPTED)
VALUES (7690, 1, '2018-11-17', 0, 0, true);
INSERT INTO POMODORO(ID, USER, CREATION_TIMESTAMP, WORK_TIME, BREAK_TIME, INTERRUPTED)
VALUES (7691, 1, '2018-11-17', 0, 0, true);
INSERT INTO POMODORO(ID, USER, CREATION_TIMESTAMP, WORK_TIME, BREAK_TIME, INTERRUPTED)
VALUES (7692, 1, '2018-11-17', 0, 0, false);
INSERT INTO POMODORO(ID, USER, CREATION_TIMESTAMP, WORK_TIME, BREAK_TIME, INTERRUPTED)
VALUES (7693, 1, '2018-11-17', 0, 0, false);
INSERT INTO POMODORO(ID, USER, CREATION_TIMESTAMP, WORK_TIME, BREAK_TIME, INTERRUPTED)
VALUES (7694, 1, '2018-11-17', 0, 0, true);
INSERT INTO POMODORO(ID, USER, CREATION_TIMESTAMP, WORK_TIME, BREAK_TIME, INTERRUPTED)
VALUES (7695, 1, '2018-11-17', 0, 0, true);
INSERT INTO POMODORO(ID, USER, CREATION_TIMESTAMP, WORK_TIME, BREAK_TIME, INTERRUPTED)
VALUES (7696, 1, '2018-11-17', 0, 0, true);
INSERT INTO POMODORO(ID, USER, CREATION_TIMESTAMP, WORK_TIME, BREAK_TIME, INTERRUPTED)
VALUES (7697, 1, '2018-11-17', 0, 0, false);
INSERT INTO POMODORO(ID, USER, CREATION_TIMESTAMP, WORK_TIME, BREAK_TIME, INTERRUPTED)
VALUES (7698, 1, '2018-11-17', 0, 0, true);
INSERT INTO POMODORO(ID, USER, CREATION_TIMESTAMP, WORK_TIME, BREAK_TIME, INTERRUPTED)
VALUES (7699, 1, '2018-11-17', 0, 0, true);
INSERT INTO POMODORO(ID, USER, CREATION_TIMESTAMP, WORK_TIME, BREAK_TIME, INTERRUPTED)
VALUES (7700, 1, '2018-11-17', 0, 0, true);
INSERT INTO POMODORO(ID, USER, CREATION_TIMESTAMP, WORK_TIME, BREAK_TIME, INTERRUPTED)
VALUES (7701, 1, '2018-11-17', 0, 0, true);
INSERT INTO POMODORO(ID, USER, CREATION_TIMESTAMP, WORK_TIME, BREAK_TIME, INTERRUPTED)
VALUES (7702, 1, '2018-11-17', 0, 0, true);
INSERT INTO POMODORO(ID, USER, CREATION_TIMESTAMP, WORK_TIME, BREAK_TIME, INTERRUPTED)
VALUES (7703, 1, '2018-11-17', 0, 0, false);
INSERT INTO POMODORO(ID, USER, CREATION_TIMESTAMP, WORK_TIME, BREAK_TIME, INTERRUPTED)
VALUES (7704, 1, '2018-11-17', 0, 0, true);
INSERT INTO POMODORO(ID, USER, CREATION_TIMESTAMP, WORK_TIME, BREAK_TIME, INTERRUPTED)
VALUES (7705, 1, '2018-11-17', 0, 0, false);
INSERT INTO POMODORO(ID, USER, CREATION_TIMESTAMP, WORK_TIME, BREAK_TIME, INTERRUPTED)
VALUES (7706, 1, '2018-11-17', 0, 0, true);
INSERT INTO POMODORO(ID, USER, CREATION_TIMESTAMP, WORK_TIME, BREAK_TIME, INTERRUPTED)
VALUES (7707, 1, '2018-11-17', 0, 0, false);
INSERT INTO POMODORO(ID, USER, CREATION_TIMESTAMP, WORK_TIME, BREAK_TIME, INTERRUPTED)
VALUES (7708, 1, '2018-11-17', 0, 0, true);
INSERT INTO POMODORO(ID, USER, CREATION_TIMESTAMP, WORK_TIME, BREAK_TIME, INTERRUPTED)
VALUES (7709, 1, '2018-11-17', 0, 0, true);
INSERT INTO POMODORO(ID, USER, CREATION_TIMESTAMP, WORK_TIME, BREAK_TIME, INTERRUPTED)
VALUES (7710, 1, '2018-11-17', 0, 0, true);
INSERT INTO POMODORO(ID, USER, CREATION_TIMESTAMP, WORK_TIME, BREAK_TIME, INTERRUPTED)
VALUES (7711, 1, '2018-11-17', 0, 0, true);
INSERT INTO POMODORO(ID, USER, CREATION_TIMESTAMP, WORK_TIME, BREAK_TIME, INTERRUPTED)
VALUES (7712, 1, '2018-11-16', 0, 0, true);
INSERT INTO POMODORO(ID, USER, CREATION_TIMESTAMP, WORK_TIME, BREAK_TIME, INTERRUPTED)
VALUES (7713, 1, '2018-11-16', 0, 0, true);
INSERT INTO POMODORO(ID, USER, CREATION_TIMESTAMP, WORK_TIME, BREAK_TIME, INTERRUPTED)
VALUES (7714, 1, '2018-11-16', 0, 0, true);
INSERT INTO POMODORO(ID, USER, CREATION_TIMESTAMP, WORK_TIME, BREAK_TIME, INTERRUPTED)
VALUES (7715, 1, '2018-11-16', 0, 0, true);
INSERT INTO POMODORO(ID, USER, CREATION_TIMESTAMP, WORK_TIME, BREAK_TIME, INTERRUPTED)
VALUES (7716, 1, '2018-11-15', 0, 0, true);
INSERT INTO POMODORO(ID, USER, CREATION_TIMESTAMP, WORK_TIME, BREAK_TIME, INTERRUPTED)
VALUES (7717, 1, '2018-11-15', 0, 0, false);
INSERT INTO POMODORO(ID, USER, CREATION_TIMESTAMP, WORK_TIME, BREAK_TIME, INTERRUPTED)
VALUES (7718, 1, '2018-11-15', 0, 0, true);
INSERT INTO POMODORO(ID, USER, CREATION_TIMESTAMP, WORK_TIME, BREAK_TIME, INTERRUPTED)
VALUES (7719, 1, '2018-11-15', 0, 0, false);
INSERT INTO POMODORO(ID, USER, CREATION_TIMESTAMP, WORK_TIME, BREAK_TIME, INTERRUPTED)
VALUES (7720, 1, '2018-11-15', 0, 0, true);
INSERT INTO POMODORO(ID, USER, CREATION_TIMESTAMP, WORK_TIME, BREAK_TIME, INTERRUPTED)
VALUES (7721, 1, '2018-11-15', 0, 0, false);
INSERT INTO POMODORO(ID, USER, CREATION_TIMESTAMP, WORK_TIME, BREAK_TIME, INTERRUPTED)
VALUES (7722, 1, '2018-11-15', 0, 0, false);
INSERT INTO POMODORO(ID, USER, CREATION_TIMESTAMP, WORK_TIME, BREAK_TIME, INTERRUPTED)
VALUES (7723, 1, '2018-11-15', 0, 0, true);
INSERT INTO POMODORO(ID, USER, CREATION_TIMESTAMP, WORK_TIME, BREAK_TIME, INTERRUPTED)
VALUES (7724, 1, '2018-11-15', 0, 0, false);
INSERT INTO POMODORO(ID, USER, CREATION_TIMESTAMP, WORK_TIME, BREAK_TIME, INTERRUPTED)
VALUES (7725, 1, '2018-11-15', 0, 0, false);
INSERT INTO POMODORO(ID, USER, CREATION_TIMESTAMP, WORK_TIME, BREAK_TIME, INTERRUPTED)
VALUES (7726, 1, '2018-11-15', 0, 0, true);
INSERT INTO POMODORO(ID, USER, CREATION_TIMESTAMP, WORK_TIME, BREAK_TIME, INTERRUPTED)
VALUES (7727, 1, '2018-11-15', 0, 0, true);
INSERT INTO POMODORO(ID, USER, CREATION_TIMESTAMP, WORK_TIME, BREAK_TIME, INTERRUPTED)
VALUES (7728, 1, '2018-11-15', 0, 0, false);
INSERT INTO POMODORO(ID, USER, CREATION_TIMESTAMP, WORK_TIME, BREAK_TIME, INTERRUPTED)
VALUES (7729, 1, '2018-11-15', 0, 0, false);
INSERT INTO POMODORO(ID, USER, CREATION_TIMESTAMP, WORK_TIME, BREAK_TIME, INTERRUPTED)
VALUES (7730, 1, '2018-11-15', 0, 0, true);
INSERT INTO POMODORO(ID, USER, CREATION_TIMESTAMP, WORK_TIME, BREAK_TIME, INTERRUPTED)
VALUES (7731, 1, '2018-11-15', 0, 0, false);
INSERT INTO POMODORO(ID, USER, CREATION_TIMESTAMP, WORK_TIME, BREAK_TIME, INTERRUPTED)
VALUES (7732, 1, '2018-11-15', 0, 0, false);
INSERT INTO POMODORO(ID, USER, CREATION_TIMESTAMP, WORK_TIME, BREAK_TIME, INTERRUPTED)
VALUES (7733, 1, '2018-11-15', 0, 0, false);
INSERT INTO POMODORO(ID, USER, CREATION_TIMESTAMP, WORK_TIME, BREAK_TIME, INTERRUPTED)
VALUES (7734, 1, '2018-11-15', 0, 0, false);
INSERT INTO POMODORO(ID, USER, CREATION_TIMESTAMP, WORK_TIME, BREAK_TIME, INTERRUPTED)
VALUES (7735, 1, '2018-11-15', 0, 0, false);
INSERT INTO POMODORO(ID, USER, CREATION_TIMESTAMP, WORK_TIME, BREAK_TIME, INTERRUPTED)
VALUES (7736, 1, '2018-11-15', 0, 0, false);
INSERT INTO POMODORO(ID, USER, CREATION_TIMESTAMP, WORK_TIME, BREAK_TIME, INTERRUPTED)
VALUES (7737, 1, '2018-11-14', 0, 0, true);
INSERT INTO POMODORO(ID, USER, CREATION_TIMESTAMP, WORK_TIME, BREAK_TIME, INTERRUPTED)
VALUES (7738, 1, '2018-11-14', 0, 0, false);
INSERT INTO POMODORO(ID, USER, CREATION_TIMESTAMP, WORK_TIME, BREAK_TIME, INTERRUPTED)
VALUES (7739, 1, '2018-11-14', 0, 0, true);
INSERT INTO POMODORO(ID, USER, CREATION_TIMESTAMP, WORK_TIME, BREAK_TIME, INTERRUPTED)
VALUES (7740, 1, '2018-11-14', 0, 0, false);
INSERT INTO POMODORO(ID, USER, CREATION_TIMESTAMP, WORK_TIME, BREAK_TIME, INTERRUPTED)
VALUES (7741, 1, '2018-11-14', 0, 0, false);
INSERT INTO POMODORO(ID, USER, CREATION_TIMESTAMP, WORK_TIME, BREAK_TIME, INTERRUPTED)
VALUES (7742, 1, '2018-11-14', 0, 0, true);
INSERT INTO POMODORO(ID, USER, CREATION_TIMESTAMP, WORK_TIME, BREAK_TIME, INTERRUPTED)
VALUES (7743, 1, '2018-11-14', 0, 0, false);
INSERT INTO POMODORO(ID, USER, CREATION_TIMESTAMP, WORK_TIME, BREAK_TIME, INTERRUPTED)
VALUES (7744, 1, '2018-11-14', 0, 0, true);
INSERT INTO POMODORO(ID, USER, CREATION_TIMESTAMP, WORK_TIME, BREAK_TIME, INTERRUPTED)
VALUES (7745, 1, '2018-11-14', 0, 0, false);
INSERT INTO POMODORO(ID, USER, CREATION_TIMESTAMP, WORK_TIME, BREAK_TIME, INTERRUPTED)
VALUES (7746, 1, '2018-11-14', 0, 0, true);
INSERT INTO POMODORO(ID, USER, CREATION_TIMESTAMP, WORK_TIME, BREAK_TIME, INTERRUPTED)
VALUES (7747, 1, '2018-11-14', 0, 0, false);
INSERT INTO POMODORO(ID, USER, CREATION_TIMESTAMP, WORK_TIME, BREAK_TIME, INTERRUPTED)
VALUES (7748, 1, '2018-11-14', 0, 0, true);
INSERT INTO POMODORO(ID, USER, CREATION_TIMESTAMP, WORK_TIME, BREAK_TIME, INTERRUPTED)
VALUES (7749, 1, '2018-11-14', 0, 0, false);
INSERT INTO POMODORO(ID, USER, CREATION_TIMESTAMP, WORK_TIME, BREAK_TIME, INTERRUPTED)
VALUES (7750, 1, '2018-11-14', 0, 0, true);
INSERT INTO POMODORO(ID, USER, CREATION_TIMESTAMP, WORK_TIME, BREAK_TIME, INTERRUPTED)
VALUES (7751, 1, '2018-11-14', 0, 0, true);
INSERT INTO POMODORO(ID, USER, CREATION_TIMESTAMP, WORK_TIME, BREAK_TIME, INTERRUPTED)
VALUES (7752, 1, '2018-11-14', 0, 0, true);
INSERT INTO POMODORO(ID, USER, CREATION_TIMESTAMP, WORK_TIME, BREAK_TIME, INTERRUPTED)
VALUES (7753, 1, '2018-11-14', 0, 0, true);
INSERT INTO POMODORO(ID, USER, CREATION_TIMESTAMP, WORK_TIME, BREAK_TIME, INTERRUPTED)
VALUES (7754, 1, '2018-11-14', 0, 0, false);
INSERT INTO POMODORO(ID, USER, CREATION_TIMESTAMP, WORK_TIME, BREAK_TIME, INTERRUPTED)
VALUES (7755, 1, '2018-11-14', 0, 0, true);
INSERT INTO POMODORO(ID, USER, CREATION_TIMESTAMP, WORK_TIME, BREAK_TIME, INTERRUPTED)
VALUES (7756, 1, '2018-11-14', 0, 0, false);
INSERT INTO POMODORO(ID, USER, CREATION_TIMESTAMP, WORK_TIME, BREAK_TIME, INTERRUPTED)
VALUES (7757, 1, '2018-11-14', 0, 0, false);
INSERT INTO POMODORO(ID, USER, CREATION_TIMESTAMP, WORK_TIME, BREAK_TIME, INTERRUPTED)
VALUES (7758, 1, '2018-11-14', 0, 0, false);
INSERT INTO POMODORO(ID, USER, CREATION_TIMESTAMP, WORK_TIME, BREAK_TIME, INTERRUPTED)
VALUES (7759, 1, '2018-11-14', 0, 0, false);
INSERT INTO POMODORO(ID, USER, CREATION_TIMESTAMP, WORK_TIME, BREAK_TIME, INTERRUPTED)
VALUES (7760, 1, '2018-11-14', 0, 0, false);
INSERT INTO POMODORO(ID, USER, CREATION_TIMESTAMP, WORK_TIME, BREAK_TIME, INTERRUPTED)
VALUES (7761, 1, '2018-11-14', 0, 0, true);
INSERT INTO POMODORO(ID, USER, CREATION_TIMESTAMP, WORK_TIME, BREAK_TIME, INTERRUPTED)
VALUES (7762, 1, '2018-11-14', 0, 0, false);
INSERT INTO POMODORO(ID, USER, CREATION_TIMESTAMP, WORK_TIME, BREAK_TIME, INTERRUPTED)
VALUES (7763, 1, '2018-11-14', 0, 0, false);
INSERT INTO POMODORO(ID, USER, CREATION_TIMESTAMP, WORK_TIME, BREAK_TIME, INTERRUPTED)
VALUES (7764, 1, '2018-11-14', 0, 0, true);
INSERT INTO POMODORO(ID, USER, CREATION_TIMESTAMP, WORK_TIME, BREAK_TIME, INTERRUPTED)
VALUES (7765, 1, '2018-11-14', 0, 0, true);
INSERT INTO POMODORO(ID, USER, CREATION_TIMESTAMP, WORK_TIME, BREAK_TIME, INTERRUPTED)
VALUES (7766, 1, '2018-11-14', 0, 0, false);
INSERT INTO POMODORO(ID, USER, CREATION_TIMESTAMP, WORK_TIME, BREAK_TIME, INTERRUPTED)
VALUES (7767, 1, '2018-11-14', 0, 0, false);
INSERT INTO POMODORO(ID, USER, CREATION_TIMESTAMP, WORK_TIME, BREAK_TIME, INTERRUPTED)
VALUES (7768, 1, '2018-11-14', 0, 0, false);
INSERT INTO POMODORO(ID, USER, CREATION_TIMESTAMP, WORK_TIME, BREAK_TIME, INTERRUPTED)
VALUES (7769, 1, '2018-11-14', 0, 0, false);
INSERT INTO POMODORO(ID, USER, CREATION_TIMESTAMP, WORK_TIME, BREAK_TIME, INTERRUPTED)
VALUES (7770, 1, '2018-11-14', 0, 0, true);
INSERT INTO POMODORO(ID, USER, CREATION_TIMESTAMP, WORK_TIME, BREAK_TIME, INTERRUPTED)
VALUES (7771, 1, '2018-11-14', 0, 0, false);
INSERT INTO POMODORO(ID, USER, CREATION_TIMESTAMP, WORK_TIME, BREAK_TIME, INTERRUPTED)
VALUES (7772, 1, '2018-11-14', 0, 0, true);
INSERT INTO POMODORO(ID, USER, CREATION_TIMESTAMP, WORK_TIME, BREAK_TIME, INTERRUPTED)
VALUES (7773, 1, '2018-11-14', 0, 0, true);
INSERT INTO POMODORO(ID, USER, CREATION_TIMESTAMP, WORK_TIME, BREAK_TIME, INTERRUPTED)
VALUES (7774, 1, '2018-11-13', 0, 0, true);
INSERT INTO POMODORO(ID, USER, CREATION_TIMESTAMP, WORK_TIME, BREAK_TIME, INTERRUPTED)
VALUES (7775, 1, '2018-11-13', 0, 0, true);
INSERT INTO POMODORO(ID, USER, CREATION_TIMESTAMP, WORK_TIME, BREAK_TIME, INTERRUPTED)
VALUES (7776, 1, '2018-11-13', 0, 0, true);
INSERT INTO POMODORO(ID, USER, CREATION_TIMESTAMP, WORK_TIME, BREAK_TIME, INTERRUPTED)
VALUES (7777, 1, '2018-11-13', 0, 0, true);
INSERT INTO POMODORO(ID, USER, CREATION_TIMESTAMP, WORK_TIME, BREAK_TIME, INTERRUPTED)
VALUES (7778, 1, '2018-11-13', 0, 0, true);
INSERT INTO POMODORO(ID, USER, CREATION_TIMESTAMP, WORK_TIME, BREAK_TIME, INTERRUPTED)
VALUES (7779, 1, '2018-11-13', 0, 0, false);
INSERT INTO POMODORO(ID, USER, CREATION_TIMESTAMP, WORK_TIME, BREAK_TIME, INTERRUPTED)
VALUES (7780, 1, '2018-11-13', 0, 0, false);
INSERT INTO POMODORO(ID, USER, CREATION_TIMESTAMP, WORK_TIME, BREAK_TIME, INTERRUPTED)
VALUES (7781, 1, '2018-11-13', 0, 0, false);
INSERT INTO POMODORO(ID, USER, CREATION_TIMESTAMP, WORK_TIME, BREAK_TIME, INTERRUPTED)
VALUES (7782, 1, '2018-11-12', 0, 0, true);
INSERT INTO POMODORO(ID, USER, CREATION_TIMESTAMP, WORK_TIME, BREAK_TIME, INTERRUPTED)
VALUES (7783, 1, '2018-11-12', 0, 0, true);
INSERT INTO POMODORO(ID, USER, CREATION_TIMESTAMP, WORK_TIME, BREAK_TIME, INTERRUPTED)
VALUES (7784, 1, '2018-11-12', 0, 0, true);
INSERT INTO POMODORO(ID, USER, CREATION_TIMESTAMP, WORK_TIME, BREAK_TIME, INTERRUPTED)
VALUES (7785, 1, '2018-11-12', 0, 0, false);
INSERT INTO POMODORO(ID, USER, CREATION_TIMESTAMP, WORK_TIME, BREAK_TIME, INTERRUPTED)
VALUES (7786, 1, '2018-11-12', 0, 0, false);
INSERT INTO POMODORO(ID, USER, CREATION_TIMESTAMP, WORK_TIME, BREAK_TIME, INTERRUPTED)
VALUES (7787, 1, '2018-11-12', 0, 0, false);
INSERT INTO POMODORO(ID, USER, CREATION_TIMESTAMP, WORK_TIME, BREAK_TIME, INTERRUPTED)
VALUES (7788, 1, '2018-11-12', 0, 0, false);
INSERT INTO POMODORO(ID, USER, CREATION_TIMESTAMP, WORK_TIME, BREAK_TIME, INTERRUPTED)
VALUES (7789, 1, '2018-11-12', 0, 0, false);
INSERT INTO POMODORO(ID, USER, CREATION_TIMESTAMP, WORK_TIME, BREAK_TIME, INTERRUPTED)
VALUES (7790, 1, '2018-11-12', 0, 0, true);
INSERT INTO POMODORO(ID, USER, CREATION_TIMESTAMP, WORK_TIME, BREAK_TIME, INTERRUPTED)
VALUES (7791, 1, '2018-11-12', 0, 0, false);
INSERT INTO POMODORO(ID, USER, CREATION_TIMESTAMP, WORK_TIME, BREAK_TIME, INTERRUPTED)
VALUES (7792, 1, '2018-11-12', 0, 0, true);
INSERT INTO POMODORO(ID, USER, CREATION_TIMESTAMP, WORK_TIME, BREAK_TIME, INTERRUPTED)
VALUES (7793, 1, '2018-11-12', 0, 0, true);
INSERT INTO POMODORO(ID, USER, CREATION_TIMESTAMP, WORK_TIME, BREAK_TIME, INTERRUPTED)
VALUES (7794, 1, '2018-11-12', 0, 0, false);
INSERT INTO POMODORO(ID, USER, CREATION_TIMESTAMP, WORK_TIME, BREAK_TIME, INTERRUPTED)
VALUES (7795, 1, '2018-11-12', 0, 0, true);
INSERT INTO POMODORO(ID, USER, CREATION_TIMESTAMP, WORK_TIME, BREAK_TIME, INTERRUPTED)
VALUES (7796, 1, '2018-11-12', 0, 0, true);
INSERT INTO POMODORO(ID, USER, CREATION_TIMESTAMP, WORK_TIME, BREAK_TIME, INTERRUPTED)
VALUES (7797, 1, '2018-11-12', 0, 0, true);
INSERT INTO POMODORO(ID, USER, CREATION_TIMESTAMP, WORK_TIME, BREAK_TIME, INTERRUPTED)
VALUES (7798, 1, '2018-11-12', 0, 0, false);
INSERT INTO POMODORO(ID, USER, CREATION_TIMESTAMP, WORK_TIME, BREAK_TIME, INTERRUPTED)
VALUES (7799, 1, '2018-11-12', 0, 0, false);
INSERT INTO POMODORO(ID, USER, CREATION_TIMESTAMP, WORK_TIME, BREAK_TIME, INTERRUPTED)
VALUES (7800, 1, '2018-11-12', 0, 0, false);
INSERT INTO POMODORO(ID, USER, CREATION_TIMESTAMP, WORK_TIME, BREAK_TIME, INTERRUPTED)
VALUES (7801, 1, '2018-11-12', 0, 0, false);
INSERT INTO POMODORO(ID, USER, CREATION_TIMESTAMP, WORK_TIME, BREAK_TIME, INTERRUPTED)
VALUES (7802, 1, '2018-11-12', 0, 0, false);
INSERT INTO POMODORO(ID, USER, CREATION_TIMESTAMP, WORK_TIME, BREAK_TIME, INTERRUPTED)
VALUES (7803, 1, '2018-11-12', 0, 0, false);
INSERT INTO POMODORO(ID, USER, CREATION_TIMESTAMP, WORK_TIME, BREAK_TIME, INTERRUPTED)
VALUES (7804, 1, '2018-11-12', 0, 0, false);
INSERT INTO POMODORO(ID, USER, CREATION_TIMESTAMP, WORK_TIME, BREAK_TIME, INTERRUPTED)
VALUES (7805, 1, '2018-11-12', 0, 0, true);
INSERT INTO POMODORO(ID, USER, CREATION_TIMESTAMP, WORK_TIME, BREAK_TIME, INTERRUPTED)
VALUES (7806, 1, '2018-11-12', 0, 0, false);
INSERT INTO POMODORO(ID, USER, CREATION_TIMESTAMP, WORK_TIME, BREAK_TIME, INTERRUPTED)
VALUES (7807, 1, '2018-11-12', 0, 0, false);
INSERT INTO POMODORO(ID, USER, CREATION_TIMESTAMP, WORK_TIME, BREAK_TIME, INTERRUPTED)
VALUES (7808, 1, '2018-11-12', 0, 0, false);
INSERT INTO POMODORO(ID, USER, CREATION_TIMESTAMP, WORK_TIME, BREAK_TIME, INTERRUPTED)
VALUES (7809, 1, '2018-11-12', 0, 0, true);
INSERT INTO POMODORO(ID, USER, CREATION_TIMESTAMP, WORK_TIME, BREAK_TIME, INTERRUPTED)
VALUES (7810, 1, '2018-11-12', 0, 0, false);
INSERT INTO POMODORO(ID, USER, CREATION_TIMESTAMP, WORK_TIME, BREAK_TIME, INTERRUPTED)
VALUES (7811, 1, '2018-11-11', 0, 0, true);
INSERT INTO POMODORO(ID, USER, CREATION_TIMESTAMP, WORK_TIME, BREAK_TIME, INTERRUPTED)
VALUES (7812, 1, '2018-11-11', 0, 0, true);
INSERT INTO POMODORO(ID, USER, CREATION_TIMESTAMP, WORK_TIME, BREAK_TIME, INTERRUPTED)
VALUES (7813, 1, '2018-11-11', 0, 0, false);
INSERT INTO POMODORO(ID, USER, CREATION_TIMESTAMP, WORK_TIME, BREAK_TIME, INTERRUPTED)
VALUES (7814, 1, '2018-11-11', 0, 0, true);
INSERT INTO POMODORO(ID, USER, CREATION_TIMESTAMP, WORK_TIME, BREAK_TIME, INTERRUPTED)
VALUES (7815, 1, '2018-11-11', 0, 0, true);
INSERT INTO POMODORO(ID, USER, CREATION_TIMESTAMP, WORK_TIME, BREAK_TIME, INTERRUPTED)
VALUES (7816, 1, '2018-11-11', 0, 0, false);
INSERT INTO POMODORO(ID, USER, CREATION_TIMESTAMP, WORK_TIME, BREAK_TIME, INTERRUPTED)
VALUES (7817, 1, '2018-11-11', 0, 0, true);
INSERT INTO POMODORO(ID, USER, CREATION_TIMESTAMP, WORK_TIME, BREAK_TIME, INTERRUPTED)
VALUES (7818, 1, '2018-11-11', 0, 0, true);
INSERT INTO POMODORO(ID, USER, CREATION_TIMESTAMP, WORK_TIME, BREAK_TIME, INTERRUPTED)
VALUES (7819, 1, '2018-11-11', 0, 0, true);
INSERT INTO POMODORO(ID, USER, CREATION_TIMESTAMP, WORK_TIME, BREAK_TIME, INTERRUPTED)
VALUES (7820, 1, '2018-11-11', 0, 0, true);
INSERT INTO POMODORO(ID, USER, CREATION_TIMESTAMP, WORK_TIME, BREAK_TIME, INTERRUPTED)
VALUES (7821, 1, '2018-11-11', 0, 0, false);
INSERT INTO POMODORO(ID, USER, CREATION_TIMESTAMP, WORK_TIME, BREAK_TIME, INTERRUPTED)
VALUES (7822, 1, '2018-11-11', 0, 0, false);
INSERT INTO POMODORO(ID, USER, CREATION_TIMESTAMP, WORK_TIME, BREAK_TIME, INTERRUPTED)
VALUES (7823, 1, '2018-11-11', 0, 0, true);
INSERT INTO POMODORO(ID, USER, CREATION_TIMESTAMP, WORK_TIME, BREAK_TIME, INTERRUPTED)
VALUES (7824, 1, '2018-11-11', 0, 0, true);
INSERT INTO POMODORO(ID, USER, CREATION_TIMESTAMP, WORK_TIME, BREAK_TIME, INTERRUPTED)
VALUES (7825, 1, '2018-11-11', 0, 0, true);
INSERT INTO POMODORO(ID, USER, CREATION_TIMESTAMP, WORK_TIME, BREAK_TIME, INTERRUPTED)
VALUES (7826, 1, '2018-11-11', 0, 0, true);
INSERT INTO POMODORO(ID, USER, CREATION_TIMESTAMP, WORK_TIME, BREAK_TIME, INTERRUPTED)
VALUES (7827, 1, '2018-11-11', 0, 0, false);
INSERT INTO POMODORO(ID, USER, CREATION_TIMESTAMP, WORK_TIME, BREAK_TIME, INTERRUPTED)
VALUES (7828, 1, '2018-11-11', 0, 0, true);
INSERT INTO POMODORO(ID, USER, CREATION_TIMESTAMP, WORK_TIME, BREAK_TIME, INTERRUPTED)
VALUES (7829, 1, '2018-11-11', 0, 0, false);
INSERT INTO POMODORO(ID, USER, CREATION_TIMESTAMP, WORK_TIME, BREAK_TIME, INTERRUPTED)
VALUES (7830, 1, '2018-11-11', 0, 0, false);
INSERT INTO POMODORO(ID, USER, CREATION_TIMESTAMP, WORK_TIME, BREAK_TIME, INTERRUPTED)
VALUES (7831, 1, '2018-11-11', 0, 0, true);
INSERT INTO POMODORO(ID, USER, CREATION_TIMESTAMP, WORK_TIME, BREAK_TIME, INTERRUPTED)
VALUES (7832, 1, '2018-11-11', 0, 0, true);
INSERT INTO POMODORO(ID, USER, CREATION_TIMESTAMP, WORK_TIME, BREAK_TIME, INTERRUPTED)
VALUES (7833, 1, '2018-11-11', 0, 0, false);
INSERT INTO POMODORO(ID, USER, CREATION_TIMESTAMP, WORK_TIME, BREAK_TIME, INTERRUPTED)
VALUES (7834, 1, '2018-11-11', 0, 0, false);
INSERT INTO POMODORO(ID, USER, CREATION_TIMESTAMP, WORK_TIME, BREAK_TIME, INTERRUPTED)
VALUES (7835, 1, '2018-11-11', 0, 0, true);
INSERT INTO POMODORO(ID, USER, CREATION_TIMESTAMP, WORK_TIME, BREAK_TIME, INTERRUPTED)
VALUES (7836, 1, '2018-11-11', 0, 0, true);
INSERT INTO POMODORO(ID, USER, CREATION_TIMESTAMP, WORK_TIME, BREAK_TIME, INTERRUPTED)
VALUES (7837, 1, '2018-11-11', 0, 0, false);
INSERT INTO POMODORO(ID, USER, CREATION_TIMESTAMP, WORK_TIME, BREAK_TIME, INTERRUPTED)
VALUES (7838, 1, '2018-11-11', 0, 0, true);
INSERT INTO POMODORO(ID, USER, CREATION_TIMESTAMP, WORK_TIME, BREAK_TIME, INTERRUPTED)
VALUES (7839, 1, '2018-11-11', 0, 0, true);
INSERT INTO POMODORO(ID, USER, CREATION_TIMESTAMP, WORK_TIME, BREAK_TIME, INTERRUPTED)
VALUES (7840, 1, '2018-11-11', 0, 0, true);
INSERT INTO POMODORO(ID, USER, CREATION_TIMESTAMP, WORK_TIME, BREAK_TIME, INTERRUPTED)
VALUES (7841, 1, '2018-11-11', 0, 0, true);
INSERT INTO POMODORO(ID, USER, CREATION_TIMESTAMP, WORK_TIME, BREAK_TIME, INTERRUPTED)
VALUES (7842, 1, '2018-11-11', 0, 0, false);
INSERT INTO POMODORO(ID, USER, CREATION_TIMESTAMP, WORK_TIME, BREAK_TIME, INTERRUPTED)
VALUES (7843, 1, '2018-11-11', 0, 0, false);
INSERT INTO POMODORO(ID, USER, CREATION_TIMESTAMP, WORK_TIME, BREAK_TIME, INTERRUPTED)
VALUES (7844, 1, '2018-11-11', 0, 0, false);
INSERT INTO POMODORO(ID, USER, CREATION_TIMESTAMP, WORK_TIME, BREAK_TIME, INTERRUPTED)
VALUES (7845, 1, '2018-11-11', 0, 0, true);
INSERT INTO POMODORO(ID, USER, CREATION_TIMESTAMP, WORK_TIME, BREAK_TIME, INTERRUPTED)
VALUES (7846, 1, '2018-11-11', 0, 0, true);
INSERT INTO POMODORO(ID, USER, CREATION_TIMESTAMP, WORK_TIME, BREAK_TIME, INTERRUPTED)
VALUES (7847, 1, '2018-11-11', 0, 0, true);
INSERT INTO POMODORO(ID, USER, CREATION_TIMESTAMP, WORK_TIME, BREAK_TIME, INTERRUPTED)
VALUES (7848, 1, '2018-11-11', 0, 0, true);
INSERT INTO POMODORO(ID, USER, CREATION_TIMESTAMP, WORK_TIME, BREAK_TIME, INTERRUPTED)
VALUES (7849, 1, '2018-11-11', 0, 0, true);
INSERT INTO POMODORO(ID, USER, CREATION_TIMESTAMP, WORK_TIME, BREAK_TIME, INTERRUPTED)
VALUES (7850, 1, '2018-11-11', 0, 0, false);
INSERT INTO POMODORO(ID, USER, CREATION_TIMESTAMP, WORK_TIME, BREAK_TIME, INTERRUPTED)
VALUES (7851, 1, '2018-11-11', 0, 0, false);
INSERT INTO POMODORO(ID, USER, CREATION_TIMESTAMP, WORK_TIME, BREAK_TIME, INTERRUPTED)
VALUES (7852, 1, '2018-11-11', 0, 0, true);
INSERT INTO POMODORO(ID, USER, CREATION_TIMESTAMP, WORK_TIME, BREAK_TIME, INTERRUPTED)
VALUES (7853, 1, '2018-11-10', 0, 0, true);
INSERT INTO POMODORO(ID, USER, CREATION_TIMESTAMP, WORK_TIME, BREAK_TIME, INTERRUPTED)
VALUES (7854, 1, '2018-11-10', 0, 0, true);
INSERT INTO POMODORO(ID, USER, CREATION_TIMESTAMP, WORK_TIME, BREAK_TIME, INTERRUPTED)
VALUES (7855, 1, '2018-11-10', 0, 0, false);
INSERT INTO POMODORO(ID, USER, CREATION_TIMESTAMP, WORK_TIME, BREAK_TIME, INTERRUPTED)
VALUES (7856, 1, '2018-11-10', 0, 0, true);
INSERT INTO POMODORO(ID, USER, CREATION_TIMESTAMP, WORK_TIME, BREAK_TIME, INTERRUPTED)
VALUES (7857, 1, '2018-11-10', 0, 0, false);
INSERT INTO POMODORO(ID, USER, CREATION_TIMESTAMP, WORK_TIME, BREAK_TIME, INTERRUPTED)
VALUES (7858, 1, '2018-11-10', 0, 0, true);
INSERT INTO POMODORO(ID, USER, CREATION_TIMESTAMP, WORK_TIME, BREAK_TIME, INTERRUPTED)
VALUES (7859, 1, '2018-11-10', 0, 0, true);
INSERT INTO POMODORO(ID, USER, CREATION_TIMESTAMP, WORK_TIME, BREAK_TIME, INTERRUPTED)
VALUES (7860, 1, '2018-11-10', 0, 0, false);
INSERT INTO POMODORO(ID, USER, CREATION_TIMESTAMP, WORK_TIME, BREAK_TIME, INTERRUPTED)
VALUES (7861, 1, '2018-11-10', 0, 0, false);
INSERT INTO POMODORO(ID, USER, CREATION_TIMESTAMP, WORK_TIME, BREAK_TIME, INTERRUPTED)
VALUES (7862, 1, '2018-11-10', 0, 0, false);
INSERT INTO POMODORO(ID, USER, CREATION_TIMESTAMP, WORK_TIME, BREAK_TIME, INTERRUPTED)
VALUES (7863, 1, '2018-11-10', 0, 0, false);
INSERT INTO POMODORO(ID, USER, CREATION_TIMESTAMP, WORK_TIME, BREAK_TIME, INTERRUPTED)
VALUES (7864, 1, '2018-11-10', 0, 0, false);
INSERT INTO POMODORO(ID, USER, CREATION_TIMESTAMP, WORK_TIME, BREAK_TIME, INTERRUPTED)
VALUES (7865, 1, '2018-11-10', 0, 0, false);
INSERT INTO POMODORO(ID, USER, CREATION_TIMESTAMP, WORK_TIME, BREAK_TIME, INTERRUPTED)
VALUES (7866, 1, '2018-11-10', 0, 0, false);
INSERT INTO POMODORO(ID, USER, CREATION_TIMESTAMP, WORK_TIME, BREAK_TIME, INTERRUPTED)
VALUES (7867, 1, '2018-11-10', 0, 0, false);
INSERT INTO POMODORO(ID, USER, CREATION_TIMESTAMP, WORK_TIME, BREAK_TIME, INTERRUPTED)
VALUES (7868, 1, '2018-11-10', 0, 0, false);
INSERT INTO POMODORO(ID, USER, CREATION_TIMESTAMP, WORK_TIME, BREAK_TIME, INTERRUPTED)
VALUES (7869, 1, '2018-11-10', 0, 0, false);
INSERT INTO POMODORO(ID, USER, CREATION_TIMESTAMP, WORK_TIME, BREAK_TIME, INTERRUPTED)
VALUES (7870, 1, '2018-11-10', 0, 0, true);
INSERT INTO POMODORO(ID, USER, CREATION_TIMESTAMP, WORK_TIME, BREAK_TIME, INTERRUPTED)
VALUES (7871, 1, '2018-11-10', 0, 0, false);
INSERT INTO POMODORO(ID, USER, CREATION_TIMESTAMP, WORK_TIME, BREAK_TIME, INTERRUPTED)
VALUES (7872, 1, '2018-11-10', 0, 0, true);
INSERT INTO POMODORO(ID, USER, CREATION_TIMESTAMP, WORK_TIME, BREAK_TIME, INTERRUPTED)
VALUES (7873, 1, '2018-11-09', 0, 0, true);
INSERT INTO POMODORO(ID, USER, CREATION_TIMESTAMP, WORK_TIME, BREAK_TIME, INTERRUPTED)
VALUES (7874, 1, '2018-11-09', 0, 0, false);
INSERT INTO POMODORO(ID, USER, CREATION_TIMESTAMP, WORK_TIME, BREAK_TIME, INTERRUPTED)
VALUES (7875, 1, '2018-11-09', 0, 0, false);
INSERT INTO POMODORO(ID, USER, CREATION_TIMESTAMP, WORK_TIME, BREAK_TIME, INTERRUPTED)
VALUES (7876, 1, '2018-11-09', 0, 0, false);
INSERT INTO POMODORO(ID, USER, CREATION_TIMESTAMP, WORK_TIME, BREAK_TIME, INTERRUPTED)
VALUES (7877, 1, '2018-11-09', 0, 0, true);
INSERT INTO POMODORO(ID, USER, CREATION_TIMESTAMP, WORK_TIME, BREAK_TIME, INTERRUPTED)
VALUES (7878, 1, '2018-11-09', 0, 0, true);
INSERT INTO POMODORO(ID, USER, CREATION_TIMESTAMP, WORK_TIME, BREAK_TIME, INTERRUPTED)
VALUES (7879, 1, '2018-11-09', 0, 0, true);
INSERT INTO POMODORO(ID, USER, CREATION_TIMESTAMP, WORK_TIME, BREAK_TIME, INTERRUPTED)
VALUES (7880, 1, '2018-11-09', 0, 0, false);
INSERT INTO POMODORO(ID, USER, CREATION_TIMESTAMP, WORK_TIME, BREAK_TIME, INTERRUPTED)
VALUES (7881, 1, '2018-11-09', 0, 0, false);
INSERT INTO POMODORO(ID, USER, CREATION_TIMESTAMP, WORK_TIME, BREAK_TIME, INTERRUPTED)
VALUES (7882, 1, '2018-11-09', 0, 0, true);
INSERT INTO POMODORO(ID, USER, CREATION_TIMESTAMP, WORK_TIME, BREAK_TIME, INTERRUPTED)
VALUES (7883, 1, '2018-11-09', 0, 0, true);
INSERT INTO POMODORO(ID, USER, CREATION_TIMESTAMP, WORK_TIME, BREAK_TIME, INTERRUPTED)
VALUES (7884, 1, '2018-11-09', 0, 0, false);
INSERT INTO POMODORO(ID, USER, CREATION_TIMESTAMP, WORK_TIME, BREAK_TIME, INTERRUPTED)
VALUES (7885, 1, '2018-11-09', 0, 0, true);
INSERT INTO POMODORO(ID, USER, CREATION_TIMESTAMP, WORK_TIME, BREAK_TIME, INTERRUPTED)
VALUES (7886, 1, '2018-11-09', 0, 0, false);
INSERT INTO POMODORO(ID, USER, CREATION_TIMESTAMP, WORK_TIME, BREAK_TIME, INTERRUPTED)
VALUES (7887, 1, '2018-11-09', 0, 0, false);
INSERT INTO POMODORO(ID, USER, CREATION_TIMESTAMP, WORK_TIME, BREAK_TIME, INTERRUPTED)
VALUES (7888, 1, '2018-11-09', 0, 0, false);
INSERT INTO POMODORO(ID, USER, CREATION_TIMESTAMP, WORK_TIME, BREAK_TIME, INTERRUPTED)
VALUES (7889, 1, '2018-11-09', 0, 0, true);
INSERT INTO POMODORO(ID, USER, CREATION_TIMESTAMP, WORK_TIME, BREAK_TIME, INTERRUPTED)
VALUES (7890, 1, '2018-11-09', 0, 0, false);
INSERT INTO POMODORO(ID, USER, CREATION_TIMESTAMP, WORK_TIME, BREAK_TIME, INTERRUPTED)
VALUES (7891, 1, '2018-11-09', 0, 0, false);
INSERT INTO POMODORO(ID, USER, CREATION_TIMESTAMP, WORK_TIME, BREAK_TIME, INTERRUPTED)
VALUES (7892, 1, '2018-11-09', 0, 0, false);
INSERT INTO POMODORO(ID, USER, CREATION_TIMESTAMP, WORK_TIME, BREAK_TIME, INTERRUPTED)
VALUES (7893, 1, '2018-11-09', 0, 0, false);
INSERT INTO POMODORO(ID, USER, CREATION_TIMESTAMP, WORK_TIME, BREAK_TIME, INTERRUPTED)
VALUES (7894, 1, '2018-11-09', 0, 0, false);
INSERT INTO POMODORO(ID, USER, CREATION_TIMESTAMP, WORK_TIME, BREAK_TIME, INTERRUPTED)
VALUES (7895, 1, '2018-11-09', 0, 0, false);
INSERT INTO POMODORO(ID, USER, CREATION_TIMESTAMP, WORK_TIME, BREAK_TIME, INTERRUPTED)
VALUES (7896, 1, '2018-11-09', 0, 0, false);
INSERT INTO POMODORO(ID, USER, CREATION_TIMESTAMP, WORK_TIME, BREAK_TIME, INTERRUPTED)
VALUES (7897, 1, '2018-11-09', 0, 0, false);
INSERT INTO POMODORO(ID, USER, CREATION_TIMESTAMP, WORK_TIME, BREAK_TIME, INTERRUPTED)
VALUES (7898, 1, '2018-11-09', 0, 0, true);
INSERT INTO POMODORO(ID, USER, CREATION_TIMESTAMP, WORK_TIME, BREAK_TIME, INTERRUPTED)
VALUES (7899, 1, '2018-11-09', 0, 0, false);
INSERT INTO POMODORO(ID, USER, CREATION_TIMESTAMP, WORK_TIME, BREAK_TIME, INTERRUPTED)
VALUES (7900, 1, '2018-11-09', 0, 0, false);
INSERT INTO POMODORO(ID, USER, CREATION_TIMESTAMP, WORK_TIME, BREAK_TIME, INTERRUPTED)
VALUES (7901, 1, '2018-11-09', 0, 0, false);
INSERT INTO POMODORO(ID, USER, CREATION_TIMESTAMP, WORK_TIME, BREAK_TIME, INTERRUPTED)
VALUES (7902, 1, '2018-11-09', 0, 0, false);
INSERT INTO POMODORO(ID, USER, CREATION_TIMESTAMP, WORK_TIME, BREAK_TIME, INTERRUPTED)
VALUES (7903, 1, '2018-11-09', 0, 0, true);
INSERT INTO POMODORO(ID, USER, CREATION_TIMESTAMP, WORK_TIME, BREAK_TIME, INTERRUPTED)
VALUES (7904, 1, '2018-11-09', 0, 0, false);
INSERT INTO POMODORO(ID, USER, CREATION_TIMESTAMP, WORK_TIME, BREAK_TIME, INTERRUPTED)
VALUES (7905, 1, '2018-11-09', 0, 0, false);
INSERT INTO POMODORO(ID, USER, CREATION_TIMESTAMP, WORK_TIME, BREAK_TIME, INTERRUPTED)
VALUES (7906, 1, '2018-11-09', 0, 0, true);
INSERT INTO POMODORO(ID, USER, CREATION_TIMESTAMP, WORK_TIME, BREAK_TIME, INTERRUPTED)
VALUES (7907, 1, '2018-11-09', 0, 0, false);
INSERT INTO POMODORO(ID, USER, CREATION_TIMESTAMP, WORK_TIME, BREAK_TIME, INTERRUPTED)
VALUES (7908, 1, '2018-11-09', 0, 0, true);
INSERT INTO POMODORO(ID, USER, CREATION_TIMESTAMP, WORK_TIME, BREAK_TIME, INTERRUPTED)
VALUES (7909, 1, '2018-11-08', 0, 0, false);
INSERT INTO POMODORO(ID, USER, CREATION_TIMESTAMP, WORK_TIME, BREAK_TIME, INTERRUPTED)
VALUES (7910, 1, '2018-11-08', 0, 0, true);
INSERT INTO POMODORO(ID, USER, CREATION_TIMESTAMP, WORK_TIME, BREAK_TIME, INTERRUPTED)
VALUES (7911, 1, '2018-11-08', 0, 0, true);
INSERT INTO POMODORO(ID, USER, CREATION_TIMESTAMP, WORK_TIME, BREAK_TIME, INTERRUPTED)
VALUES (7912, 1, '2018-11-08', 0, 0, true);
INSERT INTO POMODORO(ID, USER, CREATION_TIMESTAMP, WORK_TIME, BREAK_TIME, INTERRUPTED)
VALUES (7913, 1, '2018-11-07', 0, 0, true);
INSERT INTO POMODORO(ID, USER, CREATION_TIMESTAMP, WORK_TIME, BREAK_TIME, INTERRUPTED)
VALUES (7914, 1, '2018-11-07', 0, 0, true);
INSERT INTO POMODORO(ID, USER, CREATION_TIMESTAMP, WORK_TIME, BREAK_TIME, INTERRUPTED)
VALUES (7915, 1, '2018-11-07', 0, 0, true);
INSERT INTO POMODORO(ID, USER, CREATION_TIMESTAMP, WORK_TIME, BREAK_TIME, INTERRUPTED)
VALUES (7916, 1, '2018-11-07', 0, 0, true);
INSERT INTO POMODORO(ID, USER, CREATION_TIMESTAMP, WORK_TIME, BREAK_TIME, INTERRUPTED)
VALUES (7917, 1, '2018-11-07', 0, 0, false);
INSERT INTO POMODORO(ID, USER, CREATION_TIMESTAMP, WORK_TIME, BREAK_TIME, INTERRUPTED)
VALUES (7918, 1, '2018-11-07', 0, 0, true);
INSERT INTO POMODORO(ID, USER, CREATION_TIMESTAMP, WORK_TIME, BREAK_TIME, INTERRUPTED)
VALUES (7919, 1, '2018-11-07', 0, 0, false);
INSERT INTO POMODORO(ID, USER, CREATION_TIMESTAMP, WORK_TIME, BREAK_TIME, INTERRUPTED)
VALUES (7920, 1, '2018-11-07', 0, 0, false);
INSERT INTO POMODORO(ID, USER, CREATION_TIMESTAMP, WORK_TIME, BREAK_TIME, INTERRUPTED)
VALUES (7921, 1, '2018-11-07', 0, 0, false);
INSERT INTO POMODORO(ID, USER, CREATION_TIMESTAMP, WORK_TIME, BREAK_TIME, INTERRUPTED)
VALUES (7922, 1, '2018-11-07', 0, 0, true);
INSERT INTO POMODORO(ID, USER, CREATION_TIMESTAMP, WORK_TIME, BREAK_TIME, INTERRUPTED)
VALUES (7923, 1, '2018-11-07', 0, 0, false);
INSERT INTO POMODORO(ID, USER, CREATION_TIMESTAMP, WORK_TIME, BREAK_TIME, INTERRUPTED)
VALUES (7924, 1, '2018-11-07', 0, 0, true);
INSERT INTO POMODORO(ID, USER, CREATION_TIMESTAMP, WORK_TIME, BREAK_TIME, INTERRUPTED)
VALUES (7925, 1, '2018-11-07', 0, 0, true);
INSERT INTO POMODORO(ID, USER, CREATION_TIMESTAMP, WORK_TIME, BREAK_TIME, INTERRUPTED)
VALUES (7926, 1, '2018-11-07', 0, 0, true);
INSERT INTO POMODORO(ID, USER, CREATION_TIMESTAMP, WORK_TIME, BREAK_TIME, INTERRUPTED)
VALUES (7927, 1, '2018-11-07', 0, 0, true);
INSERT INTO POMODORO(ID, USER, CREATION_TIMESTAMP, WORK_TIME, BREAK_TIME, INTERRUPTED)
VALUES (7928, 1, '2018-11-07', 0, 0, false);
INSERT INTO POMODORO(ID, USER, CREATION_TIMESTAMP, WORK_TIME, BREAK_TIME, INTERRUPTED)
VALUES (7929, 1, '2018-11-07', 0, 0, true);
INSERT INTO POMODORO(ID, USER, CREATION_TIMESTAMP, WORK_TIME, BREAK_TIME, INTERRUPTED)
VALUES (7930, 1, '2018-11-07', 0, 0, false);
INSERT INTO POMODORO(ID, USER, CREATION_TIMESTAMP, WORK_TIME, BREAK_TIME, INTERRUPTED)
VALUES (7931, 1, '2018-11-07', 0, 0, false);
INSERT INTO POMODORO(ID, USER, CREATION_TIMESTAMP, WORK_TIME, BREAK_TIME, INTERRUPTED)
VALUES (7932, 1, '2018-11-06', 0, 0, false);
INSERT INTO POMODORO(ID, USER, CREATION_TIMESTAMP, WORK_TIME, BREAK_TIME, INTERRUPTED)
VALUES (7933, 1, '2018-11-06', 0, 0, true);
INSERT INTO POMODORO(ID, USER, CREATION_TIMESTAMP, WORK_TIME, BREAK_TIME, INTERRUPTED)
VALUES (7934, 1, '2018-11-06', 0, 0, true);
INSERT INTO POMODORO(ID, USER, CREATION_TIMESTAMP, WORK_TIME, BREAK_TIME, INTERRUPTED)
VALUES (7935, 1, '2018-11-06', 0, 0, false);
INSERT INTO POMODORO(ID, USER, CREATION_TIMESTAMP, WORK_TIME, BREAK_TIME, INTERRUPTED)
VALUES (7936, 1, '2018-11-06', 0, 0, false);
INSERT INTO POMODORO(ID, USER, CREATION_TIMESTAMP, WORK_TIME, BREAK_TIME, INTERRUPTED)
VALUES (7937, 1, '2018-11-06', 0, 0, false);
INSERT INTO POMODORO(ID, USER, CREATION_TIMESTAMP, WORK_TIME, BREAK_TIME, INTERRUPTED)
VALUES (7938, 1, '2018-11-06', 0, 0, false);
INSERT INTO POMODORO(ID, USER, CREATION_TIMESTAMP, WORK_TIME, BREAK_TIME, INTERRUPTED)
VALUES (7939, 1, '2018-11-06', 0, 0, true);
INSERT INTO POMODORO(ID, USER, CREATION_TIMESTAMP, WORK_TIME, BREAK_TIME, INTERRUPTED)
VALUES (7940, 1, '2018-11-06', 0, 0, false);
INSERT INTO POMODORO(ID, USER, CREATION_TIMESTAMP, WORK_TIME, BREAK_TIME, INTERRUPTED)
VALUES (7941, 1, '2018-11-06', 0, 0, false);
INSERT INTO POMODORO(ID, USER, CREATION_TIMESTAMP, WORK_TIME, BREAK_TIME, INTERRUPTED)
VALUES (7942, 1, '2018-11-06', 0, 0, true);
INSERT INTO POMODORO(ID, USER, CREATION_TIMESTAMP, WORK_TIME, BREAK_TIME, INTERRUPTED)
VALUES (7943, 1, '2018-11-06', 0, 0, true);
INSERT INTO POMODORO(ID, USER, CREATION_TIMESTAMP, WORK_TIME, BREAK_TIME, INTERRUPTED)
VALUES (7944, 1, '2018-11-05', 0, 0, false);
INSERT INTO POMODORO(ID, USER, CREATION_TIMESTAMP, WORK_TIME, BREAK_TIME, INTERRUPTED)
VALUES (7945, 1, '2018-11-04', 0, 0, false);
INSERT INTO POMODORO(ID, USER, CREATION_TIMESTAMP, WORK_TIME, BREAK_TIME, INTERRUPTED)
VALUES (7946, 1, '2018-11-04', 0, 0, true);
INSERT INTO POMODORO(ID, USER, CREATION_TIMESTAMP, WORK_TIME, BREAK_TIME, INTERRUPTED)
VALUES (7947, 1, '2018-11-04', 0, 0, true);
INSERT INTO POMODORO(ID, USER, CREATION_TIMESTAMP, WORK_TIME, BREAK_TIME, INTERRUPTED)
VALUES (7948, 1, '2018-11-04', 0, 0, false);
INSERT INTO POMODORO(ID, USER, CREATION_TIMESTAMP, WORK_TIME, BREAK_TIME, INTERRUPTED)
VALUES (7949, 1, '2018-11-04', 0, 0, true);
INSERT INTO POMODORO(ID, USER, CREATION_TIMESTAMP, WORK_TIME, BREAK_TIME, INTERRUPTED)
VALUES (7950, 1, '2018-11-04', 0, 0, true);
INSERT INTO POMODORO(ID, USER, CREATION_TIMESTAMP, WORK_TIME, BREAK_TIME, INTERRUPTED)
VALUES (7951, 1, '2018-11-04', 0, 0, false);
INSERT INTO POMODORO(ID, USER, CREATION_TIMESTAMP, WORK_TIME, BREAK_TIME, INTERRUPTED)
VALUES (7952, 1, '2018-11-04', 0, 0, false);
INSERT INTO POMODORO(ID, USER, CREATION_TIMESTAMP, WORK_TIME, BREAK_TIME, INTERRUPTED)
VALUES (7953, 1, '2018-11-04', 0, 0, false);
INSERT INTO POMODORO(ID, USER, CREATION_TIMESTAMP, WORK_TIME, BREAK_TIME, INTERRUPTED)
VALUES (7954, 1, '2018-11-04', 0, 0, false);
INSERT INTO POMODORO(ID, USER, CREATION_TIMESTAMP, WORK_TIME, BREAK_TIME, INTERRUPTED)
VALUES (7955, 1, '2018-11-04', 0, 0, false);
INSERT INTO POMODORO(ID, USER, CREATION_TIMESTAMP, WORK_TIME, BREAK_TIME, INTERRUPTED)
VALUES (7956, 1, '2018-11-04', 0, 0, false);
INSERT INTO POMODORO(ID, USER, CREATION_TIMESTAMP, WORK_TIME, BREAK_TIME, INTERRUPTED)
VALUES (7957, 1, '2018-11-04', 0, 0, true);
INSERT INTO POMODORO(ID, USER, CREATION_TIMESTAMP, WORK_TIME, BREAK_TIME, INTERRUPTED)
VALUES (7958, 1, '2018-11-04', 0, 0, true);
INSERT INTO POMODORO(ID, USER, CREATION_TIMESTAMP, WORK_TIME, BREAK_TIME, INTERRUPTED)
VALUES (7959, 1, '2018-11-04', 0, 0, false);
INSERT INTO POMODORO(ID, USER, CREATION_TIMESTAMP, WORK_TIME, BREAK_TIME, INTERRUPTED)
VALUES (7960, 1, '2018-11-04', 0, 0, false);
INSERT INTO POMODORO(ID, USER, CREATION_TIMESTAMP, WORK_TIME, BREAK_TIME, INTERRUPTED)
VALUES (7961, 1, '2018-11-04', 0, 0, true);
INSERT INTO POMODORO(ID, USER, CREATION_TIMESTAMP, WORK_TIME, BREAK_TIME, INTERRUPTED)
VALUES (7962, 1, '2018-11-04', 0, 0, true);
INSERT INTO POMODORO(ID, USER, CREATION_TIMESTAMP, WORK_TIME, BREAK_TIME, INTERRUPTED)
VALUES (7963, 1, '2018-11-04', 0, 0, true);
INSERT INTO POMODORO(ID, USER, CREATION_TIMESTAMP, WORK_TIME, BREAK_TIME, INTERRUPTED)
VALUES (7964, 1, '2018-11-04', 0, 0, false);
INSERT INTO POMODORO(ID, USER, CREATION_TIMESTAMP, WORK_TIME, BREAK_TIME, INTERRUPTED)
VALUES (7965, 1, '2018-11-04', 0, 0, false);
INSERT INTO POMODORO(ID, USER, CREATION_TIMESTAMP, WORK_TIME, BREAK_TIME, INTERRUPTED)
VALUES (7966, 1, '2018-11-04', 0, 0, true);
INSERT INTO POMODORO(ID, USER, CREATION_TIMESTAMP, WORK_TIME, BREAK_TIME, INTERRUPTED)
VALUES (7967, 1, '2018-11-04', 0, 0, false);
INSERT INTO POMODORO(ID, USER, CREATION_TIMESTAMP, WORK_TIME, BREAK_TIME, INTERRUPTED)
VALUES (7968, 1, '2018-11-04', 0, 0, false);
INSERT INTO POMODORO(ID, USER, CREATION_TIMESTAMP, WORK_TIME, BREAK_TIME, INTERRUPTED)
VALUES (7969, 1, '2018-11-04', 0, 0, true);
INSERT INTO POMODORO(ID, USER, CREATION_TIMESTAMP, WORK_TIME, BREAK_TIME, INTERRUPTED)
VALUES (7970, 1, '2018-11-04', 0, 0, false);
INSERT INTO POMODORO(ID, USER, CREATION_TIMESTAMP, WORK_TIME, BREAK_TIME, INTERRUPTED)
VALUES (7971, 1, '2018-11-04', 0, 0, false);
INSERT INTO POMODORO(ID, USER, CREATION_TIMESTAMP, WORK_TIME, BREAK_TIME, INTERRUPTED)
VALUES (7972, 1, '2018-11-04', 0, 0, false);
INSERT INTO POMODORO(ID, USER, CREATION_TIMESTAMP, WORK_TIME, BREAK_TIME, INTERRUPTED)
VALUES (7973, 1, '2018-11-04', 0, 0, false);
INSERT INTO POMODORO(ID, USER, CREATION_TIMESTAMP, WORK_TIME, BREAK_TIME, INTERRUPTED)
VALUES (7974, 1, '2018-11-04', 0, 0, true);
INSERT INTO POMODORO(ID, USER, CREATION_TIMESTAMP, WORK_TIME, BREAK_TIME, INTERRUPTED)
VALUES (7975, 1, '2018-11-04', 0, 0, false);
INSERT INTO POMODORO(ID, USER, CREATION_TIMESTAMP, WORK_TIME, BREAK_TIME, INTERRUPTED)
VALUES (7976, 1, '2018-11-04', 0, 0, true);
INSERT INTO POMODORO(ID, USER, CREATION_TIMESTAMP, WORK_TIME, BREAK_TIME, INTERRUPTED)
VALUES (7977, 1, '2018-11-04', 0, 0, false);
INSERT INTO POMODORO(ID, USER, CREATION_TIMESTAMP, WORK_TIME, BREAK_TIME, INTERRUPTED)
VALUES (7978, 1, '2018-11-04', 0, 0, true);
INSERT INTO POMODORO(ID, USER, CREATION_TIMESTAMP, WORK_TIME, BREAK_TIME, INTERRUPTED)
VALUES (7979, 1, '2018-11-04', 0, 0, true);
INSERT INTO POMODORO(ID, USER, CREATION_TIMESTAMP, WORK_TIME, BREAK_TIME, INTERRUPTED)
VALUES (7980, 1, '2018-11-04', 0, 0, false);
INSERT INTO POMODORO(ID, USER, CREATION_TIMESTAMP, WORK_TIME, BREAK_TIME, INTERRUPTED)
VALUES (7981, 1, '2018-11-04', 0, 0, true);
INSERT INTO POMODORO(ID, USER, CREATION_TIMESTAMP, WORK_TIME, BREAK_TIME, INTERRUPTED)
VALUES (7982, 1, '2018-11-04', 0, 0, true);
INSERT INTO POMODORO(ID, USER, CREATION_TIMESTAMP, WORK_TIME, BREAK_TIME, INTERRUPTED)
VALUES (7983, 1, '2018-11-04', 0, 0, false);
INSERT INTO POMODORO(ID, USER, CREATION_TIMESTAMP, WORK_TIME, BREAK_TIME, INTERRUPTED)
VALUES (7984, 1, '2018-11-04', 0, 0, true);
INSERT INTO POMODORO(ID, USER, CREATION_TIMESTAMP, WORK_TIME, BREAK_TIME, INTERRUPTED)
VALUES (7985, 1, '2018-11-04', 0, 0, true);
INSERT INTO POMODORO(ID, USER, CREATION_TIMESTAMP, WORK_TIME, BREAK_TIME, INTERRUPTED)
VALUES (7986, 1, '2018-11-04', 0, 0, true);
INSERT INTO POMODORO(ID, USER, CREATION_TIMESTAMP, WORK_TIME, BREAK_TIME, INTERRUPTED)
VALUES (7987, 1, '2018-11-04', 0, 0, true);
INSERT INTO POMODORO(ID, USER, CREATION_TIMESTAMP, WORK_TIME, BREAK_TIME, INTERRUPTED)
VALUES (7988, 1, '2018-11-04', 0, 0, true);
INSERT INTO POMODORO(ID, USER, CREATION_TIMESTAMP, WORK_TIME, BREAK_TIME, INTERRUPTED)
VALUES (7989, 1, '2018-11-04', 0, 0, false);
INSERT INTO POMODORO(ID, USER, CREATION_TIMESTAMP, WORK_TIME, BREAK_TIME, INTERRUPTED)
VALUES (7990, 1, '2018-11-03', 0, 0, false);
INSERT INTO POMODORO(ID, USER, CREATION_TIMESTAMP, WORK_TIME, BREAK_TIME, INTERRUPTED)
VALUES (7991, 1, '2018-11-03', 0, 0, false);
INSERT INTO POMODORO(ID, USER, CREATION_TIMESTAMP, WORK_TIME, BREAK_TIME, INTERRUPTED)
VALUES (7992, 1, '2018-11-03', 0, 0, true);
INSERT INTO POMODORO(ID, USER, CREATION_TIMESTAMP, WORK_TIME, BREAK_TIME, INTERRUPTED)
VALUES (7993, 1, '2018-11-03', 0, 0, false);
INSERT INTO POMODORO(ID, USER, CREATION_TIMESTAMP, WORK_TIME, BREAK_TIME, INTERRUPTED)
VALUES (7994, 1, '2018-11-03', 0, 0, false);
INSERT INTO POMODORO(ID, USER, CREATION_TIMESTAMP, WORK_TIME, BREAK_TIME, INTERRUPTED)
VALUES (7995, 1, '2018-11-03', 0, 0, true);
INSERT INTO POMODORO(ID, USER, CREATION_TIMESTAMP, WORK_TIME, BREAK_TIME, INTERRUPTED)
VALUES (7996, 1, '2018-11-03', 0, 0, true);
INSERT INTO POMODORO(ID, USER, CREATION_TIMESTAMP, WORK_TIME, BREAK_TIME, INTERRUPTED)
VALUES (7997, 1, '2018-11-03', 0, 0, false);
INSERT INTO POMODORO(ID, USER, CREATION_TIMESTAMP, WORK_TIME, BREAK_TIME, INTERRUPTED)
VALUES (7998, 1, '2018-11-03', 0, 0, true);
INSERT INTO POMODORO(ID, USER, CREATION_TIMESTAMP, WORK_TIME, BREAK_TIME, INTERRUPTED)
VALUES (7999, 1, '2018-11-03', 0, 0, true);
INSERT INTO POMODORO(ID, USER, CREATION_TIMESTAMP, WORK_TIME, BREAK_TIME, INTERRUPTED)
VALUES (8000, 1, '2018-11-03', 0, 0, true);
INSERT INTO POMODORO(ID, USER, CREATION_TIMESTAMP, WORK_TIME, BREAK_TIME, INTERRUPTED)
VALUES (8001, 1, '2018-11-03', 0, 0, false);
INSERT INTO POMODORO(ID, USER, CREATION_TIMESTAMP, WORK_TIME, BREAK_TIME, INTERRUPTED)
VALUES (8002, 1, '2018-11-03', 0, 0, true);
INSERT INTO POMODORO(ID, USER, CREATION_TIMESTAMP, WORK_TIME, BREAK_TIME, INTERRUPTED)
VALUES (8003, 1, '2018-11-03', 0, 0, false);
INSERT INTO POMODORO(ID, USER, CREATION_TIMESTAMP, WORK_TIME, BREAK_TIME, INTERRUPTED)
VALUES (8004, 1, '2018-11-03', 0, 0, true);
INSERT INTO POMODORO(ID, USER, CREATION_TIMESTAMP, WORK_TIME, BREAK_TIME, INTERRUPTED)
VALUES (8005, 1, '2018-11-03', 0, 0, true);
INSERT INTO POMODORO(ID, USER, CREATION_TIMESTAMP, WORK_TIME, BREAK_TIME, INTERRUPTED)
VALUES (8006, 1, '2018-11-03', 0, 0, false);
INSERT INTO POMODORO(ID, USER, CREATION_TIMESTAMP, WORK_TIME, BREAK_TIME, INTERRUPTED)
VALUES (8007, 1, '2018-11-03', 0, 0, true);
INSERT INTO POMODORO(ID, USER, CREATION_TIMESTAMP, WORK_TIME, BREAK_TIME, INTERRUPTED)
VALUES (8008, 1, '2018-11-03', 0, 0, true);
INSERT INTO POMODORO(ID, USER, CREATION_TIMESTAMP, WORK_TIME, BREAK_TIME, INTERRUPTED)
VALUES (8009, 1, '2018-11-03', 0, 0, true);
INSERT INTO POMODORO(ID, USER, CREATION_TIMESTAMP, WORK_TIME, BREAK_TIME, INTERRUPTED)
VALUES (8010, 1, '2018-11-03', 0, 0, false);
INSERT INTO POMODORO(ID, USER, CREATION_TIMESTAMP, WORK_TIME, BREAK_TIME, INTERRUPTED)
VALUES (8011, 1, '2018-11-03', 0, 0, false);
INSERT INTO POMODORO(ID, USER, CREATION_TIMESTAMP, WORK_TIME, BREAK_TIME, INTERRUPTED)
VALUES (8012, 1, '2018-11-03', 0, 0, true);
INSERT INTO POMODORO(ID, USER, CREATION_TIMESTAMP, WORK_TIME, BREAK_TIME, INTERRUPTED)
VALUES (8013, 1, '2018-11-03', 0, 0, true);
INSERT INTO POMODORO(ID, USER, CREATION_TIMESTAMP, WORK_TIME, BREAK_TIME, INTERRUPTED)
VALUES (8014, 1, '2018-11-03', 0, 0, false);
INSERT INTO POMODORO(ID, USER, CREATION_TIMESTAMP, WORK_TIME, BREAK_TIME, INTERRUPTED)
VALUES (8015, 1, '2018-11-03', 0, 0, false);
INSERT INTO POMODORO(ID, USER, CREATION_TIMESTAMP, WORK_TIME, BREAK_TIME, INTERRUPTED)
VALUES (8016, 1, '2018-11-03', 0, 0, true);
INSERT INTO POMODORO(ID, USER, CREATION_TIMESTAMP, WORK_TIME, BREAK_TIME, INTERRUPTED)
VALUES (8017, 1, '2018-11-03', 0, 0, false);
INSERT INTO POMODORO(ID, USER, CREATION_TIMESTAMP, WORK_TIME, BREAK_TIME, INTERRUPTED)
VALUES (8018, 1, '2018-11-03', 0, 0, false);
INSERT INTO POMODORO(ID, USER, CREATION_TIMESTAMP, WORK_TIME, BREAK_TIME, INTERRUPTED)
VALUES (8019, 1, '2018-11-02', 0, 0, false);
INSERT INTO POMODORO(ID, USER, CREATION_TIMESTAMP, WORK_TIME, BREAK_TIME, INTERRUPTED)
VALUES (8020, 1, '2018-11-02', 0, 0, false);
INSERT INTO POMODORO(ID, USER, CREATION_TIMESTAMP, WORK_TIME, BREAK_TIME, INTERRUPTED)
VALUES (8021, 1, '2018-11-02', 0, 0, false);
INSERT INTO POMODORO(ID, USER, CREATION_TIMESTAMP, WORK_TIME, BREAK_TIME, INTERRUPTED)
VALUES (8022, 1, '2018-11-02', 0, 0, true);
INSERT INTO POMODORO(ID, USER, CREATION_TIMESTAMP, WORK_TIME, BREAK_TIME, INTERRUPTED)
VALUES (8023, 1, '2018-11-02', 0, 0, false);
INSERT INTO POMODORO(ID, USER, CREATION_TIMESTAMP, WORK_TIME, BREAK_TIME, INTERRUPTED)
VALUES (8024, 1, '2018-11-02', 0, 0, true);
INSERT INTO POMODORO(ID, USER, CREATION_TIMESTAMP, WORK_TIME, BREAK_TIME, INTERRUPTED)
VALUES (8025, 1, '2018-11-02', 0, 0, false);
INSERT INTO POMODORO(ID, USER, CREATION_TIMESTAMP, WORK_TIME, BREAK_TIME, INTERRUPTED)
VALUES (8026, 1, '2018-11-02', 0, 0, true);
INSERT INTO POMODORO(ID, USER, CREATION_TIMESTAMP, WORK_TIME, BREAK_TIME, INTERRUPTED)
VALUES (8027, 1, '2018-11-02', 0, 0, false);
INSERT INTO POMODORO(ID, USER, CREATION_TIMESTAMP, WORK_TIME, BREAK_TIME, INTERRUPTED)
VALUES (8028, 1, '2018-11-02', 0, 0, false);
INSERT INTO POMODORO(ID, USER, CREATION_TIMESTAMP, WORK_TIME, BREAK_TIME, INTERRUPTED)
VALUES (8029, 1, '2018-11-02', 0, 0, false);
INSERT INTO POMODORO(ID, USER, CREATION_TIMESTAMP, WORK_TIME, BREAK_TIME, INTERRUPTED)
VALUES (8030, 1, '2018-11-02', 0, 0, false);
INSERT INTO POMODORO(ID, USER, CREATION_TIMESTAMP, WORK_TIME, BREAK_TIME, INTERRUPTED)
VALUES (8031, 1, '2018-11-02', 0, 0, false);
INSERT INTO POMODORO(ID, USER, CREATION_TIMESTAMP, WORK_TIME, BREAK_TIME, INTERRUPTED)
VALUES (8032, 1, '2018-11-02', 0, 0, false);
INSERT INTO POMODORO(ID, USER, CREATION_TIMESTAMP, WORK_TIME, BREAK_TIME, INTERRUPTED)
VALUES (8033, 1, '2018-11-02', 0, 0, false);
INSERT INTO POMODORO(ID, USER, CREATION_TIMESTAMP, WORK_TIME, BREAK_TIME, INTERRUPTED)
VALUES (8034, 1, '2018-11-02', 0, 0, false);
INSERT INTO POMODORO(ID, USER, CREATION_TIMESTAMP, WORK_TIME, BREAK_TIME, INTERRUPTED)
VALUES (8035, 1, '2018-11-01', 0, 0, false);
INSERT INTO POMODORO(ID, USER, CREATION_TIMESTAMP, WORK_TIME, BREAK_TIME, INTERRUPTED)
VALUES (8036, 1, '2018-11-01', 0, 0, false);
INSERT INTO POMODORO(ID, USER, CREATION_TIMESTAMP, WORK_TIME, BREAK_TIME, INTERRUPTED)
VALUES (8037, 1, '2018-11-01', 0, 0, true);
INSERT INTO POMODORO(ID, USER, CREATION_TIMESTAMP, WORK_TIME, BREAK_TIME, INTERRUPTED)
VALUES (8038, 1, '2018-11-01', 0, 0, true);
INSERT INTO POMODORO(ID, USER, CREATION_TIMESTAMP, WORK_TIME, BREAK_TIME, INTERRUPTED)
VALUES (8039, 1, '2018-11-01', 0, 0, false);
INSERT INTO POMODORO(ID, USER, CREATION_TIMESTAMP, WORK_TIME, BREAK_TIME, INTERRUPTED)
VALUES (8040, 1, '2018-11-01', 0, 0, false);
INSERT INTO POMODORO(ID, USER, CREATION_TIMESTAMP, WORK_TIME, BREAK_TIME, INTERRUPTED)
VALUES (8041, 1, '2018-11-01', 0, 0, true);
INSERT INTO POMODORO(ID, USER, CREATION_TIMESTAMP, WORK_TIME, BREAK_TIME, INTERRUPTED)
VALUES (8042, 1, '2018-11-01', 0, 0, true);
INSERT INTO POMODORO(ID, USER, CREATION_TIMESTAMP, WORK_TIME, BREAK_TIME, INTERRUPTED)
VALUES (8043, 1, '2018-11-01', 0, 0, true);
INSERT INTO POMODORO(ID, USER, CREATION_TIMESTAMP, WORK_TIME, BREAK_TIME, INTERRUPTED)
VALUES (8044, 1, '2018-11-01', 0, 0, false);
INSERT INTO POMODORO(ID, USER, CREATION_TIMESTAMP, WORK_TIME, BREAK_TIME, INTERRUPTED)
VALUES (8045, 1, '2018-11-01', 0, 0, true);
INSERT INTO POMODORO(ID, USER, CREATION_TIMESTAMP, WORK_TIME, BREAK_TIME, INTERRUPTED)
VALUES (8046, 1, '2018-11-01', 0, 0, false);
INSERT INTO POMODORO(ID, USER, CREATION_TIMESTAMP, WORK_TIME, BREAK_TIME, INTERRUPTED)
VALUES (8047, 1, '2018-11-01', 0, 0, false);
INSERT INTO POMODORO(ID, USER, CREATION_TIMESTAMP, WORK_TIME, BREAK_TIME, INTERRUPTED)
VALUES (8048, 1, '2018-11-01', 0, 0, false);
INSERT INTO POMODORO(ID, USER, CREATION_TIMESTAMP, WORK_TIME, BREAK_TIME, INTERRUPTED)
VALUES (8049, 1, '2018-11-01', 0, 0, false);
INSERT INTO POMODORO(ID, USER, CREATION_TIMESTAMP, WORK_TIME, BREAK_TIME, INTERRUPTED)
VALUES (8050, 1, '2018-11-01', 0, 0, false);
INSERT INTO POMODORO(ID, USER, CREATION_TIMESTAMP, WORK_TIME, BREAK_TIME, INTERRUPTED)
VALUES (8051, 1, '2018-11-01', 0, 0, false);
INSERT INTO POMODORO(ID, USER, CREATION_TIMESTAMP, WORK_TIME, BREAK_TIME, INTERRUPTED)
VALUES (8052, 1, '2018-11-01', 0, 0, true);
INSERT INTO POMODORO(ID, USER, CREATION_TIMESTAMP, WORK_TIME, BREAK_TIME, INTERRUPTED)
VALUES (8053, 1, '2018-11-01', 0, 0, false);
INSERT INTO POMODORO(ID, USER, CREATION_TIMESTAMP, WORK_TIME, BREAK_TIME, INTERRUPTED)
VALUES (8054, 1, '2018-11-01', 0, 0, false);
INSERT INTO POMODORO(ID, USER, CREATION_TIMESTAMP, WORK_TIME, BREAK_TIME, INTERRUPTED)
VALUES (8055, 1, '2018-11-01', 0, 0, true);
INSERT INTO POMODORO(ID, USER, CREATION_TIMESTAMP, WORK_TIME, BREAK_TIME, INTERRUPTED)
VALUES (8056, 1, '2018-11-01', 0, 0, false);
INSERT INTO POMODORO(ID, USER, CREATION_TIMESTAMP, WORK_TIME, BREAK_TIME, INTERRUPTED)
VALUES (8057, 1, '2018-11-01', 0, 0, true);
INSERT INTO POMODORO(ID, USER, CREATION_TIMESTAMP, WORK_TIME, BREAK_TIME, INTERRUPTED)
VALUES (8058, 1, '2018-11-01', 0, 0, true);
INSERT INTO POMODORO(ID, USER, CREATION_TIMESTAMP, WORK_TIME, BREAK_TIME, INTERRUPTED)
VALUES (8059, 1, '2018-11-01', 0, 0, true);
INSERT INTO POMODORO(ID, USER, CREATION_TIMESTAMP, WORK_TIME, BREAK_TIME, INTERRUPTED)
VALUES (8060, 1, '2018-11-01', 0, 0, true);
INSERT INTO POMODORO(ID, USER, CREATION_TIMESTAMP, WORK_TIME, BREAK_TIME, INTERRUPTED)
VALUES (8061, 1, '2018-11-01', 0, 0, true);
INSERT INTO POMODORO(ID, USER, CREATION_TIMESTAMP, WORK_TIME, BREAK_TIME, INTERRUPTED)
VALUES (8062, 1, '2018-10-31', 0, 0, true);
INSERT INTO POMODORO(ID, USER, CREATION_TIMESTAMP, WORK_TIME, BREAK_TIME, INTERRUPTED)
VALUES (8063, 1, '2018-10-31', 0, 0, false);
INSERT INTO POMODORO(ID, USER, CREATION_TIMESTAMP, WORK_TIME, BREAK_TIME, INTERRUPTED)
VALUES (8064, 1, '2018-10-31', 0, 0, true);
INSERT INTO POMODORO(ID, USER, CREATION_TIMESTAMP, WORK_TIME, BREAK_TIME, INTERRUPTED)
VALUES (8065, 1, '2018-10-31', 0, 0, false);
INSERT INTO POMODORO(ID, USER, CREATION_TIMESTAMP, WORK_TIME, BREAK_TIME, INTERRUPTED)
VALUES (8066, 1, '2018-10-31', 0, 0, true);
INSERT INTO POMODORO(ID, USER, CREATION_TIMESTAMP, WORK_TIME, BREAK_TIME, INTERRUPTED)
VALUES (8067, 1, '2018-10-31', 0, 0, false);
INSERT INTO POMODORO(ID, USER, CREATION_TIMESTAMP, WORK_TIME, BREAK_TIME, INTERRUPTED)
VALUES (8068, 1, '2018-10-31', 0, 0, true);
INSERT INTO POMODORO(ID, USER, CREATION_TIMESTAMP, WORK_TIME, BREAK_TIME, INTERRUPTED)
VALUES (8069, 1, '2018-10-31', 0, 0, false);
INSERT INTO POMODORO(ID, USER, CREATION_TIMESTAMP, WORK_TIME, BREAK_TIME, INTERRUPTED)
VALUES (8070, 1, '2018-10-31', 0, 0, true);
INSERT INTO POMODORO(ID, USER, CREATION_TIMESTAMP, WORK_TIME, BREAK_TIME, INTERRUPTED)
VALUES (8071, 1, '2018-10-31', 0, 0, true);
INSERT INTO POMODORO(ID, USER, CREATION_TIMESTAMP, WORK_TIME, BREAK_TIME, INTERRUPTED)
VALUES (8072, 1, '2018-10-31', 0, 0, true);
INSERT INTO POMODORO(ID, USER, CREATION_TIMESTAMP, WORK_TIME, BREAK_TIME, INTERRUPTED)
VALUES (8073, 1, '2018-10-31', 0, 0, true);
INSERT INTO POMODORO(ID, USER, CREATION_TIMESTAMP, WORK_TIME, BREAK_TIME, INTERRUPTED)
VALUES (8074, 1, '2018-10-31', 0, 0, true);
INSERT INTO POMODORO(ID, USER, CREATION_TIMESTAMP, WORK_TIME, BREAK_TIME, INTERRUPTED)
VALUES (8075, 1, '2018-10-31', 0, 0, false);
INSERT INTO POMODORO(ID, USER, CREATION_TIMESTAMP, WORK_TIME, BREAK_TIME, INTERRUPTED)
VALUES (8076, 1, '2018-10-31', 0, 0, true);
INSERT INTO POMODORO(ID, USER, CREATION_TIMESTAMP, WORK_TIME, BREAK_TIME, INTERRUPTED)
VALUES (8077, 1, '2018-10-31', 0, 0, false);
INSERT INTO POMODORO(ID, USER, CREATION_TIMESTAMP, WORK_TIME, BREAK_TIME, INTERRUPTED)
VALUES (8078, 1, '2018-10-31', 0, 0, true);
INSERT INTO POMODORO(ID, USER, CREATION_TIMESTAMP, WORK_TIME, BREAK_TIME, INTERRUPTED)
VALUES (8079, 1, '2018-10-31', 0, 0, true);
INSERT INTO POMODORO(ID, USER, CREATION_TIMESTAMP, WORK_TIME, BREAK_TIME, INTERRUPTED)
VALUES (8080, 1, '2018-10-31', 0, 0, false);
INSERT INTO POMODORO(ID, USER, CREATION_TIMESTAMP, WORK_TIME, BREAK_TIME, INTERRUPTED)
VALUES (8081, 1, '2018-10-31', 0, 0, true);
INSERT INTO POMODORO(ID, USER, CREATION_TIMESTAMP, WORK_TIME, BREAK_TIME, INTERRUPTED)
VALUES (8082, 1, '2018-10-31', 0, 0, false);
INSERT INTO POMODORO(ID, USER, CREATION_TIMESTAMP, WORK_TIME, BREAK_TIME, INTERRUPTED)
VALUES (8083, 1, '2018-10-31', 0, 0, true);
INSERT INTO POMODORO(ID, USER, CREATION_TIMESTAMP, WORK_TIME, BREAK_TIME, INTERRUPTED)
VALUES (8084, 1, '2018-10-31', 0, 0, true);
INSERT INTO POMODORO(ID, USER, CREATION_TIMESTAMP, WORK_TIME, BREAK_TIME, INTERRUPTED)
VALUES (8085, 1, '2018-10-31', 0, 0, true);
INSERT INTO POMODORO(ID, USER, CREATION_TIMESTAMP, WORK_TIME, BREAK_TIME, INTERRUPTED)
VALUES (8086, 1, '2018-10-31', 0, 0, false);
INSERT INTO POMODORO(ID, USER, CREATION_TIMESTAMP, WORK_TIME, BREAK_TIME, INTERRUPTED)
VALUES (8087, 1, '2018-10-31', 0, 0, true);
INSERT INTO POMODORO(ID, USER, CREATION_TIMESTAMP, WORK_TIME, BREAK_TIME, INTERRUPTED)
VALUES (8088, 1, '2018-10-31', 0, 0, false);
INSERT INTO POMODORO(ID, USER, CREATION_TIMESTAMP, WORK_TIME, BREAK_TIME, INTERRUPTED)
VALUES (8089, 1, '2018-10-31', 0, 0, false);
INSERT INTO POMODORO(ID, USER, CREATION_TIMESTAMP, WORK_TIME, BREAK_TIME, INTERRUPTED)
VALUES (8090, 1, '2018-10-31', 0, 0, true);
INSERT INTO POMODORO(ID, USER, CREATION_TIMESTAMP, WORK_TIME, BREAK_TIME, INTERRUPTED)
VALUES (8091, 1, '2018-10-31', 0, 0, true);
INSERT INTO POMODORO(ID, USER, CREATION_TIMESTAMP, WORK_TIME, BREAK_TIME, INTERRUPTED)
VALUES (8092, 1, '2018-10-31', 0, 0, false);
INSERT INTO POMODORO(ID, USER, CREATION_TIMESTAMP, WORK_TIME, BREAK_TIME, INTERRUPTED)
VALUES (8093, 1, '2018-10-31', 0, 0, true);
INSERT INTO POMODORO(ID, USER, CREATION_TIMESTAMP, WORK_TIME, BREAK_TIME, INTERRUPTED)
VALUES (8094, 1, '2018-10-31', 0, 0, true);
INSERT INTO POMODORO(ID, USER, CREATION_TIMESTAMP, WORK_TIME, BREAK_TIME, INTERRUPTED)
VALUES (8095, 1, '2018-10-31', 0, 0, false);
INSERT INTO POMODORO(ID, USER, CREATION_TIMESTAMP, WORK_TIME, BREAK_TIME, INTERRUPTED)
VALUES (8096, 1, '2018-10-31', 0, 0, false);
INSERT INTO POMODORO(ID, USER, CREATION_TIMESTAMP, WORK_TIME, BREAK_TIME, INTERRUPTED)
VALUES (8097, 1, '2018-10-31', 0, 0, true);
INSERT INTO POMODORO(ID, USER, CREATION_TIMESTAMP, WORK_TIME, BREAK_TIME, INTERRUPTED)
VALUES (8098, 1, '2018-10-31', 0, 0, true);
INSERT INTO POMODORO(ID, USER, CREATION_TIMESTAMP, WORK_TIME, BREAK_TIME, INTERRUPTED)
VALUES (8099, 1, '2018-10-31', 0, 0, true);
INSERT INTO POMODORO(ID, USER, CREATION_TIMESTAMP, WORK_TIME, BREAK_TIME, INTERRUPTED)
VALUES (8100, 1, '2018-10-31', 0, 0, false);
INSERT INTO POMODORO(ID, USER, CREATION_TIMESTAMP, WORK_TIME, BREAK_TIME, INTERRUPTED)
VALUES (8101, 1, '2018-10-31', 0, 0, true);
INSERT INTO POMODORO(ID, USER, CREATION_TIMESTAMP, WORK_TIME, BREAK_TIME, INTERRUPTED)
VALUES (8102, 1, '2018-10-31', 0, 0, false);
INSERT INTO POMODORO(ID, USER, CREATION_TIMESTAMP, WORK_TIME, BREAK_TIME, INTERRUPTED)
VALUES (8103, 1, '2018-10-30', 0, 0, false);
INSERT INTO POMODORO(ID, USER, CREATION_TIMESTAMP, WORK_TIME, BREAK_TIME, INTERRUPTED)
VALUES (8104, 1, '2018-10-30', 0, 0, true);
INSERT INTO POMODORO(ID, USER, CREATION_TIMESTAMP, WORK_TIME, BREAK_TIME, INTERRUPTED)
VALUES (8105, 1, '2018-10-30', 0, 0, true);
INSERT INTO POMODORO(ID, USER, CREATION_TIMESTAMP, WORK_TIME, BREAK_TIME, INTERRUPTED)
VALUES (8106, 1, '2018-10-30', 0, 0, false);
INSERT INTO POMODORO(ID, USER, CREATION_TIMESTAMP, WORK_TIME, BREAK_TIME, INTERRUPTED)
VALUES (8107, 1, '2018-10-30', 0, 0, true);
INSERT INTO POMODORO(ID, USER, CREATION_TIMESTAMP, WORK_TIME, BREAK_TIME, INTERRUPTED)
VALUES (8108, 1, '2018-10-30', 0, 0, true);
INSERT INTO POMODORO(ID, USER, CREATION_TIMESTAMP, WORK_TIME, BREAK_TIME, INTERRUPTED)
VALUES (8109, 1, '2018-10-30', 0, 0, false);
INSERT INTO POMODORO(ID, USER, CREATION_TIMESTAMP, WORK_TIME, BREAK_TIME, INTERRUPTED)
VALUES (8110, 1, '2018-10-30', 0, 0, true);
INSERT INTO POMODORO(ID, USER, CREATION_TIMESTAMP, WORK_TIME, BREAK_TIME, INTERRUPTED)
VALUES (8111, 1, '2018-10-30', 0, 0, false);
INSERT INTO POMODORO(ID, USER, CREATION_TIMESTAMP, WORK_TIME, BREAK_TIME, INTERRUPTED)
VALUES (8112, 1, '2018-10-30', 0, 0, true);
INSERT INTO POMODORO(ID, USER, CREATION_TIMESTAMP, WORK_TIME, BREAK_TIME, INTERRUPTED)
VALUES (8113, 1, '2018-10-30', 0, 0, true);
INSERT INTO POMODORO(ID, USER, CREATION_TIMESTAMP, WORK_TIME, BREAK_TIME, INTERRUPTED)
VALUES (8114, 1, '2018-10-29', 0, 0, true);
INSERT INTO POMODORO(ID, USER, CREATION_TIMESTAMP, WORK_TIME, BREAK_TIME, INTERRUPTED)
VALUES (8115, 1, '2018-10-29', 0, 0, false);
INSERT INTO POMODORO(ID, USER, CREATION_TIMESTAMP, WORK_TIME, BREAK_TIME, INTERRUPTED)
VALUES (8116, 1, '2018-10-29', 0, 0, false);
INSERT INTO POMODORO(ID, USER, CREATION_TIMESTAMP, WORK_TIME, BREAK_TIME, INTERRUPTED)
VALUES (8117, 1, '2018-10-29', 0, 0, true);
INSERT INTO POMODORO(ID, USER, CREATION_TIMESTAMP, WORK_TIME, BREAK_TIME, INTERRUPTED)
VALUES (8118, 1, '2018-10-28', 0, 0, false);
INSERT INTO POMODORO(ID, USER, CREATION_TIMESTAMP, WORK_TIME, BREAK_TIME, INTERRUPTED)
VALUES (8119, 1, '2018-10-28', 0, 0, false);
INSERT INTO POMODORO(ID, USER, CREATION_TIMESTAMP, WORK_TIME, BREAK_TIME, INTERRUPTED)
VALUES (8120, 1, '2018-10-28', 0, 0, true);
INSERT INTO POMODORO(ID, USER, CREATION_TIMESTAMP, WORK_TIME, BREAK_TIME, INTERRUPTED)
VALUES (8121, 1, '2018-10-28', 0, 0, false);
INSERT INTO POMODORO(ID, USER, CREATION_TIMESTAMP, WORK_TIME, BREAK_TIME, INTERRUPTED)
VALUES (8122, 1, '2018-10-28', 0, 0, false);
INSERT INTO POMODORO(ID, USER, CREATION_TIMESTAMP, WORK_TIME, BREAK_TIME, INTERRUPTED)
VALUES (8123, 1, '2018-10-28', 0, 0, true);
INSERT INTO POMODORO(ID, USER, CREATION_TIMESTAMP, WORK_TIME, BREAK_TIME, INTERRUPTED)
VALUES (8124, 1, '2018-10-28', 0, 0, true);
INSERT INTO POMODORO(ID, USER, CREATION_TIMESTAMP, WORK_TIME, BREAK_TIME, INTERRUPTED)
VALUES (8125, 1, '2018-10-28', 0, 0, false);
INSERT INTO POMODORO(ID, USER, CREATION_TIMESTAMP, WORK_TIME, BREAK_TIME, INTERRUPTED)
VALUES (8126, 1, '2018-10-27', 0, 0, true);
INSERT INTO POMODORO(ID, USER, CREATION_TIMESTAMP, WORK_TIME, BREAK_TIME, INTERRUPTED)
VALUES (8127, 1, '2018-10-27', 0, 0, true);
INSERT INTO POMODORO(ID, USER, CREATION_TIMESTAMP, WORK_TIME, BREAK_TIME, INTERRUPTED)
VALUES (8128, 1, '2018-10-27', 0, 0, true);
INSERT INTO POMODORO(ID, USER, CREATION_TIMESTAMP, WORK_TIME, BREAK_TIME, INTERRUPTED)
VALUES (8129, 1, '2018-10-27', 0, 0, false);
INSERT INTO POMODORO(ID, USER, CREATION_TIMESTAMP, WORK_TIME, BREAK_TIME, INTERRUPTED)
VALUES (8130, 1, '2018-10-27', 0, 0, true);
INSERT INTO POMODORO(ID, USER, CREATION_TIMESTAMP, WORK_TIME, BREAK_TIME, INTERRUPTED)
VALUES (8131, 1, '2018-10-27', 0, 0, true);
INSERT INTO POMODORO(ID, USER, CREATION_TIMESTAMP, WORK_TIME, BREAK_TIME, INTERRUPTED)
VALUES (8132, 1, '2018-10-27', 0, 0, false);
INSERT INTO POMODORO(ID, USER, CREATION_TIMESTAMP, WORK_TIME, BREAK_TIME, INTERRUPTED)
VALUES (8133, 1, '2018-10-25', 0, 0, false);
INSERT INTO POMODORO(ID, USER, CREATION_TIMESTAMP, WORK_TIME, BREAK_TIME, INTERRUPTED)
VALUES (8134, 1, '2018-10-25', 0, 0, true);
INSERT INTO POMODORO(ID, USER, CREATION_TIMESTAMP, WORK_TIME, BREAK_TIME, INTERRUPTED)
VALUES (8135, 1, '2018-10-25', 0, 0, true);
INSERT INTO POMODORO(ID, USER, CREATION_TIMESTAMP, WORK_TIME, BREAK_TIME, INTERRUPTED)
VALUES (8136, 1, '2018-10-25', 0, 0, true);
INSERT INTO POMODORO(ID, USER, CREATION_TIMESTAMP, WORK_TIME, BREAK_TIME, INTERRUPTED)
VALUES (8137, 1, '2018-10-25', 0, 0, true);
INSERT INTO POMODORO(ID, USER, CREATION_TIMESTAMP, WORK_TIME, BREAK_TIME, INTERRUPTED)
VALUES (8138, 1, '2018-10-25', 0, 0, true);
INSERT INTO POMODORO(ID, USER, CREATION_TIMESTAMP, WORK_TIME, BREAK_TIME, INTERRUPTED)
VALUES (8139, 1, '2018-10-25', 0, 0, false);
INSERT INTO POMODORO(ID, USER, CREATION_TIMESTAMP, WORK_TIME, BREAK_TIME, INTERRUPTED)
VALUES (8140, 1, '2018-10-25', 0, 0, false);
INSERT INTO POMODORO(ID, USER, CREATION_TIMESTAMP, WORK_TIME, BREAK_TIME, INTERRUPTED)
VALUES (8141, 1, '2018-10-25', 0, 0, true);
INSERT INTO POMODORO(ID, USER, CREATION_TIMESTAMP, WORK_TIME, BREAK_TIME, INTERRUPTED)
VALUES (8142, 1, '2018-10-25', 0, 0, false);
INSERT INTO POMODORO(ID, USER, CREATION_TIMESTAMP, WORK_TIME, BREAK_TIME, INTERRUPTED)
VALUES (8143, 1, '2018-10-25', 0, 0, false);
INSERT INTO POMODORO(ID, USER, CREATION_TIMESTAMP, WORK_TIME, BREAK_TIME, INTERRUPTED)
VALUES (8144, 1, '2018-10-25', 0, 0, false);
INSERT INTO POMODORO(ID, USER, CREATION_TIMESTAMP, WORK_TIME, BREAK_TIME, INTERRUPTED)
VALUES (8145, 1, '2018-10-25', 0, 0, false);
INSERT INTO POMODORO(ID, USER, CREATION_TIMESTAMP, WORK_TIME, BREAK_TIME, INTERRUPTED)
VALUES (8146, 1, '2018-10-25', 0, 0, false);
INSERT INTO POMODORO(ID, USER, CREATION_TIMESTAMP, WORK_TIME, BREAK_TIME, INTERRUPTED)
VALUES (8147, 1, '2018-10-25', 0, 0, true);
INSERT INTO POMODORO(ID, USER, CREATION_TIMESTAMP, WORK_TIME, BREAK_TIME, INTERRUPTED)
VALUES (8148, 1, '2018-10-25', 0, 0, false);
INSERT INTO POMODORO(ID, USER, CREATION_TIMESTAMP, WORK_TIME, BREAK_TIME, INTERRUPTED)
VALUES (8149, 1, '2018-10-25', 0, 0, true);
INSERT INTO POMODORO(ID, USER, CREATION_TIMESTAMP, WORK_TIME, BREAK_TIME, INTERRUPTED)
VALUES (8150, 1, '2018-10-25', 0, 0, true);
INSERT INTO POMODORO(ID, USER, CREATION_TIMESTAMP, WORK_TIME, BREAK_TIME, INTERRUPTED)
VALUES (8151, 1, '2018-10-25', 0, 0, true);
INSERT INTO POMODORO(ID, USER, CREATION_TIMESTAMP, WORK_TIME, BREAK_TIME, INTERRUPTED)
VALUES (8152, 1, '2018-10-25', 0, 0, true);
INSERT INTO POMODORO(ID, USER, CREATION_TIMESTAMP, WORK_TIME, BREAK_TIME, INTERRUPTED)
VALUES (8153, 1, '2018-10-25', 0, 0, true);
INSERT INTO POMODORO(ID, USER, CREATION_TIMESTAMP, WORK_TIME, BREAK_TIME, INTERRUPTED)
VALUES (8154, 1, '2018-10-25', 0, 0, false);
INSERT INTO POMODORO(ID, USER, CREATION_TIMESTAMP, WORK_TIME, BREAK_TIME, INTERRUPTED)
VALUES (8155, 1, '2018-10-25', 0, 0, true);
INSERT INTO POMODORO(ID, USER, CREATION_TIMESTAMP, WORK_TIME, BREAK_TIME, INTERRUPTED)
VALUES (8156, 1, '2018-10-25', 0, 0, false);
INSERT INTO POMODORO(ID, USER, CREATION_TIMESTAMP, WORK_TIME, BREAK_TIME, INTERRUPTED)
VALUES (8157, 1, '2018-10-25', 0, 0, true);
INSERT INTO POMODORO(ID, USER, CREATION_TIMESTAMP, WORK_TIME, BREAK_TIME, INTERRUPTED)
VALUES (8158, 1, '2018-10-25', 0, 0, false);
INSERT INTO POMODORO(ID, USER, CREATION_TIMESTAMP, WORK_TIME, BREAK_TIME, INTERRUPTED)
VALUES (8159, 1, '2018-10-25', 0, 0, false);
INSERT INTO POMODORO(ID, USER, CREATION_TIMESTAMP, WORK_TIME, BREAK_TIME, INTERRUPTED)
VALUES (8160, 1, '2018-10-25', 0, 0, false);
INSERT INTO POMODORO(ID, USER, CREATION_TIMESTAMP, WORK_TIME, BREAK_TIME, INTERRUPTED)
VALUES (8161, 1, '2018-10-25', 0, 0, false);
INSERT INTO POMODORO(ID, USER, CREATION_TIMESTAMP, WORK_TIME, BREAK_TIME, INTERRUPTED)
VALUES (8162, 1, '2018-10-25', 0, 0, false);
INSERT INTO POMODORO(ID, USER, CREATION_TIMESTAMP, WORK_TIME, BREAK_TIME, INTERRUPTED)
VALUES (8163, 1, '2018-10-25', 0, 0, false);
INSERT INTO POMODORO(ID, USER, CREATION_TIMESTAMP, WORK_TIME, BREAK_TIME, INTERRUPTED)
VALUES (8164, 1, '2018-10-25', 0, 0, true);
INSERT INTO POMODORO(ID, USER, CREATION_TIMESTAMP, WORK_TIME, BREAK_TIME, INTERRUPTED)
VALUES (8165, 1, '2018-10-25', 0, 0, false);
INSERT INTO POMODORO(ID, USER, CREATION_TIMESTAMP, WORK_TIME, BREAK_TIME, INTERRUPTED)
VALUES (8166, 1, '2018-10-25', 0, 0, true);
INSERT INTO POMODORO(ID, USER, CREATION_TIMESTAMP, WORK_TIME, BREAK_TIME, INTERRUPTED)
VALUES (8167, 1, '2018-10-25', 0, 0, false);
INSERT INTO POMODORO(ID, USER, CREATION_TIMESTAMP, WORK_TIME, BREAK_TIME, INTERRUPTED)
VALUES (8168, 1, '2018-10-25', 0, 0, true);
INSERT INTO POMODORO(ID, USER, CREATION_TIMESTAMP, WORK_TIME, BREAK_TIME, INTERRUPTED)
VALUES (8169, 1, '2018-10-25', 0, 0, true);
INSERT INTO POMODORO(ID, USER, CREATION_TIMESTAMP, WORK_TIME, BREAK_TIME, INTERRUPTED)
VALUES (8170, 1, '2018-10-25', 0, 0, false);
INSERT INTO POMODORO(ID, USER, CREATION_TIMESTAMP, WORK_TIME, BREAK_TIME, INTERRUPTED)
VALUES (8171, 1, '2018-10-25', 0, 0, false);
INSERT INTO POMODORO(ID, USER, CREATION_TIMESTAMP, WORK_TIME, BREAK_TIME, INTERRUPTED)
VALUES (8172, 1, '2018-10-25', 0, 0, false);
INSERT INTO POMODORO(ID, USER, CREATION_TIMESTAMP, WORK_TIME, BREAK_TIME, INTERRUPTED)
VALUES (8173, 1, '2018-10-25', 0, 0, true);
INSERT INTO POMODORO(ID, USER, CREATION_TIMESTAMP, WORK_TIME, BREAK_TIME, INTERRUPTED)
VALUES (8174, 1, '2018-10-25', 0, 0, true);
INSERT INTO POMODORO(ID, USER, CREATION_TIMESTAMP, WORK_TIME, BREAK_TIME, INTERRUPTED)
VALUES (8175, 1, '2018-10-25', 0, 0, true);
INSERT INTO POMODORO(ID, USER, CREATION_TIMESTAMP, WORK_TIME, BREAK_TIME, INTERRUPTED)
VALUES (8176, 1, '2018-10-25', 0, 0, true);
INSERT INTO POMODORO(ID, USER, CREATION_TIMESTAMP, WORK_TIME, BREAK_TIME, INTERRUPTED)
VALUES (8177, 1, '2018-10-25', 0, 0, false);
INSERT INTO POMODORO(ID, USER, CREATION_TIMESTAMP, WORK_TIME, BREAK_TIME, INTERRUPTED)
VALUES (8178, 1, '2018-10-25', 0, 0, false);
INSERT INTO POMODORO(ID, USER, CREATION_TIMESTAMP, WORK_TIME, BREAK_TIME, INTERRUPTED)
VALUES (8179, 1, '2018-10-24', 0, 0, false);
INSERT INTO POMODORO(ID, USER, CREATION_TIMESTAMP, WORK_TIME, BREAK_TIME, INTERRUPTED)
VALUES (8180, 1, '2018-10-24', 0, 0, true);
INSERT INTO POMODORO(ID, USER, CREATION_TIMESTAMP, WORK_TIME, BREAK_TIME, INTERRUPTED)
VALUES (8181, 1, '2018-10-24', 0, 0, false);
INSERT INTO POMODORO(ID, USER, CREATION_TIMESTAMP, WORK_TIME, BREAK_TIME, INTERRUPTED)
VALUES (8182, 1, '2018-10-24', 0, 0, true);
INSERT INTO POMODORO(ID, USER, CREATION_TIMESTAMP, WORK_TIME, BREAK_TIME, INTERRUPTED)
VALUES (8183, 1, '2018-10-24', 0, 0, false);
INSERT INTO POMODORO(ID, USER, CREATION_TIMESTAMP, WORK_TIME, BREAK_TIME, INTERRUPTED)
VALUES (8184, 1, '2018-10-24', 0, 0, true);
INSERT INTO POMODORO(ID, USER, CREATION_TIMESTAMP, WORK_TIME, BREAK_TIME, INTERRUPTED)
VALUES (8185, 1, '2018-10-24', 0, 0, true);
INSERT INTO POMODORO(ID, USER, CREATION_TIMESTAMP, WORK_TIME, BREAK_TIME, INTERRUPTED)
VALUES (8186, 1, '2018-10-24', 0, 0, true);
INSERT INTO POMODORO(ID, USER, CREATION_TIMESTAMP, WORK_TIME, BREAK_TIME, INTERRUPTED)
VALUES (8187, 1, '2018-10-24', 0, 0, false);
INSERT INTO POMODORO(ID, USER, CREATION_TIMESTAMP, WORK_TIME, BREAK_TIME, INTERRUPTED)
VALUES (8188, 1, '2018-10-24', 0, 0, true);
INSERT INTO POMODORO(ID, USER, CREATION_TIMESTAMP, WORK_TIME, BREAK_TIME, INTERRUPTED)
VALUES (8189, 1, '2018-10-24', 0, 0, false);
INSERT INTO POMODORO(ID, USER, CREATION_TIMESTAMP, WORK_TIME, BREAK_TIME, INTERRUPTED)
VALUES (8190, 1, '2018-10-24', 0, 0, true);
INSERT INTO POMODORO(ID, USER, CREATION_TIMESTAMP, WORK_TIME, BREAK_TIME, INTERRUPTED)
VALUES (8191, 1, '2018-10-24', 0, 0, false);
INSERT INTO POMODORO(ID, USER, CREATION_TIMESTAMP, WORK_TIME, BREAK_TIME, INTERRUPTED)
VALUES (8192, 1, '2018-10-24', 0, 0, false);
INSERT INTO POMODORO(ID, USER, CREATION_TIMESTAMP, WORK_TIME, BREAK_TIME, INTERRUPTED)
VALUES (8193, 1, '2018-10-24', 0, 0, false);
INSERT INTO POMODORO(ID, USER, CREATION_TIMESTAMP, WORK_TIME, BREAK_TIME, INTERRUPTED)
VALUES (8194, 1, '2018-10-24', 0, 0, false);
INSERT INTO POMODORO(ID, USER, CREATION_TIMESTAMP, WORK_TIME, BREAK_TIME, INTERRUPTED)
VALUES (8195, 1, '2018-10-24', 0, 0, false);
INSERT INTO POMODORO(ID, USER, CREATION_TIMESTAMP, WORK_TIME, BREAK_TIME, INTERRUPTED)
VALUES (8196, 1, '2018-10-24', 0, 0, false);
INSERT INTO POMODORO(ID, USER, CREATION_TIMESTAMP, WORK_TIME, BREAK_TIME, INTERRUPTED)
VALUES (8197, 1, '2018-10-24', 0, 0, false);
INSERT INTO POMODORO(ID, USER, CREATION_TIMESTAMP, WORK_TIME, BREAK_TIME, INTERRUPTED)
VALUES (8198, 1, '2018-10-24', 0, 0, false);
INSERT INTO POMODORO(ID, USER, CREATION_TIMESTAMP, WORK_TIME, BREAK_TIME, INTERRUPTED)
VALUES (8199, 1, '2018-10-24', 0, 0, false);
INSERT INTO POMODORO(ID, USER, CREATION_TIMESTAMP, WORK_TIME, BREAK_TIME, INTERRUPTED)
VALUES (8200, 1, '2018-10-24', 0, 0, true);
INSERT INTO POMODORO(ID, USER, CREATION_TIMESTAMP, WORK_TIME, BREAK_TIME, INTERRUPTED)
VALUES (8201, 1, '2018-10-24', 0, 0, true);
INSERT INTO POMODORO(ID, USER, CREATION_TIMESTAMP, WORK_TIME, BREAK_TIME, INTERRUPTED)
VALUES (8202, 1, '2018-10-24', 0, 0, false);
INSERT INTO POMODORO(ID, USER, CREATION_TIMESTAMP, WORK_TIME, BREAK_TIME, INTERRUPTED)
VALUES (8203, 1, '2018-10-24', 0, 0, false);
INSERT INTO POMODORO(ID, USER, CREATION_TIMESTAMP, WORK_TIME, BREAK_TIME, INTERRUPTED)
VALUES (8204, 1, '2018-10-24', 0, 0, true);
INSERT INTO POMODORO(ID, USER, CREATION_TIMESTAMP, WORK_TIME, BREAK_TIME, INTERRUPTED)
VALUES (8205, 1, '2018-10-24', 0, 0, false);
INSERT INTO POMODORO(ID, USER, CREATION_TIMESTAMP, WORK_TIME, BREAK_TIME, INTERRUPTED)
VALUES (8206, 1, '2018-10-24', 0, 0, false);
INSERT INTO POMODORO(ID, USER, CREATION_TIMESTAMP, WORK_TIME, BREAK_TIME, INTERRUPTED)
VALUES (8207, 1, '2018-10-24', 0, 0, true);
INSERT INTO POMODORO(ID, USER, CREATION_TIMESTAMP, WORK_TIME, BREAK_TIME, INTERRUPTED)
VALUES (8208, 1, '2018-10-24', 0, 0, true);
INSERT INTO POMODORO(ID, USER, CREATION_TIMESTAMP, WORK_TIME, BREAK_TIME, INTERRUPTED)
VALUES (8209, 1, '2018-10-24', 0, 0, false);
INSERT INTO POMODORO(ID, USER, CREATION_TIMESTAMP, WORK_TIME, BREAK_TIME, INTERRUPTED)
VALUES (8210, 1, '2018-10-24', 0, 0, true);
INSERT INTO POMODORO(ID, USER, CREATION_TIMESTAMP, WORK_TIME, BREAK_TIME, INTERRUPTED)
VALUES (8211, 1, '2018-10-24', 0, 0, false);
INSERT INTO POMODORO(ID, USER, CREATION_TIMESTAMP, WORK_TIME, BREAK_TIME, INTERRUPTED)
VALUES (8212, 1, '2018-10-24', 0, 0, false);
INSERT INTO POMODORO(ID, USER, CREATION_TIMESTAMP, WORK_TIME, BREAK_TIME, INTERRUPTED)
VALUES (8213, 1, '2018-10-24', 0, 0, true);
INSERT INTO POMODORO(ID, USER, CREATION_TIMESTAMP, WORK_TIME, BREAK_TIME, INTERRUPTED)
VALUES (8214, 1, '2018-10-24', 0, 0, false);
INSERT INTO POMODORO(ID, USER, CREATION_TIMESTAMP, WORK_TIME, BREAK_TIME, INTERRUPTED)
VALUES (8215, 1, '2018-10-24', 0, 0, false);
INSERT INTO POMODORO(ID, USER, CREATION_TIMESTAMP, WORK_TIME, BREAK_TIME, INTERRUPTED)
VALUES (8216, 1, '2018-10-24', 0, 0, true);
INSERT INTO POMODORO(ID, USER, CREATION_TIMESTAMP, WORK_TIME, BREAK_TIME, INTERRUPTED)
VALUES (8217, 1, '2018-10-24', 0, 0, true);
INSERT INTO POMODORO(ID, USER, CREATION_TIMESTAMP, WORK_TIME, BREAK_TIME, INTERRUPTED)
VALUES (8218, 1, '2018-10-24', 0, 0, false);
INSERT INTO POMODORO(ID, USER, CREATION_TIMESTAMP, WORK_TIME, BREAK_TIME, INTERRUPTED)
VALUES (8219, 1, '2018-10-24', 0, 0, true);
INSERT INTO POMODORO(ID, USER, CREATION_TIMESTAMP, WORK_TIME, BREAK_TIME, INTERRUPTED)
VALUES (8220, 1, '2018-10-24', 0, 0, false);
INSERT INTO POMODORO(ID, USER, CREATION_TIMESTAMP, WORK_TIME, BREAK_TIME, INTERRUPTED)
VALUES (8221, 1, '2018-10-24', 0, 0, false);
INSERT INTO POMODORO(ID, USER, CREATION_TIMESTAMP, WORK_TIME, BREAK_TIME, INTERRUPTED)
VALUES (8222, 1, '2018-10-24', 0, 0, false);
INSERT INTO POMODORO(ID, USER, CREATION_TIMESTAMP, WORK_TIME, BREAK_TIME, INTERRUPTED)
VALUES (8223, 1, '2018-10-23', 0, 0, true);
INSERT INTO POMODORO(ID, USER, CREATION_TIMESTAMP, WORK_TIME, BREAK_TIME, INTERRUPTED)
VALUES (8224, 1, '2018-10-23', 0, 0, false);
INSERT INTO POMODORO(ID, USER, CREATION_TIMESTAMP, WORK_TIME, BREAK_TIME, INTERRUPTED)
VALUES (8225, 1, '2018-10-23', 0, 0, true);
INSERT INTO POMODORO(ID, USER, CREATION_TIMESTAMP, WORK_TIME, BREAK_TIME, INTERRUPTED)
VALUES (8226, 1, '2018-10-23', 0, 0, false);
INSERT INTO POMODORO(ID, USER, CREATION_TIMESTAMP, WORK_TIME, BREAK_TIME, INTERRUPTED)
VALUES (8227, 1, '2018-10-23', 0, 0, false);
INSERT INTO POMODORO(ID, USER, CREATION_TIMESTAMP, WORK_TIME, BREAK_TIME, INTERRUPTED)
VALUES (8228, 1, '2018-10-23', 0, 0, false);
INSERT INTO POMODORO(ID, USER, CREATION_TIMESTAMP, WORK_TIME, BREAK_TIME, INTERRUPTED)
VALUES (8229, 1, '2018-10-23', 0, 0, true);
INSERT INTO POMODORO(ID, USER, CREATION_TIMESTAMP, WORK_TIME, BREAK_TIME, INTERRUPTED)
VALUES (8230, 1, '2018-10-23', 0, 0, true);
INSERT INTO POMODORO(ID, USER, CREATION_TIMESTAMP, WORK_TIME, BREAK_TIME, INTERRUPTED)
VALUES (8231, 1, '2018-10-23', 0, 0, true);
INSERT INTO POMODORO(ID, USER, CREATION_TIMESTAMP, WORK_TIME, BREAK_TIME, INTERRUPTED)
VALUES (8232, 1, '2018-10-23', 0, 0, true);
INSERT INTO POMODORO(ID, USER, CREATION_TIMESTAMP, WORK_TIME, BREAK_TIME, INTERRUPTED)
VALUES (8233, 1, '2018-10-23', 0, 0, true);
INSERT INTO POMODORO(ID, USER, CREATION_TIMESTAMP, WORK_TIME, BREAK_TIME, INTERRUPTED)
VALUES (8234, 1, '2018-10-23', 0, 0, true);
INSERT INTO POMODORO(ID, USER, CREATION_TIMESTAMP, WORK_TIME, BREAK_TIME, INTERRUPTED)
VALUES (8235, 1, '2018-10-23', 0, 0, true);
INSERT INTO POMODORO(ID, USER, CREATION_TIMESTAMP, WORK_TIME, BREAK_TIME, INTERRUPTED)
VALUES (8236, 1, '2018-10-23', 0, 0, true);
INSERT INTO POMODORO(ID, USER, CREATION_TIMESTAMP, WORK_TIME, BREAK_TIME, INTERRUPTED)
VALUES (8237, 1, '2018-10-23', 0, 0, false);
INSERT INTO POMODORO(ID, USER, CREATION_TIMESTAMP, WORK_TIME, BREAK_TIME, INTERRUPTED)
VALUES (8238, 1, '2018-10-23', 0, 0, false);
INSERT INTO POMODORO(ID, USER, CREATION_TIMESTAMP, WORK_TIME, BREAK_TIME, INTERRUPTED)
VALUES (8239, 1, '2018-10-23', 0, 0, false);
INSERT INTO POMODORO(ID, USER, CREATION_TIMESTAMP, WORK_TIME, BREAK_TIME, INTERRUPTED)
VALUES (8240, 1, '2018-10-23', 0, 0, false);
INSERT INTO POMODORO(ID, USER, CREATION_TIMESTAMP, WORK_TIME, BREAK_TIME, INTERRUPTED)
VALUES (8241, 1, '2018-10-23', 0, 0, true);
INSERT INTO POMODORO(ID, USER, CREATION_TIMESTAMP, WORK_TIME, BREAK_TIME, INTERRUPTED)
VALUES (8242, 1, '2018-10-23', 0, 0, true);
INSERT INTO POMODORO(ID, USER, CREATION_TIMESTAMP, WORK_TIME, BREAK_TIME, INTERRUPTED)
VALUES (8243, 1, '2018-10-23', 0, 0, true);
INSERT INTO POMODORO(ID, USER, CREATION_TIMESTAMP, WORK_TIME, BREAK_TIME, INTERRUPTED)
VALUES (8244, 1, '2018-10-23', 0, 0, false);
INSERT INTO POMODORO(ID, USER, CREATION_TIMESTAMP, WORK_TIME, BREAK_TIME, INTERRUPTED)
VALUES (8245, 1, '2018-10-23', 0, 0, true);
INSERT INTO POMODORO(ID, USER, CREATION_TIMESTAMP, WORK_TIME, BREAK_TIME, INTERRUPTED)
VALUES (8246, 1, '2018-10-23', 0, 0, false);
INSERT INTO POMODORO(ID, USER, CREATION_TIMESTAMP, WORK_TIME, BREAK_TIME, INTERRUPTED)
VALUES (8247, 1, '2018-10-23', 0, 0, false);
INSERT INTO POMODORO(ID, USER, CREATION_TIMESTAMP, WORK_TIME, BREAK_TIME, INTERRUPTED)
VALUES (8248, 1, '2018-10-23', 0, 0, true);
INSERT INTO POMODORO(ID, USER, CREATION_TIMESTAMP, WORK_TIME, BREAK_TIME, INTERRUPTED)
VALUES (8249, 1, '2018-10-23', 0, 0, false);
INSERT INTO POMODORO(ID, USER, CREATION_TIMESTAMP, WORK_TIME, BREAK_TIME, INTERRUPTED)
VALUES (8250, 1, '2018-10-23', 0, 0, false);
INSERT INTO POMODORO(ID, USER, CREATION_TIMESTAMP, WORK_TIME, BREAK_TIME, INTERRUPTED)
VALUES (8251, 1, '2018-10-23', 0, 0, true);
INSERT INTO POMODORO(ID, USER, CREATION_TIMESTAMP, WORK_TIME, BREAK_TIME, INTERRUPTED)
VALUES (8252, 1, '2018-10-23', 0, 0, false);
INSERT INTO POMODORO(ID, USER, CREATION_TIMESTAMP, WORK_TIME, BREAK_TIME, INTERRUPTED)
VALUES (8253, 1, '2018-10-23', 0, 0, false);
INSERT INTO POMODORO(ID, USER, CREATION_TIMESTAMP, WORK_TIME, BREAK_TIME, INTERRUPTED)
VALUES (8254, 1, '2018-10-23', 0, 0, true);
INSERT INTO POMODORO(ID, USER, CREATION_TIMESTAMP, WORK_TIME, BREAK_TIME, INTERRUPTED)
VALUES (8255, 1, '2018-10-23', 0, 0, true);
INSERT INTO POMODORO(ID, USER, CREATION_TIMESTAMP, WORK_TIME, BREAK_TIME, INTERRUPTED)
VALUES (8256, 1, '2018-10-22', 0, 0, false);
INSERT INTO POMODORO(ID, USER, CREATION_TIMESTAMP, WORK_TIME, BREAK_TIME, INTERRUPTED)
VALUES (8257, 1, '2018-10-22', 0, 0, false);
INSERT INTO POMODORO(ID, USER, CREATION_TIMESTAMP, WORK_TIME, BREAK_TIME, INTERRUPTED)
VALUES (8258, 1, '2018-10-22', 0, 0, false);
INSERT INTO POMODORO(ID, USER, CREATION_TIMESTAMP, WORK_TIME, BREAK_TIME, INTERRUPTED)
VALUES (8259, 1, '2018-10-22', 0, 0, true);
INSERT INTO POMODORO(ID, USER, CREATION_TIMESTAMP, WORK_TIME, BREAK_TIME, INTERRUPTED)
VALUES (8260, 1, '2018-10-22', 0, 0, false);
INSERT INTO POMODORO(ID, USER, CREATION_TIMESTAMP, WORK_TIME, BREAK_TIME, INTERRUPTED)
VALUES (8261, 1, '2018-10-22', 0, 0, true);
INSERT INTO POMODORO(ID, USER, CREATION_TIMESTAMP, WORK_TIME, BREAK_TIME, INTERRUPTED)
VALUES (8262, 1, '2018-10-22', 0, 0, false);
INSERT INTO POMODORO(ID, USER, CREATION_TIMESTAMP, WORK_TIME, BREAK_TIME, INTERRUPTED)
VALUES (8263, 1, '2018-10-22', 0, 0, true);
INSERT INTO POMODORO(ID, USER, CREATION_TIMESTAMP, WORK_TIME, BREAK_TIME, INTERRUPTED)
VALUES (8264, 1, '2018-10-22', 0, 0, true);
INSERT INTO POMODORO(ID, USER, CREATION_TIMESTAMP, WORK_TIME, BREAK_TIME, INTERRUPTED)
VALUES (8265, 1, '2018-10-22', 0, 0, false);
INSERT INTO POMODORO(ID, USER, CREATION_TIMESTAMP, WORK_TIME, BREAK_TIME, INTERRUPTED)
VALUES (8266, 1, '2018-10-22', 0, 0, false);
INSERT INTO POMODORO(ID, USER, CREATION_TIMESTAMP, WORK_TIME, BREAK_TIME, INTERRUPTED)
VALUES (8267, 1, '2018-10-22', 0, 0, false);
INSERT INTO POMODORO(ID, USER, CREATION_TIMESTAMP, WORK_TIME, BREAK_TIME, INTERRUPTED)
VALUES (8268, 1, '2018-10-22', 0, 0, true);
INSERT INTO POMODORO(ID, USER, CREATION_TIMESTAMP, WORK_TIME, BREAK_TIME, INTERRUPTED)
VALUES (8269, 1, '2018-10-22', 0, 0, true);
INSERT INTO POMODORO(ID, USER, CREATION_TIMESTAMP, WORK_TIME, BREAK_TIME, INTERRUPTED)
VALUES (8270, 1, '2018-10-22', 0, 0, true);
INSERT INTO POMODORO(ID, USER, CREATION_TIMESTAMP, WORK_TIME, BREAK_TIME, INTERRUPTED)
VALUES (8271, 1, '2018-10-22', 0, 0, false);
INSERT INTO POMODORO(ID, USER, CREATION_TIMESTAMP, WORK_TIME, BREAK_TIME, INTERRUPTED)
VALUES (8272, 1, '2018-10-22', 0, 0, true);
INSERT INTO POMODORO(ID, USER, CREATION_TIMESTAMP, WORK_TIME, BREAK_TIME, INTERRUPTED)
VALUES (8273, 1, '2018-10-22', 0, 0, true);
INSERT INTO POMODORO(ID, USER, CREATION_TIMESTAMP, WORK_TIME, BREAK_TIME, INTERRUPTED)
VALUES (8274, 1, '2018-10-22', 0, 0, false);
INSERT INTO POMODORO(ID, USER, CREATION_TIMESTAMP, WORK_TIME, BREAK_TIME, INTERRUPTED)
VALUES (8275, 1, '2018-10-22', 0, 0, false);
INSERT INTO POMODORO(ID, USER, CREATION_TIMESTAMP, WORK_TIME, BREAK_TIME, INTERRUPTED)
VALUES (8276, 1, '2018-10-22', 0, 0, true);
INSERT INTO POMODORO(ID, USER, CREATION_TIMESTAMP, WORK_TIME, BREAK_TIME, INTERRUPTED)
VALUES (8277, 1, '2018-10-22', 0, 0, false);
INSERT INTO POMODORO(ID, USER, CREATION_TIMESTAMP, WORK_TIME, BREAK_TIME, INTERRUPTED)
VALUES (8278, 1, '2018-10-22', 0, 0, false);
INSERT INTO POMODORO(ID, USER, CREATION_TIMESTAMP, WORK_TIME, BREAK_TIME, INTERRUPTED)
VALUES (8279, 1, '2018-10-22', 0, 0, true);
INSERT INTO POMODORO(ID, USER, CREATION_TIMESTAMP, WORK_TIME, BREAK_TIME, INTERRUPTED)
VALUES (8280, 1, '2018-10-22', 0, 0, false);
INSERT INTO POMODORO(ID, USER, CREATION_TIMESTAMP, WORK_TIME, BREAK_TIME, INTERRUPTED)
VALUES (8281, 1, '2018-10-22', 0, 0, false);
INSERT INTO POMODORO(ID, USER, CREATION_TIMESTAMP, WORK_TIME, BREAK_TIME, INTERRUPTED)
VALUES (8282, 1, '2018-10-22', 0, 0, false);
INSERT INTO POMODORO(ID, USER, CREATION_TIMESTAMP, WORK_TIME, BREAK_TIME, INTERRUPTED)
VALUES (8283, 1, '2018-10-22', 0, 0, false);
INSERT INTO POMODORO(ID, USER, CREATION_TIMESTAMP, WORK_TIME, BREAK_TIME, INTERRUPTED)
VALUES (8284, 1, '2018-10-22', 0, 0, false);
INSERT INTO POMODORO(ID, USER, CREATION_TIMESTAMP, WORK_TIME, BREAK_TIME, INTERRUPTED)
VALUES (8285, 1, '2018-10-22', 0, 0, true);
INSERT INTO POMODORO(ID, USER, CREATION_TIMESTAMP, WORK_TIME, BREAK_TIME, INTERRUPTED)
VALUES (8286, 1, '2018-10-21', 0, 0, true);
INSERT INTO POMODORO(ID, USER, CREATION_TIMESTAMP, WORK_TIME, BREAK_TIME, INTERRUPTED)
VALUES (8287, 1, '2018-10-21', 0, 0, false);
INSERT INTO POMODORO(ID, USER, CREATION_TIMESTAMP, WORK_TIME, BREAK_TIME, INTERRUPTED)
VALUES (8288, 1, '2018-10-21', 0, 0, true);
INSERT INTO POMODORO(ID, USER, CREATION_TIMESTAMP, WORK_TIME, BREAK_TIME, INTERRUPTED)
VALUES (8289, 1, '2018-10-20', 0, 0, true);
INSERT INTO POMODORO(ID, USER, CREATION_TIMESTAMP, WORK_TIME, BREAK_TIME, INTERRUPTED)
VALUES (8290, 1, '2018-10-20', 0, 0, false);
INSERT INTO POMODORO(ID, USER, CREATION_TIMESTAMP, WORK_TIME, BREAK_TIME, INTERRUPTED)
VALUES (8291, 1, '2018-10-20', 0, 0, false);
INSERT INTO POMODORO(ID, USER, CREATION_TIMESTAMP, WORK_TIME, BREAK_TIME, INTERRUPTED)
VALUES (8292, 1, '2018-10-20', 0, 0, true);
INSERT INTO POMODORO(ID, USER, CREATION_TIMESTAMP, WORK_TIME, BREAK_TIME, INTERRUPTED)
VALUES (8293, 1, '2018-10-20', 0, 0, false);
INSERT INTO POMODORO(ID, USER, CREATION_TIMESTAMP, WORK_TIME, BREAK_TIME, INTERRUPTED)
VALUES (8294, 1, '2018-10-20', 0, 0, false);
INSERT INTO POMODORO(ID, USER, CREATION_TIMESTAMP, WORK_TIME, BREAK_TIME, INTERRUPTED)
VALUES (8295, 1, '2018-10-20', 0, 0, true);
INSERT INTO POMODORO(ID, USER, CREATION_TIMESTAMP, WORK_TIME, BREAK_TIME, INTERRUPTED)
VALUES (8296, 1, '2018-10-20', 0, 0, false);
INSERT INTO POMODORO(ID, USER, CREATION_TIMESTAMP, WORK_TIME, BREAK_TIME, INTERRUPTED)
VALUES (8297, 1, '2018-10-20', 0, 0, false);
INSERT INTO POMODORO(ID, USER, CREATION_TIMESTAMP, WORK_TIME, BREAK_TIME, INTERRUPTED)
VALUES (8298, 1, '2018-10-20', 0, 0, false);
INSERT INTO POMODORO(ID, USER, CREATION_TIMESTAMP, WORK_TIME, BREAK_TIME, INTERRUPTED)
VALUES (8299, 1, '2018-10-20', 0, 0, false);
INSERT INTO POMODORO(ID, USER, CREATION_TIMESTAMP, WORK_TIME, BREAK_TIME, INTERRUPTED)
VALUES (8300, 1, '2018-10-20', 0, 0, false);
INSERT INTO POMODORO(ID, USER, CREATION_TIMESTAMP, WORK_TIME, BREAK_TIME, INTERRUPTED)
VALUES (8301, 1, '2018-10-20', 0, 0, true);
INSERT INTO POMODORO(ID, USER, CREATION_TIMESTAMP, WORK_TIME, BREAK_TIME, INTERRUPTED)
VALUES (8302, 1, '2018-10-20', 0, 0, true);
INSERT INTO POMODORO(ID, USER, CREATION_TIMESTAMP, WORK_TIME, BREAK_TIME, INTERRUPTED)
VALUES (8303, 1, '2018-10-20', 0, 0, false);
INSERT INTO POMODORO(ID, USER, CREATION_TIMESTAMP, WORK_TIME, BREAK_TIME, INTERRUPTED)
VALUES (8304, 1, '2018-10-20', 0, 0, false);
INSERT INTO POMODORO(ID, USER, CREATION_TIMESTAMP, WORK_TIME, BREAK_TIME, INTERRUPTED)
VALUES (8305, 1, '2018-10-20', 0, 0, true);
INSERT INTO POMODORO(ID, USER, CREATION_TIMESTAMP, WORK_TIME, BREAK_TIME, INTERRUPTED)
VALUES (8306, 1, '2018-10-20', 0, 0, false);
INSERT INTO POMODORO(ID, USER, CREATION_TIMESTAMP, WORK_TIME, BREAK_TIME, INTERRUPTED)
VALUES (8307, 1, '2018-10-20', 0, 0, true);
INSERT INTO POMODORO(ID, USER, CREATION_TIMESTAMP, WORK_TIME, BREAK_TIME, INTERRUPTED)
VALUES (8308, 1, '2018-10-20', 0, 0, true);
INSERT INTO POMODORO(ID, USER, CREATION_TIMESTAMP, WORK_TIME, BREAK_TIME, INTERRUPTED)
VALUES (8309, 1, '2018-10-20', 0, 0, false);
INSERT INTO POMODORO(ID, USER, CREATION_TIMESTAMP, WORK_TIME, BREAK_TIME, INTERRUPTED)
VALUES (8310, 1, '2018-10-20', 0, 0, false);
INSERT INTO POMODORO(ID, USER, CREATION_TIMESTAMP, WORK_TIME, BREAK_TIME, INTERRUPTED)
VALUES (8311, 1, '2018-10-20', 0, 0, true);
INSERT INTO POMODORO(ID, USER, CREATION_TIMESTAMP, WORK_TIME, BREAK_TIME, INTERRUPTED)
VALUES (8312, 1, '2018-10-20', 0, 0, true);
INSERT INTO POMODORO(ID, USER, CREATION_TIMESTAMP, WORK_TIME, BREAK_TIME, INTERRUPTED)
VALUES (8313, 1, '2018-10-20', 0, 0, true);
INSERT INTO POMODORO(ID, USER, CREATION_TIMESTAMP, WORK_TIME, BREAK_TIME, INTERRUPTED)
VALUES (8314, 1, '2018-10-20', 0, 0, false);
INSERT INTO POMODORO(ID, USER, CREATION_TIMESTAMP, WORK_TIME, BREAK_TIME, INTERRUPTED)
VALUES (8315, 1, '2018-10-20', 0, 0, true);
INSERT INTO POMODORO(ID, USER, CREATION_TIMESTAMP, WORK_TIME, BREAK_TIME, INTERRUPTED)
VALUES (8316, 1, '2018-10-20', 0, 0, true);
INSERT INTO POMODORO(ID, USER, CREATION_TIMESTAMP, WORK_TIME, BREAK_TIME, INTERRUPTED)
VALUES (8317, 1, '2018-10-19', 0, 0, true);
INSERT INTO POMODORO(ID, USER, CREATION_TIMESTAMP, WORK_TIME, BREAK_TIME, INTERRUPTED)
VALUES (8318, 1, '2018-10-19', 0, 0, false);
INSERT INTO POMODORO(ID, USER, CREATION_TIMESTAMP, WORK_TIME, BREAK_TIME, INTERRUPTED)
VALUES (8319, 1, '2018-10-19', 0, 0, true);
INSERT INTO POMODORO(ID, USER, CREATION_TIMESTAMP, WORK_TIME, BREAK_TIME, INTERRUPTED)
VALUES (8320, 1, '2018-10-19', 0, 0, true);
INSERT INTO POMODORO(ID, USER, CREATION_TIMESTAMP, WORK_TIME, BREAK_TIME, INTERRUPTED)
VALUES (8321, 1, '2018-10-19', 0, 0, false);
INSERT INTO POMODORO(ID, USER, CREATION_TIMESTAMP, WORK_TIME, BREAK_TIME, INTERRUPTED)
VALUES (8322, 1, '2018-10-19', 0, 0, false);
INSERT INTO POMODORO(ID, USER, CREATION_TIMESTAMP, WORK_TIME, BREAK_TIME, INTERRUPTED)
VALUES (8323, 1, '2018-10-19', 0, 0, true);
INSERT INTO POMODORO(ID, USER, CREATION_TIMESTAMP, WORK_TIME, BREAK_TIME, INTERRUPTED)
VALUES (8324, 1, '2018-10-19', 0, 0, false);
INSERT INTO POMODORO(ID, USER, CREATION_TIMESTAMP, WORK_TIME, BREAK_TIME, INTERRUPTED)
VALUES (8325, 1, '2018-10-19', 0, 0, false);
INSERT INTO POMODORO(ID, USER, CREATION_TIMESTAMP, WORK_TIME, BREAK_TIME, INTERRUPTED)
VALUES (8326, 1, '2018-10-19', 0, 0, false);
INSERT INTO POMODORO(ID, USER, CREATION_TIMESTAMP, WORK_TIME, BREAK_TIME, INTERRUPTED)
VALUES (8327, 1, '2018-10-19', 0, 0, false);
INSERT INTO POMODORO(ID, USER, CREATION_TIMESTAMP, WORK_TIME, BREAK_TIME, INTERRUPTED)
VALUES (8328, 1, '2018-10-19', 0, 0, false);
INSERT INTO POMODORO(ID, USER, CREATION_TIMESTAMP, WORK_TIME, BREAK_TIME, INTERRUPTED)
VALUES (8329, 1, '2018-10-19', 0, 0, false);
INSERT INTO POMODORO(ID, USER, CREATION_TIMESTAMP, WORK_TIME, BREAK_TIME, INTERRUPTED)
VALUES (8330, 1, '2018-10-19', 0, 0, true);
INSERT INTO POMODORO(ID, USER, CREATION_TIMESTAMP, WORK_TIME, BREAK_TIME, INTERRUPTED)
VALUES (8331, 1, '2018-10-19', 0, 0, false);
INSERT INTO POMODORO(ID, USER, CREATION_TIMESTAMP, WORK_TIME, BREAK_TIME, INTERRUPTED)
VALUES (8332, 1, '2018-10-19', 0, 0, false);
INSERT INTO POMODORO(ID, USER, CREATION_TIMESTAMP, WORK_TIME, BREAK_TIME, INTERRUPTED)
VALUES (8333, 1, '2018-10-19', 0, 0, true);
INSERT INTO POMODORO(ID, USER, CREATION_TIMESTAMP, WORK_TIME, BREAK_TIME, INTERRUPTED)
VALUES (8334, 1, '2018-10-19', 0, 0, false);
INSERT INTO POMODORO(ID, USER, CREATION_TIMESTAMP, WORK_TIME, BREAK_TIME, INTERRUPTED)
VALUES (8335, 1, '2018-10-19', 0, 0, true);
INSERT INTO POMODORO(ID, USER, CREATION_TIMESTAMP, WORK_TIME, BREAK_TIME, INTERRUPTED)
VALUES (8336, 1, '2018-10-19', 0, 0, true);
INSERT INTO POMODORO(ID, USER, CREATION_TIMESTAMP, WORK_TIME, BREAK_TIME, INTERRUPTED)
VALUES (8337, 1, '2018-10-19', 0, 0, true);
INSERT INTO POMODORO(ID, USER, CREATION_TIMESTAMP, WORK_TIME, BREAK_TIME, INTERRUPTED)
VALUES (8338, 1, '2018-10-19', 0, 0, false);
INSERT INTO POMODORO(ID, USER, CREATION_TIMESTAMP, WORK_TIME, BREAK_TIME, INTERRUPTED)
VALUES (8339, 1, '2018-10-19', 0, 0, true);
INSERT INTO POMODORO(ID, USER, CREATION_TIMESTAMP, WORK_TIME, BREAK_TIME, INTERRUPTED)
VALUES (8340, 1, '2018-10-19', 0, 0, false);
INSERT INTO POMODORO(ID, USER, CREATION_TIMESTAMP, WORK_TIME, BREAK_TIME, INTERRUPTED)
VALUES (8341, 1, '2018-10-19', 0, 0, true);
INSERT INTO POMODORO(ID, USER, CREATION_TIMESTAMP, WORK_TIME, BREAK_TIME, INTERRUPTED)
VALUES (8342, 1, '2018-10-19', 0, 0, true);
INSERT INTO POMODORO(ID, USER, CREATION_TIMESTAMP, WORK_TIME, BREAK_TIME, INTERRUPTED)
VALUES (8343, 1, '2018-10-19', 0, 0, false);
INSERT INTO POMODORO(ID, USER, CREATION_TIMESTAMP, WORK_TIME, BREAK_TIME, INTERRUPTED)
VALUES (8344, 1, '2018-10-19', 0, 0, true);
INSERT INTO POMODORO(ID, USER, CREATION_TIMESTAMP, WORK_TIME, BREAK_TIME, INTERRUPTED)
VALUES (8345, 1, '2018-10-19', 0, 0, true);
INSERT INTO POMODORO(ID, USER, CREATION_TIMESTAMP, WORK_TIME, BREAK_TIME, INTERRUPTED)
VALUES (8346, 1, '2018-10-19', 0, 0, false);
INSERT INTO POMODORO(ID, USER, CREATION_TIMESTAMP, WORK_TIME, BREAK_TIME, INTERRUPTED)
VALUES (8347, 1, '2018-10-19', 0, 0, true);
INSERT INTO POMODORO(ID, USER, CREATION_TIMESTAMP, WORK_TIME, BREAK_TIME, INTERRUPTED)
VALUES (8348, 1, '2018-10-19', 0, 0, false);
INSERT INTO POMODORO(ID, USER, CREATION_TIMESTAMP, WORK_TIME, BREAK_TIME, INTERRUPTED)
VALUES (8349, 1, '2018-10-19', 0, 0, false);
INSERT INTO POMODORO(ID, USER, CREATION_TIMESTAMP, WORK_TIME, BREAK_TIME, INTERRUPTED)
VALUES (8350, 1, '2018-10-19', 0, 0, true);
INSERT INTO POMODORO(ID, USER, CREATION_TIMESTAMP, WORK_TIME, BREAK_TIME, INTERRUPTED)
VALUES (8351, 1, '2018-10-19', 0, 0, true);
INSERT INTO POMODORO(ID, USER, CREATION_TIMESTAMP, WORK_TIME, BREAK_TIME, INTERRUPTED)
VALUES (8352, 1, '2018-10-19', 0, 0, false);
INSERT INTO POMODORO(ID, USER, CREATION_TIMESTAMP, WORK_TIME, BREAK_TIME, INTERRUPTED)
VALUES (8353, 1, '2018-10-19', 0, 0, false);
INSERT INTO POMODORO(ID, USER, CREATION_TIMESTAMP, WORK_TIME, BREAK_TIME, INTERRUPTED)
VALUES (8354, 1, '2018-10-19', 0, 0, true);
INSERT INTO POMODORO(ID, USER, CREATION_TIMESTAMP, WORK_TIME, BREAK_TIME, INTERRUPTED)
VALUES (8355, 1, '2018-10-19', 0, 0, true);
INSERT INTO POMODORO(ID, USER, CREATION_TIMESTAMP, WORK_TIME, BREAK_TIME, INTERRUPTED)
VALUES (8356, 1, '2018-10-19', 0, 0, false);
INSERT INTO POMODORO(ID, USER, CREATION_TIMESTAMP, WORK_TIME, BREAK_TIME, INTERRUPTED)
VALUES (8357, 1, '2018-10-19', 0, 0, false);
INSERT INTO POMODORO(ID, USER, CREATION_TIMESTAMP, WORK_TIME, BREAK_TIME, INTERRUPTED)
VALUES (8358, 1, '2018-10-19', 0, 0, true);
INSERT INTO POMODORO(ID, USER, CREATION_TIMESTAMP, WORK_TIME, BREAK_TIME, INTERRUPTED)
VALUES (8359, 1, '2018-10-19', 0, 0, false);
INSERT INTO POMODORO(ID, USER, CREATION_TIMESTAMP, WORK_TIME, BREAK_TIME, INTERRUPTED)
VALUES (8360, 1, '2018-10-19', 0, 0, false);
INSERT INTO POMODORO(ID, USER, CREATION_TIMESTAMP, WORK_TIME, BREAK_TIME, INTERRUPTED)
VALUES (8361, 1, '2018-10-19', 0, 0, true);
INSERT INTO POMODORO(ID, USER, CREATION_TIMESTAMP, WORK_TIME, BREAK_TIME, INTERRUPTED)
VALUES (8362, 1, '2018-10-19', 0, 0, false);
INSERT INTO POMODORO(ID, USER, CREATION_TIMESTAMP, WORK_TIME, BREAK_TIME, INTERRUPTED)
VALUES (8363, 1, '2018-10-18', 0, 0, true);
INSERT INTO POMODORO(ID, USER, CREATION_TIMESTAMP, WORK_TIME, BREAK_TIME, INTERRUPTED)
VALUES (8364, 1, '2018-10-18', 0, 0, true);
INSERT INTO POMODORO(ID, USER, CREATION_TIMESTAMP, WORK_TIME, BREAK_TIME, INTERRUPTED)
VALUES (8365, 1, '2018-10-18', 0, 0, true);
INSERT INTO POMODORO(ID, USER, CREATION_TIMESTAMP, WORK_TIME, BREAK_TIME, INTERRUPTED)
VALUES (8366, 1, '2018-10-18', 0, 0, false);
INSERT INTO POMODORO(ID, USER, CREATION_TIMESTAMP, WORK_TIME, BREAK_TIME, INTERRUPTED)
VALUES (8367, 1, '2018-10-18', 0, 0, true);
INSERT INTO POMODORO(ID, USER, CREATION_TIMESTAMP, WORK_TIME, BREAK_TIME, INTERRUPTED)
VALUES (8368, 1, '2018-10-18', 0, 0, false);
INSERT INTO POMODORO(ID, USER, CREATION_TIMESTAMP, WORK_TIME, BREAK_TIME, INTERRUPTED)
VALUES (8369, 1, '2018-10-18', 0, 0, true);
INSERT INTO POMODORO(ID, USER, CREATION_TIMESTAMP, WORK_TIME, BREAK_TIME, INTERRUPTED)
VALUES (8370, 1, '2018-10-18', 0, 0, true);
INSERT INTO POMODORO(ID, USER, CREATION_TIMESTAMP, WORK_TIME, BREAK_TIME, INTERRUPTED)
VALUES (8371, 1, '2018-10-18', 0, 0, false);
INSERT INTO POMODORO(ID, USER, CREATION_TIMESTAMP, WORK_TIME, BREAK_TIME, INTERRUPTED)
VALUES (8372, 1, '2018-10-18', 0, 0, false);
INSERT INTO POMODORO(ID, USER, CREATION_TIMESTAMP, WORK_TIME, BREAK_TIME, INTERRUPTED)
VALUES (8373, 1, '2018-10-18', 0, 0, true);
INSERT INTO POMODORO(ID, USER, CREATION_TIMESTAMP, WORK_TIME, BREAK_TIME, INTERRUPTED)
VALUES (8374, 1, '2018-10-18', 0, 0, false);
INSERT INTO POMODORO(ID, USER, CREATION_TIMESTAMP, WORK_TIME, BREAK_TIME, INTERRUPTED)
VALUES (8375, 1, '2018-10-18', 0, 0, true);
INSERT INTO POMODORO(ID, USER, CREATION_TIMESTAMP, WORK_TIME, BREAK_TIME, INTERRUPTED)
VALUES (8376, 1, '2018-10-18', 0, 0, false);
INSERT INTO POMODORO(ID, USER, CREATION_TIMESTAMP, WORK_TIME, BREAK_TIME, INTERRUPTED)
VALUES (8377, 1, '2018-10-18', 0, 0, true);
INSERT INTO POMODORO(ID, USER, CREATION_TIMESTAMP, WORK_TIME, BREAK_TIME, INTERRUPTED)
VALUES (8378, 1, '2018-10-18', 0, 0, true);
INSERT INTO POMODORO(ID, USER, CREATION_TIMESTAMP, WORK_TIME, BREAK_TIME, INTERRUPTED)
VALUES (8379, 1, '2018-10-18', 0, 0, true);
INSERT INTO POMODORO(ID, USER, CREATION_TIMESTAMP, WORK_TIME, BREAK_TIME, INTERRUPTED)
VALUES (8380, 1, '2018-10-18', 0, 0, true);
INSERT INTO POMODORO(ID, USER, CREATION_TIMESTAMP, WORK_TIME, BREAK_TIME, INTERRUPTED)
VALUES (8381, 1, '2018-10-18', 0, 0, true);
INSERT INTO POMODORO(ID, USER, CREATION_TIMESTAMP, WORK_TIME, BREAK_TIME, INTERRUPTED)
VALUES (8382, 1, '2018-10-18', 0, 0, false);
INSERT INTO POMODORO(ID, USER, CREATION_TIMESTAMP, WORK_TIME, BREAK_TIME, INTERRUPTED)
VALUES (8383, 1, '2018-10-18', 0, 0, true);
INSERT INTO POMODORO(ID, USER, CREATION_TIMESTAMP, WORK_TIME, BREAK_TIME, INTERRUPTED)
VALUES (8384, 1, '2018-10-18', 0, 0, true);
INSERT INTO POMODORO(ID, USER, CREATION_TIMESTAMP, WORK_TIME, BREAK_TIME, INTERRUPTED)
VALUES (8385, 1, '2018-10-18', 0, 0, false);
INSERT INTO POMODORO(ID, USER, CREATION_TIMESTAMP, WORK_TIME, BREAK_TIME, INTERRUPTED)
VALUES (8386, 1, '2018-10-18', 0, 0, true);
INSERT INTO POMODORO(ID, USER, CREATION_TIMESTAMP, WORK_TIME, BREAK_TIME, INTERRUPTED)
VALUES (8387, 1, '2018-10-18', 0, 0, true);
INSERT INTO POMODORO(ID, USER, CREATION_TIMESTAMP, WORK_TIME, BREAK_TIME, INTERRUPTED)
VALUES (8388, 1, '2018-10-18', 0, 0, false);
INSERT INTO POMODORO(ID, USER, CREATION_TIMESTAMP, WORK_TIME, BREAK_TIME, INTERRUPTED)
VALUES (8389, 1, '2018-10-18', 0, 0, false);
INSERT INTO POMODORO(ID, USER, CREATION_TIMESTAMP, WORK_TIME, BREAK_TIME, INTERRUPTED)
VALUES (8390, 1, '2018-10-18', 0, 0, false);
INSERT INTO POMODORO(ID, USER, CREATION_TIMESTAMP, WORK_TIME, BREAK_TIME, INTERRUPTED)
VALUES (8391, 1, '2018-10-18', 0, 0, false);
INSERT INTO POMODORO(ID, USER, CREATION_TIMESTAMP, WORK_TIME, BREAK_TIME, INTERRUPTED)
VALUES (8392, 1, '2018-10-18', 0, 0, false);
INSERT INTO POMODORO(ID, USER, CREATION_TIMESTAMP, WORK_TIME, BREAK_TIME, INTERRUPTED)
VALUES (8393, 1, '2018-10-18', 0, 0, true);
INSERT INTO POMODORO(ID, USER, CREATION_TIMESTAMP, WORK_TIME, BREAK_TIME, INTERRUPTED)
VALUES (8394, 1, '2018-10-18', 0, 0, true);
INSERT INTO POMODORO(ID, USER, CREATION_TIMESTAMP, WORK_TIME, BREAK_TIME, INTERRUPTED)
VALUES (8395, 1, '2018-10-18', 0, 0, false);
INSERT INTO POMODORO(ID, USER, CREATION_TIMESTAMP, WORK_TIME, BREAK_TIME, INTERRUPTED)
VALUES (8396, 1, '2018-10-18', 0, 0, true);
INSERT INTO POMODORO(ID, USER, CREATION_TIMESTAMP, WORK_TIME, BREAK_TIME, INTERRUPTED)
VALUES (8397, 1, '2018-10-18', 0, 0, false);
INSERT INTO POMODORO(ID, USER, CREATION_TIMESTAMP, WORK_TIME, BREAK_TIME, INTERRUPTED)
VALUES (8398, 1, '2018-10-18', 0, 0, true);
INSERT INTO POMODORO(ID, USER, CREATION_TIMESTAMP, WORK_TIME, BREAK_TIME, INTERRUPTED)
VALUES (8399, 1, '2018-10-18', 0, 0, false);
INSERT INTO POMODORO(ID, USER, CREATION_TIMESTAMP, WORK_TIME, BREAK_TIME, INTERRUPTED)
VALUES (8400, 1, '2018-10-18', 0, 0, true);
INSERT INTO POMODORO(ID, USER, CREATION_TIMESTAMP, WORK_TIME, BREAK_TIME, INTERRUPTED)
VALUES (8401, 1, '2018-10-18', 0, 0, true);
INSERT INTO POMODORO(ID, USER, CREATION_TIMESTAMP, WORK_TIME, BREAK_TIME, INTERRUPTED)
VALUES (8402, 1, '2018-10-18', 0, 0, true);
INSERT INTO POMODORO(ID, USER, CREATION_TIMESTAMP, WORK_TIME, BREAK_TIME, INTERRUPTED)
VALUES (8403, 1, '2018-10-18', 0, 0, true);
INSERT INTO POMODORO(ID, USER, CREATION_TIMESTAMP, WORK_TIME, BREAK_TIME, INTERRUPTED)
VALUES (8404, 1, '2018-10-17', 0, 0, false);
INSERT INTO POMODORO(ID, USER, CREATION_TIMESTAMP, WORK_TIME, BREAK_TIME, INTERRUPTED)
VALUES (8405, 1, '2018-10-17', 0, 0, false);
INSERT INTO POMODORO(ID, USER, CREATION_TIMESTAMP, WORK_TIME, BREAK_TIME, INTERRUPTED)
VALUES (8406, 1, '2018-10-17', 0, 0, true);
INSERT INTO POMODORO(ID, USER, CREATION_TIMESTAMP, WORK_TIME, BREAK_TIME, INTERRUPTED)
VALUES (8407, 1, '2018-10-17', 0, 0, true);
INSERT INTO POMODORO(ID, USER, CREATION_TIMESTAMP, WORK_TIME, BREAK_TIME, INTERRUPTED)
VALUES (8408, 1, '2018-10-17', 0, 0, true);
INSERT INTO POMODORO(ID, USER, CREATION_TIMESTAMP, WORK_TIME, BREAK_TIME, INTERRUPTED)
VALUES (8409, 1, '2018-10-17', 0, 0, true);
INSERT INTO POMODORO(ID, USER, CREATION_TIMESTAMP, WORK_TIME, BREAK_TIME, INTERRUPTED)
VALUES (8410, 1, '2018-10-17', 0, 0, false);
INSERT INTO POMODORO(ID, USER, CREATION_TIMESTAMP, WORK_TIME, BREAK_TIME, INTERRUPTED)
VALUES (8411, 1, '2018-10-17', 0, 0, true);
INSERT INTO POMODORO(ID, USER, CREATION_TIMESTAMP, WORK_TIME, BREAK_TIME, INTERRUPTED)
VALUES (8412, 1, '2018-10-17', 0, 0, true);
INSERT INTO POMODORO(ID, USER, CREATION_TIMESTAMP, WORK_TIME, BREAK_TIME, INTERRUPTED)
VALUES (8413, 1, '2018-10-17', 0, 0, false);
INSERT INTO POMODORO(ID, USER, CREATION_TIMESTAMP, WORK_TIME, BREAK_TIME, INTERRUPTED)
VALUES (8414, 1, '2018-10-17', 0, 0, false);
INSERT INTO POMODORO(ID, USER, CREATION_TIMESTAMP, WORK_TIME, BREAK_TIME, INTERRUPTED)
VALUES (8415, 1, '2018-10-17', 0, 0, true);
INSERT INTO POMODORO(ID, USER, CREATION_TIMESTAMP, WORK_TIME, BREAK_TIME, INTERRUPTED)
VALUES (8416, 1, '2018-10-17', 0, 0, false);
INSERT INTO POMODORO(ID, USER, CREATION_TIMESTAMP, WORK_TIME, BREAK_TIME, INTERRUPTED)
VALUES (8417, 1, '2018-10-17', 0, 0, false);
INSERT INTO POMODORO(ID, USER, CREATION_TIMESTAMP, WORK_TIME, BREAK_TIME, INTERRUPTED)
VALUES (8418, 1, '2018-10-17', 0, 0, false);
INSERT INTO POMODORO(ID, USER, CREATION_TIMESTAMP, WORK_TIME, BREAK_TIME, INTERRUPTED)
VALUES (8419, 1, '2018-10-17', 0, 0, false);
INSERT INTO POMODORO(ID, USER, CREATION_TIMESTAMP, WORK_TIME, BREAK_TIME, INTERRUPTED)
VALUES (8420, 1, '2018-10-17', 0, 0, true);
INSERT INTO POMODORO(ID, USER, CREATION_TIMESTAMP, WORK_TIME, BREAK_TIME, INTERRUPTED)
VALUES (8421, 1, '2018-10-17', 0, 0, false);
INSERT INTO POMODORO(ID, USER, CREATION_TIMESTAMP, WORK_TIME, BREAK_TIME, INTERRUPTED)
VALUES (8422, 1, '2018-10-17', 0, 0, true);
INSERT INTO POMODORO(ID, USER, CREATION_TIMESTAMP, WORK_TIME, BREAK_TIME, INTERRUPTED)
VALUES (8423, 1, '2018-10-17', 0, 0, false);
INSERT INTO POMODORO(ID, USER, CREATION_TIMESTAMP, WORK_TIME, BREAK_TIME, INTERRUPTED)
VALUES (8424, 1, '2018-10-17', 0, 0, true);
INSERT INTO POMODORO(ID, USER, CREATION_TIMESTAMP, WORK_TIME, BREAK_TIME, INTERRUPTED)
VALUES (8425, 1, '2018-10-17', 0, 0, false);
INSERT INTO POMODORO(ID, USER, CREATION_TIMESTAMP, WORK_TIME, BREAK_TIME, INTERRUPTED)
VALUES (8426, 1, '2018-10-17', 0, 0, true);
INSERT INTO POMODORO(ID, USER, CREATION_TIMESTAMP, WORK_TIME, BREAK_TIME, INTERRUPTED)
VALUES (8427, 1, '2018-10-17', 0, 0, true);
INSERT INTO POMODORO(ID, USER, CREATION_TIMESTAMP, WORK_TIME, BREAK_TIME, INTERRUPTED)
VALUES (8428, 1, '2018-10-17', 0, 0, true);
INSERT INTO POMODORO(ID, USER, CREATION_TIMESTAMP, WORK_TIME, BREAK_TIME, INTERRUPTED)
VALUES (8429, 1, '2018-10-17', 0, 0, true);
INSERT INTO POMODORO(ID, USER, CREATION_TIMESTAMP, WORK_TIME, BREAK_TIME, INTERRUPTED)
VALUES (8430, 1, '2018-10-17', 0, 0, true);
INSERT INTO POMODORO(ID, USER, CREATION_TIMESTAMP, WORK_TIME, BREAK_TIME, INTERRUPTED)
VALUES (8431, 1, '2018-10-17', 0, 0, true);
INSERT INTO POMODORO(ID, USER, CREATION_TIMESTAMP, WORK_TIME, BREAK_TIME, INTERRUPTED)
VALUES (8432, 1, '2018-10-17', 0, 0, true);
INSERT INTO POMODORO(ID, USER, CREATION_TIMESTAMP, WORK_TIME, BREAK_TIME, INTERRUPTED)
VALUES (8433, 1, '2018-10-17', 0, 0, true);
INSERT INTO POMODORO(ID, USER, CREATION_TIMESTAMP, WORK_TIME, BREAK_TIME, INTERRUPTED)
VALUES (8434, 1, '2018-10-17', 0, 0, true);
INSERT INTO POMODORO(ID, USER, CREATION_TIMESTAMP, WORK_TIME, BREAK_TIME, INTERRUPTED)
VALUES (8435, 1, '2018-10-17', 0, 0, true);
INSERT INTO POMODORO(ID, USER, CREATION_TIMESTAMP, WORK_TIME, BREAK_TIME, INTERRUPTED)
VALUES (8436, 1, '2018-10-17', 0, 0, false);
INSERT INTO POMODORO(ID, USER, CREATION_TIMESTAMP, WORK_TIME, BREAK_TIME, INTERRUPTED)
VALUES (8437, 1, '2018-10-17', 0, 0, true);
INSERT INTO POMODORO(ID, USER, CREATION_TIMESTAMP, WORK_TIME, BREAK_TIME, INTERRUPTED)
VALUES (8438, 1, '2018-10-17', 0, 0, true);
INSERT INTO POMODORO(ID, USER, CREATION_TIMESTAMP, WORK_TIME, BREAK_TIME, INTERRUPTED)
VALUES (8439, 1, '2018-10-17', 0, 0, false);
INSERT INTO POMODORO(ID, USER, CREATION_TIMESTAMP, WORK_TIME, BREAK_TIME, INTERRUPTED)
VALUES (8440, 1, '2018-10-17', 0, 0, true);
INSERT INTO POMODORO(ID, USER, CREATION_TIMESTAMP, WORK_TIME, BREAK_TIME, INTERRUPTED)
VALUES (8441, 1, '2018-10-17', 0, 0, true);
INSERT INTO POMODORO(ID, USER, CREATION_TIMESTAMP, WORK_TIME, BREAK_TIME, INTERRUPTED)
VALUES (8442, 1, '2018-10-17', 0, 0, true);
INSERT INTO POMODORO(ID, USER, CREATION_TIMESTAMP, WORK_TIME, BREAK_TIME, INTERRUPTED)
VALUES (8443, 1, '2018-10-17', 0, 0, false);
INSERT INTO POMODORO(ID, USER, CREATION_TIMESTAMP, WORK_TIME, BREAK_TIME, INTERRUPTED)
VALUES (8444, 1, '2018-10-17', 0, 0, false);
INSERT INTO POMODORO(ID, USER, CREATION_TIMESTAMP, WORK_TIME, BREAK_TIME, INTERRUPTED)
VALUES (8445, 1, '2018-10-17', 0, 0, false);
INSERT INTO POMODORO(ID, USER, CREATION_TIMESTAMP, WORK_TIME, BREAK_TIME, INTERRUPTED)
VALUES (8446, 1, '2018-10-17', 0, 0, false);
INSERT INTO POMODORO(ID, USER, CREATION_TIMESTAMP, WORK_TIME, BREAK_TIME, INTERRUPTED)
VALUES (8447, 1, '2018-10-17', 0, 0, false);
INSERT INTO POMODORO(ID, USER, CREATION_TIMESTAMP, WORK_TIME, BREAK_TIME, INTERRUPTED)
VALUES (8448, 1, '2018-10-17', 0, 0, false);
INSERT INTO POMODORO(ID, USER, CREATION_TIMESTAMP, WORK_TIME, BREAK_TIME, INTERRUPTED)
VALUES (8449, 1, '2018-10-17', 0, 0, false);
INSERT INTO POMODORO(ID, USER, CREATION_TIMESTAMP, WORK_TIME, BREAK_TIME, INTERRUPTED)
VALUES (8450, 1, '2018-10-17', 0, 0, false);
INSERT INTO POMODORO(ID, USER, CREATION_TIMESTAMP, WORK_TIME, BREAK_TIME, INTERRUPTED)
VALUES (8451, 1, '2018-10-16', 0, 0, true);
INSERT INTO POMODORO(ID, USER, CREATION_TIMESTAMP, WORK_TIME, BREAK_TIME, INTERRUPTED)
VALUES (8452, 1, '2018-10-16', 0, 0, false);
INSERT INTO POMODORO(ID, USER, CREATION_TIMESTAMP, WORK_TIME, BREAK_TIME, INTERRUPTED)
VALUES (8453, 1, '2018-10-16', 0, 0, false);
INSERT INTO POMODORO(ID, USER, CREATION_TIMESTAMP, WORK_TIME, BREAK_TIME, INTERRUPTED)
VALUES (8454, 1, '2018-10-16', 0, 0, true);
INSERT INTO POMODORO(ID, USER, CREATION_TIMESTAMP, WORK_TIME, BREAK_TIME, INTERRUPTED)
VALUES (8455, 1, '2018-10-16', 0, 0, true);
INSERT INTO POMODORO(ID, USER, CREATION_TIMESTAMP, WORK_TIME, BREAK_TIME, INTERRUPTED)
VALUES (8456, 1, '2018-10-16', 0, 0, true);
INSERT INTO POMODORO(ID, USER, CREATION_TIMESTAMP, WORK_TIME, BREAK_TIME, INTERRUPTED)
VALUES (8457, 1, '2018-10-16', 0, 0, false);
INSERT INTO POMODORO(ID, USER, CREATION_TIMESTAMP, WORK_TIME, BREAK_TIME, INTERRUPTED)
VALUES (8458, 1, '2018-10-16', 0, 0, true);
INSERT INTO POMODORO(ID, USER, CREATION_TIMESTAMP, WORK_TIME, BREAK_TIME, INTERRUPTED)
VALUES (8459, 1, '2018-10-16', 0, 0, true);
INSERT INTO POMODORO(ID, USER, CREATION_TIMESTAMP, WORK_TIME, BREAK_TIME, INTERRUPTED)
VALUES (8460, 1, '2018-10-16', 0, 0, true);
INSERT INTO POMODORO(ID, USER, CREATION_TIMESTAMP, WORK_TIME, BREAK_TIME, INTERRUPTED)
VALUES (8461, 1, '2018-10-16', 0, 0, false);
INSERT INTO POMODORO(ID, USER, CREATION_TIMESTAMP, WORK_TIME, BREAK_TIME, INTERRUPTED)
VALUES (8462, 1, '2018-10-16', 0, 0, true);
INSERT INTO POMODORO(ID, USER, CREATION_TIMESTAMP, WORK_TIME, BREAK_TIME, INTERRUPTED)
VALUES (8463, 1, '2018-10-16', 0, 0, true);
INSERT INTO POMODORO(ID, USER, CREATION_TIMESTAMP, WORK_TIME, BREAK_TIME, INTERRUPTED)
VALUES (8464, 1, '2018-10-16', 0, 0, false);
INSERT INTO POMODORO(ID, USER, CREATION_TIMESTAMP, WORK_TIME, BREAK_TIME, INTERRUPTED)
VALUES (8465, 1, '2018-10-16', 0, 0, true);
INSERT INTO POMODORO(ID, USER, CREATION_TIMESTAMP, WORK_TIME, BREAK_TIME, INTERRUPTED)
VALUES (8466, 1, '2018-10-16', 0, 0, false);
INSERT INTO POMODORO(ID, USER, CREATION_TIMESTAMP, WORK_TIME, BREAK_TIME, INTERRUPTED)
VALUES (8467, 1, '2018-10-15', 0, 0, false);
INSERT INTO POMODORO(ID, USER, CREATION_TIMESTAMP, WORK_TIME, BREAK_TIME, INTERRUPTED)
VALUES (8468, 1, '2018-10-15', 0, 0, true);
INSERT INTO POMODORO(ID, USER, CREATION_TIMESTAMP, WORK_TIME, BREAK_TIME, INTERRUPTED)
VALUES (8469, 1, '2018-10-15', 0, 0, true);
INSERT INTO POMODORO(ID, USER, CREATION_TIMESTAMP, WORK_TIME, BREAK_TIME, INTERRUPTED)
VALUES (8470, 1, '2018-10-15', 0, 0, false);
INSERT INTO POMODORO(ID, USER, CREATION_TIMESTAMP, WORK_TIME, BREAK_TIME, INTERRUPTED)
VALUES (8471, 1, '2018-10-15', 0, 0, false);
INSERT INTO POMODORO(ID, USER, CREATION_TIMESTAMP, WORK_TIME, BREAK_TIME, INTERRUPTED)
VALUES (8472, 1, '2018-10-15', 0, 0, true);
INSERT INTO POMODORO(ID, USER, CREATION_TIMESTAMP, WORK_TIME, BREAK_TIME, INTERRUPTED)
VALUES (8473, 1, '2018-10-15', 0, 0, false);
INSERT INTO POMODORO(ID, USER, CREATION_TIMESTAMP, WORK_TIME, BREAK_TIME, INTERRUPTED)
VALUES (8474, 1, '2018-10-15', 0, 0, true);
INSERT INTO POMODORO(ID, USER, CREATION_TIMESTAMP, WORK_TIME, BREAK_TIME, INTERRUPTED)
VALUES (8475, 1, '2018-10-15', 0, 0, false);
INSERT INTO POMODORO(ID, USER, CREATION_TIMESTAMP, WORK_TIME, BREAK_TIME, INTERRUPTED)
VALUES (8476, 1, '2018-10-14', 0, 0, true);
INSERT INTO POMODORO(ID, USER, CREATION_TIMESTAMP, WORK_TIME, BREAK_TIME, INTERRUPTED)
VALUES (8477, 1, '2018-10-14', 0, 0, true);
INSERT INTO POMODORO(ID, USER, CREATION_TIMESTAMP, WORK_TIME, BREAK_TIME, INTERRUPTED)
VALUES (8478, 1, '2018-10-13', 0, 0, true);
INSERT INTO POMODORO(ID, USER, CREATION_TIMESTAMP, WORK_TIME, BREAK_TIME, INTERRUPTED)
VALUES (8479, 1, '2018-10-13', 0, 0, false);
INSERT INTO POMODORO(ID, USER, CREATION_TIMESTAMP, WORK_TIME, BREAK_TIME, INTERRUPTED)
VALUES (8480, 1, '2018-10-13', 0, 0, true);
INSERT INTO POMODORO(ID, USER, CREATION_TIMESTAMP, WORK_TIME, BREAK_TIME, INTERRUPTED)
VALUES (8481, 1, '2018-10-13', 0, 0, true);
INSERT INTO POMODORO(ID, USER, CREATION_TIMESTAMP, WORK_TIME, BREAK_TIME, INTERRUPTED)
VALUES (8482, 1, '2018-10-13', 0, 0, true);
INSERT INTO POMODORO(ID, USER, CREATION_TIMESTAMP, WORK_TIME, BREAK_TIME, INTERRUPTED)
VALUES (8483, 1, '2018-10-13', 0, 0, false);
INSERT INTO POMODORO(ID, USER, CREATION_TIMESTAMP, WORK_TIME, BREAK_TIME, INTERRUPTED)
VALUES (8484, 1, '2018-10-13', 0, 0, true);
INSERT INTO POMODORO(ID, USER, CREATION_TIMESTAMP, WORK_TIME, BREAK_TIME, INTERRUPTED)
VALUES (8485, 1, '2018-10-13', 0, 0, false);
INSERT INTO POMODORO(ID, USER, CREATION_TIMESTAMP, WORK_TIME, BREAK_TIME, INTERRUPTED)
VALUES (8486, 1, '2018-10-13', 0, 0, true);
INSERT INTO POMODORO(ID, USER, CREATION_TIMESTAMP, WORK_TIME, BREAK_TIME, INTERRUPTED)
VALUES (8487, 1, '2018-10-13', 0, 0, true);
INSERT INTO POMODORO(ID, USER, CREATION_TIMESTAMP, WORK_TIME, BREAK_TIME, INTERRUPTED)
VALUES (8488, 1, '2018-10-13', 0, 0, false);
INSERT INTO POMODORO(ID, USER, CREATION_TIMESTAMP, WORK_TIME, BREAK_TIME, INTERRUPTED)
VALUES (8489, 1, '2018-10-13', 0, 0, false);
INSERT INTO POMODORO(ID, USER, CREATION_TIMESTAMP, WORK_TIME, BREAK_TIME, INTERRUPTED)
VALUES (8490, 1, '2018-10-13', 0, 0, true);
INSERT INTO POMODORO(ID, USER, CREATION_TIMESTAMP, WORK_TIME, BREAK_TIME, INTERRUPTED)
VALUES (8491, 1, '2018-10-13', 0, 0, false);
INSERT INTO POMODORO(ID, USER, CREATION_TIMESTAMP, WORK_TIME, BREAK_TIME, INTERRUPTED)
VALUES (8492, 1, '2018-10-13', 0, 0, false);
INSERT INTO POMODORO(ID, USER, CREATION_TIMESTAMP, WORK_TIME, BREAK_TIME, INTERRUPTED)
VALUES (8493, 1, '2018-10-13', 0, 0, false);
INSERT INTO POMODORO(ID, USER, CREATION_TIMESTAMP, WORK_TIME, BREAK_TIME, INTERRUPTED)
VALUES (8494, 1, '2018-10-13', 0, 0, false);
INSERT INTO POMODORO(ID, USER, CREATION_TIMESTAMP, WORK_TIME, BREAK_TIME, INTERRUPTED)
VALUES (8495, 1, '2018-10-13', 0, 0, true);
INSERT INTO POMODORO(ID, USER, CREATION_TIMESTAMP, WORK_TIME, BREAK_TIME, INTERRUPTED)
VALUES (8496, 1, '2018-10-13', 0, 0, false);
INSERT INTO POMODORO(ID, USER, CREATION_TIMESTAMP, WORK_TIME, BREAK_TIME, INTERRUPTED)
VALUES (8497, 1, '2018-10-13', 0, 0, true);
INSERT INTO POMODORO(ID, USER, CREATION_TIMESTAMP, WORK_TIME, BREAK_TIME, INTERRUPTED)
VALUES (8498, 1, '2018-10-12', 0, 0, false);
INSERT INTO POMODORO(ID, USER, CREATION_TIMESTAMP, WORK_TIME, BREAK_TIME, INTERRUPTED)
VALUES (8499, 1, '2018-10-12', 0, 0, true);
INSERT INTO POMODORO(ID, USER, CREATION_TIMESTAMP, WORK_TIME, BREAK_TIME, INTERRUPTED)
VALUES (8500, 1, '2018-10-12', 0, 0, true);
INSERT INTO POMODORO(ID, USER, CREATION_TIMESTAMP, WORK_TIME, BREAK_TIME, INTERRUPTED)
VALUES (8501, 1, '2018-10-12', 0, 0, true);
INSERT INTO POMODORO(ID, USER, CREATION_TIMESTAMP, WORK_TIME, BREAK_TIME, INTERRUPTED)
VALUES (8502, 1, '2018-10-12', 0, 0, true);
INSERT INTO POMODORO(ID, USER, CREATION_TIMESTAMP, WORK_TIME, BREAK_TIME, INTERRUPTED)
VALUES (8503, 1, '2018-10-12', 0, 0, true);
INSERT INTO POMODORO(ID, USER, CREATION_TIMESTAMP, WORK_TIME, BREAK_TIME, INTERRUPTED)
VALUES (8504, 1, '2018-10-12', 0, 0, true);
INSERT INTO POMODORO(ID, USER, CREATION_TIMESTAMP, WORK_TIME, BREAK_TIME, INTERRUPTED)
VALUES (8505, 1, '2018-10-12', 0, 0, true);
INSERT INTO POMODORO(ID, USER, CREATION_TIMESTAMP, WORK_TIME, BREAK_TIME, INTERRUPTED)
VALUES (8506, 1, '2018-10-12', 0, 0, true);
INSERT INTO POMODORO(ID, USER, CREATION_TIMESTAMP, WORK_TIME, BREAK_TIME, INTERRUPTED)
VALUES (8507, 1, '2018-10-12', 0, 0, false);
INSERT INTO POMODORO(ID, USER, CREATION_TIMESTAMP, WORK_TIME, BREAK_TIME, INTERRUPTED)
VALUES (8508, 1, '2018-10-12', 0, 0, false);
INSERT INTO POMODORO(ID, USER, CREATION_TIMESTAMP, WORK_TIME, BREAK_TIME, INTERRUPTED)
VALUES (8509, 1, '2018-10-12', 0, 0, true);
INSERT INTO POMODORO(ID, USER, CREATION_TIMESTAMP, WORK_TIME, BREAK_TIME, INTERRUPTED)
VALUES (8510, 1, '2018-10-12', 0, 0, false);
INSERT INTO POMODORO(ID, USER, CREATION_TIMESTAMP, WORK_TIME, BREAK_TIME, INTERRUPTED)
VALUES (8511, 1, '2018-10-12', 0, 0, true);
INSERT INTO POMODORO(ID, USER, CREATION_TIMESTAMP, WORK_TIME, BREAK_TIME, INTERRUPTED)
VALUES (8512, 1, '2018-10-12', 0, 0, true);
INSERT INTO POMODORO(ID, USER, CREATION_TIMESTAMP, WORK_TIME, BREAK_TIME, INTERRUPTED)
VALUES (8513, 1, '2018-10-12', 0, 0, false);
INSERT INTO POMODORO(ID, USER, CREATION_TIMESTAMP, WORK_TIME, BREAK_TIME, INTERRUPTED)
VALUES (8514, 1, '2018-10-12', 0, 0, true);
INSERT INTO POMODORO(ID, USER, CREATION_TIMESTAMP, WORK_TIME, BREAK_TIME, INTERRUPTED)
VALUES (8515, 1, '2018-10-12', 0, 0, false);
INSERT INTO POMODORO(ID, USER, CREATION_TIMESTAMP, WORK_TIME, BREAK_TIME, INTERRUPTED)
VALUES (8516, 1, '2018-10-12', 0, 0, true);
INSERT INTO POMODORO(ID, USER, CREATION_TIMESTAMP, WORK_TIME, BREAK_TIME, INTERRUPTED)
VALUES (8517, 1, '2018-10-12', 0, 0, false);
INSERT INTO POMODORO(ID, USER, CREATION_TIMESTAMP, WORK_TIME, BREAK_TIME, INTERRUPTED)
VALUES (8518, 1, '2018-10-12', 0, 0, true);
INSERT INTO POMODORO(ID, USER, CREATION_TIMESTAMP, WORK_TIME, BREAK_TIME, INTERRUPTED)
VALUES (8519, 1, '2018-10-11', 0, 0, false);
INSERT INTO POMODORO(ID, USER, CREATION_TIMESTAMP, WORK_TIME, BREAK_TIME, INTERRUPTED)
VALUES (8520, 1, '2018-10-11', 0, 0, true);
INSERT INTO POMODORO(ID, USER, CREATION_TIMESTAMP, WORK_TIME, BREAK_TIME, INTERRUPTED)
VALUES (8521, 1, '2018-10-11', 0, 0, false);
INSERT INTO POMODORO(ID, USER, CREATION_TIMESTAMP, WORK_TIME, BREAK_TIME, INTERRUPTED)
VALUES (8522, 1, '2018-10-11', 0, 0, false);
INSERT INTO POMODORO(ID, USER, CREATION_TIMESTAMP, WORK_TIME, BREAK_TIME, INTERRUPTED)
VALUES (8523, 1, '2018-10-11', 0, 0, false);
INSERT INTO POMODORO(ID, USER, CREATION_TIMESTAMP, WORK_TIME, BREAK_TIME, INTERRUPTED)
VALUES (8524, 1, '2018-10-11', 0, 0, false);
INSERT INTO POMODORO(ID, USER, CREATION_TIMESTAMP, WORK_TIME, BREAK_TIME, INTERRUPTED)
VALUES (8525, 1, '2018-10-11', 0, 0, false);
INSERT INTO POMODORO(ID, USER, CREATION_TIMESTAMP, WORK_TIME, BREAK_TIME, INTERRUPTED)
VALUES (8526, 1, '2018-10-11', 0, 0, true);
INSERT INTO POMODORO(ID, USER, CREATION_TIMESTAMP, WORK_TIME, BREAK_TIME, INTERRUPTED)
VALUES (8527, 1, '2018-10-11', 0, 0, true);
INSERT INTO POMODORO(ID, USER, CREATION_TIMESTAMP, WORK_TIME, BREAK_TIME, INTERRUPTED)
VALUES (8528, 1, '2018-10-11', 0, 0, false);
INSERT INTO POMODORO(ID, USER, CREATION_TIMESTAMP, WORK_TIME, BREAK_TIME, INTERRUPTED)
VALUES (8529, 1, '2018-10-11', 0, 0, false);
INSERT INTO POMODORO(ID, USER, CREATION_TIMESTAMP, WORK_TIME, BREAK_TIME, INTERRUPTED)
VALUES (8530, 1, '2018-10-11', 0, 0, false);
INSERT INTO POMODORO(ID, USER, CREATION_TIMESTAMP, WORK_TIME, BREAK_TIME, INTERRUPTED)
VALUES (8531, 1, '2018-10-11', 0, 0, true);
INSERT INTO POMODORO(ID, USER, CREATION_TIMESTAMP, WORK_TIME, BREAK_TIME, INTERRUPTED)
VALUES (8532, 1, '2018-10-11', 0, 0, false);
INSERT INTO POMODORO(ID, USER, CREATION_TIMESTAMP, WORK_TIME, BREAK_TIME, INTERRUPTED)
VALUES (8533, 1, '2018-10-11', 0, 0, false);
INSERT INTO POMODORO(ID, USER, CREATION_TIMESTAMP, WORK_TIME, BREAK_TIME, INTERRUPTED)
VALUES (8534, 1, '2018-10-11', 0, 0, false);
INSERT INTO POMODORO(ID, USER, CREATION_TIMESTAMP, WORK_TIME, BREAK_TIME, INTERRUPTED)
VALUES (8535, 1, '2018-10-11', 0, 0, true);
INSERT INTO POMODORO(ID, USER, CREATION_TIMESTAMP, WORK_TIME, BREAK_TIME, INTERRUPTED)
VALUES (8536, 1, '2018-10-11', 0, 0, false);
INSERT INTO POMODORO(ID, USER, CREATION_TIMESTAMP, WORK_TIME, BREAK_TIME, INTERRUPTED)
VALUES (8537, 1, '2018-10-11', 0, 0, true);
INSERT INTO POMODORO(ID, USER, CREATION_TIMESTAMP, WORK_TIME, BREAK_TIME, INTERRUPTED)
VALUES (8538, 1, '2018-10-11', 0, 0, true);
INSERT INTO POMODORO(ID, USER, CREATION_TIMESTAMP, WORK_TIME, BREAK_TIME, INTERRUPTED)
VALUES (8539, 1, '2018-10-11', 0, 0, true);
INSERT INTO POMODORO(ID, USER, CREATION_TIMESTAMP, WORK_TIME, BREAK_TIME, INTERRUPTED)
VALUES (8540, 1, '2018-10-11', 0, 0, true);
INSERT INTO POMODORO(ID, USER, CREATION_TIMESTAMP, WORK_TIME, BREAK_TIME, INTERRUPTED)
VALUES (8541, 1, '2018-10-11', 0, 0, true);
INSERT INTO POMODORO(ID, USER, CREATION_TIMESTAMP, WORK_TIME, BREAK_TIME, INTERRUPTED)
VALUES (8542, 1, '2018-10-11', 0, 0, false);
INSERT INTO POMODORO(ID, USER, CREATION_TIMESTAMP, WORK_TIME, BREAK_TIME, INTERRUPTED)
VALUES (8543, 1, '2018-10-11', 0, 0, true);
INSERT INTO POMODORO(ID, USER, CREATION_TIMESTAMP, WORK_TIME, BREAK_TIME, INTERRUPTED)
VALUES (8544, 1, '2018-10-11', 0, 0, true);
INSERT INTO POMODORO(ID, USER, CREATION_TIMESTAMP, WORK_TIME, BREAK_TIME, INTERRUPTED)
VALUES (8545, 1, '2018-10-11', 0, 0, true);
INSERT INTO POMODORO(ID, USER, CREATION_TIMESTAMP, WORK_TIME, BREAK_TIME, INTERRUPTED)
VALUES (8546, 1, '2018-10-11', 0, 0, true);
INSERT INTO POMODORO(ID, USER, CREATION_TIMESTAMP, WORK_TIME, BREAK_TIME, INTERRUPTED)
VALUES (8547, 1, '2018-10-11', 0, 0, false);
INSERT INTO POMODORO(ID, USER, CREATION_TIMESTAMP, WORK_TIME, BREAK_TIME, INTERRUPTED)
VALUES (8548, 1, '2018-10-11', 0, 0, true);
INSERT INTO POMODORO(ID, USER, CREATION_TIMESTAMP, WORK_TIME, BREAK_TIME, INTERRUPTED)
VALUES (8549, 1, '2018-10-11', 0, 0, true);
INSERT INTO POMODORO(ID, USER, CREATION_TIMESTAMP, WORK_TIME, BREAK_TIME, INTERRUPTED)
VALUES (8550, 1, '2018-10-11', 0, 0, false);
INSERT INTO POMODORO(ID, USER, CREATION_TIMESTAMP, WORK_TIME, BREAK_TIME, INTERRUPTED)
VALUES (8551, 1, '2018-10-11', 0, 0, false);
INSERT INTO POMODORO(ID, USER, CREATION_TIMESTAMP, WORK_TIME, BREAK_TIME, INTERRUPTED)
VALUES (8552, 1, '2018-10-11', 0, 0, false);
INSERT INTO POMODORO(ID, USER, CREATION_TIMESTAMP, WORK_TIME, BREAK_TIME, INTERRUPTED)
VALUES (8553, 1, '2018-10-10', 0, 0, true);
INSERT INTO POMODORO(ID, USER, CREATION_TIMESTAMP, WORK_TIME, BREAK_TIME, INTERRUPTED)
VALUES (8554, 1, '2018-10-10', 0, 0, false);
INSERT INTO POMODORO(ID, USER, CREATION_TIMESTAMP, WORK_TIME, BREAK_TIME, INTERRUPTED)
VALUES (8555, 1, '2018-10-10', 0, 0, false);
INSERT INTO POMODORO(ID, USER, CREATION_TIMESTAMP, WORK_TIME, BREAK_TIME, INTERRUPTED)
VALUES (8556, 1, '2018-10-10', 0, 0, false);
INSERT INTO POMODORO(ID, USER, CREATION_TIMESTAMP, WORK_TIME, BREAK_TIME, INTERRUPTED)
VALUES (8557, 1, '2018-10-10', 0, 0, false);
INSERT INTO POMODORO(ID, USER, CREATION_TIMESTAMP, WORK_TIME, BREAK_TIME, INTERRUPTED)
VALUES (8558, 1, '2018-10-10', 0, 0, false);
INSERT INTO POMODORO(ID, USER, CREATION_TIMESTAMP, WORK_TIME, BREAK_TIME, INTERRUPTED)
VALUES (8559, 1, '2018-10-10', 0, 0, false);
INSERT INTO POMODORO(ID, USER, CREATION_TIMESTAMP, WORK_TIME, BREAK_TIME, INTERRUPTED)
VALUES (8560, 1, '2018-10-10', 0, 0, false);
INSERT INTO POMODORO(ID, USER, CREATION_TIMESTAMP, WORK_TIME, BREAK_TIME, INTERRUPTED)
VALUES (8561, 1, '2018-10-10', 0, 0, false);
INSERT INTO POMODORO(ID, USER, CREATION_TIMESTAMP, WORK_TIME, BREAK_TIME, INTERRUPTED)
VALUES (8562, 1, '2018-10-09', 0, 0, false);
INSERT INTO POMODORO(ID, USER, CREATION_TIMESTAMP, WORK_TIME, BREAK_TIME, INTERRUPTED)
VALUES (8563, 1, '2018-10-09', 0, 0, false);
INSERT INTO POMODORO(ID, USER, CREATION_TIMESTAMP, WORK_TIME, BREAK_TIME, INTERRUPTED)
VALUES (8564, 1, '2018-10-09', 0, 0, true);
INSERT INTO POMODORO(ID, USER, CREATION_TIMESTAMP, WORK_TIME, BREAK_TIME, INTERRUPTED)
VALUES (8565, 1, '2018-10-09', 0, 0, true);
INSERT INTO POMODORO(ID, USER, CREATION_TIMESTAMP, WORK_TIME, BREAK_TIME, INTERRUPTED)
VALUES (8566, 1, '2018-10-09', 0, 0, true);
INSERT INTO POMODORO(ID, USER, CREATION_TIMESTAMP, WORK_TIME, BREAK_TIME, INTERRUPTED)
VALUES (8567, 1, '2018-10-09', 0, 0, false);
INSERT INTO POMODORO(ID, USER, CREATION_TIMESTAMP, WORK_TIME, BREAK_TIME, INTERRUPTED)
VALUES (8568, 1, '2018-10-09', 0, 0, false);
INSERT INTO POMODORO(ID, USER, CREATION_TIMESTAMP, WORK_TIME, BREAK_TIME, INTERRUPTED)
VALUES (8569, 1, '2018-10-09', 0, 0, false);
INSERT INTO POMODORO(ID, USER, CREATION_TIMESTAMP, WORK_TIME, BREAK_TIME, INTERRUPTED)
VALUES (8570, 1, '2018-10-09', 0, 0, true);
INSERT INTO POMODORO(ID, USER, CREATION_TIMESTAMP, WORK_TIME, BREAK_TIME, INTERRUPTED)
VALUES (8571, 1, '2018-10-09', 0, 0, false);
INSERT INTO POMODORO(ID, USER, CREATION_TIMESTAMP, WORK_TIME, BREAK_TIME, INTERRUPTED)
VALUES (8572, 1, '2018-10-09', 0, 0, false);
INSERT INTO POMODORO(ID, USER, CREATION_TIMESTAMP, WORK_TIME, BREAK_TIME, INTERRUPTED)
VALUES (8573, 1, '2018-10-09', 0, 0, false);
INSERT INTO POMODORO(ID, USER, CREATION_TIMESTAMP, WORK_TIME, BREAK_TIME, INTERRUPTED)
VALUES (8574, 1, '2018-10-09', 0, 0, true);
INSERT INTO POMODORO(ID, USER, CREATION_TIMESTAMP, WORK_TIME, BREAK_TIME, INTERRUPTED)
VALUES (8575, 1, '2018-10-09', 0, 0, true);
INSERT INTO POMODORO(ID, USER, CREATION_TIMESTAMP, WORK_TIME, BREAK_TIME, INTERRUPTED)
VALUES (8576, 1, '2018-10-09', 0, 0, false);
INSERT INTO POMODORO(ID, USER, CREATION_TIMESTAMP, WORK_TIME, BREAK_TIME, INTERRUPTED)
VALUES (8577, 1, '2018-10-09', 0, 0, true);
INSERT INTO POMODORO(ID, USER, CREATION_TIMESTAMP, WORK_TIME, BREAK_TIME, INTERRUPTED)
VALUES (8578, 1, '2018-10-09', 0, 0, true);
INSERT INTO POMODORO(ID, USER, CREATION_TIMESTAMP, WORK_TIME, BREAK_TIME, INTERRUPTED)
VALUES (8579, 1, '2018-10-09', 0, 0, true);
INSERT INTO POMODORO(ID, USER, CREATION_TIMESTAMP, WORK_TIME, BREAK_TIME, INTERRUPTED)
VALUES (8580, 1, '2018-10-09', 0, 0, false);
INSERT INTO POMODORO(ID, USER, CREATION_TIMESTAMP, WORK_TIME, BREAK_TIME, INTERRUPTED)
VALUES (8581, 1, '2018-10-09', 0, 0, true);
INSERT INTO POMODORO(ID, USER, CREATION_TIMESTAMP, WORK_TIME, BREAK_TIME, INTERRUPTED)
VALUES (8582, 1, '2018-10-09', 0, 0, true);
INSERT INTO POMODORO(ID, USER, CREATION_TIMESTAMP, WORK_TIME, BREAK_TIME, INTERRUPTED)
VALUES (8583, 1, '2018-10-09', 0, 0, false);
INSERT INTO POMODORO(ID, USER, CREATION_TIMESTAMP, WORK_TIME, BREAK_TIME, INTERRUPTED)
VALUES (8584, 1, '2018-10-09', 0, 0, false);
INSERT INTO POMODORO(ID, USER, CREATION_TIMESTAMP, WORK_TIME, BREAK_TIME, INTERRUPTED)
VALUES (8585, 1, '2018-10-09', 0, 0, false);
INSERT INTO POMODORO(ID, USER, CREATION_TIMESTAMP, WORK_TIME, BREAK_TIME, INTERRUPTED)
VALUES (8586, 1, '2018-10-09', 0, 0, true);
INSERT INTO POMODORO(ID, USER, CREATION_TIMESTAMP, WORK_TIME, BREAK_TIME, INTERRUPTED)
VALUES (8587, 1, '2018-10-09', 0, 0, true);
INSERT INTO POMODORO(ID, USER, CREATION_TIMESTAMP, WORK_TIME, BREAK_TIME, INTERRUPTED)
VALUES (8588, 1, '2018-10-08', 0, 0, false);
INSERT INTO POMODORO(ID, USER, CREATION_TIMESTAMP, WORK_TIME, BREAK_TIME, INTERRUPTED)
VALUES (8589, 1, '2018-10-08', 0, 0, false);
INSERT INTO POMODORO(ID, USER, CREATION_TIMESTAMP, WORK_TIME, BREAK_TIME, INTERRUPTED)
VALUES (8590, 1, '2018-10-08', 0, 0, false);
INSERT INTO POMODORO(ID, USER, CREATION_TIMESTAMP, WORK_TIME, BREAK_TIME, INTERRUPTED)
VALUES (8591, 1, '2018-10-08', 0, 0, true);
INSERT INTO POMODORO(ID, USER, CREATION_TIMESTAMP, WORK_TIME, BREAK_TIME, INTERRUPTED)
VALUES (8592, 1, '2018-10-08', 0, 0, true);
INSERT INTO POMODORO(ID, USER, CREATION_TIMESTAMP, WORK_TIME, BREAK_TIME, INTERRUPTED)
VALUES (8593, 1, '2018-10-08', 0, 0, false);
INSERT INTO POMODORO(ID, USER, CREATION_TIMESTAMP, WORK_TIME, BREAK_TIME, INTERRUPTED)
VALUES (8594, 1, '2018-10-08', 0, 0, false);
INSERT INTO POMODORO(ID, USER, CREATION_TIMESTAMP, WORK_TIME, BREAK_TIME, INTERRUPTED)
VALUES (8595, 1, '2018-10-08', 0, 0, true);
INSERT INTO POMODORO(ID, USER, CREATION_TIMESTAMP, WORK_TIME, BREAK_TIME, INTERRUPTED)
VALUES (8596, 1, '2018-10-08', 0, 0, true);
INSERT INTO POMODORO(ID, USER, CREATION_TIMESTAMP, WORK_TIME, BREAK_TIME, INTERRUPTED)
VALUES (8597, 1, '2018-10-08', 0, 0, true);
INSERT INTO POMODORO(ID, USER, CREATION_TIMESTAMP, WORK_TIME, BREAK_TIME, INTERRUPTED)
VALUES (8598, 1, '2018-10-08', 0, 0, false);
INSERT INTO POMODORO(ID, USER, CREATION_TIMESTAMP, WORK_TIME, BREAK_TIME, INTERRUPTED)
VALUES (8599, 1, '2018-10-08', 0, 0, false);
INSERT INTO POMODORO(ID, USER, CREATION_TIMESTAMP, WORK_TIME, BREAK_TIME, INTERRUPTED)
VALUES (8600, 1, '2018-10-08', 0, 0, false);
INSERT INTO POMODORO(ID, USER, CREATION_TIMESTAMP, WORK_TIME, BREAK_TIME, INTERRUPTED)
VALUES (8601, 1, '2018-10-08', 0, 0, true);
INSERT INTO POMODORO(ID, USER, CREATION_TIMESTAMP, WORK_TIME, BREAK_TIME, INTERRUPTED)
VALUES (8602, 1, '2018-10-08', 0, 0, true);
INSERT INTO POMODORO(ID, USER, CREATION_TIMESTAMP, WORK_TIME, BREAK_TIME, INTERRUPTED)
VALUES (8603, 1, '2018-10-08', 0, 0, false);
INSERT INTO POMODORO(ID, USER, CREATION_TIMESTAMP, WORK_TIME, BREAK_TIME, INTERRUPTED)
VALUES (8604, 1, '2018-10-08', 0, 0, true);
INSERT INTO POMODORO(ID, USER, CREATION_TIMESTAMP, WORK_TIME, BREAK_TIME, INTERRUPTED)
VALUES (8605, 1, '2018-10-08', 0, 0, false);
INSERT INTO POMODORO(ID, USER, CREATION_TIMESTAMP, WORK_TIME, BREAK_TIME, INTERRUPTED)
VALUES (8606, 1, '2018-10-08', 0, 0, true);
INSERT INTO POMODORO(ID, USER, CREATION_TIMESTAMP, WORK_TIME, BREAK_TIME, INTERRUPTED)
VALUES (8607, 1, '2018-10-08', 0, 0, false);
INSERT INTO POMODORO(ID, USER, CREATION_TIMESTAMP, WORK_TIME, BREAK_TIME, INTERRUPTED)
VALUES (8608, 1, '2018-10-08', 0, 0, true);
INSERT INTO POMODORO(ID, USER, CREATION_TIMESTAMP, WORK_TIME, BREAK_TIME, INTERRUPTED)
VALUES (8609, 1, '2018-10-08', 0, 0, false);
INSERT INTO POMODORO(ID, USER, CREATION_TIMESTAMP, WORK_TIME, BREAK_TIME, INTERRUPTED)
VALUES (8610, 1, '2018-10-08', 0, 0, false);
INSERT INTO POMODORO(ID, USER, CREATION_TIMESTAMP, WORK_TIME, BREAK_TIME, INTERRUPTED)
VALUES (8611, 1, '2018-10-08', 0, 0, true);
INSERT INTO POMODORO(ID, USER, CREATION_TIMESTAMP, WORK_TIME, BREAK_TIME, INTERRUPTED)
VALUES (8612, 1, '2018-10-08', 0, 0, true);
INSERT INTO POMODORO(ID, USER, CREATION_TIMESTAMP, WORK_TIME, BREAK_TIME, INTERRUPTED)
VALUES (8613, 1, '2018-10-08', 0, 0, true);
INSERT INTO POMODORO(ID, USER, CREATION_TIMESTAMP, WORK_TIME, BREAK_TIME, INTERRUPTED)
VALUES (8614, 1, '2018-10-08', 0, 0, true);
INSERT INTO POMODORO(ID, USER, CREATION_TIMESTAMP, WORK_TIME, BREAK_TIME, INTERRUPTED)
VALUES (8615, 1, '2018-10-08', 0, 0, false);
INSERT INTO POMODORO(ID, USER, CREATION_TIMESTAMP, WORK_TIME, BREAK_TIME, INTERRUPTED)
VALUES (8616, 1, '2018-10-08', 0, 0, true);
INSERT INTO POMODORO(ID, USER, CREATION_TIMESTAMP, WORK_TIME, BREAK_TIME, INTERRUPTED)
VALUES (8617, 1, '2018-10-08', 0, 0, false);
INSERT INTO POMODORO(ID, USER, CREATION_TIMESTAMP, WORK_TIME, BREAK_TIME, INTERRUPTED)
VALUES (8618, 1, '2018-10-08', 0, 0, true);
INSERT INTO POMODORO(ID, USER, CREATION_TIMESTAMP, WORK_TIME, BREAK_TIME, INTERRUPTED)
VALUES (8619, 1, '2018-10-08', 0, 0, true);
INSERT INTO POMODORO(ID, USER, CREATION_TIMESTAMP, WORK_TIME, BREAK_TIME, INTERRUPTED)
VALUES (8620, 1, '2018-10-08', 0, 0, false);
INSERT INTO POMODORO(ID, USER, CREATION_TIMESTAMP, WORK_TIME, BREAK_TIME, INTERRUPTED)
VALUES (8621, 1, '2018-10-08', 0, 0, true);
INSERT INTO POMODORO(ID, USER, CREATION_TIMESTAMP, WORK_TIME, BREAK_TIME, INTERRUPTED)
VALUES (8622, 1, '2018-10-08', 0, 0, false);
INSERT INTO POMODORO(ID, USER, CREATION_TIMESTAMP, WORK_TIME, BREAK_TIME, INTERRUPTED)
VALUES (8623, 1, '2018-10-08', 0, 0, false);
INSERT INTO POMODORO(ID, USER, CREATION_TIMESTAMP, WORK_TIME, BREAK_TIME, INTERRUPTED)
VALUES (8624, 1, '2018-10-08', 0, 0, false);
INSERT INTO POMODORO(ID, USER, CREATION_TIMESTAMP, WORK_TIME, BREAK_TIME, INTERRUPTED)
VALUES (8625, 1, '2018-10-08', 0, 0, false);
INSERT INTO POMODORO(ID, USER, CREATION_TIMESTAMP, WORK_TIME, BREAK_TIME, INTERRUPTED)
VALUES (8626, 1, '2018-10-07', 0, 0, false);
INSERT INTO POMODORO(ID, USER, CREATION_TIMESTAMP, WORK_TIME, BREAK_TIME, INTERRUPTED)
VALUES (8627, 1, '2018-10-07', 0, 0, false);
